[2026-04-04T08:08:23.334+0000] {processor.py:161} INFO - Started process (PID=5896) to work on /opt/airflow/dags/minio_to_snowflake.py
[2026-04-04T08:08:23.425+0000] {processor.py:830} INFO - Processing file /opt/airflow/dags/minio_to_snowflake.py for tasks to queue
[2026-04-04T08:08:25.238+0000] {logging_mixin.py:188} INFO - [2026-04-04T08:08:24.166+0000] {dagbag.py:545} INFO - Filling up the DagBag from /opt/airflow/dags/minio_to_snowflake.py
[2026-04-04T08:08:59.058+0000] {processor.py:161} INFO - Started process (PID=5901) to work on /opt/airflow/dags/minio_to_snowflake.py
[2026-04-04T08:08:59.076+0000] {processor.py:830} INFO - Processing file /opt/airflow/dags/minio_to_snowflake.py for tasks to queue
[2026-04-04T08:08:59.094+0000] {logging_mixin.py:188} INFO - [2026-04-04T08:08:59.091+0000] {dagbag.py:545} INFO - Filling up the DagBag from /opt/airflow/dags/minio_to_snowflake.py
[2026-04-04T08:09:19.097+0000] {processor.py:840} INFO - DAG(s) 'minio_to_snowflake_pipeline' retrieved from /opt/airflow/dags/minio_to_snowflake.py
[2026-04-04T08:09:19.273+0000] {logging_mixin.py:188} INFO - [2026-04-04T08:09:19.272+0000] {dag.py:3089} INFO - Sync 1 DAGs
[2026-04-04T08:09:19.581+0000] {processor.py:183} INFO - Processing /opt/airflow/dags/minio_to_snowflake.py took 20.568 seconds
[2026-04-04T08:09:50.401+0000] {processor.py:161} INFO - Started process (PID=5908) to work on /opt/airflow/dags/minio_to_snowflake.py
[2026-04-04T08:09:50.404+0000] {processor.py:830} INFO - Processing file /opt/airflow/dags/minio_to_snowflake.py for tasks to queue
[2026-04-04T08:09:50.409+0000] {logging_mixin.py:188} INFO - [2026-04-04T08:09:50.408+0000] {dagbag.py:545} INFO - Filling up the DagBag from /opt/airflow/dags/minio_to_snowflake.py
[2026-04-04T08:09:53.126+0000] {processor.py:840} INFO - DAG(s) 'minio_to_snowflake_pipeline' retrieved from /opt/airflow/dags/minio_to_snowflake.py
[2026-04-04T08:09:53.860+0000] {logging_mixin.py:188} INFO - [2026-04-04T08:09:53.859+0000] {dag.py:3089} INFO - Sync 1 DAGs
[2026-04-04T08:09:53.911+0000] {processor.py:183} INFO - Processing /opt/airflow/dags/minio_to_snowflake.py took 3.530 seconds
[2026-04-04T08:10:24.315+0000] {processor.py:161} INFO - Started process (PID=5915) to work on /opt/airflow/dags/minio_to_snowflake.py
[2026-04-04T08:10:24.317+0000] {processor.py:830} INFO - Processing file /opt/airflow/dags/minio_to_snowflake.py for tasks to queue
[2026-04-04T08:10:24.319+0000] {logging_mixin.py:188} INFO - [2026-04-04T08:10:24.318+0000] {dagbag.py:545} INFO - Filling up the DagBag from /opt/airflow/dags/minio_to_snowflake.py
[2026-04-04T08:10:25.431+0000] {processor.py:840} INFO - DAG(s) 'minio_to_snowflake_pipeline' retrieved from /opt/airflow/dags/minio_to_snowflake.py
[2026-04-04T08:10:25.466+0000] {logging_mixin.py:188} INFO - [2026-04-04T08:10:25.465+0000] {dag.py:3089} INFO - Sync 1 DAGs
[2026-04-04T08:10:25.538+0000] {processor.py:183} INFO - Processing /opt/airflow/dags/minio_to_snowflake.py took 1.236 seconds
[2026-04-04T08:10:55.971+0000] {processor.py:161} INFO - Started process (PID=5922) to work on /opt/airflow/dags/minio_to_snowflake.py
[2026-04-04T08:10:55.973+0000] {processor.py:830} INFO - Processing file /opt/airflow/dags/minio_to_snowflake.py for tasks to queue
[2026-04-04T08:10:55.975+0000] {logging_mixin.py:188} INFO - [2026-04-04T08:10:55.974+0000] {dagbag.py:545} INFO - Filling up the DagBag from /opt/airflow/dags/minio_to_snowflake.py
[2026-04-04T08:10:56.891+0000] {processor.py:840} INFO - DAG(s) 'minio_to_snowflake_pipeline' retrieved from /opt/airflow/dags/minio_to_snowflake.py
[2026-04-04T08:10:56.924+0000] {logging_mixin.py:188} INFO - [2026-04-04T08:10:56.924+0000] {dag.py:3089} INFO - Sync 1 DAGs
[2026-04-04T08:10:57.126+0000] {processor.py:183} INFO - Processing /opt/airflow/dags/minio_to_snowflake.py took 1.164 seconds
[2026-04-04T08:11:27.625+0000] {processor.py:161} INFO - Started process (PID=5932) to work on /opt/airflow/dags/minio_to_snowflake.py
[2026-04-04T08:11:27.631+0000] {processor.py:830} INFO - Processing file /opt/airflow/dags/minio_to_snowflake.py for tasks to queue
[2026-04-04T08:11:27.640+0000] {logging_mixin.py:188} INFO - [2026-04-04T08:11:27.639+0000] {dagbag.py:545} INFO - Filling up the DagBag from /opt/airflow/dags/minio_to_snowflake.py
[2026-04-04T08:11:31.096+0000] {processor.py:840} INFO - DAG(s) 'minio_to_snowflake_pipeline' retrieved from /opt/airflow/dags/minio_to_snowflake.py
[2026-04-04T08:11:31.208+0000] {logging_mixin.py:188} INFO - [2026-04-04T08:11:31.201+0000] {dag.py:3089} INFO - Sync 1 DAGs
[2026-04-04T08:11:31.303+0000] {processor.py:183} INFO - Processing /opt/airflow/dags/minio_to_snowflake.py took 3.718 seconds
[2026-04-04T08:12:02.399+0000] {processor.py:161} INFO - Started process (PID=5944) to work on /opt/airflow/dags/minio_to_snowflake.py
[2026-04-04T08:12:02.402+0000] {processor.py:830} INFO - Processing file /opt/airflow/dags/minio_to_snowflake.py for tasks to queue
[2026-04-04T08:12:02.404+0000] {logging_mixin.py:188} INFO - [2026-04-04T08:12:02.403+0000] {dagbag.py:545} INFO - Filling up the DagBag from /opt/airflow/dags/minio_to_snowflake.py
[2026-04-04T08:12:06.001+0000] {processor.py:840} INFO - DAG(s) 'minio_to_snowflake_pipeline' retrieved from /opt/airflow/dags/minio_to_snowflake.py
[2026-04-04T08:12:06.752+0000] {logging_mixin.py:188} INFO - [2026-04-04T08:12:06.750+0000] {dag.py:3089} INFO - Sync 1 DAGs
[2026-04-04T08:12:06.835+0000] {logging_mixin.py:188} INFO - [2026-04-04T08:12:06.834+0000] {dag.py:3947} INFO - Setting next_dagrun for minio_to_snowflake_pipeline to 2026-04-04 08:10:00+00:00, run_after=2026-04-04 08:20:00+00:00
[2026-04-04T08:12:06.974+0000] {processor.py:183} INFO - Processing /opt/airflow/dags/minio_to_snowflake.py took 4.597 seconds
[2026-04-04T08:12:37.483+0000] {processor.py:161} INFO - Started process (PID=5951) to work on /opt/airflow/dags/minio_to_snowflake.py
[2026-04-04T08:12:37.485+0000] {processor.py:830} INFO - Processing file /opt/airflow/dags/minio_to_snowflake.py for tasks to queue
[2026-04-04T08:12:37.488+0000] {logging_mixin.py:188} INFO - [2026-04-04T08:12:37.487+0000] {dagbag.py:545} INFO - Filling up the DagBag from /opt/airflow/dags/minio_to_snowflake.py
[2026-04-04T08:12:38.949+0000] {processor.py:840} INFO - DAG(s) 'minio_to_snowflake_pipeline' retrieved from /opt/airflow/dags/minio_to_snowflake.py
[2026-04-04T08:12:39.048+0000] {logging_mixin.py:188} INFO - [2026-04-04T08:12:39.044+0000] {dag.py:3089} INFO - Sync 1 DAGs
[2026-04-04T08:12:39.124+0000] {logging_mixin.py:188} INFO - [2026-04-04T08:12:39.123+0000] {dag.py:3947} INFO - Setting next_dagrun for minio_to_snowflake_pipeline to 2026-04-04 08:10:00+00:00, run_after=2026-04-04 08:20:00+00:00
[2026-04-04T08:12:39.195+0000] {processor.py:183} INFO - Processing /opt/airflow/dags/minio_to_snowflake.py took 1.722 seconds
[2026-04-04T08:13:09.511+0000] {processor.py:161} INFO - Started process (PID=5958) to work on /opt/airflow/dags/minio_to_snowflake.py
[2026-04-04T08:13:09.514+0000] {processor.py:830} INFO - Processing file /opt/airflow/dags/minio_to_snowflake.py for tasks to queue
[2026-04-04T08:13:09.525+0000] {logging_mixin.py:188} INFO - [2026-04-04T08:13:09.524+0000] {dagbag.py:545} INFO - Filling up the DagBag from /opt/airflow/dags/minio_to_snowflake.py
[2026-04-04T08:13:13.072+0000] {processor.py:840} INFO - DAG(s) 'minio_to_snowflake_pipeline' retrieved from /opt/airflow/dags/minio_to_snowflake.py
[2026-04-04T08:13:13.194+0000] {logging_mixin.py:188} INFO - [2026-04-04T08:13:13.190+0000] {dag.py:3089} INFO - Sync 1 DAGs
[2026-04-04T08:13:13.280+0000] {logging_mixin.py:188} INFO - [2026-04-04T08:13:13.279+0000] {dag.py:3947} INFO - Setting next_dagrun for minio_to_snowflake_pipeline to 2026-04-04 08:10:00+00:00, run_after=2026-04-04 08:20:00+00:00
[2026-04-04T08:13:13.385+0000] {processor.py:183} INFO - Processing /opt/airflow/dags/minio_to_snowflake.py took 3.906 seconds
[2026-04-04T08:13:44.137+0000] {processor.py:161} INFO - Started process (PID=5965) to work on /opt/airflow/dags/minio_to_snowflake.py
[2026-04-04T08:13:44.139+0000] {processor.py:830} INFO - Processing file /opt/airflow/dags/minio_to_snowflake.py for tasks to queue
[2026-04-04T08:13:44.151+0000] {logging_mixin.py:188} INFO - [2026-04-04T08:13:44.145+0000] {dagbag.py:545} INFO - Filling up the DagBag from /opt/airflow/dags/minio_to_snowflake.py
[2026-04-04T08:13:48.844+0000] {processor.py:840} INFO - DAG(s) 'minio_to_snowflake_pipeline' retrieved from /opt/airflow/dags/minio_to_snowflake.py
[2026-04-04T08:13:48.922+0000] {logging_mixin.py:188} INFO - [2026-04-04T08:13:48.921+0000] {dag.py:3089} INFO - Sync 1 DAGs
[2026-04-04T08:13:48.992+0000] {logging_mixin.py:188} INFO - [2026-04-04T08:13:48.991+0000] {dag.py:3947} INFO - Setting next_dagrun for minio_to_snowflake_pipeline to 2026-04-04 08:10:00+00:00, run_after=2026-04-04 08:20:00+00:00
[2026-04-04T08:13:49.161+0000] {processor.py:183} INFO - Processing /opt/airflow/dags/minio_to_snowflake.py took 5.051 seconds
[2026-04-04T08:14:19.964+0000] {processor.py:161} INFO - Started process (PID=5972) to work on /opt/airflow/dags/minio_to_snowflake.py
[2026-04-04T08:14:19.965+0000] {processor.py:830} INFO - Processing file /opt/airflow/dags/minio_to_snowflake.py for tasks to queue
[2026-04-04T08:14:19.968+0000] {logging_mixin.py:188} INFO - [2026-04-04T08:14:19.967+0000] {dagbag.py:545} INFO - Filling up the DagBag from /opt/airflow/dags/minio_to_snowflake.py
[2026-04-04T08:14:21.065+0000] {processor.py:840} INFO - DAG(s) 'minio_to_snowflake_pipeline' retrieved from /opt/airflow/dags/minio_to_snowflake.py
[2026-04-04T08:14:21.292+0000] {logging_mixin.py:188} INFO - [2026-04-04T08:14:21.291+0000] {dag.py:3089} INFO - Sync 1 DAGs
[2026-04-04T08:14:21.318+0000] {logging_mixin.py:188} INFO - [2026-04-04T08:14:21.318+0000] {dag.py:3947} INFO - Setting next_dagrun for minio_to_snowflake_pipeline to 2026-04-04 08:10:00+00:00, run_after=2026-04-04 08:20:00+00:00
[2026-04-04T08:14:21.342+0000] {processor.py:183} INFO - Processing /opt/airflow/dags/minio_to_snowflake.py took 1.385 seconds
[2026-04-04T08:14:51.922+0000] {processor.py:161} INFO - Started process (PID=5979) to work on /opt/airflow/dags/minio_to_snowflake.py
[2026-04-04T08:14:51.924+0000] {processor.py:830} INFO - Processing file /opt/airflow/dags/minio_to_snowflake.py for tasks to queue
[2026-04-04T08:14:51.927+0000] {logging_mixin.py:188} INFO - [2026-04-04T08:14:51.926+0000] {dagbag.py:545} INFO - Filling up the DagBag from /opt/airflow/dags/minio_to_snowflake.py
[2026-04-04T08:14:53.813+0000] {processor.py:840} INFO - DAG(s) 'minio_to_snowflake_pipeline' retrieved from /opt/airflow/dags/minio_to_snowflake.py
[2026-04-04T08:14:53.855+0000] {logging_mixin.py:188} INFO - [2026-04-04T08:14:53.855+0000] {dag.py:3089} INFO - Sync 1 DAGs
[2026-04-04T08:14:53.890+0000] {logging_mixin.py:188} INFO - [2026-04-04T08:14:53.890+0000] {dag.py:3947} INFO - Setting next_dagrun for minio_to_snowflake_pipeline to 2026-04-04 08:10:00+00:00, run_after=2026-04-04 08:20:00+00:00
[2026-04-04T08:14:53.919+0000] {processor.py:183} INFO - Processing /opt/airflow/dags/minio_to_snowflake.py took 2.035 seconds
[2026-04-04T08:15:24.419+0000] {processor.py:161} INFO - Started process (PID=5986) to work on /opt/airflow/dags/minio_to_snowflake.py
[2026-04-04T08:15:24.421+0000] {processor.py:830} INFO - Processing file /opt/airflow/dags/minio_to_snowflake.py for tasks to queue
[2026-04-04T08:15:24.433+0000] {logging_mixin.py:188} INFO - [2026-04-04T08:15:24.423+0000] {dagbag.py:545} INFO - Filling up the DagBag from /opt/airflow/dags/minio_to_snowflake.py
[2026-04-04T08:15:31.979+0000] {processor.py:840} INFO - DAG(s) 'minio_to_snowflake_pipeline' retrieved from /opt/airflow/dags/minio_to_snowflake.py
[2026-04-04T08:15:32.173+0000] {logging_mixin.py:188} INFO - [2026-04-04T08:15:32.172+0000] {dag.py:3089} INFO - Sync 1 DAGs
[2026-04-04T08:15:32.302+0000] {logging_mixin.py:188} INFO - [2026-04-04T08:15:32.301+0000] {dag.py:3947} INFO - Setting next_dagrun for minio_to_snowflake_pipeline to 2026-04-04 08:10:00+00:00, run_after=2026-04-04 08:20:00+00:00
[2026-04-04T08:15:32.448+0000] {processor.py:183} INFO - Processing /opt/airflow/dags/minio_to_snowflake.py took 8.067 seconds
[2026-04-04T08:16:03.231+0000] {processor.py:161} INFO - Started process (PID=5993) to work on /opt/airflow/dags/minio_to_snowflake.py
[2026-04-04T08:16:03.241+0000] {processor.py:830} INFO - Processing file /opt/airflow/dags/minio_to_snowflake.py for tasks to queue
[2026-04-04T08:16:03.244+0000] {logging_mixin.py:188} INFO - [2026-04-04T08:16:03.243+0000] {dagbag.py:545} INFO - Filling up the DagBag from /opt/airflow/dags/minio_to_snowflake.py
[2026-04-04T08:16:07.534+0000] {processor.py:840} INFO - DAG(s) 'minio_to_snowflake_pipeline' retrieved from /opt/airflow/dags/minio_to_snowflake.py
[2026-04-04T08:16:07.662+0000] {logging_mixin.py:188} INFO - [2026-04-04T08:16:07.661+0000] {dag.py:3089} INFO - Sync 1 DAGs
[2026-04-04T08:16:07.787+0000] {logging_mixin.py:188} INFO - [2026-04-04T08:16:07.786+0000] {dag.py:3947} INFO - Setting next_dagrun for minio_to_snowflake_pipeline to 2026-04-04 08:10:00+00:00, run_after=2026-04-04 08:20:00+00:00
[2026-04-04T08:16:07.854+0000] {processor.py:183} INFO - Processing /opt/airflow/dags/minio_to_snowflake.py took 4.652 seconds
[2026-04-04T08:16:38.412+0000] {processor.py:161} INFO - Started process (PID=6000) to work on /opt/airflow/dags/minio_to_snowflake.py
[2026-04-04T08:16:38.416+0000] {processor.py:830} INFO - Processing file /opt/airflow/dags/minio_to_snowflake.py for tasks to queue
[2026-04-04T08:16:38.418+0000] {logging_mixin.py:188} INFO - [2026-04-04T08:16:38.417+0000] {dagbag.py:545} INFO - Filling up the DagBag from /opt/airflow/dags/minio_to_snowflake.py
[2026-04-04T08:16:39.979+0000] {processor.py:840} INFO - DAG(s) 'minio_to_snowflake_pipeline' retrieved from /opt/airflow/dags/minio_to_snowflake.py
[2026-04-04T08:16:40.189+0000] {logging_mixin.py:188} INFO - [2026-04-04T08:16:40.188+0000] {dag.py:3089} INFO - Sync 1 DAGs
[2026-04-04T08:16:40.229+0000] {logging_mixin.py:188} INFO - [2026-04-04T08:16:40.229+0000] {dag.py:3947} INFO - Setting next_dagrun for minio_to_snowflake_pipeline to 2026-04-04 08:10:00+00:00, run_after=2026-04-04 08:20:00+00:00
[2026-04-04T08:16:40.271+0000] {processor.py:183} INFO - Processing /opt/airflow/dags/minio_to_snowflake.py took 1.876 seconds
[2026-04-04T08:17:10.639+0000] {processor.py:161} INFO - Started process (PID=6007) to work on /opt/airflow/dags/minio_to_snowflake.py
[2026-04-04T08:17:10.640+0000] {processor.py:830} INFO - Processing file /opt/airflow/dags/minio_to_snowflake.py for tasks to queue
[2026-04-04T08:17:10.642+0000] {logging_mixin.py:188} INFO - [2026-04-04T08:17:10.641+0000] {dagbag.py:545} INFO - Filling up the DagBag from /opt/airflow/dags/minio_to_snowflake.py
[2026-04-04T08:17:11.799+0000] {processor.py:840} INFO - DAG(s) 'minio_to_snowflake_pipeline' retrieved from /opt/airflow/dags/minio_to_snowflake.py
[2026-04-04T08:17:11.861+0000] {logging_mixin.py:188} INFO - [2026-04-04T08:17:11.859+0000] {dag.py:3089} INFO - Sync 1 DAGs
[2026-04-04T08:17:11.900+0000] {logging_mixin.py:188} INFO - [2026-04-04T08:17:11.900+0000] {dag.py:3947} INFO - Setting next_dagrun for minio_to_snowflake_pipeline to 2026-04-04 08:10:00+00:00, run_after=2026-04-04 08:20:00+00:00
[2026-04-04T08:17:11.936+0000] {processor.py:183} INFO - Processing /opt/airflow/dags/minio_to_snowflake.py took 1.309 seconds
[2026-04-04T08:17:42.338+0000] {processor.py:161} INFO - Started process (PID=6014) to work on /opt/airflow/dags/minio_to_snowflake.py
[2026-04-04T08:17:42.340+0000] {processor.py:830} INFO - Processing file /opt/airflow/dags/minio_to_snowflake.py for tasks to queue
[2026-04-04T08:17:42.341+0000] {logging_mixin.py:188} INFO - [2026-04-04T08:17:42.340+0000] {dagbag.py:545} INFO - Filling up the DagBag from /opt/airflow/dags/minio_to_snowflake.py
[2026-04-04T08:17:43.399+0000] {processor.py:840} INFO - DAG(s) 'minio_to_snowflake_pipeline' retrieved from /opt/airflow/dags/minio_to_snowflake.py
[2026-04-04T08:17:43.431+0000] {logging_mixin.py:188} INFO - [2026-04-04T08:17:43.430+0000] {dag.py:3089} INFO - Sync 1 DAGs
[2026-04-04T08:17:43.455+0000] {logging_mixin.py:188} INFO - [2026-04-04T08:17:43.455+0000] {dag.py:3947} INFO - Setting next_dagrun for minio_to_snowflake_pipeline to 2026-04-04 08:10:00+00:00, run_after=2026-04-04 08:20:00+00:00
[2026-04-04T08:17:43.483+0000] {processor.py:183} INFO - Processing /opt/airflow/dags/minio_to_snowflake.py took 1.154 seconds
[2026-04-04T08:18:13.928+0000] {processor.py:161} INFO - Started process (PID=6021) to work on /opt/airflow/dags/minio_to_snowflake.py
[2026-04-04T08:18:13.932+0000] {processor.py:830} INFO - Processing file /opt/airflow/dags/minio_to_snowflake.py for tasks to queue
[2026-04-04T08:18:13.936+0000] {logging_mixin.py:188} INFO - [2026-04-04T08:18:13.935+0000] {dagbag.py:545} INFO - Filling up the DagBag from /opt/airflow/dags/minio_to_snowflake.py
[2026-04-04T08:18:16.203+0000] {processor.py:840} INFO - DAG(s) 'minio_to_snowflake_pipeline' retrieved from /opt/airflow/dags/minio_to_snowflake.py
[2026-04-04T08:18:16.262+0000] {logging_mixin.py:188} INFO - [2026-04-04T08:18:16.260+0000] {dag.py:3089} INFO - Sync 1 DAGs
[2026-04-04T08:18:16.306+0000] {logging_mixin.py:188} INFO - [2026-04-04T08:18:16.306+0000] {dag.py:3947} INFO - Setting next_dagrun for minio_to_snowflake_pipeline to 2026-04-04 08:10:00+00:00, run_after=2026-04-04 08:20:00+00:00
[2026-04-04T08:18:16.330+0000] {processor.py:183} INFO - Processing /opt/airflow/dags/minio_to_snowflake.py took 2.420 seconds
[2026-04-04T08:18:46.835+0000] {processor.py:161} INFO - Started process (PID=6028) to work on /opt/airflow/dags/minio_to_snowflake.py
[2026-04-04T08:18:46.838+0000] {processor.py:830} INFO - Processing file /opt/airflow/dags/minio_to_snowflake.py for tasks to queue
[2026-04-04T08:18:46.840+0000] {logging_mixin.py:188} INFO - [2026-04-04T08:18:46.839+0000] {dagbag.py:545} INFO - Filling up the DagBag from /opt/airflow/dags/minio_to_snowflake.py
[2026-04-04T08:18:48.136+0000] {processor.py:840} INFO - DAG(s) 'minio_to_snowflake_pipeline' retrieved from /opt/airflow/dags/minio_to_snowflake.py
[2026-04-04T08:18:48.480+0000] {logging_mixin.py:188} INFO - [2026-04-04T08:18:48.479+0000] {dag.py:3089} INFO - Sync 1 DAGs
[2026-04-04T08:18:48.517+0000] {logging_mixin.py:188} INFO - [2026-04-04T08:18:48.517+0000] {dag.py:3947} INFO - Setting next_dagrun for minio_to_snowflake_pipeline to 2026-04-04 08:10:00+00:00, run_after=2026-04-04 08:20:00+00:00
[2026-04-04T08:18:48.549+0000] {processor.py:183} INFO - Processing /opt/airflow/dags/minio_to_snowflake.py took 1.728 seconds
[2026-04-04T08:19:19.077+0000] {processor.py:161} INFO - Started process (PID=6035) to work on /opt/airflow/dags/minio_to_snowflake.py
[2026-04-04T08:19:19.079+0000] {processor.py:830} INFO - Processing file /opt/airflow/dags/minio_to_snowflake.py for tasks to queue
[2026-04-04T08:19:19.081+0000] {logging_mixin.py:188} INFO - [2026-04-04T08:19:19.080+0000] {dagbag.py:545} INFO - Filling up the DagBag from /opt/airflow/dags/minio_to_snowflake.py
[2026-04-04T08:19:22.182+0000] {processor.py:840} INFO - DAG(s) 'minio_to_snowflake_pipeline' retrieved from /opt/airflow/dags/minio_to_snowflake.py
[2026-04-04T08:19:22.246+0000] {logging_mixin.py:188} INFO - [2026-04-04T08:19:22.245+0000] {dag.py:3089} INFO - Sync 1 DAGs
[2026-04-04T08:19:22.289+0000] {logging_mixin.py:188} INFO - [2026-04-04T08:19:22.288+0000] {dag.py:3947} INFO - Setting next_dagrun for minio_to_snowflake_pipeline to 2026-04-04 08:10:00+00:00, run_after=2026-04-04 08:20:00+00:00
[2026-04-04T08:19:22.413+0000] {processor.py:183} INFO - Processing /opt/airflow/dags/minio_to_snowflake.py took 3.348 seconds
[2026-04-04T08:19:52.830+0000] {processor.py:161} INFO - Started process (PID=6042) to work on /opt/airflow/dags/minio_to_snowflake.py
[2026-04-04T08:19:52.832+0000] {processor.py:830} INFO - Processing file /opt/airflow/dags/minio_to_snowflake.py for tasks to queue
[2026-04-04T08:19:52.833+0000] {logging_mixin.py:188} INFO - [2026-04-04T08:19:52.833+0000] {dagbag.py:545} INFO - Filling up the DagBag from /opt/airflow/dags/minio_to_snowflake.py
[2026-04-04T08:19:53.837+0000] {processor.py:840} INFO - DAG(s) 'minio_to_snowflake_pipeline' retrieved from /opt/airflow/dags/minio_to_snowflake.py
[2026-04-04T08:19:53.869+0000] {logging_mixin.py:188} INFO - [2026-04-04T08:19:53.869+0000] {dag.py:3089} INFO - Sync 1 DAGs
[2026-04-04T08:19:53.893+0000] {logging_mixin.py:188} INFO - [2026-04-04T08:19:53.892+0000] {dag.py:3947} INFO - Setting next_dagrun for minio_to_snowflake_pipeline to 2026-04-04 08:10:00+00:00, run_after=2026-04-04 08:20:00+00:00
[2026-04-04T08:19:53.917+0000] {processor.py:183} INFO - Processing /opt/airflow/dags/minio_to_snowflake.py took 1.098 seconds
[2026-04-04T08:20:24.346+0000] {processor.py:161} INFO - Started process (PID=6053) to work on /opt/airflow/dags/minio_to_snowflake.py
[2026-04-04T08:20:24.348+0000] {processor.py:830} INFO - Processing file /opt/airflow/dags/minio_to_snowflake.py for tasks to queue
[2026-04-04T08:20:24.350+0000] {logging_mixin.py:188} INFO - [2026-04-04T08:20:24.349+0000] {dagbag.py:545} INFO - Filling up the DagBag from /opt/airflow/dags/minio_to_snowflake.py
[2026-04-04T08:20:25.365+0000] {processor.py:840} INFO - DAG(s) 'minio_to_snowflake_pipeline' retrieved from /opt/airflow/dags/minio_to_snowflake.py
[2026-04-04T08:20:25.398+0000] {logging_mixin.py:188} INFO - [2026-04-04T08:20:25.397+0000] {dag.py:3089} INFO - Sync 1 DAGs
[2026-04-04T08:20:25.421+0000] {logging_mixin.py:188} INFO - [2026-04-04T08:20:25.421+0000] {dag.py:3947} INFO - Setting next_dagrun for minio_to_snowflake_pipeline to 2026-04-04 08:20:00+00:00, run_after=2026-04-04 08:30:00+00:00
[2026-04-04T08:20:25.446+0000] {processor.py:183} INFO - Processing /opt/airflow/dags/minio_to_snowflake.py took 1.110 seconds
[2026-04-04T08:20:55.748+0000] {processor.py:161} INFO - Started process (PID=6060) to work on /opt/airflow/dags/minio_to_snowflake.py
[2026-04-04T08:20:55.750+0000] {processor.py:830} INFO - Processing file /opt/airflow/dags/minio_to_snowflake.py for tasks to queue
[2026-04-04T08:20:55.751+0000] {logging_mixin.py:188} INFO - [2026-04-04T08:20:55.751+0000] {dagbag.py:545} INFO - Filling up the DagBag from /opt/airflow/dags/minio_to_snowflake.py
[2026-04-04T08:20:57.217+0000] {processor.py:840} INFO - DAG(s) 'minio_to_snowflake_pipeline' retrieved from /opt/airflow/dags/minio_to_snowflake.py
[2026-04-04T08:20:57.474+0000] {logging_mixin.py:188} INFO - [2026-04-04T08:20:57.473+0000] {dag.py:3089} INFO - Sync 1 DAGs
[2026-04-04T08:20:57.514+0000] {logging_mixin.py:188} INFO - [2026-04-04T08:20:57.514+0000] {dag.py:3947} INFO - Setting next_dagrun for minio_to_snowflake_pipeline to 2026-04-04 08:20:00+00:00, run_after=2026-04-04 08:30:00+00:00
[2026-04-04T08:20:57.540+0000] {processor.py:183} INFO - Processing /opt/airflow/dags/minio_to_snowflake.py took 1.801 seconds
[2026-04-04T08:21:28.148+0000] {processor.py:161} INFO - Started process (PID=6067) to work on /opt/airflow/dags/minio_to_snowflake.py
[2026-04-04T08:21:28.151+0000] {processor.py:830} INFO - Processing file /opt/airflow/dags/minio_to_snowflake.py for tasks to queue
[2026-04-04T08:21:28.153+0000] {logging_mixin.py:188} INFO - [2026-04-04T08:21:28.152+0000] {dagbag.py:545} INFO - Filling up the DagBag from /opt/airflow/dags/minio_to_snowflake.py
[2026-04-04T08:21:30.415+0000] {processor.py:840} INFO - DAG(s) 'minio_to_snowflake_pipeline' retrieved from /opt/airflow/dags/minio_to_snowflake.py
[2026-04-04T08:21:30.451+0000] {logging_mixin.py:188} INFO - [2026-04-04T08:21:30.450+0000] {dag.py:3089} INFO - Sync 1 DAGs
[2026-04-04T08:21:30.476+0000] {logging_mixin.py:188} INFO - [2026-04-04T08:21:30.475+0000] {dag.py:3947} INFO - Setting next_dagrun for minio_to_snowflake_pipeline to 2026-04-04 08:20:00+00:00, run_after=2026-04-04 08:30:00+00:00
[2026-04-04T08:21:30.505+0000] {processor.py:183} INFO - Processing /opt/airflow/dags/minio_to_snowflake.py took 2.374 seconds
[2026-04-04T08:22:00.815+0000] {processor.py:161} INFO - Started process (PID=6074) to work on /opt/airflow/dags/minio_to_snowflake.py
[2026-04-04T08:22:00.817+0000] {processor.py:830} INFO - Processing file /opt/airflow/dags/minio_to_snowflake.py for tasks to queue
[2026-04-04T08:22:00.818+0000] {logging_mixin.py:188} INFO - [2026-04-04T08:22:00.818+0000] {dagbag.py:545} INFO - Filling up the DagBag from /opt/airflow/dags/minio_to_snowflake.py
[2026-04-04T08:22:02.038+0000] {processor.py:840} INFO - DAG(s) 'minio_to_snowflake_pipeline' retrieved from /opt/airflow/dags/minio_to_snowflake.py
[2026-04-04T08:22:02.124+0000] {logging_mixin.py:188} INFO - [2026-04-04T08:22:02.123+0000] {dag.py:3089} INFO - Sync 1 DAGs
[2026-04-04T08:22:02.192+0000] {logging_mixin.py:188} INFO - [2026-04-04T08:22:02.192+0000] {dag.py:3947} INFO - Setting next_dagrun for minio_to_snowflake_pipeline to 2026-04-04 08:20:00+00:00, run_after=2026-04-04 08:30:00+00:00
[2026-04-04T08:22:02.258+0000] {processor.py:183} INFO - Processing /opt/airflow/dags/minio_to_snowflake.py took 1.451 seconds
[2026-04-04T08:22:32.592+0000] {processor.py:161} INFO - Started process (PID=6081) to work on /opt/airflow/dags/minio_to_snowflake.py
[2026-04-04T08:22:32.594+0000] {processor.py:830} INFO - Processing file /opt/airflow/dags/minio_to_snowflake.py for tasks to queue
[2026-04-04T08:22:32.596+0000] {logging_mixin.py:188} INFO - [2026-04-04T08:22:32.595+0000] {dagbag.py:545} INFO - Filling up the DagBag from /opt/airflow/dags/minio_to_snowflake.py
[2026-04-04T08:22:33.733+0000] {processor.py:840} INFO - DAG(s) 'minio_to_snowflake_pipeline' retrieved from /opt/airflow/dags/minio_to_snowflake.py
[2026-04-04T08:22:33.766+0000] {logging_mixin.py:188} INFO - [2026-04-04T08:22:33.766+0000] {dag.py:3089} INFO - Sync 1 DAGs
[2026-04-04T08:22:33.794+0000] {logging_mixin.py:188} INFO - [2026-04-04T08:22:33.794+0000] {dag.py:3947} INFO - Setting next_dagrun for minio_to_snowflake_pipeline to 2026-04-04 08:20:00+00:00, run_after=2026-04-04 08:30:00+00:00
[2026-04-04T08:22:33.818+0000] {processor.py:183} INFO - Processing /opt/airflow/dags/minio_to_snowflake.py took 1.238 seconds
[2026-04-04T08:23:04.137+0000] {processor.py:161} INFO - Started process (PID=6088) to work on /opt/airflow/dags/minio_to_snowflake.py
[2026-04-04T08:23:04.138+0000] {processor.py:830} INFO - Processing file /opt/airflow/dags/minio_to_snowflake.py for tasks to queue
[2026-04-04T08:23:04.140+0000] {logging_mixin.py:188} INFO - [2026-04-04T08:23:04.139+0000] {dagbag.py:545} INFO - Filling up the DagBag from /opt/airflow/dags/minio_to_snowflake.py
[2026-04-04T08:23:04.971+0000] {processor.py:840} INFO - DAG(s) 'minio_to_snowflake_pipeline' retrieved from /opt/airflow/dags/minio_to_snowflake.py
[2026-04-04T08:23:05.167+0000] {logging_mixin.py:188} INFO - [2026-04-04T08:23:05.167+0000] {dag.py:3089} INFO - Sync 1 DAGs
[2026-04-04T08:23:05.190+0000] {logging_mixin.py:188} INFO - [2026-04-04T08:23:05.190+0000] {dag.py:3947} INFO - Setting next_dagrun for minio_to_snowflake_pipeline to 2026-04-04 08:20:00+00:00, run_after=2026-04-04 08:30:00+00:00
[2026-04-04T08:23:05.213+0000] {processor.py:183} INFO - Processing /opt/airflow/dags/minio_to_snowflake.py took 1.084 seconds
[2026-04-04T08:23:35.457+0000] {processor.py:161} INFO - Started process (PID=6095) to work on /opt/airflow/dags/minio_to_snowflake.py
[2026-04-04T08:23:35.459+0000] {processor.py:830} INFO - Processing file /opt/airflow/dags/minio_to_snowflake.py for tasks to queue
[2026-04-04T08:23:35.461+0000] {logging_mixin.py:188} INFO - [2026-04-04T08:23:35.460+0000] {dagbag.py:545} INFO - Filling up the DagBag from /opt/airflow/dags/minio_to_snowflake.py
[2026-04-04T08:23:36.445+0000] {processor.py:840} INFO - DAG(s) 'minio_to_snowflake_pipeline' retrieved from /opt/airflow/dags/minio_to_snowflake.py
[2026-04-04T08:23:36.475+0000] {logging_mixin.py:188} INFO - [2026-04-04T08:23:36.474+0000] {dag.py:3089} INFO - Sync 1 DAGs
[2026-04-04T08:23:36.504+0000] {logging_mixin.py:188} INFO - [2026-04-04T08:23:36.504+0000] {dag.py:3947} INFO - Setting next_dagrun for minio_to_snowflake_pipeline to 2026-04-04 08:20:00+00:00, run_after=2026-04-04 08:30:00+00:00
[2026-04-04T08:23:36.530+0000] {processor.py:183} INFO - Processing /opt/airflow/dags/minio_to_snowflake.py took 1.083 seconds
[2026-04-04T08:24:06.713+0000] {processor.py:161} INFO - Started process (PID=6102) to work on /opt/airflow/dags/minio_to_snowflake.py
[2026-04-04T08:24:06.716+0000] {processor.py:830} INFO - Processing file /opt/airflow/dags/minio_to_snowflake.py for tasks to queue
[2026-04-04T08:24:06.718+0000] {logging_mixin.py:188} INFO - [2026-04-04T08:24:06.717+0000] {dagbag.py:545} INFO - Filling up the DagBag from /opt/airflow/dags/minio_to_snowflake.py
[2026-04-04T08:24:08.319+0000] {processor.py:840} INFO - DAG(s) 'minio_to_snowflake_pipeline' retrieved from /opt/airflow/dags/minio_to_snowflake.py
[2026-04-04T08:24:08.363+0000] {logging_mixin.py:188} INFO - [2026-04-04T08:24:08.362+0000] {dag.py:3089} INFO - Sync 1 DAGs
[2026-04-04T08:24:08.388+0000] {logging_mixin.py:188} INFO - [2026-04-04T08:24:08.388+0000] {dag.py:3947} INFO - Setting next_dagrun for minio_to_snowflake_pipeline to 2026-04-04 08:20:00+00:00, run_after=2026-04-04 08:30:00+00:00
[2026-04-04T08:24:08.410+0000] {processor.py:183} INFO - Processing /opt/airflow/dags/minio_to_snowflake.py took 1.708 seconds
[2026-04-04T08:24:38.764+0000] {processor.py:161} INFO - Started process (PID=6109) to work on /opt/airflow/dags/minio_to_snowflake.py
[2026-04-04T08:24:38.787+0000] {processor.py:830} INFO - Processing file /opt/airflow/dags/minio_to_snowflake.py for tasks to queue
[2026-04-04T08:24:38.803+0000] {logging_mixin.py:188} INFO - [2026-04-04T08:24:38.802+0000] {dagbag.py:545} INFO - Filling up the DagBag from /opt/airflow/dags/minio_to_snowflake.py
[2026-04-04T08:24:40.364+0000] {processor.py:840} INFO - DAG(s) 'minio_to_snowflake_pipeline' retrieved from /opt/airflow/dags/minio_to_snowflake.py
[2026-04-04T08:24:40.409+0000] {logging_mixin.py:188} INFO - [2026-04-04T08:24:40.408+0000] {dag.py:3089} INFO - Sync 1 DAGs
[2026-04-04T08:24:40.451+0000] {logging_mixin.py:188} INFO - [2026-04-04T08:24:40.450+0000] {dag.py:3947} INFO - Setting next_dagrun for minio_to_snowflake_pipeline to 2026-04-04 08:20:00+00:00, run_after=2026-04-04 08:30:00+00:00
[2026-04-04T08:24:40.476+0000] {processor.py:183} INFO - Processing /opt/airflow/dags/minio_to_snowflake.py took 1.736 seconds
[2026-04-04T08:25:10.959+0000] {processor.py:161} INFO - Started process (PID=6116) to work on /opt/airflow/dags/minio_to_snowflake.py
[2026-04-04T08:25:10.961+0000] {processor.py:830} INFO - Processing file /opt/airflow/dags/minio_to_snowflake.py for tasks to queue
[2026-04-04T08:25:10.963+0000] {logging_mixin.py:188} INFO - [2026-04-04T08:25:10.962+0000] {dagbag.py:545} INFO - Filling up the DagBag from /opt/airflow/dags/minio_to_snowflake.py
[2026-04-04T08:25:12.068+0000] {processor.py:840} INFO - DAG(s) 'minio_to_snowflake_pipeline' retrieved from /opt/airflow/dags/minio_to_snowflake.py
[2026-04-04T08:25:12.400+0000] {logging_mixin.py:188} INFO - [2026-04-04T08:25:12.400+0000] {dag.py:3089} INFO - Sync 1 DAGs
[2026-04-04T08:25:12.431+0000] {logging_mixin.py:188} INFO - [2026-04-04T08:25:12.430+0000] {dag.py:3947} INFO - Setting next_dagrun for minio_to_snowflake_pipeline to 2026-04-04 08:20:00+00:00, run_after=2026-04-04 08:30:00+00:00
[2026-04-04T08:25:12.453+0000] {processor.py:183} INFO - Processing /opt/airflow/dags/minio_to_snowflake.py took 1.502 seconds
[2026-04-04T08:25:42.906+0000] {processor.py:161} INFO - Started process (PID=6123) to work on /opt/airflow/dags/minio_to_snowflake.py
[2026-04-04T08:25:42.908+0000] {processor.py:830} INFO - Processing file /opt/airflow/dags/minio_to_snowflake.py for tasks to queue
[2026-04-04T08:25:42.911+0000] {logging_mixin.py:188} INFO - [2026-04-04T08:25:42.911+0000] {dagbag.py:545} INFO - Filling up the DagBag from /opt/airflow/dags/minio_to_snowflake.py
[2026-04-04T08:25:43.985+0000] {processor.py:840} INFO - DAG(s) 'minio_to_snowflake_pipeline' retrieved from /opt/airflow/dags/minio_to_snowflake.py
[2026-04-04T08:25:44.018+0000] {logging_mixin.py:188} INFO - [2026-04-04T08:25:44.017+0000] {dag.py:3089} INFO - Sync 1 DAGs
[2026-04-04T08:25:44.042+0000] {logging_mixin.py:188} INFO - [2026-04-04T08:25:44.042+0000] {dag.py:3947} INFO - Setting next_dagrun for minio_to_snowflake_pipeline to 2026-04-04 08:20:00+00:00, run_after=2026-04-04 08:30:00+00:00
[2026-04-04T08:25:44.069+0000] {processor.py:183} INFO - Processing /opt/airflow/dags/minio_to_snowflake.py took 1.171 seconds
[2026-04-04T08:26:14.245+0000] {processor.py:161} INFO - Started process (PID=6130) to work on /opt/airflow/dags/minio_to_snowflake.py
[2026-04-04T08:26:14.247+0000] {processor.py:830} INFO - Processing file /opt/airflow/dags/minio_to_snowflake.py for tasks to queue
[2026-04-04T08:26:14.249+0000] {logging_mixin.py:188} INFO - [2026-04-04T08:26:14.248+0000] {dagbag.py:545} INFO - Filling up the DagBag from /opt/airflow/dags/minio_to_snowflake.py
[2026-04-04T08:26:15.838+0000] {processor.py:840} INFO - DAG(s) 'minio_to_snowflake_pipeline' retrieved from /opt/airflow/dags/minio_to_snowflake.py
[2026-04-04T08:26:15.890+0000] {logging_mixin.py:188} INFO - [2026-04-04T08:26:15.889+0000] {dag.py:3089} INFO - Sync 1 DAGs
[2026-04-04T08:26:15.921+0000] {logging_mixin.py:188} INFO - [2026-04-04T08:26:15.920+0000] {dag.py:3947} INFO - Setting next_dagrun for minio_to_snowflake_pipeline to 2026-04-04 08:20:00+00:00, run_after=2026-04-04 08:30:00+00:00
[2026-04-04T08:26:15.950+0000] {processor.py:183} INFO - Processing /opt/airflow/dags/minio_to_snowflake.py took 1.716 seconds
[2026-04-04T08:26:46.353+0000] {processor.py:161} INFO - Started process (PID=6137) to work on /opt/airflow/dags/minio_to_snowflake.py
[2026-04-04T08:26:46.355+0000] {processor.py:830} INFO - Processing file /opt/airflow/dags/minio_to_snowflake.py for tasks to queue
[2026-04-04T08:26:46.356+0000] {logging_mixin.py:188} INFO - [2026-04-04T08:26:46.356+0000] {dagbag.py:545} INFO - Filling up the DagBag from /opt/airflow/dags/minio_to_snowflake.py
[2026-04-04T08:26:47.429+0000] {processor.py:840} INFO - DAG(s) 'minio_to_snowflake_pipeline' retrieved from /opt/airflow/dags/minio_to_snowflake.py
[2026-04-04T08:26:47.462+0000] {logging_mixin.py:188} INFO - [2026-04-04T08:26:47.462+0000] {dag.py:3089} INFO - Sync 1 DAGs
[2026-04-04T08:26:47.489+0000] {logging_mixin.py:188} INFO - [2026-04-04T08:26:47.488+0000] {dag.py:3947} INFO - Setting next_dagrun for minio_to_snowflake_pipeline to 2026-04-04 08:20:00+00:00, run_after=2026-04-04 08:30:00+00:00
[2026-04-04T08:26:47.517+0000] {processor.py:183} INFO - Processing /opt/airflow/dags/minio_to_snowflake.py took 1.176 seconds
[2026-04-04T08:27:17.864+0000] {processor.py:161} INFO - Started process (PID=6144) to work on /opt/airflow/dags/minio_to_snowflake.py
[2026-04-04T08:27:17.865+0000] {processor.py:830} INFO - Processing file /opt/airflow/dags/minio_to_snowflake.py for tasks to queue
[2026-04-04T08:27:17.867+0000] {logging_mixin.py:188} INFO - [2026-04-04T08:27:17.866+0000] {dagbag.py:545} INFO - Filling up the DagBag from /opt/airflow/dags/minio_to_snowflake.py
[2026-04-04T08:27:18.867+0000] {processor.py:840} INFO - DAG(s) 'minio_to_snowflake_pipeline' retrieved from /opt/airflow/dags/minio_to_snowflake.py
[2026-04-04T08:27:19.091+0000] {logging_mixin.py:188} INFO - [2026-04-04T08:27:19.090+0000] {dag.py:3089} INFO - Sync 1 DAGs
[2026-04-04T08:27:19.118+0000] {logging_mixin.py:188} INFO - [2026-04-04T08:27:19.118+0000] {dag.py:3947} INFO - Setting next_dagrun for minio_to_snowflake_pipeline to 2026-04-04 08:20:00+00:00, run_after=2026-04-04 08:30:00+00:00
[2026-04-04T08:27:19.146+0000] {processor.py:183} INFO - Processing /opt/airflow/dags/minio_to_snowflake.py took 1.292 seconds
[2026-04-04T08:27:49.510+0000] {processor.py:161} INFO - Started process (PID=6151) to work on /opt/airflow/dags/minio_to_snowflake.py
[2026-04-04T08:27:49.514+0000] {processor.py:830} INFO - Processing file /opt/airflow/dags/minio_to_snowflake.py for tasks to queue
[2026-04-04T08:27:49.516+0000] {logging_mixin.py:188} INFO - [2026-04-04T08:27:49.515+0000] {dagbag.py:545} INFO - Filling up the DagBag from /opt/airflow/dags/minio_to_snowflake.py
[2026-04-04T08:27:51.073+0000] {processor.py:840} INFO - DAG(s) 'minio_to_snowflake_pipeline' retrieved from /opt/airflow/dags/minio_to_snowflake.py
[2026-04-04T08:27:51.154+0000] {logging_mixin.py:188} INFO - [2026-04-04T08:27:51.153+0000] {dag.py:3089} INFO - Sync 1 DAGs
[2026-04-04T08:27:51.182+0000] {logging_mixin.py:188} INFO - [2026-04-04T08:27:51.182+0000] {dag.py:3947} INFO - Setting next_dagrun for minio_to_snowflake_pipeline to 2026-04-04 08:20:00+00:00, run_after=2026-04-04 08:30:00+00:00
[2026-04-04T08:27:51.206+0000] {processor.py:183} INFO - Processing /opt/airflow/dags/minio_to_snowflake.py took 1.705 seconds
[2026-04-04T08:28:21.470+0000] {processor.py:161} INFO - Started process (PID=6158) to work on /opt/airflow/dags/minio_to_snowflake.py
[2026-04-04T08:28:21.472+0000] {processor.py:830} INFO - Processing file /opt/airflow/dags/minio_to_snowflake.py for tasks to queue
[2026-04-04T08:28:21.473+0000] {logging_mixin.py:188} INFO - [2026-04-04T08:28:21.473+0000] {dagbag.py:545} INFO - Filling up the DagBag from /opt/airflow/dags/minio_to_snowflake.py
[2026-04-04T08:28:23.095+0000] {processor.py:840} INFO - DAG(s) 'minio_to_snowflake_pipeline' retrieved from /opt/airflow/dags/minio_to_snowflake.py
[2026-04-04T08:28:23.127+0000] {logging_mixin.py:188} INFO - [2026-04-04T08:28:23.126+0000] {dag.py:3089} INFO - Sync 1 DAGs
[2026-04-04T08:28:23.160+0000] {logging_mixin.py:188} INFO - [2026-04-04T08:28:23.159+0000] {dag.py:3947} INFO - Setting next_dagrun for minio_to_snowflake_pipeline to 2026-04-04 08:20:00+00:00, run_after=2026-04-04 08:30:00+00:00
[2026-04-04T08:28:23.185+0000] {processor.py:183} INFO - Processing /opt/airflow/dags/minio_to_snowflake.py took 1.723 seconds
[2026-04-04T08:28:53.551+0000] {processor.py:161} INFO - Started process (PID=6165) to work on /opt/airflow/dags/minio_to_snowflake.py
[2026-04-04T08:28:53.554+0000] {processor.py:830} INFO - Processing file /opt/airflow/dags/minio_to_snowflake.py for tasks to queue
[2026-04-04T08:28:53.557+0000] {logging_mixin.py:188} INFO - [2026-04-04T08:28:53.556+0000] {dagbag.py:545} INFO - Filling up the DagBag from /opt/airflow/dags/minio_to_snowflake.py
[2026-04-04T08:28:56.460+0000] {processor.py:840} INFO - DAG(s) 'minio_to_snowflake_pipeline' retrieved from /opt/airflow/dags/minio_to_snowflake.py
[2026-04-04T08:28:56.503+0000] {logging_mixin.py:188} INFO - [2026-04-04T08:28:56.502+0000] {dag.py:3089} INFO - Sync 1 DAGs
[2026-04-04T08:28:56.574+0000] {logging_mixin.py:188} INFO - [2026-04-04T08:28:56.574+0000] {dag.py:3947} INFO - Setting next_dagrun for minio_to_snowflake_pipeline to 2026-04-04 08:20:00+00:00, run_after=2026-04-04 08:30:00+00:00
[2026-04-04T08:28:56.633+0000] {processor.py:183} INFO - Processing /opt/airflow/dags/minio_to_snowflake.py took 3.095 seconds
[2026-04-04T08:29:26.932+0000] {processor.py:161} INFO - Started process (PID=6172) to work on /opt/airflow/dags/minio_to_snowflake.py
[2026-04-04T08:29:26.934+0000] {processor.py:830} INFO - Processing file /opt/airflow/dags/minio_to_snowflake.py for tasks to queue
[2026-04-04T08:29:26.936+0000] {logging_mixin.py:188} INFO - [2026-04-04T08:29:26.936+0000] {dagbag.py:545} INFO - Filling up the DagBag from /opt/airflow/dags/minio_to_snowflake.py
[2026-04-04T08:29:27.878+0000] {processor.py:840} INFO - DAG(s) 'minio_to_snowflake_pipeline' retrieved from /opt/airflow/dags/minio_to_snowflake.py
[2026-04-04T08:29:28.079+0000] {logging_mixin.py:188} INFO - [2026-04-04T08:29:28.078+0000] {dag.py:3089} INFO - Sync 1 DAGs
[2026-04-04T08:29:28.105+0000] {logging_mixin.py:188} INFO - [2026-04-04T08:29:28.105+0000] {dag.py:3947} INFO - Setting next_dagrun for minio_to_snowflake_pipeline to 2026-04-04 08:20:00+00:00, run_after=2026-04-04 08:30:00+00:00
[2026-04-04T08:29:28.130+0000] {processor.py:183} INFO - Processing /opt/airflow/dags/minio_to_snowflake.py took 1.206 seconds
[2026-04-04T08:29:58.357+0000] {processor.py:161} INFO - Started process (PID=6179) to work on /opt/airflow/dags/minio_to_snowflake.py
[2026-04-04T08:29:58.359+0000] {processor.py:830} INFO - Processing file /opt/airflow/dags/minio_to_snowflake.py for tasks to queue
[2026-04-04T08:29:58.361+0000] {logging_mixin.py:188} INFO - [2026-04-04T08:29:58.360+0000] {dagbag.py:545} INFO - Filling up the DagBag from /opt/airflow/dags/minio_to_snowflake.py
[2026-04-04T08:29:59.541+0000] {processor.py:840} INFO - DAG(s) 'minio_to_snowflake_pipeline' retrieved from /opt/airflow/dags/minio_to_snowflake.py
[2026-04-04T08:29:59.573+0000] {logging_mixin.py:188} INFO - [2026-04-04T08:29:59.573+0000] {dag.py:3089} INFO - Sync 1 DAGs
[2026-04-04T08:29:59.601+0000] {logging_mixin.py:188} INFO - [2026-04-04T08:29:59.600+0000] {dag.py:3947} INFO - Setting next_dagrun for minio_to_snowflake_pipeline to 2026-04-04 08:20:00+00:00, run_after=2026-04-04 08:30:00+00:00
[2026-04-04T08:29:59.624+0000] {processor.py:183} INFO - Processing /opt/airflow/dags/minio_to_snowflake.py took 1.275 seconds
[2026-04-04T08:30:30.047+0000] {processor.py:161} INFO - Started process (PID=6190) to work on /opt/airflow/dags/minio_to_snowflake.py
[2026-04-04T08:30:30.085+0000] {processor.py:830} INFO - Processing file /opt/airflow/dags/minio_to_snowflake.py for tasks to queue
[2026-04-04T08:30:30.087+0000] {logging_mixin.py:188} INFO - [2026-04-04T08:30:30.086+0000] {dagbag.py:545} INFO - Filling up the DagBag from /opt/airflow/dags/minio_to_snowflake.py
[2026-04-04T08:30:31.773+0000] {processor.py:840} INFO - DAG(s) 'minio_to_snowflake_pipeline' retrieved from /opt/airflow/dags/minio_to_snowflake.py
[2026-04-04T08:30:31.821+0000] {logging_mixin.py:188} INFO - [2026-04-04T08:30:31.821+0000] {dag.py:3089} INFO - Sync 1 DAGs
[2026-04-04T08:30:31.861+0000] {logging_mixin.py:188} INFO - [2026-04-04T08:30:31.861+0000] {dag.py:3947} INFO - Setting next_dagrun for minio_to_snowflake_pipeline to 2026-04-04 08:30:00+00:00, run_after=2026-04-04 08:40:00+00:00
[2026-04-04T08:30:31.952+0000] {processor.py:183} INFO - Processing /opt/airflow/dags/minio_to_snowflake.py took 1.919 seconds
[2026-04-04T08:31:02.886+0000] {processor.py:161} INFO - Started process (PID=6197) to work on /opt/airflow/dags/minio_to_snowflake.py
[2026-04-04T08:31:02.884+0000] {processor.py:830} INFO - Processing file /opt/airflow/dags/minio_to_snowflake.py for tasks to queue
[2026-04-04T08:31:02.890+0000] {logging_mixin.py:188} INFO - [2026-04-04T08:31:02.889+0000] {dagbag.py:545} INFO - Filling up the DagBag from /opt/airflow/dags/minio_to_snowflake.py
[2026-04-04T08:31:09.174+0000] {processor.py:840} INFO - DAG(s) 'minio_to_snowflake_pipeline' retrieved from /opt/airflow/dags/minio_to_snowflake.py
[2026-04-04T08:31:09.301+0000] {logging_mixin.py:188} INFO - [2026-04-04T08:31:09.300+0000] {dag.py:3089} INFO - Sync 1 DAGs
[2026-04-04T08:31:09.412+0000] {logging_mixin.py:188} INFO - [2026-04-04T08:31:09.402+0000] {dag.py:3947} INFO - Setting next_dagrun for minio_to_snowflake_pipeline to 2026-04-04 08:30:00+00:00, run_after=2026-04-04 08:40:00+00:00
[2026-04-04T08:31:10.093+0000] {processor.py:183} INFO - Processing /opt/airflow/dags/minio_to_snowflake.py took 7.250 seconds
[2026-04-04T08:31:41.285+0000] {processor.py:161} INFO - Started process (PID=6204) to work on /opt/airflow/dags/minio_to_snowflake.py
[2026-04-04T08:31:41.329+0000] {processor.py:830} INFO - Processing file /opt/airflow/dags/minio_to_snowflake.py for tasks to queue
[2026-04-04T08:31:41.346+0000] {logging_mixin.py:188} INFO - [2026-04-04T08:31:41.345+0000] {dagbag.py:545} INFO - Filling up the DagBag from /opt/airflow/dags/minio_to_snowflake.py
[2026-04-04T08:31:46.213+0000] {processor.py:840} INFO - DAG(s) 'minio_to_snowflake_pipeline' retrieved from /opt/airflow/dags/minio_to_snowflake.py
[2026-04-04T08:31:47.507+0000] {logging_mixin.py:188} INFO - [2026-04-04T08:31:47.506+0000] {dag.py:3089} INFO - Sync 1 DAGs
[2026-04-04T08:31:47.641+0000] {logging_mixin.py:188} INFO - [2026-04-04T08:31:47.640+0000] {dag.py:3947} INFO - Setting next_dagrun for minio_to_snowflake_pipeline to 2026-04-04 08:30:00+00:00, run_after=2026-04-04 08:40:00+00:00
[2026-04-04T08:31:47.978+0000] {processor.py:183} INFO - Processing /opt/airflow/dags/minio_to_snowflake.py took 6.730 seconds
[2026-04-04T08:32:19.464+0000] {processor.py:161} INFO - Started process (PID=6211) to work on /opt/airflow/dags/minio_to_snowflake.py
[2026-04-04T08:32:19.467+0000] {processor.py:830} INFO - Processing file /opt/airflow/dags/minio_to_snowflake.py for tasks to queue
[2026-04-04T08:32:19.471+0000] {logging_mixin.py:188} INFO - [2026-04-04T08:32:19.469+0000] {dagbag.py:545} INFO - Filling up the DagBag from /opt/airflow/dags/minio_to_snowflake.py
[2026-04-04T08:32:22.646+0000] {processor.py:840} INFO - DAG(s) 'minio_to_snowflake_pipeline' retrieved from /opt/airflow/dags/minio_to_snowflake.py
[2026-04-04T08:32:22.742+0000] {logging_mixin.py:188} INFO - [2026-04-04T08:32:22.741+0000] {dag.py:3089} INFO - Sync 1 DAGs
[2026-04-04T08:32:22.885+0000] {logging_mixin.py:188} INFO - [2026-04-04T08:32:22.884+0000] {dag.py:3947} INFO - Setting next_dagrun for minio_to_snowflake_pipeline to 2026-04-04 08:30:00+00:00, run_after=2026-04-04 08:40:00+00:00
[2026-04-04T08:32:22.969+0000] {processor.py:183} INFO - Processing /opt/airflow/dags/minio_to_snowflake.py took 3.529 seconds
[2026-04-04T08:32:54.888+0000] {processor.py:161} INFO - Started process (PID=6218) to work on /opt/airflow/dags/minio_to_snowflake.py
[2026-04-04T08:32:55.011+0000] {processor.py:830} INFO - Processing file /opt/airflow/dags/minio_to_snowflake.py for tasks to queue
[2026-04-04T08:32:55.061+0000] {logging_mixin.py:188} INFO - [2026-04-04T08:32:55.047+0000] {dagbag.py:545} INFO - Filling up the DagBag from /opt/airflow/dags/minio_to_snowflake.py
[2026-04-04T08:33:19.420+0000] {processor.py:840} INFO - DAG(s) 'minio_to_snowflake_pipeline' retrieved from /opt/airflow/dags/minio_to_snowflake.py
[2026-04-04T08:33:19.753+0000] {logging_mixin.py:188} INFO - [2026-04-04T08:33:19.746+0000] {dag.py:3089} INFO - Sync 1 DAGs
[2026-04-04T08:33:19.953+0000] {logging_mixin.py:188} INFO - [2026-04-04T08:33:19.952+0000] {dag.py:3947} INFO - Setting next_dagrun for minio_to_snowflake_pipeline to 2026-04-04 08:30:00+00:00, run_after=2026-04-04 08:40:00+00:00
[2026-04-04T08:33:20.156+0000] {processor.py:183} INFO - Processing /opt/airflow/dags/minio_to_snowflake.py took 25.407 seconds
[2026-04-04T08:33:53.500+0000] {processor.py:161} INFO - Started process (PID=6225) to work on /opt/airflow/dags/minio_to_snowflake.py
[2026-04-04T08:33:53.634+0000] {processor.py:830} INFO - Processing file /opt/airflow/dags/minio_to_snowflake.py for tasks to queue
[2026-04-04T08:33:53.757+0000] {logging_mixin.py:188} INFO - [2026-04-04T08:33:53.713+0000] {dagbag.py:545} INFO - Filling up the DagBag from /opt/airflow/dags/minio_to_snowflake.py
[2026-04-04T08:34:24.385+0000] {logging_mixin.py:188} INFO - [2026-04-04T08:34:24.370+0000] {timeout.py:68} ERROR - Process timed out, PID: 6225
[2026-04-04T08:34:56.453+0000] {processor.py:161} INFO - Started process (PID=6232) to work on /opt/airflow/dags/minio_to_snowflake.py
[2026-04-04T08:34:56.460+0000] {processor.py:830} INFO - Processing file /opt/airflow/dags/minio_to_snowflake.py for tasks to queue
[2026-04-04T08:34:56.471+0000] {logging_mixin.py:188} INFO - [2026-04-04T08:34:56.465+0000] {dagbag.py:545} INFO - Filling up the DagBag from /opt/airflow/dags/minio_to_snowflake.py
[2026-04-04T08:35:10.204+0000] {processor.py:840} INFO - DAG(s) 'minio_to_snowflake_pipeline' retrieved from /opt/airflow/dags/minio_to_snowflake.py
[2026-04-04T08:35:11.430+0000] {logging_mixin.py:188} INFO - [2026-04-04T08:35:11.390+0000] {dag.py:3089} INFO - Sync 1 DAGs
[2026-04-04T08:35:11.600+0000] {logging_mixin.py:188} INFO - [2026-04-04T08:35:11.599+0000] {dag.py:3947} INFO - Setting next_dagrun for minio_to_snowflake_pipeline to 2026-04-04 08:30:00+00:00, run_after=2026-04-04 08:40:00+00:00
[2026-04-04T08:35:11.683+0000] {processor.py:183} INFO - Processing /opt/airflow/dags/minio_to_snowflake.py took 15.419 seconds
[2026-04-04T08:35:45.342+0000] {processor.py:161} INFO - Started process (PID=6239) to work on /opt/airflow/dags/minio_to_snowflake.py
[2026-04-04T08:35:45.378+0000] {processor.py:830} INFO - Processing file /opt/airflow/dags/minio_to_snowflake.py for tasks to queue
[2026-04-04T08:35:45.446+0000] {logging_mixin.py:188} INFO - [2026-04-04T08:35:45.432+0000] {dagbag.py:545} INFO - Filling up the DagBag from /opt/airflow/dags/minio_to_snowflake.py
[2026-04-04T08:36:06.740+0000] {processor.py:840} INFO - DAG(s) 'minio_to_snowflake_pipeline' retrieved from /opt/airflow/dags/minio_to_snowflake.py
[2026-04-04T08:36:06.907+0000] {logging_mixin.py:188} INFO - [2026-04-04T08:36:06.905+0000] {dag.py:3089} INFO - Sync 1 DAGs
[2026-04-04T08:36:07.002+0000] {logging_mixin.py:188} INFO - [2026-04-04T08:36:07.002+0000] {dag.py:3947} INFO - Setting next_dagrun for minio_to_snowflake_pipeline to 2026-04-04 08:30:00+00:00, run_after=2026-04-04 08:40:00+00:00
[2026-04-04T08:36:07.073+0000] {processor.py:183} INFO - Processing /opt/airflow/dags/minio_to_snowflake.py took 22.177 seconds
[2026-04-04T08:36:38.299+0000] {processor.py:161} INFO - Started process (PID=6246) to work on /opt/airflow/dags/minio_to_snowflake.py
[2026-04-04T08:36:38.305+0000] {processor.py:830} INFO - Processing file /opt/airflow/dags/minio_to_snowflake.py for tasks to queue
[2026-04-04T08:36:38.325+0000] {logging_mixin.py:188} INFO - [2026-04-04T08:36:38.316+0000] {dagbag.py:545} INFO - Filling up the DagBag from /opt/airflow/dags/minio_to_snowflake.py
[2026-04-04T08:36:49.127+0000] {processor.py:840} INFO - DAG(s) 'minio_to_snowflake_pipeline' retrieved from /opt/airflow/dags/minio_to_snowflake.py
[2026-04-04T08:36:49.254+0000] {logging_mixin.py:188} INFO - [2026-04-04T08:36:49.253+0000] {dag.py:3089} INFO - Sync 1 DAGs
[2026-04-04T08:36:49.333+0000] {logging_mixin.py:188} INFO - [2026-04-04T08:36:49.332+0000] {dag.py:3947} INFO - Setting next_dagrun for minio_to_snowflake_pipeline to 2026-04-04 08:30:00+00:00, run_after=2026-04-04 08:40:00+00:00
[2026-04-04T08:36:49.397+0000] {processor.py:183} INFO - Processing /opt/airflow/dags/minio_to_snowflake.py took 11.225 seconds
[2026-04-04T08:37:23.846+0000] {processor.py:161} INFO - Started process (PID=6253) to work on /opt/airflow/dags/minio_to_snowflake.py
[2026-04-04T08:37:23.858+0000] {processor.py:830} INFO - Processing file /opt/airflow/dags/minio_to_snowflake.py for tasks to queue
[2026-04-04T08:37:23.869+0000] {logging_mixin.py:188} INFO - [2026-04-04T08:37:23.867+0000] {dagbag.py:545} INFO - Filling up the DagBag from /opt/airflow/dags/minio_to_snowflake.py
[2026-04-04T08:37:27.257+0000] {processor.py:840} INFO - DAG(s) 'minio_to_snowflake_pipeline' retrieved from /opt/airflow/dags/minio_to_snowflake.py
[2026-04-04T08:37:27.730+0000] {logging_mixin.py:188} INFO - [2026-04-04T08:37:27.729+0000] {dag.py:3089} INFO - Sync 1 DAGs
[2026-04-04T08:37:27.845+0000] {logging_mixin.py:188} INFO - [2026-04-04T08:37:27.844+0000] {dag.py:3947} INFO - Setting next_dagrun for minio_to_snowflake_pipeline to 2026-04-04 08:30:00+00:00, run_after=2026-04-04 08:40:00+00:00
[2026-04-04T08:37:27.907+0000] {processor.py:183} INFO - Processing /opt/airflow/dags/minio_to_snowflake.py took 4.109 seconds
[2026-04-04T08:37:58.143+0000] {processor.py:161} INFO - Started process (PID=6260) to work on /opt/airflow/dags/minio_to_snowflake.py
[2026-04-04T08:37:58.145+0000] {processor.py:830} INFO - Processing file /opt/airflow/dags/minio_to_snowflake.py for tasks to queue
[2026-04-04T08:37:58.148+0000] {logging_mixin.py:188} INFO - [2026-04-04T08:37:58.147+0000] {dagbag.py:545} INFO - Filling up the DagBag from /opt/airflow/dags/minio_to_snowflake.py
[2026-04-04T08:37:59.940+0000] {processor.py:840} INFO - DAG(s) 'minio_to_snowflake_pipeline' retrieved from /opt/airflow/dags/minio_to_snowflake.py
[2026-04-04T08:37:59.992+0000] {logging_mixin.py:188} INFO - [2026-04-04T08:37:59.991+0000] {dag.py:3089} INFO - Sync 1 DAGs
[2026-04-04T08:38:00.044+0000] {logging_mixin.py:188} INFO - [2026-04-04T08:38:00.043+0000] {dag.py:3947} INFO - Setting next_dagrun for minio_to_snowflake_pipeline to 2026-04-04 08:30:00+00:00, run_after=2026-04-04 08:40:00+00:00
[2026-04-04T08:38:00.077+0000] {processor.py:183} INFO - Processing /opt/airflow/dags/minio_to_snowflake.py took 1.959 seconds
[2026-04-04T08:38:30.601+0000] {processor.py:161} INFO - Started process (PID=6267) to work on /opt/airflow/dags/minio_to_snowflake.py
[2026-04-04T08:38:30.606+0000] {processor.py:830} INFO - Processing file /opt/airflow/dags/minio_to_snowflake.py for tasks to queue
[2026-04-04T08:38:30.613+0000] {logging_mixin.py:188} INFO - [2026-04-04T08:38:30.611+0000] {dagbag.py:545} INFO - Filling up the DagBag from /opt/airflow/dags/minio_to_snowflake.py
[2026-04-04T08:38:54.449+0000] {processor.py:840} INFO - DAG(s) 'minio_to_snowflake_pipeline' retrieved from /opt/airflow/dags/minio_to_snowflake.py
[2026-04-04T08:38:54.526+0000] {logging_mixin.py:188} INFO - [2026-04-04T08:38:54.525+0000] {dag.py:3089} INFO - Sync 1 DAGs
[2026-04-04T08:38:54.589+0000] {logging_mixin.py:188} INFO - [2026-04-04T08:38:54.589+0000] {dag.py:3947} INFO - Setting next_dagrun for minio_to_snowflake_pipeline to 2026-04-04 08:30:00+00:00, run_after=2026-04-04 08:40:00+00:00
[2026-04-04T08:38:54.626+0000] {processor.py:183} INFO - Processing /opt/airflow/dags/minio_to_snowflake.py took 24.112 seconds
[2026-04-04T08:39:25.435+0000] {processor.py:161} INFO - Started process (PID=6274) to work on /opt/airflow/dags/minio_to_snowflake.py
[2026-04-04T08:39:25.439+0000] {processor.py:830} INFO - Processing file /opt/airflow/dags/minio_to_snowflake.py for tasks to queue
[2026-04-04T08:39:25.445+0000] {logging_mixin.py:188} INFO - [2026-04-04T08:39:25.443+0000] {dagbag.py:545} INFO - Filling up the DagBag from /opt/airflow/dags/minio_to_snowflake.py
[2026-04-04T08:39:27.951+0000] {processor.py:840} INFO - DAG(s) 'minio_to_snowflake_pipeline' retrieved from /opt/airflow/dags/minio_to_snowflake.py
[2026-04-04T08:39:29.049+0000] {logging_mixin.py:188} INFO - [2026-04-04T08:39:28.060+0000] {dag.py:3089} INFO - Sync 1 DAGs
[2026-04-04T08:39:29.187+0000] {logging_mixin.py:188} INFO - [2026-04-04T08:39:29.176+0000] {dag.py:3947} INFO - Setting next_dagrun for minio_to_snowflake_pipeline to 2026-04-04 08:30:00+00:00, run_after=2026-04-04 08:40:00+00:00
[2026-04-04T08:39:29.320+0000] {processor.py:183} INFO - Processing /opt/airflow/dags/minio_to_snowflake.py took 3.914 seconds
[2026-04-04T08:39:59.828+0000] {processor.py:161} INFO - Started process (PID=6281) to work on /opt/airflow/dags/minio_to_snowflake.py
[2026-04-04T08:39:59.829+0000] {processor.py:830} INFO - Processing file /opt/airflow/dags/minio_to_snowflake.py for tasks to queue
[2026-04-04T08:39:59.830+0000] {logging_mixin.py:188} INFO - [2026-04-04T08:39:59.830+0000] {dagbag.py:545} INFO - Filling up the DagBag from /opt/airflow/dags/minio_to_snowflake.py
[2026-04-04T08:40:00.931+0000] {processor.py:840} INFO - DAG(s) 'minio_to_snowflake_pipeline' retrieved from /opt/airflow/dags/minio_to_snowflake.py
[2026-04-04T08:40:00.963+0000] {logging_mixin.py:188} INFO - [2026-04-04T08:40:00.963+0000] {dag.py:3089} INFO - Sync 1 DAGs
[2026-04-04T08:40:01.010+0000] {processor.py:183} INFO - Processing /opt/airflow/dags/minio_to_snowflake.py took 1.190 seconds
[2026-04-04T08:40:31.186+0000] {processor.py:161} INFO - Started process (PID=6292) to work on /opt/airflow/dags/minio_to_snowflake.py
[2026-04-04T08:40:31.187+0000] {processor.py:830} INFO - Processing file /opt/airflow/dags/minio_to_snowflake.py for tasks to queue
[2026-04-04T08:40:31.189+0000] {logging_mixin.py:188} INFO - [2026-04-04T08:40:31.188+0000] {dagbag.py:545} INFO - Filling up the DagBag from /opt/airflow/dags/minio_to_snowflake.py
[2026-04-04T08:40:32.642+0000] {processor.py:840} INFO - DAG(s) 'minio_to_snowflake_pipeline' retrieved from /opt/airflow/dags/minio_to_snowflake.py
[2026-04-04T08:40:32.672+0000] {logging_mixin.py:188} INFO - [2026-04-04T08:40:32.672+0000] {dag.py:3089} INFO - Sync 1 DAGs
[2026-04-04T08:40:32.698+0000] {logging_mixin.py:188} INFO - [2026-04-04T08:40:32.698+0000] {dag.py:3947} INFO - Setting next_dagrun for minio_to_snowflake_pipeline to 2026-04-04 08:40:00+00:00, run_after=2026-04-04 08:50:00+00:00
[2026-04-04T08:40:32.726+0000] {processor.py:183} INFO - Processing /opt/airflow/dags/minio_to_snowflake.py took 1.554 seconds
[2026-04-04T08:41:03.029+0000] {processor.py:161} INFO - Started process (PID=6299) to work on /opt/airflow/dags/minio_to_snowflake.py
[2026-04-04T08:41:03.031+0000] {processor.py:830} INFO - Processing file /opt/airflow/dags/minio_to_snowflake.py for tasks to queue
[2026-04-04T08:41:03.032+0000] {logging_mixin.py:188} INFO - [2026-04-04T08:41:03.032+0000] {dagbag.py:545} INFO - Filling up the DagBag from /opt/airflow/dags/minio_to_snowflake.py
[2026-04-04T08:41:04.087+0000] {processor.py:840} INFO - DAG(s) 'minio_to_snowflake_pipeline' retrieved from /opt/airflow/dags/minio_to_snowflake.py
[2026-04-04T08:41:04.116+0000] {logging_mixin.py:188} INFO - [2026-04-04T08:41:04.115+0000] {dag.py:3089} INFO - Sync 1 DAGs
[2026-04-04T08:41:04.141+0000] {logging_mixin.py:188} INFO - [2026-04-04T08:41:04.141+0000] {dag.py:3947} INFO - Setting next_dagrun for minio_to_snowflake_pipeline to 2026-04-04 08:40:00+00:00, run_after=2026-04-04 08:50:00+00:00
[2026-04-04T08:41:04.168+0000] {processor.py:183} INFO - Processing /opt/airflow/dags/minio_to_snowflake.py took 1.151 seconds
[2026-04-04T08:41:34.450+0000] {processor.py:161} INFO - Started process (PID=6306) to work on /opt/airflow/dags/minio_to_snowflake.py
[2026-04-04T08:41:34.453+0000] {processor.py:830} INFO - Processing file /opt/airflow/dags/minio_to_snowflake.py for tasks to queue
[2026-04-04T08:41:34.458+0000] {logging_mixin.py:188} INFO - [2026-04-04T08:41:34.458+0000] {dagbag.py:545} INFO - Filling up the DagBag from /opt/airflow/dags/minio_to_snowflake.py
[2026-04-04T08:41:35.630+0000] {processor.py:840} INFO - DAG(s) 'minio_to_snowflake_pipeline' retrieved from /opt/airflow/dags/minio_to_snowflake.py
[2026-04-04T08:41:35.664+0000] {logging_mixin.py:188} INFO - [2026-04-04T08:41:35.661+0000] {dag.py:3089} INFO - Sync 1 DAGs
[2026-04-04T08:41:35.689+0000] {logging_mixin.py:188} INFO - [2026-04-04T08:41:35.689+0000] {dag.py:3947} INFO - Setting next_dagrun for minio_to_snowflake_pipeline to 2026-04-04 08:40:00+00:00, run_after=2026-04-04 08:50:00+00:00
[2026-04-04T08:41:35.714+0000] {processor.py:183} INFO - Processing /opt/airflow/dags/minio_to_snowflake.py took 1.277 seconds
[2026-04-04T08:42:05.975+0000] {processor.py:161} INFO - Started process (PID=6313) to work on /opt/airflow/dags/minio_to_snowflake.py
[2026-04-04T08:42:05.978+0000] {processor.py:830} INFO - Processing file /opt/airflow/dags/minio_to_snowflake.py for tasks to queue
[2026-04-04T08:42:05.981+0000] {logging_mixin.py:188} INFO - [2026-04-04T08:42:05.980+0000] {dagbag.py:545} INFO - Filling up the DagBag from /opt/airflow/dags/minio_to_snowflake.py
[2026-04-04T08:42:07.175+0000] {processor.py:840} INFO - DAG(s) 'minio_to_snowflake_pipeline' retrieved from /opt/airflow/dags/minio_to_snowflake.py
[2026-04-04T08:42:07.206+0000] {logging_mixin.py:188} INFO - [2026-04-04T08:42:07.205+0000] {dag.py:3089} INFO - Sync 1 DAGs
[2026-04-04T08:42:07.228+0000] {logging_mixin.py:188} INFO - [2026-04-04T08:42:07.228+0000] {dag.py:3947} INFO - Setting next_dagrun for minio_to_snowflake_pipeline to 2026-04-04 08:40:00+00:00, run_after=2026-04-04 08:50:00+00:00
[2026-04-04T08:42:07.253+0000] {processor.py:183} INFO - Processing /opt/airflow/dags/minio_to_snowflake.py took 1.302 seconds
[2026-04-04T08:42:37.511+0000] {processor.py:161} INFO - Started process (PID=6320) to work on /opt/airflow/dags/minio_to_snowflake.py
[2026-04-04T08:42:37.512+0000] {processor.py:830} INFO - Processing file /opt/airflow/dags/minio_to_snowflake.py for tasks to queue
[2026-04-04T08:42:37.513+0000] {logging_mixin.py:188} INFO - [2026-04-04T08:42:37.513+0000] {dagbag.py:545} INFO - Filling up the DagBag from /opt/airflow/dags/minio_to_snowflake.py
[2026-04-04T08:42:38.676+0000] {processor.py:840} INFO - DAG(s) 'minio_to_snowflake_pipeline' retrieved from /opt/airflow/dags/minio_to_snowflake.py
[2026-04-04T08:42:38.704+0000] {logging_mixin.py:188} INFO - [2026-04-04T08:42:38.703+0000] {dag.py:3089} INFO - Sync 1 DAGs
[2026-04-04T08:42:38.727+0000] {logging_mixin.py:188} INFO - [2026-04-04T08:42:38.727+0000] {dag.py:3947} INFO - Setting next_dagrun for minio_to_snowflake_pipeline to 2026-04-04 08:40:00+00:00, run_after=2026-04-04 08:50:00+00:00
[2026-04-04T08:42:38.749+0000] {processor.py:183} INFO - Processing /opt/airflow/dags/minio_to_snowflake.py took 1.247 seconds
[2026-04-04T08:43:09.017+0000] {processor.py:161} INFO - Started process (PID=6327) to work on /opt/airflow/dags/minio_to_snowflake.py
[2026-04-04T08:43:09.018+0000] {processor.py:830} INFO - Processing file /opt/airflow/dags/minio_to_snowflake.py for tasks to queue
[2026-04-04T08:43:09.020+0000] {logging_mixin.py:188} INFO - [2026-04-04T08:43:09.019+0000] {dagbag.py:545} INFO - Filling up the DagBag from /opt/airflow/dags/minio_to_snowflake.py
[2026-04-04T08:43:10.135+0000] {processor.py:840} INFO - DAG(s) 'minio_to_snowflake_pipeline' retrieved from /opt/airflow/dags/minio_to_snowflake.py
[2026-04-04T08:43:10.165+0000] {logging_mixin.py:188} INFO - [2026-04-04T08:43:10.164+0000] {dag.py:3089} INFO - Sync 1 DAGs
[2026-04-04T08:43:10.189+0000] {logging_mixin.py:188} INFO - [2026-04-04T08:43:10.189+0000] {dag.py:3947} INFO - Setting next_dagrun for minio_to_snowflake_pipeline to 2026-04-04 08:40:00+00:00, run_after=2026-04-04 08:50:00+00:00
[2026-04-04T08:43:10.210+0000] {processor.py:183} INFO - Processing /opt/airflow/dags/minio_to_snowflake.py took 1.202 seconds
[2026-04-04T08:43:40.516+0000] {processor.py:161} INFO - Started process (PID=6334) to work on /opt/airflow/dags/minio_to_snowflake.py
[2026-04-04T08:43:40.517+0000] {processor.py:830} INFO - Processing file /opt/airflow/dags/minio_to_snowflake.py for tasks to queue
[2026-04-04T08:43:40.518+0000] {logging_mixin.py:188} INFO - [2026-04-04T08:43:40.518+0000] {dagbag.py:545} INFO - Filling up the DagBag from /opt/airflow/dags/minio_to_snowflake.py
[2026-04-04T08:43:41.859+0000] {processor.py:840} INFO - DAG(s) 'minio_to_snowflake_pipeline' retrieved from /opt/airflow/dags/minio_to_snowflake.py
[2026-04-04T08:43:41.892+0000] {logging_mixin.py:188} INFO - [2026-04-04T08:43:41.889+0000] {dag.py:3089} INFO - Sync 1 DAGs
[2026-04-04T08:43:41.918+0000] {logging_mixin.py:188} INFO - [2026-04-04T08:43:41.918+0000] {dag.py:3947} INFO - Setting next_dagrun for minio_to_snowflake_pipeline to 2026-04-04 08:40:00+00:00, run_after=2026-04-04 08:50:00+00:00
[2026-04-04T08:43:41.948+0000] {processor.py:183} INFO - Processing /opt/airflow/dags/minio_to_snowflake.py took 1.442 seconds
[2026-04-04T08:44:12.437+0000] {processor.py:161} INFO - Started process (PID=6341) to work on /opt/airflow/dags/minio_to_snowflake.py
[2026-04-04T08:44:12.439+0000] {processor.py:830} INFO - Processing file /opt/airflow/dags/minio_to_snowflake.py for tasks to queue
[2026-04-04T08:44:12.441+0000] {logging_mixin.py:188} INFO - [2026-04-04T08:44:12.440+0000] {dagbag.py:545} INFO - Filling up the DagBag from /opt/airflow/dags/minio_to_snowflake.py
[2026-04-04T08:44:13.755+0000] {processor.py:840} INFO - DAG(s) 'minio_to_snowflake_pipeline' retrieved from /opt/airflow/dags/minio_to_snowflake.py
[2026-04-04T08:44:13.916+0000] {logging_mixin.py:188} INFO - [2026-04-04T08:44:13.915+0000] {dag.py:3089} INFO - Sync 1 DAGs
[2026-04-04T08:44:14.102+0000] {logging_mixin.py:188} INFO - [2026-04-04T08:44:14.101+0000] {dag.py:3947} INFO - Setting next_dagrun for minio_to_snowflake_pipeline to 2026-04-04 08:40:00+00:00, run_after=2026-04-04 08:50:00+00:00
[2026-04-04T08:44:14.286+0000] {processor.py:183} INFO - Processing /opt/airflow/dags/minio_to_snowflake.py took 1.858 seconds
[2026-04-04T08:44:44.913+0000] {processor.py:161} INFO - Started process (PID=6348) to work on /opt/airflow/dags/minio_to_snowflake.py
[2026-04-04T08:44:44.920+0000] {processor.py:830} INFO - Processing file /opt/airflow/dags/minio_to_snowflake.py for tasks to queue
[2026-04-04T08:44:44.922+0000] {logging_mixin.py:188} INFO - [2026-04-04T08:44:44.921+0000] {dagbag.py:545} INFO - Filling up the DagBag from /opt/airflow/dags/minio_to_snowflake.py
[2026-04-04T08:44:48.204+0000] {processor.py:840} INFO - DAG(s) 'minio_to_snowflake_pipeline' retrieved from /opt/airflow/dags/minio_to_snowflake.py
[2026-04-04T08:44:48.275+0000] {logging_mixin.py:188} INFO - [2026-04-04T08:44:48.274+0000] {dag.py:3089} INFO - Sync 1 DAGs
[2026-04-04T08:44:48.338+0000] {logging_mixin.py:188} INFO - [2026-04-04T08:44:48.338+0000] {dag.py:3947} INFO - Setting next_dagrun for minio_to_snowflake_pipeline to 2026-04-04 08:40:00+00:00, run_after=2026-04-04 08:50:00+00:00
[2026-04-04T08:44:48.377+0000] {processor.py:183} INFO - Processing /opt/airflow/dags/minio_to_snowflake.py took 3.483 seconds
[2026-04-04T08:45:18.730+0000] {processor.py:161} INFO - Started process (PID=6355) to work on /opt/airflow/dags/minio_to_snowflake.py
[2026-04-04T08:45:18.734+0000] {processor.py:830} INFO - Processing file /opt/airflow/dags/minio_to_snowflake.py for tasks to queue
[2026-04-04T08:45:18.738+0000] {logging_mixin.py:188} INFO - [2026-04-04T08:45:18.736+0000] {dagbag.py:545} INFO - Filling up the DagBag from /opt/airflow/dags/minio_to_snowflake.py
[2026-04-04T08:45:20.522+0000] {processor.py:840} INFO - DAG(s) 'minio_to_snowflake_pipeline' retrieved from /opt/airflow/dags/minio_to_snowflake.py
[2026-04-04T08:45:20.565+0000] {logging_mixin.py:188} INFO - [2026-04-04T08:45:20.565+0000] {dag.py:3089} INFO - Sync 1 DAGs
[2026-04-04T08:45:20.591+0000] {logging_mixin.py:188} INFO - [2026-04-04T08:45:20.590+0000] {dag.py:3947} INFO - Setting next_dagrun for minio_to_snowflake_pipeline to 2026-04-04 08:40:00+00:00, run_after=2026-04-04 08:50:00+00:00
[2026-04-04T08:45:20.617+0000] {processor.py:183} INFO - Processing /opt/airflow/dags/minio_to_snowflake.py took 1.912 seconds
[2026-04-04T08:45:50.822+0000] {processor.py:161} INFO - Started process (PID=6362) to work on /opt/airflow/dags/minio_to_snowflake.py
[2026-04-04T08:45:50.824+0000] {processor.py:830} INFO - Processing file /opt/airflow/dags/minio_to_snowflake.py for tasks to queue
[2026-04-04T08:45:50.825+0000] {logging_mixin.py:188} INFO - [2026-04-04T08:45:50.825+0000] {dagbag.py:545} INFO - Filling up the DagBag from /opt/airflow/dags/minio_to_snowflake.py
[2026-04-04T08:45:52.714+0000] {processor.py:840} INFO - DAG(s) 'minio_to_snowflake_pipeline' retrieved from /opt/airflow/dags/minio_to_snowflake.py
[2026-04-04T08:45:52.839+0000] {logging_mixin.py:188} INFO - [2026-04-04T08:45:52.834+0000] {dag.py:3089} INFO - Sync 1 DAGs
[2026-04-04T08:45:52.967+0000] {logging_mixin.py:188} INFO - [2026-04-04T08:45:52.966+0000] {dag.py:3947} INFO - Setting next_dagrun for minio_to_snowflake_pipeline to 2026-04-04 08:40:00+00:00, run_after=2026-04-04 08:50:00+00:00
[2026-04-04T08:45:53.065+0000] {processor.py:183} INFO - Processing /opt/airflow/dags/minio_to_snowflake.py took 2.255 seconds
[2026-04-04T08:46:23.792+0000] {processor.py:161} INFO - Started process (PID=6369) to work on /opt/airflow/dags/minio_to_snowflake.py
[2026-04-04T08:46:23.794+0000] {processor.py:830} INFO - Processing file /opt/airflow/dags/minio_to_snowflake.py for tasks to queue
[2026-04-04T08:46:23.796+0000] {logging_mixin.py:188} INFO - [2026-04-04T08:46:23.795+0000] {dagbag.py:545} INFO - Filling up the DagBag from /opt/airflow/dags/minio_to_snowflake.py
[2026-04-04T08:46:25.332+0000] {processor.py:840} INFO - DAG(s) 'minio_to_snowflake_pipeline' retrieved from /opt/airflow/dags/minio_to_snowflake.py
[2026-04-04T08:46:25.375+0000] {logging_mixin.py:188} INFO - [2026-04-04T08:46:25.374+0000] {dag.py:3089} INFO - Sync 1 DAGs
[2026-04-04T08:46:25.415+0000] {logging_mixin.py:188} INFO - [2026-04-04T08:46:25.414+0000] {dag.py:3947} INFO - Setting next_dagrun for minio_to_snowflake_pipeline to 2026-04-04 08:40:00+00:00, run_after=2026-04-04 08:50:00+00:00
[2026-04-04T08:46:25.455+0000] {processor.py:183} INFO - Processing /opt/airflow/dags/minio_to_snowflake.py took 1.681 seconds
[2026-04-04T08:46:56.041+0000] {processor.py:161} INFO - Started process (PID=6376) to work on /opt/airflow/dags/minio_to_snowflake.py
[2026-04-04T08:46:56.043+0000] {processor.py:830} INFO - Processing file /opt/airflow/dags/minio_to_snowflake.py for tasks to queue
[2026-04-04T08:46:56.044+0000] {logging_mixin.py:188} INFO - [2026-04-04T08:46:56.043+0000] {dagbag.py:545} INFO - Filling up the DagBag from /opt/airflow/dags/minio_to_snowflake.py
[2026-04-04T08:46:57.535+0000] {processor.py:840} INFO - DAG(s) 'minio_to_snowflake_pipeline' retrieved from /opt/airflow/dags/minio_to_snowflake.py
[2026-04-04T08:46:57.611+0000] {logging_mixin.py:188} INFO - [2026-04-04T08:46:57.609+0000] {dag.py:3089} INFO - Sync 1 DAGs
[2026-04-04T08:46:57.677+0000] {logging_mixin.py:188} INFO - [2026-04-04T08:46:57.676+0000] {dag.py:3947} INFO - Setting next_dagrun for minio_to_snowflake_pipeline to 2026-04-04 08:40:00+00:00, run_after=2026-04-04 08:50:00+00:00
[2026-04-04T08:46:57.733+0000] {processor.py:183} INFO - Processing /opt/airflow/dags/minio_to_snowflake.py took 1.701 seconds
[2026-04-04T08:47:28.066+0000] {processor.py:161} INFO - Started process (PID=6383) to work on /opt/airflow/dags/minio_to_snowflake.py
[2026-04-04T08:47:28.067+0000] {processor.py:830} INFO - Processing file /opt/airflow/dags/minio_to_snowflake.py for tasks to queue
[2026-04-04T08:47:28.068+0000] {logging_mixin.py:188} INFO - [2026-04-04T08:47:28.068+0000] {dagbag.py:545} INFO - Filling up the DagBag from /opt/airflow/dags/minio_to_snowflake.py
[2026-04-04T08:47:29.360+0000] {processor.py:840} INFO - DAG(s) 'minio_to_snowflake_pipeline' retrieved from /opt/airflow/dags/minio_to_snowflake.py
[2026-04-04T08:47:29.433+0000] {logging_mixin.py:188} INFO - [2026-04-04T08:47:29.432+0000] {dag.py:3089} INFO - Sync 1 DAGs
[2026-04-04T08:47:29.463+0000] {logging_mixin.py:188} INFO - [2026-04-04T08:47:29.462+0000] {dag.py:3947} INFO - Setting next_dagrun for minio_to_snowflake_pipeline to 2026-04-04 08:40:00+00:00, run_after=2026-04-04 08:50:00+00:00
[2026-04-04T08:47:29.489+0000] {processor.py:183} INFO - Processing /opt/airflow/dags/minio_to_snowflake.py took 1.432 seconds
[2026-04-04T08:47:59.677+0000] {processor.py:161} INFO - Started process (PID=6390) to work on /opt/airflow/dags/minio_to_snowflake.py
[2026-04-04T08:47:59.681+0000] {processor.py:830} INFO - Processing file /opt/airflow/dags/minio_to_snowflake.py for tasks to queue
[2026-04-04T08:47:59.684+0000] {logging_mixin.py:188} INFO - [2026-04-04T08:47:59.684+0000] {dagbag.py:545} INFO - Filling up the DagBag from /opt/airflow/dags/minio_to_snowflake.py
[2026-04-04T08:48:02.048+0000] {processor.py:840} INFO - DAG(s) 'minio_to_snowflake_pipeline' retrieved from /opt/airflow/dags/minio_to_snowflake.py
[2026-04-04T08:48:02.154+0000] {logging_mixin.py:188} INFO - [2026-04-04T08:48:02.149+0000] {dag.py:3089} INFO - Sync 1 DAGs
[2026-04-04T08:48:02.203+0000] {logging_mixin.py:188} INFO - [2026-04-04T08:48:02.203+0000] {dag.py:3947} INFO - Setting next_dagrun for minio_to_snowflake_pipeline to 2026-04-04 08:40:00+00:00, run_after=2026-04-04 08:50:00+00:00
[2026-04-04T08:48:02.248+0000] {processor.py:183} INFO - Processing /opt/airflow/dags/minio_to_snowflake.py took 2.587 seconds
[2026-04-04T08:48:32.569+0000] {processor.py:161} INFO - Started process (PID=6397) to work on /opt/airflow/dags/minio_to_snowflake.py
[2026-04-04T08:48:32.577+0000] {processor.py:830} INFO - Processing file /opt/airflow/dags/minio_to_snowflake.py for tasks to queue
[2026-04-04T08:48:32.588+0000] {logging_mixin.py:188} INFO - [2026-04-04T08:48:32.587+0000] {dagbag.py:545} INFO - Filling up the DagBag from /opt/airflow/dags/minio_to_snowflake.py
[2026-04-04T08:48:33.797+0000] {processor.py:840} INFO - DAG(s) 'minio_to_snowflake_pipeline' retrieved from /opt/airflow/dags/minio_to_snowflake.py
[2026-04-04T08:48:33.833+0000] {logging_mixin.py:188} INFO - [2026-04-04T08:48:33.833+0000] {dag.py:3089} INFO - Sync 1 DAGs
[2026-04-04T08:48:33.858+0000] {logging_mixin.py:188} INFO - [2026-04-04T08:48:33.858+0000] {dag.py:3947} INFO - Setting next_dagrun for minio_to_snowflake_pipeline to 2026-04-04 08:40:00+00:00, run_after=2026-04-04 08:50:00+00:00
[2026-04-04T08:48:33.885+0000] {processor.py:183} INFO - Processing /opt/airflow/dags/minio_to_snowflake.py took 1.332 seconds
[2026-04-04T08:49:04.354+0000] {processor.py:161} INFO - Started process (PID=6404) to work on /opt/airflow/dags/minio_to_snowflake.py
[2026-04-04T08:49:04.355+0000] {processor.py:830} INFO - Processing file /opt/airflow/dags/minio_to_snowflake.py for tasks to queue
[2026-04-04T08:49:04.357+0000] {logging_mixin.py:188} INFO - [2026-04-04T08:49:04.356+0000] {dagbag.py:545} INFO - Filling up the DagBag from /opt/airflow/dags/minio_to_snowflake.py
[2026-04-04T08:49:05.655+0000] {processor.py:840} INFO - DAG(s) 'minio_to_snowflake_pipeline' retrieved from /opt/airflow/dags/minio_to_snowflake.py
[2026-04-04T08:49:05.689+0000] {logging_mixin.py:188} INFO - [2026-04-04T08:49:05.688+0000] {dag.py:3089} INFO - Sync 1 DAGs
[2026-04-04T08:49:05.714+0000] {logging_mixin.py:188} INFO - [2026-04-04T08:49:05.714+0000] {dag.py:3947} INFO - Setting next_dagrun for minio_to_snowflake_pipeline to 2026-04-04 08:40:00+00:00, run_after=2026-04-04 08:50:00+00:00
[2026-04-04T08:49:05.738+0000] {processor.py:183} INFO - Processing /opt/airflow/dags/minio_to_snowflake.py took 1.395 seconds
[2026-04-04T08:49:36.019+0000] {processor.py:161} INFO - Started process (PID=6411) to work on /opt/airflow/dags/minio_to_snowflake.py
[2026-04-04T08:49:36.020+0000] {processor.py:830} INFO - Processing file /opt/airflow/dags/minio_to_snowflake.py for tasks to queue
[2026-04-04T08:49:36.022+0000] {logging_mixin.py:188} INFO - [2026-04-04T08:49:36.021+0000] {dagbag.py:545} INFO - Filling up the DagBag from /opt/airflow/dags/minio_to_snowflake.py
[2026-04-04T08:49:37.179+0000] {processor.py:840} INFO - DAG(s) 'minio_to_snowflake_pipeline' retrieved from /opt/airflow/dags/minio_to_snowflake.py
[2026-04-04T08:49:37.210+0000] {logging_mixin.py:188} INFO - [2026-04-04T08:49:37.209+0000] {dag.py:3089} INFO - Sync 1 DAGs
[2026-04-04T08:49:37.236+0000] {logging_mixin.py:188} INFO - [2026-04-04T08:49:37.236+0000] {dag.py:3947} INFO - Setting next_dagrun for minio_to_snowflake_pipeline to 2026-04-04 08:40:00+00:00, run_after=2026-04-04 08:50:00+00:00
[2026-04-04T08:49:37.259+0000] {processor.py:183} INFO - Processing /opt/airflow/dags/minio_to_snowflake.py took 1.248 seconds
[2026-04-04T08:50:07.649+0000] {processor.py:161} INFO - Started process (PID=6422) to work on /opt/airflow/dags/minio_to_snowflake.py
[2026-04-04T08:50:07.651+0000] {processor.py:830} INFO - Processing file /opt/airflow/dags/minio_to_snowflake.py for tasks to queue
[2026-04-04T08:50:07.653+0000] {logging_mixin.py:188} INFO - [2026-04-04T08:50:07.653+0000] {dagbag.py:545} INFO - Filling up the DagBag from /opt/airflow/dags/minio_to_snowflake.py
[2026-04-04T08:50:09.322+0000] {processor.py:840} INFO - DAG(s) 'minio_to_snowflake_pipeline' retrieved from /opt/airflow/dags/minio_to_snowflake.py
[2026-04-04T08:50:09.360+0000] {logging_mixin.py:188} INFO - [2026-04-04T08:50:09.357+0000] {dag.py:3089} INFO - Sync 1 DAGs
[2026-04-04T08:50:09.385+0000] {logging_mixin.py:188} INFO - [2026-04-04T08:50:09.385+0000] {dag.py:3947} INFO - Setting next_dagrun for minio_to_snowflake_pipeline to 2026-04-04 08:50:00+00:00, run_after=2026-04-04 09:00:00+00:00
[2026-04-04T08:50:09.407+0000] {processor.py:183} INFO - Processing /opt/airflow/dags/minio_to_snowflake.py took 1.773 seconds
[2026-04-04T08:50:39.751+0000] {processor.py:161} INFO - Started process (PID=6429) to work on /opt/airflow/dags/minio_to_snowflake.py
[2026-04-04T08:50:39.768+0000] {processor.py:830} INFO - Processing file /opt/airflow/dags/minio_to_snowflake.py for tasks to queue
[2026-04-04T08:50:39.770+0000] {logging_mixin.py:188} INFO - [2026-04-04T08:50:39.769+0000] {dagbag.py:545} INFO - Filling up the DagBag from /opt/airflow/dags/minio_to_snowflake.py
[2026-04-04T08:50:42.664+0000] {processor.py:840} INFO - DAG(s) 'minio_to_snowflake_pipeline' retrieved from /opt/airflow/dags/minio_to_snowflake.py
[2026-04-04T08:50:42.904+0000] {logging_mixin.py:188} INFO - [2026-04-04T08:50:42.903+0000] {dag.py:3089} INFO - Sync 1 DAGs
[2026-04-04T08:50:43.059+0000] {logging_mixin.py:188} INFO - [2026-04-04T08:50:43.058+0000] {dag.py:3947} INFO - Setting next_dagrun for minio_to_snowflake_pipeline to 2026-04-04 08:50:00+00:00, run_after=2026-04-04 09:00:00+00:00
[2026-04-04T08:50:43.212+0000] {processor.py:183} INFO - Processing /opt/airflow/dags/minio_to_snowflake.py took 3.479 seconds
[2026-04-04T08:51:13.674+0000] {processor.py:161} INFO - Started process (PID=6436) to work on /opt/airflow/dags/minio_to_snowflake.py
[2026-04-04T08:51:13.678+0000] {processor.py:830} INFO - Processing file /opt/airflow/dags/minio_to_snowflake.py for tasks to queue
[2026-04-04T08:51:13.680+0000] {logging_mixin.py:188} INFO - [2026-04-04T08:51:13.680+0000] {dagbag.py:545} INFO - Filling up the DagBag from /opt/airflow/dags/minio_to_snowflake.py
[2026-04-04T08:51:15.778+0000] {processor.py:840} INFO - DAG(s) 'minio_to_snowflake_pipeline' retrieved from /opt/airflow/dags/minio_to_snowflake.py
[2026-04-04T08:51:15.807+0000] {logging_mixin.py:188} INFO - [2026-04-04T08:51:15.806+0000] {dag.py:3089} INFO - Sync 1 DAGs
[2026-04-04T08:51:15.831+0000] {logging_mixin.py:188} INFO - [2026-04-04T08:51:15.831+0000] {dag.py:3947} INFO - Setting next_dagrun for minio_to_snowflake_pipeline to 2026-04-04 08:50:00+00:00, run_after=2026-04-04 09:00:00+00:00
[2026-04-04T08:51:15.863+0000] {processor.py:183} INFO - Processing /opt/airflow/dags/minio_to_snowflake.py took 2.207 seconds
[2026-04-04T08:51:46.034+0000] {processor.py:161} INFO - Started process (PID=6443) to work on /opt/airflow/dags/minio_to_snowflake.py
[2026-04-04T08:51:46.035+0000] {processor.py:830} INFO - Processing file /opt/airflow/dags/minio_to_snowflake.py for tasks to queue
[2026-04-04T08:51:46.038+0000] {logging_mixin.py:188} INFO - [2026-04-04T08:51:46.037+0000] {dagbag.py:545} INFO - Filling up the DagBag from /opt/airflow/dags/minio_to_snowflake.py
[2026-04-04T08:51:47.467+0000] {processor.py:840} INFO - DAG(s) 'minio_to_snowflake_pipeline' retrieved from /opt/airflow/dags/minio_to_snowflake.py
[2026-04-04T08:51:47.499+0000] {logging_mixin.py:188} INFO - [2026-04-04T08:51:47.498+0000] {dag.py:3089} INFO - Sync 1 DAGs
[2026-04-04T08:51:47.530+0000] {logging_mixin.py:188} INFO - [2026-04-04T08:51:47.530+0000] {dag.py:3947} INFO - Setting next_dagrun for minio_to_snowflake_pipeline to 2026-04-04 08:50:00+00:00, run_after=2026-04-04 09:00:00+00:00
[2026-04-04T08:51:47.557+0000] {processor.py:183} INFO - Processing /opt/airflow/dags/minio_to_snowflake.py took 1.532 seconds
[2026-04-04T08:52:17.957+0000] {processor.py:161} INFO - Started process (PID=6450) to work on /opt/airflow/dags/minio_to_snowflake.py
[2026-04-04T08:52:17.959+0000] {processor.py:830} INFO - Processing file /opt/airflow/dags/minio_to_snowflake.py for tasks to queue
[2026-04-04T08:52:17.962+0000] {logging_mixin.py:188} INFO - [2026-04-04T08:52:17.961+0000] {dagbag.py:545} INFO - Filling up the DagBag from /opt/airflow/dags/minio_to_snowflake.py
[2026-04-04T08:52:19.446+0000] {processor.py:840} INFO - DAG(s) 'minio_to_snowflake_pipeline' retrieved from /opt/airflow/dags/minio_to_snowflake.py
[2026-04-04T08:52:19.486+0000] {logging_mixin.py:188} INFO - [2026-04-04T08:52:19.485+0000] {dag.py:3089} INFO - Sync 1 DAGs
[2026-04-04T08:52:19.515+0000] {logging_mixin.py:188} INFO - [2026-04-04T08:52:19.515+0000] {dag.py:3947} INFO - Setting next_dagrun for minio_to_snowflake_pipeline to 2026-04-04 08:50:00+00:00, run_after=2026-04-04 09:00:00+00:00
[2026-04-04T08:52:19.544+0000] {processor.py:183} INFO - Processing /opt/airflow/dags/minio_to_snowflake.py took 1.605 seconds
[2026-04-04T08:52:50.132+0000] {processor.py:161} INFO - Started process (PID=6457) to work on /opt/airflow/dags/minio_to_snowflake.py
[2026-04-04T08:52:50.134+0000] {processor.py:830} INFO - Processing file /opt/airflow/dags/minio_to_snowflake.py for tasks to queue
[2026-04-04T08:52:50.138+0000] {logging_mixin.py:188} INFO - [2026-04-04T08:52:50.136+0000] {dagbag.py:545} INFO - Filling up the DagBag from /opt/airflow/dags/minio_to_snowflake.py
[2026-04-04T08:52:51.409+0000] {processor.py:840} INFO - DAG(s) 'minio_to_snowflake_pipeline' retrieved from /opt/airflow/dags/minio_to_snowflake.py
[2026-04-04T08:52:51.439+0000] {logging_mixin.py:188} INFO - [2026-04-04T08:52:51.438+0000] {dag.py:3089} INFO - Sync 1 DAGs
[2026-04-04T08:52:51.461+0000] {logging_mixin.py:188} INFO - [2026-04-04T08:52:51.461+0000] {dag.py:3947} INFO - Setting next_dagrun for minio_to_snowflake_pipeline to 2026-04-04 08:50:00+00:00, run_after=2026-04-04 09:00:00+00:00
[2026-04-04T08:52:51.488+0000] {processor.py:183} INFO - Processing /opt/airflow/dags/minio_to_snowflake.py took 1.366 seconds
[2026-04-04T08:53:22.320+0000] {processor.py:161} INFO - Started process (PID=6464) to work on /opt/airflow/dags/minio_to_snowflake.py
[2026-04-04T08:53:22.323+0000] {processor.py:830} INFO - Processing file /opt/airflow/dags/minio_to_snowflake.py for tasks to queue
[2026-04-04T08:53:22.336+0000] {logging_mixin.py:188} INFO - [2026-04-04T08:53:22.326+0000] {dagbag.py:545} INFO - Filling up the DagBag from /opt/airflow/dags/minio_to_snowflake.py
[2026-04-04T08:53:29.503+0000] {processor.py:840} INFO - DAG(s) 'minio_to_snowflake_pipeline' retrieved from /opt/airflow/dags/minio_to_snowflake.py
[2026-04-04T08:53:29.628+0000] {logging_mixin.py:188} INFO - [2026-04-04T08:53:29.626+0000] {dag.py:3089} INFO - Sync 1 DAGs
[2026-04-04T08:53:29.741+0000] {logging_mixin.py:188} INFO - [2026-04-04T08:53:29.741+0000] {dag.py:3947} INFO - Setting next_dagrun for minio_to_snowflake_pipeline to 2026-04-04 08:50:00+00:00, run_after=2026-04-04 09:00:00+00:00
[2026-04-04T08:53:29.839+0000] {processor.py:183} INFO - Processing /opt/airflow/dags/minio_to_snowflake.py took 7.571 seconds
[2026-04-04T08:54:00.853+0000] {processor.py:161} INFO - Started process (PID=6471) to work on /opt/airflow/dags/minio_to_snowflake.py
[2026-04-04T08:54:00.859+0000] {processor.py:830} INFO - Processing file /opt/airflow/dags/minio_to_snowflake.py for tasks to queue
[2026-04-04T08:54:00.862+0000] {logging_mixin.py:188} INFO - [2026-04-04T08:54:00.861+0000] {dagbag.py:545} INFO - Filling up the DagBag from /opt/airflow/dags/minio_to_snowflake.py
[2026-04-04T08:54:09.002+0000] {processor.py:840} INFO - DAG(s) 'minio_to_snowflake_pipeline' retrieved from /opt/airflow/dags/minio_to_snowflake.py
[2026-04-04T08:54:09.151+0000] {logging_mixin.py:188} INFO - [2026-04-04T08:54:09.150+0000] {dag.py:3089} INFO - Sync 1 DAGs
[2026-04-04T08:54:09.286+0000] {logging_mixin.py:188} INFO - [2026-04-04T08:54:09.286+0000] {dag.py:3947} INFO - Setting next_dagrun for minio_to_snowflake_pipeline to 2026-04-04 08:50:00+00:00, run_after=2026-04-04 09:00:00+00:00
[2026-04-04T08:54:09.460+0000] {processor.py:183} INFO - Processing /opt/airflow/dags/minio_to_snowflake.py took 8.643 seconds
[2026-04-04T08:54:39.775+0000] {processor.py:161} INFO - Started process (PID=6478) to work on /opt/airflow/dags/minio_to_snowflake.py
[2026-04-04T08:54:39.777+0000] {processor.py:830} INFO - Processing file /opt/airflow/dags/minio_to_snowflake.py for tasks to queue
[2026-04-04T08:54:39.778+0000] {logging_mixin.py:188} INFO - [2026-04-04T08:54:39.778+0000] {dagbag.py:545} INFO - Filling up the DagBag from /opt/airflow/dags/minio_to_snowflake.py
[2026-04-04T08:54:41.125+0000] {processor.py:840} INFO - DAG(s) 'minio_to_snowflake_pipeline' retrieved from /opt/airflow/dags/minio_to_snowflake.py
[2026-04-04T08:54:41.162+0000] {logging_mixin.py:188} INFO - [2026-04-04T08:54:41.161+0000] {dag.py:3089} INFO - Sync 1 DAGs
[2026-04-04T08:54:41.187+0000] {logging_mixin.py:188} INFO - [2026-04-04T08:54:41.187+0000] {dag.py:3947} INFO - Setting next_dagrun for minio_to_snowflake_pipeline to 2026-04-04 08:50:00+00:00, run_after=2026-04-04 09:00:00+00:00
[2026-04-04T08:54:41.214+0000] {processor.py:183} INFO - Processing /opt/airflow/dags/minio_to_snowflake.py took 1.450 seconds
[2026-04-04T08:55:11.645+0000] {processor.py:161} INFO - Started process (PID=6485) to work on /opt/airflow/dags/minio_to_snowflake.py
[2026-04-04T08:55:11.647+0000] {processor.py:830} INFO - Processing file /opt/airflow/dags/minio_to_snowflake.py for tasks to queue
[2026-04-04T08:55:11.650+0000] {logging_mixin.py:188} INFO - [2026-04-04T08:55:11.649+0000] {dagbag.py:545} INFO - Filling up the DagBag from /opt/airflow/dags/minio_to_snowflake.py
[2026-04-04T08:55:13.025+0000] {processor.py:840} INFO - DAG(s) 'minio_to_snowflake_pipeline' retrieved from /opt/airflow/dags/minio_to_snowflake.py
[2026-04-04T08:55:13.097+0000] {logging_mixin.py:188} INFO - [2026-04-04T08:55:13.096+0000] {dag.py:3089} INFO - Sync 1 DAGs
[2026-04-04T08:55:13.138+0000] {logging_mixin.py:188} INFO - [2026-04-04T08:55:13.138+0000] {dag.py:3947} INFO - Setting next_dagrun for minio_to_snowflake_pipeline to 2026-04-04 08:50:00+00:00, run_after=2026-04-04 09:00:00+00:00
[2026-04-04T08:55:13.173+0000] {processor.py:183} INFO - Processing /opt/airflow/dags/minio_to_snowflake.py took 1.541 seconds
[2026-04-04T08:55:43.631+0000] {processor.py:161} INFO - Started process (PID=6492) to work on /opt/airflow/dags/minio_to_snowflake.py
[2026-04-04T08:55:43.633+0000] {processor.py:830} INFO - Processing file /opt/airflow/dags/minio_to_snowflake.py for tasks to queue
[2026-04-04T08:55:43.634+0000] {logging_mixin.py:188} INFO - [2026-04-04T08:55:43.634+0000] {dagbag.py:545} INFO - Filling up the DagBag from /opt/airflow/dags/minio_to_snowflake.py
[2026-04-04T08:55:45.115+0000] {processor.py:840} INFO - DAG(s) 'minio_to_snowflake_pipeline' retrieved from /opt/airflow/dags/minio_to_snowflake.py
[2026-04-04T08:55:45.164+0000] {logging_mixin.py:188} INFO - [2026-04-04T08:55:45.163+0000] {dag.py:3089} INFO - Sync 1 DAGs
[2026-04-04T08:55:45.384+0000] {logging_mixin.py:188} INFO - [2026-04-04T08:55:45.373+0000] {dag.py:3947} INFO - Setting next_dagrun for minio_to_snowflake_pipeline to 2026-04-04 08:50:00+00:00, run_after=2026-04-04 09:00:00+00:00
[2026-04-04T08:55:45.536+0000] {processor.py:183} INFO - Processing /opt/airflow/dags/minio_to_snowflake.py took 1.913 seconds
[2026-04-04T08:56:15.879+0000] {processor.py:161} INFO - Started process (PID=6499) to work on /opt/airflow/dags/minio_to_snowflake.py
[2026-04-04T08:56:15.882+0000] {processor.py:830} INFO - Processing file /opt/airflow/dags/minio_to_snowflake.py for tasks to queue
[2026-04-04T08:56:15.890+0000] {logging_mixin.py:188} INFO - [2026-04-04T08:56:15.889+0000] {dagbag.py:545} INFO - Filling up the DagBag from /opt/airflow/dags/minio_to_snowflake.py
[2026-04-04T08:56:17.504+0000] {processor.py:840} INFO - DAG(s) 'minio_to_snowflake_pipeline' retrieved from /opt/airflow/dags/minio_to_snowflake.py
[2026-04-04T08:56:17.591+0000] {logging_mixin.py:188} INFO - [2026-04-04T08:56:17.590+0000] {dag.py:3089} INFO - Sync 1 DAGs
[2026-04-04T08:56:17.648+0000] {logging_mixin.py:188} INFO - [2026-04-04T08:56:17.648+0000] {dag.py:3947} INFO - Setting next_dagrun for minio_to_snowflake_pipeline to 2026-04-04 08:50:00+00:00, run_after=2026-04-04 09:00:00+00:00
[2026-04-04T08:56:17.679+0000] {processor.py:183} INFO - Processing /opt/airflow/dags/minio_to_snowflake.py took 1.813 seconds
[2026-04-04T08:56:48.180+0000] {processor.py:161} INFO - Started process (PID=6506) to work on /opt/airflow/dags/minio_to_snowflake.py
[2026-04-04T08:56:48.182+0000] {processor.py:830} INFO - Processing file /opt/airflow/dags/minio_to_snowflake.py for tasks to queue
[2026-04-04T08:56:48.184+0000] {logging_mixin.py:188} INFO - [2026-04-04T08:56:48.183+0000] {dagbag.py:545} INFO - Filling up the DagBag from /opt/airflow/dags/minio_to_snowflake.py
[2026-04-04T08:56:49.207+0000] {processor.py:840} INFO - DAG(s) 'minio_to_snowflake_pipeline' retrieved from /opt/airflow/dags/minio_to_snowflake.py
[2026-04-04T08:56:49.241+0000] {logging_mixin.py:188} INFO - [2026-04-04T08:56:49.238+0000] {dag.py:3089} INFO - Sync 1 DAGs
[2026-04-04T08:56:49.265+0000] {logging_mixin.py:188} INFO - [2026-04-04T08:56:49.265+0000] {dag.py:3947} INFO - Setting next_dagrun for minio_to_snowflake_pipeline to 2026-04-04 08:50:00+00:00, run_after=2026-04-04 09:00:00+00:00
[2026-04-04T08:56:49.308+0000] {processor.py:183} INFO - Processing /opt/airflow/dags/minio_to_snowflake.py took 1.136 seconds
[2026-04-04T08:57:19.469+0000] {processor.py:161} INFO - Started process (PID=6513) to work on /opt/airflow/dags/minio_to_snowflake.py
[2026-04-04T08:57:19.471+0000] {processor.py:830} INFO - Processing file /opt/airflow/dags/minio_to_snowflake.py for tasks to queue
[2026-04-04T08:57:19.473+0000] {logging_mixin.py:188} INFO - [2026-04-04T08:57:19.472+0000] {dagbag.py:545} INFO - Filling up the DagBag from /opt/airflow/dags/minio_to_snowflake.py
[2026-04-04T08:57:20.616+0000] {processor.py:840} INFO - DAG(s) 'minio_to_snowflake_pipeline' retrieved from /opt/airflow/dags/minio_to_snowflake.py
[2026-04-04T08:57:20.657+0000] {logging_mixin.py:188} INFO - [2026-04-04T08:57:20.656+0000] {dag.py:3089} INFO - Sync 1 DAGs
[2026-04-04T08:57:20.684+0000] {logging_mixin.py:188} INFO - [2026-04-04T08:57:20.684+0000] {dag.py:3947} INFO - Setting next_dagrun for minio_to_snowflake_pipeline to 2026-04-04 08:50:00+00:00, run_after=2026-04-04 09:00:00+00:00
[2026-04-04T08:57:20.709+0000] {processor.py:183} INFO - Processing /opt/airflow/dags/minio_to_snowflake.py took 1.248 seconds
[2026-04-04T08:57:51.082+0000] {processor.py:161} INFO - Started process (PID=6520) to work on /opt/airflow/dags/minio_to_snowflake.py
[2026-04-04T08:57:51.083+0000] {processor.py:830} INFO - Processing file /opt/airflow/dags/minio_to_snowflake.py for tasks to queue
[2026-04-04T08:57:51.085+0000] {logging_mixin.py:188} INFO - [2026-04-04T08:57:51.084+0000] {dagbag.py:545} INFO - Filling up the DagBag from /opt/airflow/dags/minio_to_snowflake.py
[2026-04-04T08:57:52.348+0000] {processor.py:840} INFO - DAG(s) 'minio_to_snowflake_pipeline' retrieved from /opt/airflow/dags/minio_to_snowflake.py
[2026-04-04T08:57:52.377+0000] {logging_mixin.py:188} INFO - [2026-04-04T08:57:52.376+0000] {dag.py:3089} INFO - Sync 1 DAGs
[2026-04-04T08:57:52.401+0000] {logging_mixin.py:188} INFO - [2026-04-04T08:57:52.400+0000] {dag.py:3947} INFO - Setting next_dagrun for minio_to_snowflake_pipeline to 2026-04-04 08:50:00+00:00, run_after=2026-04-04 09:00:00+00:00
[2026-04-04T08:57:52.429+0000] {processor.py:183} INFO - Processing /opt/airflow/dags/minio_to_snowflake.py took 1.357 seconds
[2026-04-04T08:58:23.029+0000] {processor.py:161} INFO - Started process (PID=6527) to work on /opt/airflow/dags/minio_to_snowflake.py
[2026-04-04T08:58:23.030+0000] {processor.py:830} INFO - Processing file /opt/airflow/dags/minio_to_snowflake.py for tasks to queue
[2026-04-04T08:58:23.032+0000] {logging_mixin.py:188} INFO - [2026-04-04T08:58:23.031+0000] {dagbag.py:545} INFO - Filling up the DagBag from /opt/airflow/dags/minio_to_snowflake.py
[2026-04-04T08:58:25.284+0000] {processor.py:840} INFO - DAG(s) 'minio_to_snowflake_pipeline' retrieved from /opt/airflow/dags/minio_to_snowflake.py
[2026-04-04T08:58:25.347+0000] {logging_mixin.py:188} INFO - [2026-04-04T08:58:25.346+0000] {dag.py:3089} INFO - Sync 1 DAGs
[2026-04-04T08:58:25.425+0000] {logging_mixin.py:188} INFO - [2026-04-04T08:58:25.424+0000] {dag.py:3947} INFO - Setting next_dagrun for minio_to_snowflake_pipeline to 2026-04-04 08:50:00+00:00, run_after=2026-04-04 09:00:00+00:00
[2026-04-04T08:58:25.461+0000] {processor.py:183} INFO - Processing /opt/airflow/dags/minio_to_snowflake.py took 2.445 seconds
[2026-04-04T08:58:55.865+0000] {processor.py:161} INFO - Started process (PID=6534) to work on /opt/airflow/dags/minio_to_snowflake.py
[2026-04-04T08:58:55.866+0000] {processor.py:830} INFO - Processing file /opt/airflow/dags/minio_to_snowflake.py for tasks to queue
[2026-04-04T08:58:55.868+0000] {logging_mixin.py:188} INFO - [2026-04-04T08:58:55.868+0000] {dagbag.py:545} INFO - Filling up the DagBag from /opt/airflow/dags/minio_to_snowflake.py
[2026-04-04T08:58:56.874+0000] {processor.py:840} INFO - DAG(s) 'minio_to_snowflake_pipeline' retrieved from /opt/airflow/dags/minio_to_snowflake.py
[2026-04-04T08:58:56.905+0000] {logging_mixin.py:188} INFO - [2026-04-04T08:58:56.904+0000] {dag.py:3089} INFO - Sync 1 DAGs
[2026-04-04T08:58:56.934+0000] {logging_mixin.py:188} INFO - [2026-04-04T08:58:56.933+0000] {dag.py:3947} INFO - Setting next_dagrun for minio_to_snowflake_pipeline to 2026-04-04 08:50:00+00:00, run_after=2026-04-04 09:00:00+00:00
[2026-04-04T08:58:56.961+0000] {processor.py:183} INFO - Processing /opt/airflow/dags/minio_to_snowflake.py took 1.105 seconds
[2026-04-04T08:59:27.164+0000] {processor.py:161} INFO - Started process (PID=6541) to work on /opt/airflow/dags/minio_to_snowflake.py
[2026-04-04T08:59:27.166+0000] {processor.py:830} INFO - Processing file /opt/airflow/dags/minio_to_snowflake.py for tasks to queue
[2026-04-04T08:59:27.167+0000] {logging_mixin.py:188} INFO - [2026-04-04T08:59:27.167+0000] {dagbag.py:545} INFO - Filling up the DagBag from /opt/airflow/dags/minio_to_snowflake.py
[2026-04-04T08:59:28.155+0000] {processor.py:840} INFO - DAG(s) 'minio_to_snowflake_pipeline' retrieved from /opt/airflow/dags/minio_to_snowflake.py
[2026-04-04T08:59:28.187+0000] {logging_mixin.py:188} INFO - [2026-04-04T08:59:28.186+0000] {dag.py:3089} INFO - Sync 1 DAGs
[2026-04-04T08:59:28.212+0000] {logging_mixin.py:188} INFO - [2026-04-04T08:59:28.212+0000] {dag.py:3947} INFO - Setting next_dagrun for minio_to_snowflake_pipeline to 2026-04-04 08:50:00+00:00, run_after=2026-04-04 09:00:00+00:00
[2026-04-04T08:59:28.244+0000] {processor.py:183} INFO - Processing /opt/airflow/dags/minio_to_snowflake.py took 1.088 seconds
[2026-04-04T08:59:58.477+0000] {processor.py:161} INFO - Started process (PID=6548) to work on /opt/airflow/dags/minio_to_snowflake.py
[2026-04-04T08:59:58.479+0000] {processor.py:830} INFO - Processing file /opt/airflow/dags/minio_to_snowflake.py for tasks to queue
[2026-04-04T08:59:58.480+0000] {logging_mixin.py:188} INFO - [2026-04-04T08:59:58.480+0000] {dagbag.py:545} INFO - Filling up the DagBag from /opt/airflow/dags/minio_to_snowflake.py
[2026-04-04T08:59:59.506+0000] {processor.py:840} INFO - DAG(s) 'minio_to_snowflake_pipeline' retrieved from /opt/airflow/dags/minio_to_snowflake.py
[2026-04-04T08:59:59.535+0000] {logging_mixin.py:188} INFO - [2026-04-04T08:59:59.534+0000] {dag.py:3089} INFO - Sync 1 DAGs
[2026-04-04T08:59:59.558+0000] {logging_mixin.py:188} INFO - [2026-04-04T08:59:59.558+0000] {dag.py:3947} INFO - Setting next_dagrun for minio_to_snowflake_pipeline to 2026-04-04 08:50:00+00:00, run_after=2026-04-04 09:00:00+00:00
[2026-04-04T08:59:59.582+0000] {processor.py:183} INFO - Processing /opt/airflow/dags/minio_to_snowflake.py took 1.114 seconds
[2026-04-04T09:00:29.794+0000] {processor.py:161} INFO - Started process (PID=6559) to work on /opt/airflow/dags/minio_to_snowflake.py
[2026-04-04T09:00:29.795+0000] {processor.py:830} INFO - Processing file /opt/airflow/dags/minio_to_snowflake.py for tasks to queue
[2026-04-04T09:00:29.797+0000] {logging_mixin.py:188} INFO - [2026-04-04T09:00:29.796+0000] {dagbag.py:545} INFO - Filling up the DagBag from /opt/airflow/dags/minio_to_snowflake.py
[2026-04-04T09:00:30.789+0000] {processor.py:840} INFO - DAG(s) 'minio_to_snowflake_pipeline' retrieved from /opt/airflow/dags/minio_to_snowflake.py
[2026-04-04T09:00:30.826+0000] {logging_mixin.py:188} INFO - [2026-04-04T09:00:30.825+0000] {dag.py:3089} INFO - Sync 1 DAGs
[2026-04-04T09:00:30.853+0000] {logging_mixin.py:188} INFO - [2026-04-04T09:00:30.853+0000] {dag.py:3947} INFO - Setting next_dagrun for minio_to_snowflake_pipeline to 2026-04-04 09:00:00+00:00, run_after=2026-04-04 09:10:00+00:00
[2026-04-04T09:00:30.876+0000] {processor.py:183} INFO - Processing /opt/airflow/dags/minio_to_snowflake.py took 1.092 seconds
[2026-04-04T09:01:01.136+0000] {processor.py:161} INFO - Started process (PID=6566) to work on /opt/airflow/dags/minio_to_snowflake.py
[2026-04-04T09:01:01.138+0000] {processor.py:830} INFO - Processing file /opt/airflow/dags/minio_to_snowflake.py for tasks to queue
[2026-04-04T09:01:01.139+0000] {logging_mixin.py:188} INFO - [2026-04-04T09:01:01.139+0000] {dagbag.py:545} INFO - Filling up the DagBag from /opt/airflow/dags/minio_to_snowflake.py
[2026-04-04T09:01:03.331+0000] {processor.py:840} INFO - DAG(s) 'minio_to_snowflake_pipeline' retrieved from /opt/airflow/dags/minio_to_snowflake.py
[2026-04-04T09:01:03.374+0000] {logging_mixin.py:188} INFO - [2026-04-04T09:01:03.371+0000] {dag.py:3089} INFO - Sync 1 DAGs
[2026-04-04T09:01:03.421+0000] {logging_mixin.py:188} INFO - [2026-04-04T09:01:03.421+0000] {dag.py:3947} INFO - Setting next_dagrun for minio_to_snowflake_pipeline to 2026-04-04 09:00:00+00:00, run_after=2026-04-04 09:10:00+00:00
[2026-04-04T09:01:03.456+0000] {processor.py:183} INFO - Processing /opt/airflow/dags/minio_to_snowflake.py took 2.330 seconds
[2026-04-04T09:01:33.686+0000] {processor.py:161} INFO - Started process (PID=6573) to work on /opt/airflow/dags/minio_to_snowflake.py
[2026-04-04T09:01:33.688+0000] {processor.py:830} INFO - Processing file /opt/airflow/dags/minio_to_snowflake.py for tasks to queue
[2026-04-04T09:01:33.692+0000] {logging_mixin.py:188} INFO - [2026-04-04T09:01:33.689+0000] {dagbag.py:545} INFO - Filling up the DagBag from /opt/airflow/dags/minio_to_snowflake.py
[2026-04-04T09:01:35.130+0000] {processor.py:840} INFO - DAG(s) 'minio_to_snowflake_pipeline' retrieved from /opt/airflow/dags/minio_to_snowflake.py
[2026-04-04T09:01:35.164+0000] {logging_mixin.py:188} INFO - [2026-04-04T09:01:35.163+0000] {dag.py:3089} INFO - Sync 1 DAGs
[2026-04-04T09:01:35.224+0000] {logging_mixin.py:188} INFO - [2026-04-04T09:01:35.224+0000] {dag.py:3947} INFO - Setting next_dagrun for minio_to_snowflake_pipeline to 2026-04-04 09:00:00+00:00, run_after=2026-04-04 09:10:00+00:00
[2026-04-04T09:01:35.247+0000] {processor.py:183} INFO - Processing /opt/airflow/dags/minio_to_snowflake.py took 1.577 seconds
[2026-04-04T09:02:05.478+0000] {processor.py:161} INFO - Started process (PID=6580) to work on /opt/airflow/dags/minio_to_snowflake.py
[2026-04-04T09:02:05.479+0000] {processor.py:830} INFO - Processing file /opt/airflow/dags/minio_to_snowflake.py for tasks to queue
[2026-04-04T09:02:05.481+0000] {logging_mixin.py:188} INFO - [2026-04-04T09:02:05.480+0000] {dagbag.py:545} INFO - Filling up the DagBag from /opt/airflow/dags/minio_to_snowflake.py
[2026-04-04T09:02:06.515+0000] {processor.py:840} INFO - DAG(s) 'minio_to_snowflake_pipeline' retrieved from /opt/airflow/dags/minio_to_snowflake.py
[2026-04-04T09:02:06.545+0000] {logging_mixin.py:188} INFO - [2026-04-04T09:02:06.544+0000] {dag.py:3089} INFO - Sync 1 DAGs
[2026-04-04T09:02:06.567+0000] {logging_mixin.py:188} INFO - [2026-04-04T09:02:06.567+0000] {dag.py:3947} INFO - Setting next_dagrun for minio_to_snowflake_pipeline to 2026-04-04 09:00:00+00:00, run_after=2026-04-04 09:10:00+00:00
[2026-04-04T09:02:06.592+0000] {processor.py:183} INFO - Processing /opt/airflow/dags/minio_to_snowflake.py took 1.122 seconds
[2026-04-04T09:02:36.893+0000] {processor.py:161} INFO - Started process (PID=6587) to work on /opt/airflow/dags/minio_to_snowflake.py
[2026-04-04T09:02:36.894+0000] {processor.py:830} INFO - Processing file /opt/airflow/dags/minio_to_snowflake.py for tasks to queue
[2026-04-04T09:02:36.896+0000] {logging_mixin.py:188} INFO - [2026-04-04T09:02:36.895+0000] {dagbag.py:545} INFO - Filling up the DagBag from /opt/airflow/dags/minio_to_snowflake.py
[2026-04-04T09:02:37.953+0000] {processor.py:840} INFO - DAG(s) 'minio_to_snowflake_pipeline' retrieved from /opt/airflow/dags/minio_to_snowflake.py
[2026-04-04T09:02:37.985+0000] {logging_mixin.py:188} INFO - [2026-04-04T09:02:37.984+0000] {dag.py:3089} INFO - Sync 1 DAGs
[2026-04-04T09:02:38.011+0000] {logging_mixin.py:188} INFO - [2026-04-04T09:02:38.010+0000] {dag.py:3947} INFO - Setting next_dagrun for minio_to_snowflake_pipeline to 2026-04-04 09:00:00+00:00, run_after=2026-04-04 09:10:00+00:00
[2026-04-04T09:02:38.034+0000] {processor.py:183} INFO - Processing /opt/airflow/dags/minio_to_snowflake.py took 1.150 seconds
[2026-04-04T09:03:08.317+0000] {processor.py:161} INFO - Started process (PID=6594) to work on /opt/airflow/dags/minio_to_snowflake.py
[2026-04-04T09:03:08.320+0000] {processor.py:830} INFO - Processing file /opt/airflow/dags/minio_to_snowflake.py for tasks to queue
[2026-04-04T09:03:08.323+0000] {logging_mixin.py:188} INFO - [2026-04-04T09:03:08.323+0000] {dagbag.py:545} INFO - Filling up the DagBag from /opt/airflow/dags/minio_to_snowflake.py
[2026-04-04T09:03:09.867+0000] {processor.py:840} INFO - DAG(s) 'minio_to_snowflake_pipeline' retrieved from /opt/airflow/dags/minio_to_snowflake.py
[2026-04-04T09:03:09.902+0000] {logging_mixin.py:188} INFO - [2026-04-04T09:03:09.901+0000] {dag.py:3089} INFO - Sync 1 DAGs
[2026-04-04T09:03:09.928+0000] {logging_mixin.py:188} INFO - [2026-04-04T09:03:09.928+0000] {dag.py:3947} INFO - Setting next_dagrun for minio_to_snowflake_pipeline to 2026-04-04 09:00:00+00:00, run_after=2026-04-04 09:10:00+00:00
[2026-04-04T09:03:09.953+0000] {processor.py:183} INFO - Processing /opt/airflow/dags/minio_to_snowflake.py took 1.647 seconds
[2026-04-04T09:03:40.287+0000] {processor.py:161} INFO - Started process (PID=6601) to work on /opt/airflow/dags/minio_to_snowflake.py
[2026-04-04T09:03:40.288+0000] {processor.py:830} INFO - Processing file /opt/airflow/dags/minio_to_snowflake.py for tasks to queue
[2026-04-04T09:03:40.290+0000] {logging_mixin.py:188} INFO - [2026-04-04T09:03:40.290+0000] {dagbag.py:545} INFO - Filling up the DagBag from /opt/airflow/dags/minio_to_snowflake.py
[2026-04-04T09:03:41.315+0000] {processor.py:840} INFO - DAG(s) 'minio_to_snowflake_pipeline' retrieved from /opt/airflow/dags/minio_to_snowflake.py
[2026-04-04T09:03:41.348+0000] {logging_mixin.py:188} INFO - [2026-04-04T09:03:41.347+0000] {dag.py:3089} INFO - Sync 1 DAGs
[2026-04-04T09:03:41.371+0000] {logging_mixin.py:188} INFO - [2026-04-04T09:03:41.371+0000] {dag.py:3947} INFO - Setting next_dagrun for minio_to_snowflake_pipeline to 2026-04-04 09:00:00+00:00, run_after=2026-04-04 09:10:00+00:00
[2026-04-04T09:03:41.398+0000] {processor.py:183} INFO - Processing /opt/airflow/dags/minio_to_snowflake.py took 1.119 seconds
[2026-04-04T09:04:11.630+0000] {processor.py:161} INFO - Started process (PID=6608) to work on /opt/airflow/dags/minio_to_snowflake.py
[2026-04-04T09:04:11.632+0000] {processor.py:830} INFO - Processing file /opt/airflow/dags/minio_to_snowflake.py for tasks to queue
[2026-04-04T09:04:11.633+0000] {logging_mixin.py:188} INFO - [2026-04-04T09:04:11.633+0000] {dagbag.py:545} INFO - Filling up the DagBag from /opt/airflow/dags/minio_to_snowflake.py
[2026-04-04T09:04:12.811+0000] {processor.py:840} INFO - DAG(s) 'minio_to_snowflake_pipeline' retrieved from /opt/airflow/dags/minio_to_snowflake.py
[2026-04-04T09:04:12.848+0000] {logging_mixin.py:188} INFO - [2026-04-04T09:04:12.847+0000] {dag.py:3089} INFO - Sync 1 DAGs
[2026-04-04T09:04:12.875+0000] {logging_mixin.py:188} INFO - [2026-04-04T09:04:12.874+0000] {dag.py:3947} INFO - Setting next_dagrun for minio_to_snowflake_pipeline to 2026-04-04 09:00:00+00:00, run_after=2026-04-04 09:10:00+00:00
[2026-04-04T09:04:12.900+0000] {processor.py:183} INFO - Processing /opt/airflow/dags/minio_to_snowflake.py took 1.278 seconds
[2026-04-04T09:04:43.038+0000] {processor.py:161} INFO - Started process (PID=6615) to work on /opt/airflow/dags/minio_to_snowflake.py
[2026-04-04T09:04:43.041+0000] {processor.py:830} INFO - Processing file /opt/airflow/dags/minio_to_snowflake.py for tasks to queue
[2026-04-04T09:04:43.043+0000] {logging_mixin.py:188} INFO - [2026-04-04T09:04:43.042+0000] {dagbag.py:545} INFO - Filling up the DagBag from /opt/airflow/dags/minio_to_snowflake.py
[2026-04-04T09:04:44.368+0000] {processor.py:840} INFO - DAG(s) 'minio_to_snowflake_pipeline' retrieved from /opt/airflow/dags/minio_to_snowflake.py
[2026-04-04T09:04:44.409+0000] {logging_mixin.py:188} INFO - [2026-04-04T09:04:44.408+0000] {dag.py:3089} INFO - Sync 1 DAGs
[2026-04-04T09:04:44.443+0000] {logging_mixin.py:188} INFO - [2026-04-04T09:04:44.443+0000] {dag.py:3947} INFO - Setting next_dagrun for minio_to_snowflake_pipeline to 2026-04-04 09:00:00+00:00, run_after=2026-04-04 09:10:00+00:00
[2026-04-04T09:04:44.478+0000] {processor.py:183} INFO - Processing /opt/airflow/dags/minio_to_snowflake.py took 1.454 seconds
[2026-04-04T09:05:14.936+0000] {processor.py:161} INFO - Started process (PID=6622) to work on /opt/airflow/dags/minio_to_snowflake.py
[2026-04-04T09:05:14.938+0000] {processor.py:830} INFO - Processing file /opt/airflow/dags/minio_to_snowflake.py for tasks to queue
[2026-04-04T09:05:14.940+0000] {logging_mixin.py:188} INFO - [2026-04-04T09:05:14.939+0000] {dagbag.py:545} INFO - Filling up the DagBag from /opt/airflow/dags/minio_to_snowflake.py
[2026-04-04T09:05:16.987+0000] {processor.py:840} INFO - DAG(s) 'minio_to_snowflake_pipeline' retrieved from /opt/airflow/dags/minio_to_snowflake.py
[2026-04-04T09:05:17.035+0000] {logging_mixin.py:188} INFO - [2026-04-04T09:05:17.033+0000] {dag.py:3089} INFO - Sync 1 DAGs
[2026-04-04T09:05:17.060+0000] {logging_mixin.py:188} INFO - [2026-04-04T09:05:17.060+0000] {dag.py:3947} INFO - Setting next_dagrun for minio_to_snowflake_pipeline to 2026-04-04 09:00:00+00:00, run_after=2026-04-04 09:10:00+00:00
[2026-04-04T09:05:17.081+0000] {processor.py:183} INFO - Processing /opt/airflow/dags/minio_to_snowflake.py took 2.165 seconds
[2026-04-04T09:05:47.202+0000] {processor.py:161} INFO - Started process (PID=6629) to work on /opt/airflow/dags/minio_to_snowflake.py
[2026-04-04T09:05:47.203+0000] {processor.py:830} INFO - Processing file /opt/airflow/dags/minio_to_snowflake.py for tasks to queue
[2026-04-04T09:05:47.205+0000] {logging_mixin.py:188} INFO - [2026-04-04T09:05:47.204+0000] {dagbag.py:545} INFO - Filling up the DagBag from /opt/airflow/dags/minio_to_snowflake.py
[2026-04-04T09:05:48.199+0000] {processor.py:840} INFO - DAG(s) 'minio_to_snowflake_pipeline' retrieved from /opt/airflow/dags/minio_to_snowflake.py
[2026-04-04T09:05:48.231+0000] {logging_mixin.py:188} INFO - [2026-04-04T09:05:48.231+0000] {dag.py:3089} INFO - Sync 1 DAGs
[2026-04-04T09:05:48.254+0000] {logging_mixin.py:188} INFO - [2026-04-04T09:05:48.254+0000] {dag.py:3947} INFO - Setting next_dagrun for minio_to_snowflake_pipeline to 2026-04-04 09:00:00+00:00, run_after=2026-04-04 09:10:00+00:00
[2026-04-04T09:05:48.278+0000] {processor.py:183} INFO - Processing /opt/airflow/dags/minio_to_snowflake.py took 1.085 seconds
[2026-04-04T09:06:18.892+0000] {processor.py:161} INFO - Started process (PID=6636) to work on /opt/airflow/dags/minio_to_snowflake.py
[2026-04-04T09:06:18.896+0000] {processor.py:830} INFO - Processing file /opt/airflow/dags/minio_to_snowflake.py for tasks to queue
[2026-04-04T09:06:18.898+0000] {logging_mixin.py:188} INFO - [2026-04-04T09:06:18.897+0000] {dagbag.py:545} INFO - Filling up the DagBag from /opt/airflow/dags/minio_to_snowflake.py
[2026-04-04T09:06:20.328+0000] {processor.py:840} INFO - DAG(s) 'minio_to_snowflake_pipeline' retrieved from /opt/airflow/dags/minio_to_snowflake.py
[2026-04-04T09:06:20.367+0000] {logging_mixin.py:188} INFO - [2026-04-04T09:06:20.367+0000] {dag.py:3089} INFO - Sync 1 DAGs
[2026-04-04T09:06:20.401+0000] {logging_mixin.py:188} INFO - [2026-04-04T09:06:20.401+0000] {dag.py:3947} INFO - Setting next_dagrun for minio_to_snowflake_pipeline to 2026-04-04 09:00:00+00:00, run_after=2026-04-04 09:10:00+00:00
[2026-04-04T09:06:20.432+0000] {processor.py:183} INFO - Processing /opt/airflow/dags/minio_to_snowflake.py took 1.551 seconds
[2026-04-04T09:06:50.796+0000] {processor.py:161} INFO - Started process (PID=6643) to work on /opt/airflow/dags/minio_to_snowflake.py
[2026-04-04T09:06:50.797+0000] {processor.py:830} INFO - Processing file /opt/airflow/dags/minio_to_snowflake.py for tasks to queue
[2026-04-04T09:06:50.799+0000] {logging_mixin.py:188} INFO - [2026-04-04T09:06:50.798+0000] {dagbag.py:545} INFO - Filling up the DagBag from /opt/airflow/dags/minio_to_snowflake.py
[2026-04-04T09:06:51.784+0000] {processor.py:840} INFO - DAG(s) 'minio_to_snowflake_pipeline' retrieved from /opt/airflow/dags/minio_to_snowflake.py
[2026-04-04T09:06:51.822+0000] {logging_mixin.py:188} INFO - [2026-04-04T09:06:51.821+0000] {dag.py:3089} INFO - Sync 1 DAGs
[2026-04-04T09:06:51.850+0000] {logging_mixin.py:188} INFO - [2026-04-04T09:06:51.849+0000] {dag.py:3947} INFO - Setting next_dagrun for minio_to_snowflake_pipeline to 2026-04-04 09:00:00+00:00, run_after=2026-04-04 09:10:00+00:00
[2026-04-04T09:06:51.887+0000] {processor.py:183} INFO - Processing /opt/airflow/dags/minio_to_snowflake.py took 1.100 seconds
[2026-04-04T09:07:22.098+0000] {processor.py:161} INFO - Started process (PID=6650) to work on /opt/airflow/dags/minio_to_snowflake.py
[2026-04-04T09:07:22.100+0000] {processor.py:830} INFO - Processing file /opt/airflow/dags/minio_to_snowflake.py for tasks to queue
[2026-04-04T09:07:22.102+0000] {logging_mixin.py:188} INFO - [2026-04-04T09:07:22.101+0000] {dagbag.py:545} INFO - Filling up the DagBag from /opt/airflow/dags/minio_to_snowflake.py
[2026-04-04T09:07:23.497+0000] {processor.py:840} INFO - DAG(s) 'minio_to_snowflake_pipeline' retrieved from /opt/airflow/dags/minio_to_snowflake.py
[2026-04-04T09:07:23.530+0000] {logging_mixin.py:188} INFO - [2026-04-04T09:07:23.528+0000] {dag.py:3089} INFO - Sync 1 DAGs
[2026-04-04T09:07:23.556+0000] {logging_mixin.py:188} INFO - [2026-04-04T09:07:23.555+0000] {dag.py:3947} INFO - Setting next_dagrun for minio_to_snowflake_pipeline to 2026-04-04 09:00:00+00:00, run_after=2026-04-04 09:10:00+00:00
[2026-04-04T09:07:23.579+0000] {processor.py:183} INFO - Processing /opt/airflow/dags/minio_to_snowflake.py took 1.497 seconds
[2026-04-04T09:07:53.900+0000] {processor.py:161} INFO - Started process (PID=6657) to work on /opt/airflow/dags/minio_to_snowflake.py
[2026-04-04T09:07:53.902+0000] {processor.py:830} INFO - Processing file /opt/airflow/dags/minio_to_snowflake.py for tasks to queue
[2026-04-04T09:07:53.906+0000] {logging_mixin.py:188} INFO - [2026-04-04T09:07:53.905+0000] {dagbag.py:545} INFO - Filling up the DagBag from /opt/airflow/dags/minio_to_snowflake.py
[2026-04-04T09:07:56.072+0000] {processor.py:840} INFO - DAG(s) 'minio_to_snowflake_pipeline' retrieved from /opt/airflow/dags/minio_to_snowflake.py
[2026-04-04T09:07:56.104+0000] {logging_mixin.py:188} INFO - [2026-04-04T09:07:56.103+0000] {dag.py:3089} INFO - Sync 1 DAGs
[2026-04-04T09:07:56.128+0000] {logging_mixin.py:188} INFO - [2026-04-04T09:07:56.128+0000] {dag.py:3947} INFO - Setting next_dagrun for minio_to_snowflake_pipeline to 2026-04-04 09:00:00+00:00, run_after=2026-04-04 09:10:00+00:00
[2026-04-04T09:07:56.150+0000] {processor.py:183} INFO - Processing /opt/airflow/dags/minio_to_snowflake.py took 2.264 seconds
[2026-04-04T09:08:26.593+0000] {processor.py:161} INFO - Started process (PID=6664) to work on /opt/airflow/dags/minio_to_snowflake.py
[2026-04-04T09:08:26.595+0000] {processor.py:830} INFO - Processing file /opt/airflow/dags/minio_to_snowflake.py for tasks to queue
[2026-04-04T09:08:26.596+0000] {logging_mixin.py:188} INFO - [2026-04-04T09:08:26.596+0000] {dagbag.py:545} INFO - Filling up the DagBag from /opt/airflow/dags/minio_to_snowflake.py
[2026-04-04T09:08:27.762+0000] {processor.py:840} INFO - DAG(s) 'minio_to_snowflake_pipeline' retrieved from /opt/airflow/dags/minio_to_snowflake.py
[2026-04-04T09:08:27.804+0000] {logging_mixin.py:188} INFO - [2026-04-04T09:08:27.803+0000] {dag.py:3089} INFO - Sync 1 DAGs
[2026-04-04T09:08:27.829+0000] {logging_mixin.py:188} INFO - [2026-04-04T09:08:27.829+0000] {dag.py:3947} INFO - Setting next_dagrun for minio_to_snowflake_pipeline to 2026-04-04 09:00:00+00:00, run_after=2026-04-04 09:10:00+00:00
[2026-04-04T09:08:27.854+0000] {processor.py:183} INFO - Processing /opt/airflow/dags/minio_to_snowflake.py took 1.270 seconds
[2026-04-04T09:08:58.672+0000] {processor.py:161} INFO - Started process (PID=6671) to work on /opt/airflow/dags/minio_to_snowflake.py
[2026-04-04T09:08:58.674+0000] {processor.py:830} INFO - Processing file /opt/airflow/dags/minio_to_snowflake.py for tasks to queue
[2026-04-04T09:08:58.676+0000] {logging_mixin.py:188} INFO - [2026-04-04T09:08:58.675+0000] {dagbag.py:545} INFO - Filling up the DagBag from /opt/airflow/dags/minio_to_snowflake.py
[2026-04-04T09:09:00.348+0000] {processor.py:840} INFO - DAG(s) 'minio_to_snowflake_pipeline' retrieved from /opt/airflow/dags/minio_to_snowflake.py
[2026-04-04T09:09:00.379+0000] {logging_mixin.py:188} INFO - [2026-04-04T09:09:00.378+0000] {dag.py:3089} INFO - Sync 1 DAGs
[2026-04-04T09:09:00.405+0000] {logging_mixin.py:188} INFO - [2026-04-04T09:09:00.405+0000] {dag.py:3947} INFO - Setting next_dagrun for minio_to_snowflake_pipeline to 2026-04-04 09:00:00+00:00, run_after=2026-04-04 09:10:00+00:00
[2026-04-04T09:09:00.435+0000] {processor.py:183} INFO - Processing /opt/airflow/dags/minio_to_snowflake.py took 1.772 seconds
[2026-04-04T09:09:30.779+0000] {processor.py:161} INFO - Started process (PID=6678) to work on /opt/airflow/dags/minio_to_snowflake.py
[2026-04-04T09:09:30.781+0000] {processor.py:830} INFO - Processing file /opt/airflow/dags/minio_to_snowflake.py for tasks to queue
[2026-04-04T09:09:30.782+0000] {logging_mixin.py:188} INFO - [2026-04-04T09:09:30.782+0000] {dagbag.py:545} INFO - Filling up the DagBag from /opt/airflow/dags/minio_to_snowflake.py
[2026-04-04T09:09:32.516+0000] {processor.py:840} INFO - DAG(s) 'minio_to_snowflake_pipeline' retrieved from /opt/airflow/dags/minio_to_snowflake.py
[2026-04-04T09:09:32.554+0000] {logging_mixin.py:188} INFO - [2026-04-04T09:09:32.552+0000] {dag.py:3089} INFO - Sync 1 DAGs
[2026-04-04T09:09:32.581+0000] {logging_mixin.py:188} INFO - [2026-04-04T09:09:32.581+0000] {dag.py:3947} INFO - Setting next_dagrun for minio_to_snowflake_pipeline to 2026-04-04 09:00:00+00:00, run_after=2026-04-04 09:10:00+00:00
[2026-04-04T09:09:32.610+0000] {processor.py:183} INFO - Processing /opt/airflow/dags/minio_to_snowflake.py took 1.841 seconds
[2026-04-04T09:10:03.219+0000] {processor.py:161} INFO - Started process (PID=6687) to work on /opt/airflow/dags/minio_to_snowflake.py
[2026-04-04T09:10:03.225+0000] {processor.py:830} INFO - Processing file /opt/airflow/dags/minio_to_snowflake.py for tasks to queue
[2026-04-04T09:10:03.228+0000] {logging_mixin.py:188} INFO - [2026-04-04T09:10:03.227+0000] {dagbag.py:545} INFO - Filling up the DagBag from /opt/airflow/dags/minio_to_snowflake.py
[2026-04-04T09:10:07.153+0000] {processor.py:840} INFO - DAG(s) 'minio_to_snowflake_pipeline' retrieved from /opt/airflow/dags/minio_to_snowflake.py
[2026-04-04T09:10:07.664+0000] {logging_mixin.py:188} INFO - [2026-04-04T09:10:07.663+0000] {dag.py:3089} INFO - Sync 1 DAGs
[2026-04-04T09:10:08.101+0000] {processor.py:183} INFO - Processing /opt/airflow/dags/minio_to_snowflake.py took 4.893 seconds
[2026-04-04T09:10:38.547+0000] {processor.py:161} INFO - Started process (PID=6696) to work on /opt/airflow/dags/minio_to_snowflake.py
[2026-04-04T09:10:38.548+0000] {processor.py:830} INFO - Processing file /opt/airflow/dags/minio_to_snowflake.py for tasks to queue
[2026-04-04T09:10:38.550+0000] {logging_mixin.py:188} INFO - [2026-04-04T09:10:38.549+0000] {dagbag.py:545} INFO - Filling up the DagBag from /opt/airflow/dags/minio_to_snowflake.py
[2026-04-04T09:10:39.881+0000] {processor.py:840} INFO - DAG(s) 'minio_to_snowflake_pipeline' retrieved from /opt/airflow/dags/minio_to_snowflake.py
[2026-04-04T09:10:39.913+0000] {logging_mixin.py:188} INFO - [2026-04-04T09:10:39.913+0000] {dag.py:3089} INFO - Sync 1 DAGs
[2026-04-04T09:10:39.939+0000] {logging_mixin.py:188} INFO - [2026-04-04T09:10:39.938+0000] {dag.py:3947} INFO - Setting next_dagrun for minio_to_snowflake_pipeline to 2026-04-04 09:10:00+00:00, run_after=2026-04-04 09:20:00+00:00
[2026-04-04T09:10:39.965+0000] {processor.py:183} INFO - Processing /opt/airflow/dags/minio_to_snowflake.py took 1.431 seconds
[2026-04-04T09:11:10.281+0000] {processor.py:161} INFO - Started process (PID=6703) to work on /opt/airflow/dags/minio_to_snowflake.py
[2026-04-04T09:11:10.284+0000] {processor.py:830} INFO - Processing file /opt/airflow/dags/minio_to_snowflake.py for tasks to queue
[2026-04-04T09:11:10.287+0000] {logging_mixin.py:188} INFO - [2026-04-04T09:11:10.286+0000] {dagbag.py:545} INFO - Filling up the DagBag from /opt/airflow/dags/minio_to_snowflake.py
[2026-04-04T09:11:12.033+0000] {processor.py:840} INFO - DAG(s) 'minio_to_snowflake_pipeline' retrieved from /opt/airflow/dags/minio_to_snowflake.py
[2026-04-04T09:11:12.068+0000] {logging_mixin.py:188} INFO - [2026-04-04T09:11:12.068+0000] {dag.py:3089} INFO - Sync 1 DAGs
[2026-04-04T09:11:12.093+0000] {logging_mixin.py:188} INFO - [2026-04-04T09:11:12.093+0000] {dag.py:3947} INFO - Setting next_dagrun for minio_to_snowflake_pipeline to 2026-04-04 09:10:00+00:00, run_after=2026-04-04 09:20:00+00:00
[2026-04-04T09:11:12.115+0000] {processor.py:183} INFO - Processing /opt/airflow/dags/minio_to_snowflake.py took 1.857 seconds
[2026-04-04T09:11:42.826+0000] {processor.py:161} INFO - Started process (PID=6710) to work on /opt/airflow/dags/minio_to_snowflake.py
[2026-04-04T09:11:42.827+0000] {processor.py:830} INFO - Processing file /opt/airflow/dags/minio_to_snowflake.py for tasks to queue
[2026-04-04T09:11:42.828+0000] {logging_mixin.py:188} INFO - [2026-04-04T09:11:42.828+0000] {dagbag.py:545} INFO - Filling up the DagBag from /opt/airflow/dags/minio_to_snowflake.py
[2026-04-04T09:11:43.919+0000] {processor.py:840} INFO - DAG(s) 'minio_to_snowflake_pipeline' retrieved from /opt/airflow/dags/minio_to_snowflake.py
[2026-04-04T09:11:43.953+0000] {logging_mixin.py:188} INFO - [2026-04-04T09:11:43.951+0000] {dag.py:3089} INFO - Sync 1 DAGs
[2026-04-04T09:11:43.978+0000] {logging_mixin.py:188} INFO - [2026-04-04T09:11:43.978+0000] {dag.py:3947} INFO - Setting next_dagrun for minio_to_snowflake_pipeline to 2026-04-04 09:10:00+00:00, run_after=2026-04-04 09:20:00+00:00
[2026-04-04T09:11:44.004+0000] {processor.py:183} INFO - Processing /opt/airflow/dags/minio_to_snowflake.py took 1.187 seconds
[2026-04-04T09:12:14.291+0000] {processor.py:161} INFO - Started process (PID=6717) to work on /opt/airflow/dags/minio_to_snowflake.py
[2026-04-04T09:12:14.294+0000] {processor.py:830} INFO - Processing file /opt/airflow/dags/minio_to_snowflake.py for tasks to queue
[2026-04-04T09:12:14.297+0000] {logging_mixin.py:188} INFO - [2026-04-04T09:12:14.296+0000] {dagbag.py:545} INFO - Filling up the DagBag from /opt/airflow/dags/minio_to_snowflake.py
[2026-04-04T09:12:15.562+0000] {processor.py:840} INFO - DAG(s) 'minio_to_snowflake_pipeline' retrieved from /opt/airflow/dags/minio_to_snowflake.py
[2026-04-04T09:12:15.597+0000] {logging_mixin.py:188} INFO - [2026-04-04T09:12:15.596+0000] {dag.py:3089} INFO - Sync 1 DAGs
[2026-04-04T09:12:15.621+0000] {logging_mixin.py:188} INFO - [2026-04-04T09:12:15.621+0000] {dag.py:3947} INFO - Setting next_dagrun for minio_to_snowflake_pipeline to 2026-04-04 09:10:00+00:00, run_after=2026-04-04 09:20:00+00:00
[2026-04-04T09:12:15.648+0000] {processor.py:183} INFO - Processing /opt/airflow/dags/minio_to_snowflake.py took 1.381 seconds
[2026-04-04T09:12:45.945+0000] {processor.py:161} INFO - Started process (PID=6724) to work on /opt/airflow/dags/minio_to_snowflake.py
[2026-04-04T09:12:45.947+0000] {processor.py:830} INFO - Processing file /opt/airflow/dags/minio_to_snowflake.py for tasks to queue
[2026-04-04T09:12:45.949+0000] {logging_mixin.py:188} INFO - [2026-04-04T09:12:45.949+0000] {dagbag.py:545} INFO - Filling up the DagBag from /opt/airflow/dags/minio_to_snowflake.py
[2026-04-04T09:12:47.302+0000] {processor.py:840} INFO - DAG(s) 'minio_to_snowflake_pipeline' retrieved from /opt/airflow/dags/minio_to_snowflake.py
[2026-04-04T09:12:47.337+0000] {logging_mixin.py:188} INFO - [2026-04-04T09:12:47.336+0000] {dag.py:3089} INFO - Sync 1 DAGs
[2026-04-04T09:12:47.370+0000] {logging_mixin.py:188} INFO - [2026-04-04T09:12:47.370+0000] {dag.py:3947} INFO - Setting next_dagrun for minio_to_snowflake_pipeline to 2026-04-04 09:10:00+00:00, run_after=2026-04-04 09:20:00+00:00
[2026-04-04T09:12:47.405+0000] {processor.py:183} INFO - Processing /opt/airflow/dags/minio_to_snowflake.py took 1.474 seconds
[2026-04-04T09:13:17.679+0000] {processor.py:161} INFO - Started process (PID=6731) to work on /opt/airflow/dags/minio_to_snowflake.py
[2026-04-04T09:13:17.681+0000] {processor.py:830} INFO - Processing file /opt/airflow/dags/minio_to_snowflake.py for tasks to queue
[2026-04-04T09:13:17.682+0000] {logging_mixin.py:188} INFO - [2026-04-04T09:13:17.682+0000] {dagbag.py:545} INFO - Filling up the DagBag from /opt/airflow/dags/minio_to_snowflake.py
[2026-04-04T09:13:18.870+0000] {processor.py:840} INFO - DAG(s) 'minio_to_snowflake_pipeline' retrieved from /opt/airflow/dags/minio_to_snowflake.py
[2026-04-04T09:13:18.977+0000] {logging_mixin.py:188} INFO - [2026-04-04T09:13:18.976+0000] {dag.py:3089} INFO - Sync 1 DAGs
[2026-04-04T09:13:19.019+0000] {logging_mixin.py:188} INFO - [2026-04-04T09:13:19.018+0000] {dag.py:3947} INFO - Setting next_dagrun for minio_to_snowflake_pipeline to 2026-04-04 09:10:00+00:00, run_after=2026-04-04 09:20:00+00:00
[2026-04-04T09:13:19.048+0000] {processor.py:183} INFO - Processing /opt/airflow/dags/minio_to_snowflake.py took 1.381 seconds
[2026-04-04T09:13:49.296+0000] {processor.py:161} INFO - Started process (PID=6738) to work on /opt/airflow/dags/minio_to_snowflake.py
[2026-04-04T09:13:49.297+0000] {processor.py:830} INFO - Processing file /opt/airflow/dags/minio_to_snowflake.py for tasks to queue
[2026-04-04T09:13:49.299+0000] {logging_mixin.py:188} INFO - [2026-04-04T09:13:49.299+0000] {dagbag.py:545} INFO - Filling up the DagBag from /opt/airflow/dags/minio_to_snowflake.py
[2026-04-04T09:13:50.391+0000] {processor.py:840} INFO - DAG(s) 'minio_to_snowflake_pipeline' retrieved from /opt/airflow/dags/minio_to_snowflake.py
[2026-04-04T09:13:50.425+0000] {logging_mixin.py:188} INFO - [2026-04-04T09:13:50.424+0000] {dag.py:3089} INFO - Sync 1 DAGs
[2026-04-04T09:13:50.456+0000] {logging_mixin.py:188} INFO - [2026-04-04T09:13:50.455+0000] {dag.py:3947} INFO - Setting next_dagrun for minio_to_snowflake_pipeline to 2026-04-04 09:10:00+00:00, run_after=2026-04-04 09:20:00+00:00
[2026-04-04T09:13:50.480+0000] {processor.py:183} INFO - Processing /opt/airflow/dags/minio_to_snowflake.py took 1.195 seconds
[2026-04-04T09:14:20.728+0000] {processor.py:161} INFO - Started process (PID=6745) to work on /opt/airflow/dags/minio_to_snowflake.py
[2026-04-04T09:14:20.729+0000] {processor.py:830} INFO - Processing file /opt/airflow/dags/minio_to_snowflake.py for tasks to queue
[2026-04-04T09:14:20.731+0000] {logging_mixin.py:188} INFO - [2026-04-04T09:14:20.730+0000] {dagbag.py:545} INFO - Filling up the DagBag from /opt/airflow/dags/minio_to_snowflake.py
[2026-04-04T09:14:21.788+0000] {processor.py:840} INFO - DAG(s) 'minio_to_snowflake_pipeline' retrieved from /opt/airflow/dags/minio_to_snowflake.py
[2026-04-04T09:14:21.824+0000] {logging_mixin.py:188} INFO - [2026-04-04T09:14:21.823+0000] {dag.py:3089} INFO - Sync 1 DAGs
[2026-04-04T09:14:21.849+0000] {logging_mixin.py:188} INFO - [2026-04-04T09:14:21.849+0000] {dag.py:3947} INFO - Setting next_dagrun for minio_to_snowflake_pipeline to 2026-04-04 09:10:00+00:00, run_after=2026-04-04 09:20:00+00:00
[2026-04-04T09:14:21.873+0000] {processor.py:183} INFO - Processing /opt/airflow/dags/minio_to_snowflake.py took 1.155 seconds
[2026-04-04T09:14:51.950+0000] {processor.py:161} INFO - Started process (PID=6752) to work on /opt/airflow/dags/minio_to_snowflake.py
[2026-04-04T09:14:51.951+0000] {processor.py:830} INFO - Processing file /opt/airflow/dags/minio_to_snowflake.py for tasks to queue
[2026-04-04T09:14:51.953+0000] {logging_mixin.py:188} INFO - [2026-04-04T09:14:51.952+0000] {dagbag.py:545} INFO - Filling up the DagBag from /opt/airflow/dags/minio_to_snowflake.py
[2026-04-04T09:14:53.037+0000] {processor.py:840} INFO - DAG(s) 'minio_to_snowflake_pipeline' retrieved from /opt/airflow/dags/minio_to_snowflake.py
[2026-04-04T09:14:53.073+0000] {logging_mixin.py:188} INFO - [2026-04-04T09:14:53.072+0000] {dag.py:3089} INFO - Sync 1 DAGs
[2026-04-04T09:14:53.098+0000] {logging_mixin.py:188} INFO - [2026-04-04T09:14:53.098+0000] {dag.py:3947} INFO - Setting next_dagrun for minio_to_snowflake_pipeline to 2026-04-04 09:10:00+00:00, run_after=2026-04-04 09:20:00+00:00
[2026-04-04T09:14:53.126+0000] {processor.py:183} INFO - Processing /opt/airflow/dags/minio_to_snowflake.py took 1.186 seconds
[2026-04-04T09:15:23.341+0000] {processor.py:161} INFO - Started process (PID=6759) to work on /opt/airflow/dags/minio_to_snowflake.py
[2026-04-04T09:15:23.343+0000] {processor.py:830} INFO - Processing file /opt/airflow/dags/minio_to_snowflake.py for tasks to queue
[2026-04-04T09:15:23.345+0000] {logging_mixin.py:188} INFO - [2026-04-04T09:15:23.345+0000] {dagbag.py:545} INFO - Filling up the DagBag from /opt/airflow/dags/minio_to_snowflake.py
[2026-04-04T09:15:24.704+0000] {processor.py:840} INFO - DAG(s) 'minio_to_snowflake_pipeline' retrieved from /opt/airflow/dags/minio_to_snowflake.py
[2026-04-04T09:15:24.747+0000] {logging_mixin.py:188} INFO - [2026-04-04T09:15:24.746+0000] {dag.py:3089} INFO - Sync 1 DAGs
[2026-04-04T09:15:24.785+0000] {logging_mixin.py:188} INFO - [2026-04-04T09:15:24.785+0000] {dag.py:3947} INFO - Setting next_dagrun for minio_to_snowflake_pipeline to 2026-04-04 09:10:00+00:00, run_after=2026-04-04 09:20:00+00:00
[2026-04-04T09:15:24.828+0000] {processor.py:183} INFO - Processing /opt/airflow/dags/minio_to_snowflake.py took 1.499 seconds
[2026-04-04T09:15:55.939+0000] {processor.py:161} INFO - Started process (PID=6766) to work on /opt/airflow/dags/minio_to_snowflake.py
[2026-04-04T09:15:55.953+0000] {processor.py:830} INFO - Processing file /opt/airflow/dags/minio_to_snowflake.py for tasks to queue
[2026-04-04T09:15:55.963+0000] {logging_mixin.py:188} INFO - [2026-04-04T09:15:55.962+0000] {dagbag.py:545} INFO - Filling up the DagBag from /opt/airflow/dags/minio_to_snowflake.py
[2026-04-04T09:16:00.932+0000] {processor.py:840} INFO - DAG(s) 'minio_to_snowflake_pipeline' retrieved from /opt/airflow/dags/minio_to_snowflake.py
[2026-04-04T09:16:01.047+0000] {logging_mixin.py:188} INFO - [2026-04-04T09:16:01.046+0000] {dag.py:3089} INFO - Sync 1 DAGs
[2026-04-04T09:16:01.147+0000] {logging_mixin.py:188} INFO - [2026-04-04T09:16:01.146+0000] {dag.py:3947} INFO - Setting next_dagrun for minio_to_snowflake_pipeline to 2026-04-04 09:10:00+00:00, run_after=2026-04-04 09:20:00+00:00
[2026-04-04T09:16:01.213+0000] {processor.py:183} INFO - Processing /opt/airflow/dags/minio_to_snowflake.py took 5.297 seconds
[2026-04-04T09:16:32.360+0000] {processor.py:161} INFO - Started process (PID=6773) to work on /opt/airflow/dags/minio_to_snowflake.py
[2026-04-04T09:16:32.367+0000] {processor.py:830} INFO - Processing file /opt/airflow/dags/minio_to_snowflake.py for tasks to queue
[2026-04-04T09:16:32.369+0000] {logging_mixin.py:188} INFO - [2026-04-04T09:16:32.368+0000] {dagbag.py:545} INFO - Filling up the DagBag from /opt/airflow/dags/minio_to_snowflake.py
[2026-04-04T09:16:34.187+0000] {processor.py:840} INFO - DAG(s) 'minio_to_snowflake_pipeline' retrieved from /opt/airflow/dags/minio_to_snowflake.py
[2026-04-04T09:16:34.238+0000] {logging_mixin.py:188} INFO - [2026-04-04T09:16:34.237+0000] {dag.py:3089} INFO - Sync 1 DAGs
[2026-04-04T09:16:34.300+0000] {logging_mixin.py:188} INFO - [2026-04-04T09:16:34.300+0000] {dag.py:3947} INFO - Setting next_dagrun for minio_to_snowflake_pipeline to 2026-04-04 09:10:00+00:00, run_after=2026-04-04 09:20:00+00:00
[2026-04-04T09:16:34.334+0000] {processor.py:183} INFO - Processing /opt/airflow/dags/minio_to_snowflake.py took 1.999 seconds
[2026-04-04T09:17:04.664+0000] {processor.py:161} INFO - Started process (PID=6780) to work on /opt/airflow/dags/minio_to_snowflake.py
[2026-04-04T09:17:04.666+0000] {processor.py:830} INFO - Processing file /opt/airflow/dags/minio_to_snowflake.py for tasks to queue
[2026-04-04T09:17:04.670+0000] {logging_mixin.py:188} INFO - [2026-04-04T09:17:04.669+0000] {dagbag.py:545} INFO - Filling up the DagBag from /opt/airflow/dags/minio_to_snowflake.py
[2026-04-04T09:17:06.206+0000] {processor.py:840} INFO - DAG(s) 'minio_to_snowflake_pipeline' retrieved from /opt/airflow/dags/minio_to_snowflake.py
[2026-04-04T09:17:06.236+0000] {logging_mixin.py:188} INFO - [2026-04-04T09:17:06.235+0000] {dag.py:3089} INFO - Sync 1 DAGs
[2026-04-04T09:17:06.262+0000] {logging_mixin.py:188} INFO - [2026-04-04T09:17:06.262+0000] {dag.py:3947} INFO - Setting next_dagrun for minio_to_snowflake_pipeline to 2026-04-04 09:10:00+00:00, run_after=2026-04-04 09:20:00+00:00
[2026-04-04T09:17:06.289+0000] {processor.py:183} INFO - Processing /opt/airflow/dags/minio_to_snowflake.py took 1.636 seconds
[2026-04-04T09:17:36.641+0000] {processor.py:161} INFO - Started process (PID=6787) to work on /opt/airflow/dags/minio_to_snowflake.py
[2026-04-04T09:17:36.642+0000] {processor.py:830} INFO - Processing file /opt/airflow/dags/minio_to_snowflake.py for tasks to queue
[2026-04-04T09:17:36.644+0000] {logging_mixin.py:188} INFO - [2026-04-04T09:17:36.644+0000] {dagbag.py:545} INFO - Filling up the DagBag from /opt/airflow/dags/minio_to_snowflake.py
[2026-04-04T09:17:37.892+0000] {processor.py:840} INFO - DAG(s) 'minio_to_snowflake_pipeline' retrieved from /opt/airflow/dags/minio_to_snowflake.py
[2026-04-04T09:17:37.924+0000] {logging_mixin.py:188} INFO - [2026-04-04T09:17:37.923+0000] {dag.py:3089} INFO - Sync 1 DAGs
[2026-04-04T09:17:37.950+0000] {logging_mixin.py:188} INFO - [2026-04-04T09:17:37.950+0000] {dag.py:3947} INFO - Setting next_dagrun for minio_to_snowflake_pipeline to 2026-04-04 09:10:00+00:00, run_after=2026-04-04 09:20:00+00:00
[2026-04-04T09:17:37.974+0000] {processor.py:183} INFO - Processing /opt/airflow/dags/minio_to_snowflake.py took 1.344 seconds
[2026-04-04T09:18:08.523+0000] {processor.py:161} INFO - Started process (PID=6794) to work on /opt/airflow/dags/minio_to_snowflake.py
[2026-04-04T09:18:08.525+0000] {processor.py:830} INFO - Processing file /opt/airflow/dags/minio_to_snowflake.py for tasks to queue
[2026-04-04T09:18:08.527+0000] {logging_mixin.py:188} INFO - [2026-04-04T09:18:08.526+0000] {dagbag.py:545} INFO - Filling up the DagBag from /opt/airflow/dags/minio_to_snowflake.py
[2026-04-04T09:18:10.548+0000] {processor.py:840} INFO - DAG(s) 'minio_to_snowflake_pipeline' retrieved from /opt/airflow/dags/minio_to_snowflake.py
[2026-04-04T09:18:10.592+0000] {logging_mixin.py:188} INFO - [2026-04-04T09:18:10.591+0000] {dag.py:3089} INFO - Sync 1 DAGs
[2026-04-04T09:18:10.624+0000] {logging_mixin.py:188} INFO - [2026-04-04T09:18:10.624+0000] {dag.py:3947} INFO - Setting next_dagrun for minio_to_snowflake_pipeline to 2026-04-04 09:10:00+00:00, run_after=2026-04-04 09:20:00+00:00
[2026-04-04T09:18:10.658+0000] {processor.py:183} INFO - Processing /opt/airflow/dags/minio_to_snowflake.py took 2.149 seconds
[2026-04-04T09:18:40.807+0000] {processor.py:161} INFO - Started process (PID=6801) to work on /opt/airflow/dags/minio_to_snowflake.py
[2026-04-04T09:18:40.809+0000] {processor.py:830} INFO - Processing file /opt/airflow/dags/minio_to_snowflake.py for tasks to queue
[2026-04-04T09:18:40.810+0000] {logging_mixin.py:188} INFO - [2026-04-04T09:18:40.810+0000] {dagbag.py:545} INFO - Filling up the DagBag from /opt/airflow/dags/minio_to_snowflake.py
[2026-04-04T09:18:42.199+0000] {processor.py:840} INFO - DAG(s) 'minio_to_snowflake_pipeline' retrieved from /opt/airflow/dags/minio_to_snowflake.py
[2026-04-04T09:18:42.282+0000] {logging_mixin.py:188} INFO - [2026-04-04T09:18:42.281+0000] {dag.py:3089} INFO - Sync 1 DAGs
[2026-04-04T09:18:42.311+0000] {logging_mixin.py:188} INFO - [2026-04-04T09:18:42.311+0000] {dag.py:3947} INFO - Setting next_dagrun for minio_to_snowflake_pipeline to 2026-04-04 09:10:00+00:00, run_after=2026-04-04 09:20:00+00:00
[2026-04-04T09:18:42.335+0000] {processor.py:183} INFO - Processing /opt/airflow/dags/minio_to_snowflake.py took 1.537 seconds
[2026-04-04T09:19:26.433+0000] {processor.py:161} INFO - Started process (PID=6808) to work on /opt/airflow/dags/minio_to_snowflake.py
[2026-04-04T09:19:26.439+0000] {processor.py:830} INFO - Processing file /opt/airflow/dags/minio_to_snowflake.py for tasks to queue
[2026-04-04T09:19:26.530+0000] {logging_mixin.py:188} INFO - [2026-04-04T09:19:26.521+0000] {dagbag.py:545} INFO - Filling up the DagBag from /opt/airflow/dags/minio_to_snowflake.py
[2026-04-04T09:19:42.055+0000] {processor.py:840} INFO - DAG(s) 'minio_to_snowflake_pipeline' retrieved from /opt/airflow/dags/minio_to_snowflake.py
[2026-04-04T09:19:42.302+0000] {logging_mixin.py:188} INFO - [2026-04-04T09:19:42.296+0000] {dag.py:3089} INFO - Sync 1 DAGs
[2026-04-04T09:19:42.449+0000] {logging_mixin.py:188} INFO - [2026-04-04T09:19:42.449+0000] {dag.py:3947} INFO - Setting next_dagrun for minio_to_snowflake_pipeline to 2026-04-04 09:10:00+00:00, run_after=2026-04-04 09:20:00+00:00
[2026-04-04T09:19:42.560+0000] {processor.py:183} INFO - Processing /opt/airflow/dags/minio_to_snowflake.py took 16.296 seconds
[2026-04-04T09:20:14.556+0000] {processor.py:161} INFO - Started process (PID=6817) to work on /opt/airflow/dags/minio_to_snowflake.py
[2026-04-04T09:20:14.590+0000] {processor.py:830} INFO - Processing file /opt/airflow/dags/minio_to_snowflake.py for tasks to queue
[2026-04-04T09:20:14.648+0000] {logging_mixin.py:188} INFO - [2026-04-04T09:20:14.626+0000] {dagbag.py:545} INFO - Filling up the DagBag from /opt/airflow/dags/minio_to_snowflake.py
[2026-04-04T09:20:21.052+0000] {processor.py:840} INFO - DAG(s) 'minio_to_snowflake_pipeline' retrieved from /opt/airflow/dags/minio_to_snowflake.py
[2026-04-04T09:20:21.109+0000] {logging_mixin.py:188} INFO - [2026-04-04T09:20:21.108+0000] {dag.py:3089} INFO - Sync 1 DAGs
[2026-04-04T09:20:21.153+0000] {logging_mixin.py:188} INFO - [2026-04-04T09:20:21.153+0000] {dag.py:3947} INFO - Setting next_dagrun for minio_to_snowflake_pipeline to 2026-04-04 09:20:00+00:00, run_after=2026-04-04 09:30:00+00:00
[2026-04-04T09:20:21.190+0000] {processor.py:183} INFO - Processing /opt/airflow/dags/minio_to_snowflake.py took 7.079 seconds
[2026-04-04T09:20:51.419+0000] {processor.py:161} INFO - Started process (PID=6826) to work on /opt/airflow/dags/minio_to_snowflake.py
[2026-04-04T09:20:51.421+0000] {processor.py:830} INFO - Processing file /opt/airflow/dags/minio_to_snowflake.py for tasks to queue
[2026-04-04T09:20:51.423+0000] {logging_mixin.py:188} INFO - [2026-04-04T09:20:51.422+0000] {dagbag.py:545} INFO - Filling up the DagBag from /opt/airflow/dags/minio_to_snowflake.py
[2026-04-04T09:20:53.494+0000] {processor.py:840} INFO - DAG(s) 'minio_to_snowflake_pipeline' retrieved from /opt/airflow/dags/minio_to_snowflake.py
[2026-04-04T09:20:53.534+0000] {logging_mixin.py:188} INFO - [2026-04-04T09:20:53.533+0000] {dag.py:3089} INFO - Sync 1 DAGs
[2026-04-04T09:20:53.564+0000] {logging_mixin.py:188} INFO - [2026-04-04T09:20:53.564+0000] {dag.py:3947} INFO - Setting next_dagrun for minio_to_snowflake_pipeline to 2026-04-04 09:20:00+00:00, run_after=2026-04-04 09:30:00+00:00
[2026-04-04T09:20:53.592+0000] {processor.py:183} INFO - Processing /opt/airflow/dags/minio_to_snowflake.py took 2.187 seconds
[2026-04-04T09:21:23.934+0000] {processor.py:161} INFO - Started process (PID=6833) to work on /opt/airflow/dags/minio_to_snowflake.py
[2026-04-04T09:21:23.939+0000] {processor.py:830} INFO - Processing file /opt/airflow/dags/minio_to_snowflake.py for tasks to queue
[2026-04-04T09:21:23.942+0000] {logging_mixin.py:188} INFO - [2026-04-04T09:21:23.941+0000] {dagbag.py:545} INFO - Filling up the DagBag from /opt/airflow/dags/minio_to_snowflake.py
[2026-04-04T09:21:25.812+0000] {processor.py:840} INFO - DAG(s) 'minio_to_snowflake_pipeline' retrieved from /opt/airflow/dags/minio_to_snowflake.py
[2026-04-04T09:21:25.846+0000] {logging_mixin.py:188} INFO - [2026-04-04T09:21:25.846+0000] {dag.py:3089} INFO - Sync 1 DAGs
[2026-04-04T09:21:25.877+0000] {logging_mixin.py:188} INFO - [2026-04-04T09:21:25.876+0000] {dag.py:3947} INFO - Setting next_dagrun for minio_to_snowflake_pipeline to 2026-04-04 09:20:00+00:00, run_after=2026-04-04 09:30:00+00:00
[2026-04-04T09:21:25.902+0000] {processor.py:183} INFO - Processing /opt/airflow/dags/minio_to_snowflake.py took 1.990 seconds
[2026-04-04T09:21:57.355+0000] {processor.py:161} INFO - Started process (PID=6840) to work on /opt/airflow/dags/minio_to_snowflake.py
[2026-04-04T09:21:57.369+0000] {processor.py:830} INFO - Processing file /opt/airflow/dags/minio_to_snowflake.py for tasks to queue
[2026-04-04T09:21:57.371+0000] {logging_mixin.py:188} INFO - [2026-04-04T09:21:57.370+0000] {dagbag.py:545} INFO - Filling up the DagBag from /opt/airflow/dags/minio_to_snowflake.py
[2026-04-04T09:22:02.836+0000] {processor.py:840} INFO - DAG(s) 'minio_to_snowflake_pipeline' retrieved from /opt/airflow/dags/minio_to_snowflake.py
[2026-04-04T09:22:02.983+0000] {logging_mixin.py:188} INFO - [2026-04-04T09:22:02.981+0000] {dag.py:3089} INFO - Sync 1 DAGs
[2026-04-04T09:22:03.091+0000] {logging_mixin.py:188} INFO - [2026-04-04T09:22:03.090+0000] {dag.py:3947} INFO - Setting next_dagrun for minio_to_snowflake_pipeline to 2026-04-04 09:20:00+00:00, run_after=2026-04-04 09:30:00+00:00
[2026-04-04T09:22:03.155+0000] {processor.py:183} INFO - Processing /opt/airflow/dags/minio_to_snowflake.py took 5.827 seconds
[2026-04-04T09:22:34.037+0000] {processor.py:161} INFO - Started process (PID=6847) to work on /opt/airflow/dags/minio_to_snowflake.py
[2026-04-04T09:22:34.056+0000] {processor.py:830} INFO - Processing file /opt/airflow/dags/minio_to_snowflake.py for tasks to queue
[2026-04-04T09:22:34.059+0000] {logging_mixin.py:188} INFO - [2026-04-04T09:22:34.058+0000] {dagbag.py:545} INFO - Filling up the DagBag from /opt/airflow/dags/minio_to_snowflake.py
[2026-04-04T09:22:39.073+0000] {processor.py:840} INFO - DAG(s) 'minio_to_snowflake_pipeline' retrieved from /opt/airflow/dags/minio_to_snowflake.py
[2026-04-04T09:22:39.219+0000] {logging_mixin.py:188} INFO - [2026-04-04T09:22:39.214+0000] {dag.py:3089} INFO - Sync 1 DAGs
[2026-04-04T09:22:39.305+0000] {logging_mixin.py:188} INFO - [2026-04-04T09:22:39.304+0000] {dag.py:3947} INFO - Setting next_dagrun for minio_to_snowflake_pipeline to 2026-04-04 09:20:00+00:00, run_after=2026-04-04 09:30:00+00:00
[2026-04-04T09:22:39.351+0000] {processor.py:183} INFO - Processing /opt/airflow/dags/minio_to_snowflake.py took 5.473 seconds
[2026-04-04T09:23:10.122+0000] {processor.py:161} INFO - Started process (PID=6854) to work on /opt/airflow/dags/minio_to_snowflake.py
[2026-04-04T09:23:10.135+0000] {processor.py:830} INFO - Processing file /opt/airflow/dags/minio_to_snowflake.py for tasks to queue
[2026-04-04T09:23:10.139+0000] {logging_mixin.py:188} INFO - [2026-04-04T09:23:10.138+0000] {dagbag.py:545} INFO - Filling up the DagBag from /opt/airflow/dags/minio_to_snowflake.py
[2026-04-04T09:23:12.072+0000] {processor.py:840} INFO - DAG(s) 'minio_to_snowflake_pipeline' retrieved from /opt/airflow/dags/minio_to_snowflake.py
[2026-04-04T09:23:12.116+0000] {logging_mixin.py:188} INFO - [2026-04-04T09:23:12.113+0000] {dag.py:3089} INFO - Sync 1 DAGs
[2026-04-04T09:23:12.170+0000] {logging_mixin.py:188} INFO - [2026-04-04T09:23:12.170+0000] {dag.py:3947} INFO - Setting next_dagrun for minio_to_snowflake_pipeline to 2026-04-04 09:20:00+00:00, run_after=2026-04-04 09:30:00+00:00
[2026-04-04T09:23:12.264+0000] {processor.py:183} INFO - Processing /opt/airflow/dags/minio_to_snowflake.py took 2.172 seconds
[2026-04-04T09:23:43.313+0000] {processor.py:161} INFO - Started process (PID=6861) to work on /opt/airflow/dags/minio_to_snowflake.py
[2026-04-04T09:23:43.315+0000] {processor.py:830} INFO - Processing file /opt/airflow/dags/minio_to_snowflake.py for tasks to queue
[2026-04-04T09:23:43.316+0000] {logging_mixin.py:188} INFO - [2026-04-04T09:23:43.316+0000] {dagbag.py:545} INFO - Filling up the DagBag from /opt/airflow/dags/minio_to_snowflake.py
[2026-04-04T09:23:46.849+0000] {processor.py:840} INFO - DAG(s) 'minio_to_snowflake_pipeline' retrieved from /opt/airflow/dags/minio_to_snowflake.py
[2026-04-04T09:23:46.942+0000] {logging_mixin.py:188} INFO - [2026-04-04T09:23:46.941+0000] {dag.py:3089} INFO - Sync 1 DAGs
[2026-04-04T09:23:46.993+0000] {logging_mixin.py:188} INFO - [2026-04-04T09:23:46.992+0000] {dag.py:3947} INFO - Setting next_dagrun for minio_to_snowflake_pipeline to 2026-04-04 09:20:00+00:00, run_after=2026-04-04 09:30:00+00:00
[2026-04-04T09:23:47.031+0000] {processor.py:183} INFO - Processing /opt/airflow/dags/minio_to_snowflake.py took 3.727 seconds
[2026-04-04T09:24:17.985+0000] {processor.py:161} INFO - Started process (PID=6868) to work on /opt/airflow/dags/minio_to_snowflake.py
[2026-04-04T09:24:17.987+0000] {processor.py:830} INFO - Processing file /opt/airflow/dags/minio_to_snowflake.py for tasks to queue
[2026-04-04T09:24:17.990+0000] {logging_mixin.py:188} INFO - [2026-04-04T09:24:17.989+0000] {dagbag.py:545} INFO - Filling up the DagBag from /opt/airflow/dags/minio_to_snowflake.py
[2026-04-04T09:24:20.346+0000] {processor.py:840} INFO - DAG(s) 'minio_to_snowflake_pipeline' retrieved from /opt/airflow/dags/minio_to_snowflake.py
[2026-04-04T09:24:20.399+0000] {logging_mixin.py:188} INFO - [2026-04-04T09:24:20.398+0000] {dag.py:3089} INFO - Sync 1 DAGs
[2026-04-04T09:24:20.466+0000] {logging_mixin.py:188} INFO - [2026-04-04T09:24:20.465+0000] {dag.py:3947} INFO - Setting next_dagrun for minio_to_snowflake_pipeline to 2026-04-04 09:20:00+00:00, run_after=2026-04-04 09:30:00+00:00
[2026-04-04T09:24:20.541+0000] {processor.py:183} INFO - Processing /opt/airflow/dags/minio_to_snowflake.py took 2.591 seconds
[2026-04-04T09:24:51.051+0000] {processor.py:161} INFO - Started process (PID=6875) to work on /opt/airflow/dags/minio_to_snowflake.py
[2026-04-04T09:24:51.053+0000] {processor.py:830} INFO - Processing file /opt/airflow/dags/minio_to_snowflake.py for tasks to queue
[2026-04-04T09:24:51.055+0000] {logging_mixin.py:188} INFO - [2026-04-04T09:24:51.055+0000] {dagbag.py:545} INFO - Filling up the DagBag from /opt/airflow/dags/minio_to_snowflake.py
[2026-04-04T09:24:52.185+0000] {processor.py:840} INFO - DAG(s) 'minio_to_snowflake_pipeline' retrieved from /opt/airflow/dags/minio_to_snowflake.py
[2026-04-04T09:24:52.227+0000] {logging_mixin.py:188} INFO - [2026-04-04T09:24:52.226+0000] {dag.py:3089} INFO - Sync 1 DAGs
[2026-04-04T09:24:52.267+0000] {logging_mixin.py:188} INFO - [2026-04-04T09:24:52.267+0000] {dag.py:3947} INFO - Setting next_dagrun for minio_to_snowflake_pipeline to 2026-04-04 09:20:00+00:00, run_after=2026-04-04 09:30:00+00:00
[2026-04-04T09:24:52.297+0000] {processor.py:183} INFO - Processing /opt/airflow/dags/minio_to_snowflake.py took 1.259 seconds
[2026-04-04T09:25:22.629+0000] {processor.py:161} INFO - Started process (PID=6882) to work on /opt/airflow/dags/minio_to_snowflake.py
[2026-04-04T09:25:22.632+0000] {processor.py:830} INFO - Processing file /opt/airflow/dags/minio_to_snowflake.py for tasks to queue
[2026-04-04T09:25:22.634+0000] {logging_mixin.py:188} INFO - [2026-04-04T09:25:22.633+0000] {dagbag.py:545} INFO - Filling up the DagBag from /opt/airflow/dags/minio_to_snowflake.py
[2026-04-04T09:25:23.782+0000] {processor.py:840} INFO - DAG(s) 'minio_to_snowflake_pipeline' retrieved from /opt/airflow/dags/minio_to_snowflake.py
[2026-04-04T09:25:23.842+0000] {logging_mixin.py:188} INFO - [2026-04-04T09:25:23.837+0000] {dag.py:3089} INFO - Sync 1 DAGs
[2026-04-04T09:25:23.873+0000] {logging_mixin.py:188} INFO - [2026-04-04T09:25:23.873+0000] {dag.py:3947} INFO - Setting next_dagrun for minio_to_snowflake_pipeline to 2026-04-04 09:20:00+00:00, run_after=2026-04-04 09:30:00+00:00
[2026-04-04T09:25:23.904+0000] {processor.py:183} INFO - Processing /opt/airflow/dags/minio_to_snowflake.py took 1.285 seconds
