[2026-04-01T06:49:15.574+0000] {processor.py:161} INFO - Started process (PID=3562) to work on /opt/airflow/dags/minio_to_snowflake.py
[2026-04-01T06:49:15.579+0000] {processor.py:830} INFO - Processing file /opt/airflow/dags/minio_to_snowflake.py for tasks to queue
[2026-04-01T06:49:15.591+0000] {logging_mixin.py:188} INFO - [2026-04-01T06:49:15.583+0000] {dagbag.py:545} INFO - Filling up the DagBag from /opt/airflow/dags/minio_to_snowflake.py
[2026-04-01T06:49:25.793+0000] {processor.py:840} INFO - DAG(s) 'minio_to_snowflake_pipeline' retrieved from /opt/airflow/dags/minio_to_snowflake.py
[2026-04-01T06:49:25.880+0000] {logging_mixin.py:188} INFO - [2026-04-01T06:49:25.877+0000] {dag.py:3089} INFO - Sync 1 DAGs
[2026-04-01T06:49:25.968+0000] {processor.py:183} INFO - Processing /opt/airflow/dags/minio_to_snowflake.py took 10.511 seconds
[2026-04-01T06:49:56.504+0000] {processor.py:161} INFO - Started process (PID=3569) to work on /opt/airflow/dags/minio_to_snowflake.py
[2026-04-01T06:49:56.506+0000] {processor.py:830} INFO - Processing file /opt/airflow/dags/minio_to_snowflake.py for tasks to queue
[2026-04-01T06:49:56.508+0000] {logging_mixin.py:188} INFO - [2026-04-01T06:49:56.508+0000] {dagbag.py:545} INFO - Filling up the DagBag from /opt/airflow/dags/minio_to_snowflake.py
[2026-04-01T06:50:00.118+0000] {processor.py:840} INFO - DAG(s) 'minio_to_snowflake_pipeline' retrieved from /opt/airflow/dags/minio_to_snowflake.py
[2026-04-01T06:50:00.184+0000] {logging_mixin.py:188} INFO - [2026-04-01T06:50:00.182+0000] {dag.py:3089} INFO - Sync 1 DAGs
[2026-04-01T06:50:00.276+0000] {processor.py:183} INFO - Processing /opt/airflow/dags/minio_to_snowflake.py took 3.781 seconds
[2026-04-01T06:50:30.470+0000] {processor.py:161} INFO - Started process (PID=3576) to work on /opt/airflow/dags/minio_to_snowflake.py
[2026-04-01T06:50:30.472+0000] {processor.py:830} INFO - Processing file /opt/airflow/dags/minio_to_snowflake.py for tasks to queue
[2026-04-01T06:50:30.474+0000] {logging_mixin.py:188} INFO - [2026-04-01T06:50:30.474+0000] {dagbag.py:545} INFO - Filling up the DagBag from /opt/airflow/dags/minio_to_snowflake.py
[2026-04-01T06:50:32.077+0000] {processor.py:840} INFO - DAG(s) 'minio_to_snowflake_pipeline' retrieved from /opt/airflow/dags/minio_to_snowflake.py
[2026-04-01T06:50:32.131+0000] {logging_mixin.py:188} INFO - [2026-04-01T06:50:32.131+0000] {dag.py:3089} INFO - Sync 1 DAGs
[2026-04-01T06:50:32.203+0000] {processor.py:183} INFO - Processing /opt/airflow/dags/minio_to_snowflake.py took 1.741 seconds
[2026-04-01T06:51:02.943+0000] {processor.py:161} INFO - Started process (PID=3589) to work on /opt/airflow/dags/minio_to_snowflake.py
[2026-04-01T06:51:02.944+0000] {processor.py:830} INFO - Processing file /opt/airflow/dags/minio_to_snowflake.py for tasks to queue
[2026-04-01T06:51:02.946+0000] {logging_mixin.py:188} INFO - [2026-04-01T06:51:02.945+0000] {dagbag.py:545} INFO - Filling up the DagBag from /opt/airflow/dags/minio_to_snowflake.py
[2026-04-01T06:51:05.063+0000] {processor.py:840} INFO - DAG(s) 'minio_to_snowflake_pipeline' retrieved from /opt/airflow/dags/minio_to_snowflake.py
[2026-04-01T06:51:05.095+0000] {logging_mixin.py:188} INFO - [2026-04-01T06:51:05.094+0000] {dag.py:3089} INFO - Sync 1 DAGs
[2026-04-01T06:51:05.137+0000] {processor.py:183} INFO - Processing /opt/airflow/dags/minio_to_snowflake.py took 2.202 seconds
[2026-04-01T06:51:35.303+0000] {processor.py:161} INFO - Started process (PID=3598) to work on /opt/airflow/dags/minio_to_snowflake.py
[2026-04-01T06:51:35.305+0000] {processor.py:830} INFO - Processing file /opt/airflow/dags/minio_to_snowflake.py for tasks to queue
[2026-04-01T06:51:35.308+0000] {logging_mixin.py:188} INFO - [2026-04-01T06:51:35.307+0000] {dagbag.py:545} INFO - Filling up the DagBag from /opt/airflow/dags/minio_to_snowflake.py
[2026-04-01T06:51:36.629+0000] {processor.py:840} INFO - DAG(s) 'minio_to_snowflake_pipeline' retrieved from /opt/airflow/dags/minio_to_snowflake.py
[2026-04-01T06:51:36.658+0000] {logging_mixin.py:188} INFO - [2026-04-01T06:51:36.657+0000] {dag.py:3089} INFO - Sync 1 DAGs
[2026-04-01T06:51:36.682+0000] {logging_mixin.py:188} INFO - [2026-04-01T06:51:36.682+0000] {dag.py:3947} INFO - Setting next_dagrun for minio_to_snowflake_pipeline to 2026-04-01 06:50:00+00:00, run_after=2026-04-01 07:00:00+00:00
[2026-04-01T06:51:36.706+0000] {processor.py:183} INFO - Processing /opt/airflow/dags/minio_to_snowflake.py took 1.417 seconds
[2026-04-01T06:52:07.185+0000] {processor.py:161} INFO - Started process (PID=3605) to work on /opt/airflow/dags/minio_to_snowflake.py
[2026-04-01T06:52:07.219+0000] {processor.py:830} INFO - Processing file /opt/airflow/dags/minio_to_snowflake.py for tasks to queue
[2026-04-01T06:52:07.225+0000] {logging_mixin.py:188} INFO - [2026-04-01T06:52:07.225+0000] {dagbag.py:545} INFO - Filling up the DagBag from /opt/airflow/dags/minio_to_snowflake.py
[2026-04-01T06:52:13.202+0000] {processor.py:840} INFO - DAG(s) 'minio_to_snowflake_pipeline' retrieved from /opt/airflow/dags/minio_to_snowflake.py
[2026-04-01T06:52:13.295+0000] {logging_mixin.py:188} INFO - [2026-04-01T06:52:13.293+0000] {dag.py:3089} INFO - Sync 1 DAGs
[2026-04-01T06:52:13.385+0000] {logging_mixin.py:188} INFO - [2026-04-01T06:52:13.384+0000] {dag.py:3947} INFO - Setting next_dagrun for minio_to_snowflake_pipeline to 2026-04-01 06:50:00+00:00, run_after=2026-04-01 07:00:00+00:00
[2026-04-01T06:52:13.431+0000] {processor.py:183} INFO - Processing /opt/airflow/dags/minio_to_snowflake.py took 6.283 seconds
[2026-04-01T06:52:44.376+0000] {processor.py:161} INFO - Started process (PID=3612) to work on /opt/airflow/dags/minio_to_snowflake.py
[2026-04-01T06:52:44.380+0000] {processor.py:830} INFO - Processing file /opt/airflow/dags/minio_to_snowflake.py for tasks to queue
[2026-04-01T06:52:44.384+0000] {logging_mixin.py:188} INFO - [2026-04-01T06:52:44.383+0000] {dagbag.py:545} INFO - Filling up the DagBag from /opt/airflow/dags/minio_to_snowflake.py
[2026-04-01T06:52:51.270+0000] {processor.py:840} INFO - DAG(s) 'minio_to_snowflake_pipeline' retrieved from /opt/airflow/dags/minio_to_snowflake.py
[2026-04-01T06:52:51.487+0000] {logging_mixin.py:188} INFO - [2026-04-01T06:52:51.484+0000] {dag.py:3089} INFO - Sync 1 DAGs
[2026-04-01T06:52:51.646+0000] {logging_mixin.py:188} INFO - [2026-04-01T06:52:51.646+0000] {dag.py:3947} INFO - Setting next_dagrun for minio_to_snowflake_pipeline to 2026-04-01 06:50:00+00:00, run_after=2026-04-01 07:00:00+00:00
[2026-04-01T06:52:51.766+0000] {processor.py:183} INFO - Processing /opt/airflow/dags/minio_to_snowflake.py took 7.442 seconds
[2026-04-01T06:53:22.049+0000] {processor.py:161} INFO - Started process (PID=3619) to work on /opt/airflow/dags/minio_to_snowflake.py
[2026-04-01T06:53:22.051+0000] {processor.py:830} INFO - Processing file /opt/airflow/dags/minio_to_snowflake.py for tasks to queue
[2026-04-01T06:53:22.053+0000] {logging_mixin.py:188} INFO - [2026-04-01T06:53:22.052+0000] {dagbag.py:545} INFO - Filling up the DagBag from /opt/airflow/dags/minio_to_snowflake.py
[2026-04-01T06:53:24.291+0000] {processor.py:840} INFO - DAG(s) 'minio_to_snowflake_pipeline' retrieved from /opt/airflow/dags/minio_to_snowflake.py
[2026-04-01T06:53:24.337+0000] {logging_mixin.py:188} INFO - [2026-04-01T06:53:24.336+0000] {dag.py:3089} INFO - Sync 1 DAGs
[2026-04-01T06:53:24.375+0000] {logging_mixin.py:188} INFO - [2026-04-01T06:53:24.374+0000] {dag.py:3947} INFO - Setting next_dagrun for minio_to_snowflake_pipeline to 2026-04-01 06:50:00+00:00, run_after=2026-04-01 07:00:00+00:00
[2026-04-01T06:53:24.408+0000] {processor.py:183} INFO - Processing /opt/airflow/dags/minio_to_snowflake.py took 2.375 seconds
[2026-04-01T06:53:54.720+0000] {processor.py:161} INFO - Started process (PID=3626) to work on /opt/airflow/dags/minio_to_snowflake.py
[2026-04-01T06:53:54.726+0000] {processor.py:830} INFO - Processing file /opt/airflow/dags/minio_to_snowflake.py for tasks to queue
[2026-04-01T06:53:54.728+0000] {logging_mixin.py:188} INFO - [2026-04-01T06:53:54.727+0000] {dagbag.py:545} INFO - Filling up the DagBag from /opt/airflow/dags/minio_to_snowflake.py
[2026-04-01T06:54:01.584+0000] {processor.py:840} INFO - DAG(s) 'minio_to_snowflake_pipeline' retrieved from /opt/airflow/dags/minio_to_snowflake.py
[2026-04-01T06:54:01.657+0000] {logging_mixin.py:188} INFO - [2026-04-01T06:54:01.656+0000] {dag.py:3089} INFO - Sync 1 DAGs
[2026-04-01T06:54:01.698+0000] {logging_mixin.py:188} INFO - [2026-04-01T06:54:01.698+0000] {dag.py:3947} INFO - Setting next_dagrun for minio_to_snowflake_pipeline to 2026-04-01 06:50:00+00:00, run_after=2026-04-01 07:00:00+00:00
[2026-04-01T06:54:01.728+0000] {processor.py:183} INFO - Processing /opt/airflow/dags/minio_to_snowflake.py took 7.022 seconds
[2026-04-01T06:54:32.996+0000] {processor.py:161} INFO - Started process (PID=3633) to work on /opt/airflow/dags/minio_to_snowflake.py
[2026-04-01T06:54:33.011+0000] {processor.py:830} INFO - Processing file /opt/airflow/dags/minio_to_snowflake.py for tasks to queue
[2026-04-01T06:54:33.015+0000] {logging_mixin.py:188} INFO - [2026-04-01T06:54:33.013+0000] {dagbag.py:545} INFO - Filling up the DagBag from /opt/airflow/dags/minio_to_snowflake.py
[2026-04-01T06:54:43.224+0000] {processor.py:840} INFO - DAG(s) 'minio_to_snowflake_pipeline' retrieved from /opt/airflow/dags/minio_to_snowflake.py
[2026-04-01T06:54:43.387+0000] {logging_mixin.py:188} INFO - [2026-04-01T06:54:43.385+0000] {dag.py:3089} INFO - Sync 1 DAGs
[2026-04-01T06:54:43.533+0000] {logging_mixin.py:188} INFO - [2026-04-01T06:54:43.532+0000] {dag.py:3947} INFO - Setting next_dagrun for minio_to_snowflake_pipeline to 2026-04-01 06:50:00+00:00, run_after=2026-04-01 07:00:00+00:00
[2026-04-01T06:54:43.619+0000] {processor.py:183} INFO - Processing /opt/airflow/dags/minio_to_snowflake.py took 10.660 seconds
[2026-04-01T06:55:14.587+0000] {processor.py:161} INFO - Started process (PID=3640) to work on /opt/airflow/dags/minio_to_snowflake.py
[2026-04-01T06:55:14.589+0000] {processor.py:830} INFO - Processing file /opt/airflow/dags/minio_to_snowflake.py for tasks to queue
[2026-04-01T06:55:14.599+0000] {logging_mixin.py:188} INFO - [2026-04-01T06:55:14.597+0000] {dagbag.py:545} INFO - Filling up the DagBag from /opt/airflow/dags/minio_to_snowflake.py
[2026-04-01T06:55:18.057+0000] {processor.py:840} INFO - DAG(s) 'minio_to_snowflake_pipeline' retrieved from /opt/airflow/dags/minio_to_snowflake.py
[2026-04-01T06:55:18.145+0000] {logging_mixin.py:188} INFO - [2026-04-01T06:55:18.144+0000] {dag.py:3089} INFO - Sync 1 DAGs
[2026-04-01T06:55:18.232+0000] {logging_mixin.py:188} INFO - [2026-04-01T06:55:18.232+0000] {dag.py:3947} INFO - Setting next_dagrun for minio_to_snowflake_pipeline to 2026-04-01 06:50:00+00:00, run_after=2026-04-01 07:00:00+00:00
[2026-04-01T06:55:18.304+0000] {processor.py:183} INFO - Processing /opt/airflow/dags/minio_to_snowflake.py took 3.737 seconds
[2026-04-01T06:55:50.143+0000] {processor.py:161} INFO - Started process (PID=3647) to work on /opt/airflow/dags/minio_to_snowflake.py
[2026-04-01T06:55:50.144+0000] {processor.py:830} INFO - Processing file /opt/airflow/dags/minio_to_snowflake.py for tasks to queue
[2026-04-01T06:55:50.147+0000] {logging_mixin.py:188} INFO - [2026-04-01T06:55:50.146+0000] {dagbag.py:545} INFO - Filling up the DagBag from /opt/airflow/dags/minio_to_snowflake.py
[2026-04-01T06:55:52.007+0000] {processor.py:840} INFO - DAG(s) 'minio_to_snowflake_pipeline' retrieved from /opt/airflow/dags/minio_to_snowflake.py
[2026-04-01T06:55:52.040+0000] {logging_mixin.py:188} INFO - [2026-04-01T06:55:52.039+0000] {dag.py:3089} INFO - Sync 1 DAGs
[2026-04-01T06:55:52.073+0000] {logging_mixin.py:188} INFO - [2026-04-01T06:55:52.073+0000] {dag.py:3947} INFO - Setting next_dagrun for minio_to_snowflake_pipeline to 2026-04-01 06:50:00+00:00, run_after=2026-04-01 07:00:00+00:00
[2026-04-01T06:55:52.120+0000] {processor.py:183} INFO - Processing /opt/airflow/dags/minio_to_snowflake.py took 1.989 seconds
[2026-04-01T06:56:22.560+0000] {processor.py:161} INFO - Started process (PID=3654) to work on /opt/airflow/dags/minio_to_snowflake.py
[2026-04-01T06:56:22.563+0000] {processor.py:830} INFO - Processing file /opt/airflow/dags/minio_to_snowflake.py for tasks to queue
[2026-04-01T06:56:22.566+0000] {logging_mixin.py:188} INFO - [2026-04-01T06:56:22.565+0000] {dagbag.py:545} INFO - Filling up the DagBag from /opt/airflow/dags/minio_to_snowflake.py
[2026-04-01T06:56:27.884+0000] {processor.py:840} INFO - DAG(s) 'minio_to_snowflake_pipeline' retrieved from /opt/airflow/dags/minio_to_snowflake.py
[2026-04-01T06:56:27.992+0000] {logging_mixin.py:188} INFO - [2026-04-01T06:56:27.990+0000] {dag.py:3089} INFO - Sync 1 DAGs
[2026-04-01T06:56:28.084+0000] {logging_mixin.py:188} INFO - [2026-04-01T06:56:28.084+0000] {dag.py:3947} INFO - Setting next_dagrun for minio_to_snowflake_pipeline to 2026-04-01 06:50:00+00:00, run_after=2026-04-01 07:00:00+00:00
[2026-04-01T06:56:28.138+0000] {processor.py:183} INFO - Processing /opt/airflow/dags/minio_to_snowflake.py took 5.593 seconds
[2026-04-01T06:56:58.927+0000] {processor.py:161} INFO - Started process (PID=3661) to work on /opt/airflow/dags/minio_to_snowflake.py
[2026-04-01T06:56:58.929+0000] {processor.py:830} INFO - Processing file /opt/airflow/dags/minio_to_snowflake.py for tasks to queue
[2026-04-01T06:56:58.931+0000] {logging_mixin.py:188} INFO - [2026-04-01T06:56:58.930+0000] {dagbag.py:545} INFO - Filling up the DagBag from /opt/airflow/dags/minio_to_snowflake.py
[2026-04-01T06:57:01.655+0000] {processor.py:840} INFO - DAG(s) 'minio_to_snowflake_pipeline' retrieved from /opt/airflow/dags/minio_to_snowflake.py
[2026-04-01T06:57:01.698+0000] {logging_mixin.py:188} INFO - [2026-04-01T06:57:01.697+0000] {dag.py:3089} INFO - Sync 1 DAGs
[2026-04-01T06:57:01.735+0000] {logging_mixin.py:188} INFO - [2026-04-01T06:57:01.735+0000] {dag.py:3947} INFO - Setting next_dagrun for minio_to_snowflake_pipeline to 2026-04-01 06:50:00+00:00, run_after=2026-04-01 07:00:00+00:00
[2026-04-01T06:57:01.761+0000] {processor.py:183} INFO - Processing /opt/airflow/dags/minio_to_snowflake.py took 2.848 seconds
[2026-04-01T06:57:32.428+0000] {processor.py:161} INFO - Started process (PID=3668) to work on /opt/airflow/dags/minio_to_snowflake.py
[2026-04-01T06:57:32.441+0000] {processor.py:830} INFO - Processing file /opt/airflow/dags/minio_to_snowflake.py for tasks to queue
[2026-04-01T06:57:32.444+0000] {logging_mixin.py:188} INFO - [2026-04-01T06:57:32.443+0000] {dagbag.py:545} INFO - Filling up the DagBag from /opt/airflow/dags/minio_to_snowflake.py
[2026-04-01T06:57:38.113+0000] {processor.py:840} INFO - DAG(s) 'minio_to_snowflake_pipeline' retrieved from /opt/airflow/dags/minio_to_snowflake.py
[2026-04-01T06:57:38.167+0000] {logging_mixin.py:188} INFO - [2026-04-01T06:57:38.166+0000] {dag.py:3089} INFO - Sync 1 DAGs
[2026-04-01T06:57:38.212+0000] {logging_mixin.py:188} INFO - [2026-04-01T06:57:38.211+0000] {dag.py:3947} INFO - Setting next_dagrun for minio_to_snowflake_pipeline to 2026-04-01 06:50:00+00:00, run_after=2026-04-01 07:00:00+00:00
[2026-04-01T06:57:38.305+0000] {processor.py:183} INFO - Processing /opt/airflow/dags/minio_to_snowflake.py took 5.905 seconds
[2026-04-01T06:58:08.607+0000] {processor.py:161} INFO - Started process (PID=3675) to work on /opt/airflow/dags/minio_to_snowflake.py
[2026-04-01T06:58:08.610+0000] {processor.py:830} INFO - Processing file /opt/airflow/dags/minio_to_snowflake.py for tasks to queue
[2026-04-01T06:58:08.623+0000] {logging_mixin.py:188} INFO - [2026-04-01T06:58:08.616+0000] {dagbag.py:545} INFO - Filling up the DagBag from /opt/airflow/dags/minio_to_snowflake.py
[2026-04-01T06:58:19.054+0000] {processor.py:840} INFO - DAG(s) 'minio_to_snowflake_pipeline' retrieved from /opt/airflow/dags/minio_to_snowflake.py
[2026-04-01T06:58:19.323+0000] {logging_mixin.py:188} INFO - [2026-04-01T06:58:19.322+0000] {dag.py:3089} INFO - Sync 1 DAGs
[2026-04-01T06:58:19.816+0000] {logging_mixin.py:188} INFO - [2026-04-01T06:58:19.815+0000] {dag.py:3947} INFO - Setting next_dagrun for minio_to_snowflake_pipeline to 2026-04-01 06:50:00+00:00, run_after=2026-04-01 07:00:00+00:00
[2026-04-01T06:58:20.013+0000] {processor.py:183} INFO - Processing /opt/airflow/dags/minio_to_snowflake.py took 11.453 seconds
[2026-04-01T06:58:51.142+0000] {processor.py:161} INFO - Started process (PID=3682) to work on /opt/airflow/dags/minio_to_snowflake.py
[2026-04-01T06:58:51.145+0000] {processor.py:830} INFO - Processing file /opt/airflow/dags/minio_to_snowflake.py for tasks to queue
[2026-04-01T06:58:51.158+0000] {logging_mixin.py:188} INFO - [2026-04-01T06:58:51.157+0000] {dagbag.py:545} INFO - Filling up the DagBag from /opt/airflow/dags/minio_to_snowflake.py
[2026-04-01T06:58:56.305+0000] {processor.py:840} INFO - DAG(s) 'minio_to_snowflake_pipeline' retrieved from /opt/airflow/dags/minio_to_snowflake.py
[2026-04-01T06:58:56.494+0000] {logging_mixin.py:188} INFO - [2026-04-01T06:58:56.483+0000] {dag.py:3089} INFO - Sync 1 DAGs
[2026-04-01T06:58:56.594+0000] {logging_mixin.py:188} INFO - [2026-04-01T06:58:56.594+0000] {dag.py:3947} INFO - Setting next_dagrun for minio_to_snowflake_pipeline to 2026-04-01 06:50:00+00:00, run_after=2026-04-01 07:00:00+00:00
[2026-04-01T06:58:56.674+0000] {processor.py:183} INFO - Processing /opt/airflow/dags/minio_to_snowflake.py took 5.565 seconds
[2026-04-01T06:59:26.910+0000] {processor.py:161} INFO - Started process (PID=3689) to work on /opt/airflow/dags/minio_to_snowflake.py
[2026-04-01T06:59:26.912+0000] {processor.py:830} INFO - Processing file /opt/airflow/dags/minio_to_snowflake.py for tasks to queue
[2026-04-01T06:59:26.914+0000] {logging_mixin.py:188} INFO - [2026-04-01T06:59:26.913+0000] {dagbag.py:545} INFO - Filling up the DagBag from /opt/airflow/dags/minio_to_snowflake.py
[2026-04-01T06:59:28.731+0000] {processor.py:840} INFO - DAG(s) 'minio_to_snowflake_pipeline' retrieved from /opt/airflow/dags/minio_to_snowflake.py
[2026-04-01T06:59:28.770+0000] {logging_mixin.py:188} INFO - [2026-04-01T06:59:28.770+0000] {dag.py:3089} INFO - Sync 1 DAGs
[2026-04-01T06:59:28.801+0000] {logging_mixin.py:188} INFO - [2026-04-01T06:59:28.800+0000] {dag.py:3947} INFO - Setting next_dagrun for minio_to_snowflake_pipeline to 2026-04-01 06:50:00+00:00, run_after=2026-04-01 07:00:00+00:00
[2026-04-01T06:59:28.828+0000] {processor.py:183} INFO - Processing /opt/airflow/dags/minio_to_snowflake.py took 1.932 seconds
[2026-04-01T06:59:59.475+0000] {processor.py:161} INFO - Started process (PID=3696) to work on /opt/airflow/dags/minio_to_snowflake.py
[2026-04-01T06:59:59.477+0000] {processor.py:830} INFO - Processing file /opt/airflow/dags/minio_to_snowflake.py for tasks to queue
[2026-04-01T06:59:59.479+0000] {logging_mixin.py:188} INFO - [2026-04-01T06:59:59.479+0000] {dagbag.py:545} INFO - Filling up the DagBag from /opt/airflow/dags/minio_to_snowflake.py
[2026-04-01T07:00:00.807+0000] {processor.py:840} INFO - DAG(s) 'minio_to_snowflake_pipeline' retrieved from /opt/airflow/dags/minio_to_snowflake.py
[2026-04-01T07:00:00.857+0000] {logging_mixin.py:188} INFO - [2026-04-01T07:00:00.857+0000] {dag.py:3089} INFO - Sync 1 DAGs
[2026-04-01T07:00:00.909+0000] {processor.py:183} INFO - Processing /opt/airflow/dags/minio_to_snowflake.py took 1.445 seconds
[2026-04-01T07:00:31.217+0000] {processor.py:161} INFO - Started process (PID=3707) to work on /opt/airflow/dags/minio_to_snowflake.py
[2026-04-01T07:00:31.219+0000] {processor.py:830} INFO - Processing file /opt/airflow/dags/minio_to_snowflake.py for tasks to queue
[2026-04-01T07:00:31.222+0000] {logging_mixin.py:188} INFO - [2026-04-01T07:00:31.221+0000] {dagbag.py:545} INFO - Filling up the DagBag from /opt/airflow/dags/minio_to_snowflake.py
[2026-04-01T07:00:32.360+0000] {processor.py:840} INFO - DAG(s) 'minio_to_snowflake_pipeline' retrieved from /opt/airflow/dags/minio_to_snowflake.py
[2026-04-01T07:00:32.390+0000] {logging_mixin.py:188} INFO - [2026-04-01T07:00:32.389+0000] {dag.py:3089} INFO - Sync 1 DAGs
[2026-04-01T07:00:32.414+0000] {logging_mixin.py:188} INFO - [2026-04-01T07:00:32.413+0000] {dag.py:3947} INFO - Setting next_dagrun for minio_to_snowflake_pipeline to 2026-04-01 07:00:00+00:00, run_after=2026-04-01 07:10:00+00:00
[2026-04-01T07:00:32.446+0000] {processor.py:183} INFO - Processing /opt/airflow/dags/minio_to_snowflake.py took 1.238 seconds
[2026-04-01T07:01:02.764+0000] {processor.py:161} INFO - Started process (PID=3714) to work on /opt/airflow/dags/minio_to_snowflake.py
[2026-04-01T07:01:02.769+0000] {processor.py:830} INFO - Processing file /opt/airflow/dags/minio_to_snowflake.py for tasks to queue
[2026-04-01T07:01:02.774+0000] {logging_mixin.py:188} INFO - [2026-04-01T07:01:02.771+0000] {dagbag.py:545} INFO - Filling up the DagBag from /opt/airflow/dags/minio_to_snowflake.py
[2026-04-01T07:01:08.346+0000] {processor.py:840} INFO - DAG(s) 'minio_to_snowflake_pipeline' retrieved from /opt/airflow/dags/minio_to_snowflake.py
[2026-04-01T07:01:08.386+0000] {logging_mixin.py:188} INFO - [2026-04-01T07:01:08.385+0000] {dag.py:3089} INFO - Sync 1 DAGs
[2026-04-01T07:01:08.414+0000] {logging_mixin.py:188} INFO - [2026-04-01T07:01:08.414+0000] {dag.py:3947} INFO - Setting next_dagrun for minio_to_snowflake_pipeline to 2026-04-01 07:00:00+00:00, run_after=2026-04-01 07:10:00+00:00
[2026-04-01T07:01:08.449+0000] {processor.py:183} INFO - Processing /opt/airflow/dags/minio_to_snowflake.py took 5.700 seconds
[2026-04-01T07:01:39.202+0000] {processor.py:161} INFO - Started process (PID=3721) to work on /opt/airflow/dags/minio_to_snowflake.py
[2026-04-01T07:01:39.206+0000] {processor.py:830} INFO - Processing file /opt/airflow/dags/minio_to_snowflake.py for tasks to queue
[2026-04-01T07:01:39.208+0000] {logging_mixin.py:188} INFO - [2026-04-01T07:01:39.208+0000] {dagbag.py:545} INFO - Filling up the DagBag from /opt/airflow/dags/minio_to_snowflake.py
[2026-04-01T07:01:40.641+0000] {processor.py:840} INFO - DAG(s) 'minio_to_snowflake_pipeline' retrieved from /opt/airflow/dags/minio_to_snowflake.py
[2026-04-01T07:01:40.676+0000] {logging_mixin.py:188} INFO - [2026-04-01T07:01:40.675+0000] {dag.py:3089} INFO - Sync 1 DAGs
[2026-04-01T07:01:40.703+0000] {logging_mixin.py:188} INFO - [2026-04-01T07:01:40.702+0000] {dag.py:3947} INFO - Setting next_dagrun for minio_to_snowflake_pipeline to 2026-04-01 07:00:00+00:00, run_after=2026-04-01 07:10:00+00:00
[2026-04-01T07:01:40.729+0000] {processor.py:183} INFO - Processing /opt/airflow/dags/minio_to_snowflake.py took 1.537 seconds
[2026-04-01T07:02:11.119+0000] {processor.py:161} INFO - Started process (PID=3728) to work on /opt/airflow/dags/minio_to_snowflake.py
[2026-04-01T07:02:11.122+0000] {processor.py:830} INFO - Processing file /opt/airflow/dags/minio_to_snowflake.py for tasks to queue
[2026-04-01T07:02:11.123+0000] {logging_mixin.py:188} INFO - [2026-04-01T07:02:11.123+0000] {dagbag.py:545} INFO - Filling up the DagBag from /opt/airflow/dags/minio_to_snowflake.py
[2026-04-01T07:02:12.250+0000] {processor.py:840} INFO - DAG(s) 'minio_to_snowflake_pipeline' retrieved from /opt/airflow/dags/minio_to_snowflake.py
[2026-04-01T07:02:12.291+0000] {logging_mixin.py:188} INFO - [2026-04-01T07:02:12.290+0000] {dag.py:3089} INFO - Sync 1 DAGs
[2026-04-01T07:02:12.317+0000] {logging_mixin.py:188} INFO - [2026-04-01T07:02:12.317+0000] {dag.py:3947} INFO - Setting next_dagrun for minio_to_snowflake_pipeline to 2026-04-01 07:00:00+00:00, run_after=2026-04-01 07:10:00+00:00
[2026-04-01T07:02:12.342+0000] {processor.py:183} INFO - Processing /opt/airflow/dags/minio_to_snowflake.py took 1.234 seconds
[2026-04-01T07:02:42.661+0000] {processor.py:161} INFO - Started process (PID=3735) to work on /opt/airflow/dags/minio_to_snowflake.py
[2026-04-01T07:02:42.663+0000] {processor.py:830} INFO - Processing file /opt/airflow/dags/minio_to_snowflake.py for tasks to queue
[2026-04-01T07:02:42.665+0000] {logging_mixin.py:188} INFO - [2026-04-01T07:02:42.664+0000] {dagbag.py:545} INFO - Filling up the DagBag from /opt/airflow/dags/minio_to_snowflake.py
[2026-04-01T07:02:43.728+0000] {processor.py:840} INFO - DAG(s) 'minio_to_snowflake_pipeline' retrieved from /opt/airflow/dags/minio_to_snowflake.py
[2026-04-01T07:02:43.777+0000] {logging_mixin.py:188} INFO - [2026-04-01T07:02:43.776+0000] {dag.py:3089} INFO - Sync 1 DAGs
[2026-04-01T07:02:43.803+0000] {logging_mixin.py:188} INFO - [2026-04-01T07:02:43.803+0000] {dag.py:3947} INFO - Setting next_dagrun for minio_to_snowflake_pipeline to 2026-04-01 07:00:00+00:00, run_after=2026-04-01 07:10:00+00:00
[2026-04-01T07:02:43.829+0000] {processor.py:183} INFO - Processing /opt/airflow/dags/minio_to_snowflake.py took 1.176 seconds
[2026-04-01T07:03:14.320+0000] {processor.py:161} INFO - Started process (PID=3742) to work on /opt/airflow/dags/minio_to_snowflake.py
[2026-04-01T07:03:14.321+0000] {processor.py:830} INFO - Processing file /opt/airflow/dags/minio_to_snowflake.py for tasks to queue
[2026-04-01T07:03:14.329+0000] {logging_mixin.py:188} INFO - [2026-04-01T07:03:14.326+0000] {dagbag.py:545} INFO - Filling up the DagBag from /opt/airflow/dags/minio_to_snowflake.py
[2026-04-01T07:03:17.484+0000] {processor.py:840} INFO - DAG(s) 'minio_to_snowflake_pipeline' retrieved from /opt/airflow/dags/minio_to_snowflake.py
[2026-04-01T07:03:17.544+0000] {logging_mixin.py:188} INFO - [2026-04-01T07:03:17.543+0000] {dag.py:3089} INFO - Sync 1 DAGs
[2026-04-01T07:03:17.587+0000] {logging_mixin.py:188} INFO - [2026-04-01T07:03:17.586+0000] {dag.py:3947} INFO - Setting next_dagrun for minio_to_snowflake_pipeline to 2026-04-01 07:00:00+00:00, run_after=2026-04-01 07:10:00+00:00
[2026-04-01T07:03:17.661+0000] {processor.py:183} INFO - Processing /opt/airflow/dags/minio_to_snowflake.py took 3.358 seconds
[2026-04-01T07:03:47.950+0000] {processor.py:161} INFO - Started process (PID=3749) to work on /opt/airflow/dags/minio_to_snowflake.py
[2026-04-01T07:03:47.953+0000] {processor.py:830} INFO - Processing file /opt/airflow/dags/minio_to_snowflake.py for tasks to queue
[2026-04-01T07:03:47.956+0000] {logging_mixin.py:188} INFO - [2026-04-01T07:03:47.955+0000] {dagbag.py:545} INFO - Filling up the DagBag from /opt/airflow/dags/minio_to_snowflake.py
[2026-04-01T07:03:49.294+0000] {processor.py:840} INFO - DAG(s) 'minio_to_snowflake_pipeline' retrieved from /opt/airflow/dags/minio_to_snowflake.py
[2026-04-01T07:03:49.330+0000] {logging_mixin.py:188} INFO - [2026-04-01T07:03:49.329+0000] {dag.py:3089} INFO - Sync 1 DAGs
[2026-04-01T07:03:49.357+0000] {logging_mixin.py:188} INFO - [2026-04-01T07:03:49.357+0000] {dag.py:3947} INFO - Setting next_dagrun for minio_to_snowflake_pipeline to 2026-04-01 07:00:00+00:00, run_after=2026-04-01 07:10:00+00:00
[2026-04-01T07:03:49.380+0000] {processor.py:183} INFO - Processing /opt/airflow/dags/minio_to_snowflake.py took 1.448 seconds
[2026-04-01T07:04:19.636+0000] {processor.py:161} INFO - Started process (PID=3756) to work on /opt/airflow/dags/minio_to_snowflake.py
[2026-04-01T07:04:19.642+0000] {processor.py:830} INFO - Processing file /opt/airflow/dags/minio_to_snowflake.py for tasks to queue
[2026-04-01T07:04:19.644+0000] {logging_mixin.py:188} INFO - [2026-04-01T07:04:19.643+0000] {dagbag.py:545} INFO - Filling up the DagBag from /opt/airflow/dags/minio_to_snowflake.py
[2026-04-01T07:04:20.836+0000] {processor.py:840} INFO - DAG(s) 'minio_to_snowflake_pipeline' retrieved from /opt/airflow/dags/minio_to_snowflake.py
[2026-04-01T07:04:20.871+0000] {logging_mixin.py:188} INFO - [2026-04-01T07:04:20.871+0000] {dag.py:3089} INFO - Sync 1 DAGs
[2026-04-01T07:04:20.896+0000] {logging_mixin.py:188} INFO - [2026-04-01T07:04:20.896+0000] {dag.py:3947} INFO - Setting next_dagrun for minio_to_snowflake_pipeline to 2026-04-01 07:00:00+00:00, run_after=2026-04-01 07:10:00+00:00
[2026-04-01T07:04:20.922+0000] {processor.py:183} INFO - Processing /opt/airflow/dags/minio_to_snowflake.py took 1.308 seconds
[2026-04-01T07:04:51.182+0000] {processor.py:161} INFO - Started process (PID=3763) to work on /opt/airflow/dags/minio_to_snowflake.py
[2026-04-01T07:04:51.184+0000] {processor.py:830} INFO - Processing file /opt/airflow/dags/minio_to_snowflake.py for tasks to queue
[2026-04-01T07:04:51.186+0000] {logging_mixin.py:188} INFO - [2026-04-01T07:04:51.185+0000] {dagbag.py:545} INFO - Filling up the DagBag from /opt/airflow/dags/minio_to_snowflake.py
[2026-04-01T07:04:52.523+0000] {processor.py:840} INFO - DAG(s) 'minio_to_snowflake_pipeline' retrieved from /opt/airflow/dags/minio_to_snowflake.py
[2026-04-01T07:04:52.559+0000] {logging_mixin.py:188} INFO - [2026-04-01T07:04:52.557+0000] {dag.py:3089} INFO - Sync 1 DAGs
[2026-04-01T07:04:52.596+0000] {logging_mixin.py:188} INFO - [2026-04-01T07:04:52.595+0000] {dag.py:3947} INFO - Setting next_dagrun for minio_to_snowflake_pipeline to 2026-04-01 07:00:00+00:00, run_after=2026-04-01 07:10:00+00:00
[2026-04-01T07:04:52.633+0000] {processor.py:183} INFO - Processing /opt/airflow/dags/minio_to_snowflake.py took 1.460 seconds
[2026-04-01T07:05:23.065+0000] {processor.py:161} INFO - Started process (PID=3770) to work on /opt/airflow/dags/minio_to_snowflake.py
[2026-04-01T07:05:23.070+0000] {processor.py:830} INFO - Processing file /opt/airflow/dags/minio_to_snowflake.py for tasks to queue
[2026-04-01T07:05:23.078+0000] {logging_mixin.py:188} INFO - [2026-04-01T07:05:23.077+0000] {dagbag.py:545} INFO - Filling up the DagBag from /opt/airflow/dags/minio_to_snowflake.py
[2026-04-01T07:05:32.359+0000] {processor.py:840} INFO - DAG(s) 'minio_to_snowflake_pipeline' retrieved from /opt/airflow/dags/minio_to_snowflake.py
[2026-04-01T07:05:32.540+0000] {logging_mixin.py:188} INFO - [2026-04-01T07:05:32.539+0000] {dag.py:3089} INFO - Sync 1 DAGs
[2026-04-01T07:05:32.670+0000] {logging_mixin.py:188} INFO - [2026-04-01T07:05:32.670+0000] {dag.py:3947} INFO - Setting next_dagrun for minio_to_snowflake_pipeline to 2026-04-01 07:00:00+00:00, run_after=2026-04-01 07:10:00+00:00
[2026-04-01T07:05:34.109+0000] {processor.py:183} INFO - Processing /opt/airflow/dags/minio_to_snowflake.py took 11.074 seconds
[2026-04-01T07:06:05.362+0000] {processor.py:161} INFO - Started process (PID=3777) to work on /opt/airflow/dags/minio_to_snowflake.py
[2026-04-01T07:06:05.364+0000] {processor.py:830} INFO - Processing file /opt/airflow/dags/minio_to_snowflake.py for tasks to queue
[2026-04-01T07:06:05.366+0000] {logging_mixin.py:188} INFO - [2026-04-01T07:06:05.366+0000] {dagbag.py:545} INFO - Filling up the DagBag from /opt/airflow/dags/minio_to_snowflake.py
[2026-04-01T07:06:07.098+0000] {processor.py:840} INFO - DAG(s) 'minio_to_snowflake_pipeline' retrieved from /opt/airflow/dags/minio_to_snowflake.py
[2026-04-01T07:06:07.130+0000] {logging_mixin.py:188} INFO - [2026-04-01T07:06:07.130+0000] {dag.py:3089} INFO - Sync 1 DAGs
[2026-04-01T07:06:07.155+0000] {logging_mixin.py:188} INFO - [2026-04-01T07:06:07.155+0000] {dag.py:3947} INFO - Setting next_dagrun for minio_to_snowflake_pipeline to 2026-04-01 07:00:00+00:00, run_after=2026-04-01 07:10:00+00:00
[2026-04-01T07:06:07.179+0000] {processor.py:183} INFO - Processing /opt/airflow/dags/minio_to_snowflake.py took 1.826 seconds
[2026-04-01T07:06:37.662+0000] {processor.py:161} INFO - Started process (PID=3784) to work on /opt/airflow/dags/minio_to_snowflake.py
[2026-04-01T07:06:37.664+0000] {processor.py:830} INFO - Processing file /opt/airflow/dags/minio_to_snowflake.py for tasks to queue
[2026-04-01T07:06:37.666+0000] {logging_mixin.py:188} INFO - [2026-04-01T07:06:37.665+0000] {dagbag.py:545} INFO - Filling up the DagBag from /opt/airflow/dags/minio_to_snowflake.py
[2026-04-01T07:06:38.773+0000] {processor.py:840} INFO - DAG(s) 'minio_to_snowflake_pipeline' retrieved from /opt/airflow/dags/minio_to_snowflake.py
[2026-04-01T07:06:38.807+0000] {logging_mixin.py:188} INFO - [2026-04-01T07:06:38.807+0000] {dag.py:3089} INFO - Sync 1 DAGs
[2026-04-01T07:06:38.833+0000] {logging_mixin.py:188} INFO - [2026-04-01T07:06:38.832+0000] {dag.py:3947} INFO - Setting next_dagrun for minio_to_snowflake_pipeline to 2026-04-01 07:00:00+00:00, run_after=2026-04-01 07:10:00+00:00
[2026-04-01T07:06:38.855+0000] {processor.py:183} INFO - Processing /opt/airflow/dags/minio_to_snowflake.py took 1.200 seconds
[2026-04-01T07:07:09.144+0000] {processor.py:161} INFO - Started process (PID=3791) to work on /opt/airflow/dags/minio_to_snowflake.py
[2026-04-01T07:07:09.146+0000] {processor.py:830} INFO - Processing file /opt/airflow/dags/minio_to_snowflake.py for tasks to queue
[2026-04-01T07:07:09.148+0000] {logging_mixin.py:188} INFO - [2026-04-01T07:07:09.148+0000] {dagbag.py:545} INFO - Filling up the DagBag from /opt/airflow/dags/minio_to_snowflake.py
[2026-04-01T07:07:10.267+0000] {processor.py:840} INFO - DAG(s) 'minio_to_snowflake_pipeline' retrieved from /opt/airflow/dags/minio_to_snowflake.py
[2026-04-01T07:07:10.296+0000] {logging_mixin.py:188} INFO - [2026-04-01T07:07:10.296+0000] {dag.py:3089} INFO - Sync 1 DAGs
[2026-04-01T07:07:10.320+0000] {logging_mixin.py:188} INFO - [2026-04-01T07:07:10.320+0000] {dag.py:3947} INFO - Setting next_dagrun for minio_to_snowflake_pipeline to 2026-04-01 07:00:00+00:00, run_after=2026-04-01 07:10:00+00:00
[2026-04-01T07:07:10.340+0000] {processor.py:183} INFO - Processing /opt/airflow/dags/minio_to_snowflake.py took 1.205 seconds
[2026-04-01T07:07:40.569+0000] {processor.py:161} INFO - Started process (PID=3798) to work on /opt/airflow/dags/minio_to_snowflake.py
[2026-04-01T07:07:40.572+0000] {processor.py:830} INFO - Processing file /opt/airflow/dags/minio_to_snowflake.py for tasks to queue
[2026-04-01T07:07:40.573+0000] {logging_mixin.py:188} INFO - [2026-04-01T07:07:40.573+0000] {dagbag.py:545} INFO - Filling up the DagBag from /opt/airflow/dags/minio_to_snowflake.py
[2026-04-01T07:07:42.229+0000] {processor.py:840} INFO - DAG(s) 'minio_to_snowflake_pipeline' retrieved from /opt/airflow/dags/minio_to_snowflake.py
[2026-04-01T07:07:42.290+0000] {logging_mixin.py:188} INFO - [2026-04-01T07:07:42.289+0000] {dag.py:3089} INFO - Sync 1 DAGs
[2026-04-01T07:07:42.357+0000] {logging_mixin.py:188} INFO - [2026-04-01T07:07:42.357+0000] {dag.py:3947} INFO - Setting next_dagrun for minio_to_snowflake_pipeline to 2026-04-01 07:00:00+00:00, run_after=2026-04-01 07:10:00+00:00
[2026-04-01T07:07:42.403+0000] {processor.py:183} INFO - Processing /opt/airflow/dags/minio_to_snowflake.py took 1.846 seconds
[2026-04-01T07:08:13.224+0000] {processor.py:161} INFO - Started process (PID=3805) to work on /opt/airflow/dags/minio_to_snowflake.py
[2026-04-01T07:08:13.236+0000] {processor.py:830} INFO - Processing file /opt/airflow/dags/minio_to_snowflake.py for tasks to queue
[2026-04-01T07:08:13.239+0000] {logging_mixin.py:188} INFO - [2026-04-01T07:08:13.238+0000] {dagbag.py:545} INFO - Filling up the DagBag from /opt/airflow/dags/minio_to_snowflake.py
[2026-04-01T07:08:16.966+0000] {processor.py:840} INFO - DAG(s) 'minio_to_snowflake_pipeline' retrieved from /opt/airflow/dags/minio_to_snowflake.py
[2026-04-01T07:08:17.009+0000] {logging_mixin.py:188} INFO - [2026-04-01T07:08:17.008+0000] {dag.py:3089} INFO - Sync 1 DAGs
[2026-04-01T07:08:17.036+0000] {logging_mixin.py:188} INFO - [2026-04-01T07:08:17.036+0000] {dag.py:3947} INFO - Setting next_dagrun for minio_to_snowflake_pipeline to 2026-04-01 07:00:00+00:00, run_after=2026-04-01 07:10:00+00:00
[2026-04-01T07:08:17.061+0000] {processor.py:183} INFO - Processing /opt/airflow/dags/minio_to_snowflake.py took 3.876 seconds
[2026-04-01T07:08:47.839+0000] {processor.py:161} INFO - Started process (PID=3812) to work on /opt/airflow/dags/minio_to_snowflake.py
[2026-04-01T07:08:47.888+0000] {processor.py:830} INFO - Processing file /opt/airflow/dags/minio_to_snowflake.py for tasks to queue
[2026-04-01T07:08:47.902+0000] {logging_mixin.py:188} INFO - [2026-04-01T07:08:47.894+0000] {dagbag.py:545} INFO - Filling up the DagBag from /opt/airflow/dags/minio_to_snowflake.py
[2026-04-01T07:08:50.744+0000] {processor.py:840} INFO - DAG(s) 'minio_to_snowflake_pipeline' retrieved from /opt/airflow/dags/minio_to_snowflake.py
[2026-04-01T07:08:50.821+0000] {logging_mixin.py:188} INFO - [2026-04-01T07:08:50.811+0000] {dag.py:3089} INFO - Sync 1 DAGs
[2026-04-01T07:08:50.925+0000] {logging_mixin.py:188} INFO - [2026-04-01T07:08:50.924+0000] {dag.py:3947} INFO - Setting next_dagrun for minio_to_snowflake_pipeline to 2026-04-01 07:00:00+00:00, run_after=2026-04-01 07:10:00+00:00
[2026-04-01T07:08:51.009+0000] {processor.py:183} INFO - Processing /opt/airflow/dags/minio_to_snowflake.py took 3.275 seconds
[2026-04-01T07:09:22.975+0000] {processor.py:161} INFO - Started process (PID=3819) to work on /opt/airflow/dags/minio_to_snowflake.py
[2026-04-01T07:09:22.997+0000] {processor.py:830} INFO - Processing file /opt/airflow/dags/minio_to_snowflake.py for tasks to queue
[2026-04-01T07:09:23.016+0000] {logging_mixin.py:188} INFO - [2026-04-01T07:09:23.015+0000] {dagbag.py:545} INFO - Filling up the DagBag from /opt/airflow/dags/minio_to_snowflake.py
[2026-04-01T07:09:27.964+0000] {processor.py:840} INFO - DAG(s) 'minio_to_snowflake_pipeline' retrieved from /opt/airflow/dags/minio_to_snowflake.py
[2026-04-01T07:09:28.416+0000] {logging_mixin.py:188} INFO - [2026-04-01T07:09:28.414+0000] {dag.py:3089} INFO - Sync 1 DAGs
[2026-04-01T07:09:28.610+0000] {logging_mixin.py:188} INFO - [2026-04-01T07:09:28.610+0000] {dag.py:3947} INFO - Setting next_dagrun for minio_to_snowflake_pipeline to 2026-04-01 07:00:00+00:00, run_after=2026-04-01 07:10:00+00:00
[2026-04-01T07:09:28.672+0000] {processor.py:183} INFO - Processing /opt/airflow/dags/minio_to_snowflake.py took 5.706 seconds
[2026-04-01T07:09:59.483+0000] {processor.py:161} INFO - Started process (PID=3826) to work on /opt/airflow/dags/minio_to_snowflake.py
[2026-04-01T07:09:59.499+0000] {processor.py:830} INFO - Processing file /opt/airflow/dags/minio_to_snowflake.py for tasks to queue
[2026-04-01T07:09:59.505+0000] {logging_mixin.py:188} INFO - [2026-04-01T07:09:59.503+0000] {dagbag.py:545} INFO - Filling up the DagBag from /opt/airflow/dags/minio_to_snowflake.py
[2026-04-01T07:10:04.663+0000] {processor.py:840} INFO - DAG(s) 'minio_to_snowflake_pipeline' retrieved from /opt/airflow/dags/minio_to_snowflake.py
[2026-04-01T07:10:04.853+0000] {logging_mixin.py:188} INFO - [2026-04-01T07:10:04.843+0000] {dag.py:3089} INFO - Sync 1 DAGs
[2026-04-01T07:10:05.069+0000] {processor.py:183} INFO - Processing /opt/airflow/dags/minio_to_snowflake.py took 5.612 seconds
[2026-04-01T07:10:35.741+0000] {processor.py:161} INFO - Started process (PID=3837) to work on /opt/airflow/dags/minio_to_snowflake.py
[2026-04-01T07:10:35.742+0000] {processor.py:830} INFO - Processing file /opt/airflow/dags/minio_to_snowflake.py for tasks to queue
[2026-04-01T07:10:35.745+0000] {logging_mixin.py:188} INFO - [2026-04-01T07:10:35.744+0000] {dagbag.py:545} INFO - Filling up the DagBag from /opt/airflow/dags/minio_to_snowflake.py
[2026-04-01T07:10:36.899+0000] {processor.py:840} INFO - DAG(s) 'minio_to_snowflake_pipeline' retrieved from /opt/airflow/dags/minio_to_snowflake.py
[2026-04-01T07:10:36.932+0000] {logging_mixin.py:188} INFO - [2026-04-01T07:10:36.931+0000] {dag.py:3089} INFO - Sync 1 DAGs
[2026-04-01T07:10:36.955+0000] {logging_mixin.py:188} INFO - [2026-04-01T07:10:36.955+0000] {dag.py:3947} INFO - Setting next_dagrun for minio_to_snowflake_pipeline to 2026-04-01 07:10:00+00:00, run_after=2026-04-01 07:20:00+00:00
[2026-04-01T07:10:36.978+0000] {processor.py:183} INFO - Processing /opt/airflow/dags/minio_to_snowflake.py took 1.245 seconds
[2026-04-01T07:11:07.261+0000] {processor.py:161} INFO - Started process (PID=3844) to work on /opt/airflow/dags/minio_to_snowflake.py
[2026-04-01T07:11:07.263+0000] {processor.py:830} INFO - Processing file /opt/airflow/dags/minio_to_snowflake.py for tasks to queue
[2026-04-01T07:11:07.265+0000] {logging_mixin.py:188} INFO - [2026-04-01T07:11:07.264+0000] {dagbag.py:545} INFO - Filling up the DagBag from /opt/airflow/dags/minio_to_snowflake.py
[2026-04-01T07:11:08.282+0000] {processor.py:840} INFO - DAG(s) 'minio_to_snowflake_pipeline' retrieved from /opt/airflow/dags/minio_to_snowflake.py
[2026-04-01T07:11:08.322+0000] {logging_mixin.py:188} INFO - [2026-04-01T07:11:08.322+0000] {dag.py:3089} INFO - Sync 1 DAGs
[2026-04-01T07:11:08.359+0000] {logging_mixin.py:188} INFO - [2026-04-01T07:11:08.359+0000] {dag.py:3947} INFO - Setting next_dagrun for minio_to_snowflake_pipeline to 2026-04-01 07:10:00+00:00, run_after=2026-04-01 07:20:00+00:00
[2026-04-01T07:11:08.408+0000] {processor.py:183} INFO - Processing /opt/airflow/dags/minio_to_snowflake.py took 1.156 seconds
[2026-04-01T07:11:38.536+0000] {processor.py:161} INFO - Started process (PID=3851) to work on /opt/airflow/dags/minio_to_snowflake.py
[2026-04-01T07:11:38.537+0000] {processor.py:830} INFO - Processing file /opt/airflow/dags/minio_to_snowflake.py for tasks to queue
[2026-04-01T07:11:38.539+0000] {logging_mixin.py:188} INFO - [2026-04-01T07:11:38.539+0000] {dagbag.py:545} INFO - Filling up the DagBag from /opt/airflow/dags/minio_to_snowflake.py
[2026-04-01T07:11:39.597+0000] {processor.py:840} INFO - DAG(s) 'minio_to_snowflake_pipeline' retrieved from /opt/airflow/dags/minio_to_snowflake.py
[2026-04-01T07:11:39.625+0000] {logging_mixin.py:188} INFO - [2026-04-01T07:11:39.624+0000] {dag.py:3089} INFO - Sync 1 DAGs
[2026-04-01T07:11:39.651+0000] {logging_mixin.py:188} INFO - [2026-04-01T07:11:39.650+0000] {dag.py:3947} INFO - Setting next_dagrun for minio_to_snowflake_pipeline to 2026-04-01 07:10:00+00:00, run_after=2026-04-01 07:20:00+00:00
[2026-04-01T07:11:39.673+0000] {processor.py:183} INFO - Processing /opt/airflow/dags/minio_to_snowflake.py took 1.145 seconds
[2026-04-01T07:12:09.993+0000] {processor.py:161} INFO - Started process (PID=3858) to work on /opt/airflow/dags/minio_to_snowflake.py
[2026-04-01T07:12:09.995+0000] {processor.py:830} INFO - Processing file /opt/airflow/dags/minio_to_snowflake.py for tasks to queue
[2026-04-01T07:12:09.997+0000] {logging_mixin.py:188} INFO - [2026-04-01T07:12:09.996+0000] {dagbag.py:545} INFO - Filling up the DagBag from /opt/airflow/dags/minio_to_snowflake.py
[2026-04-01T07:12:11.007+0000] {processor.py:840} INFO - DAG(s) 'minio_to_snowflake_pipeline' retrieved from /opt/airflow/dags/minio_to_snowflake.py
[2026-04-01T07:12:11.037+0000] {logging_mixin.py:188} INFO - [2026-04-01T07:12:11.036+0000] {dag.py:3089} INFO - Sync 1 DAGs
[2026-04-01T07:12:11.061+0000] {logging_mixin.py:188} INFO - [2026-04-01T07:12:11.061+0000] {dag.py:3947} INFO - Setting next_dagrun for minio_to_snowflake_pipeline to 2026-04-01 07:10:00+00:00, run_after=2026-04-01 07:20:00+00:00
[2026-04-01T07:12:11.133+0000] {processor.py:183} INFO - Processing /opt/airflow/dags/minio_to_snowflake.py took 1.149 seconds
[2026-04-01T07:12:41.389+0000] {processor.py:161} INFO - Started process (PID=3865) to work on /opt/airflow/dags/minio_to_snowflake.py
[2026-04-01T07:12:41.392+0000] {processor.py:830} INFO - Processing file /opt/airflow/dags/minio_to_snowflake.py for tasks to queue
[2026-04-01T07:12:41.395+0000] {logging_mixin.py:188} INFO - [2026-04-01T07:12:41.394+0000] {dagbag.py:545} INFO - Filling up the DagBag from /opt/airflow/dags/minio_to_snowflake.py
[2026-04-01T07:12:42.767+0000] {processor.py:840} INFO - DAG(s) 'minio_to_snowflake_pipeline' retrieved from /opt/airflow/dags/minio_to_snowflake.py
[2026-04-01T07:12:42.799+0000] {logging_mixin.py:188} INFO - [2026-04-01T07:12:42.798+0000] {dag.py:3089} INFO - Sync 1 DAGs
[2026-04-01T07:12:42.829+0000] {logging_mixin.py:188} INFO - [2026-04-01T07:12:42.828+0000] {dag.py:3947} INFO - Setting next_dagrun for minio_to_snowflake_pipeline to 2026-04-01 07:10:00+00:00, run_after=2026-04-01 07:20:00+00:00
[2026-04-01T07:12:42.851+0000] {processor.py:183} INFO - Processing /opt/airflow/dags/minio_to_snowflake.py took 1.486 seconds
[2026-04-01T07:13:13.169+0000] {processor.py:161} INFO - Started process (PID=3872) to work on /opt/airflow/dags/minio_to_snowflake.py
[2026-04-01T07:13:13.171+0000] {processor.py:830} INFO - Processing file /opt/airflow/dags/minio_to_snowflake.py for tasks to queue
[2026-04-01T07:13:13.181+0000] {logging_mixin.py:188} INFO - [2026-04-01T07:13:13.177+0000] {dagbag.py:545} INFO - Filling up the DagBag from /opt/airflow/dags/minio_to_snowflake.py
[2026-04-01T07:13:14.711+0000] {processor.py:840} INFO - DAG(s) 'minio_to_snowflake_pipeline' retrieved from /opt/airflow/dags/minio_to_snowflake.py
[2026-04-01T07:13:14.743+0000] {logging_mixin.py:188} INFO - [2026-04-01T07:13:14.742+0000] {dag.py:3089} INFO - Sync 1 DAGs
[2026-04-01T07:13:14.767+0000] {logging_mixin.py:188} INFO - [2026-04-01T07:13:14.767+0000] {dag.py:3947} INFO - Setting next_dagrun for minio_to_snowflake_pipeline to 2026-04-01 07:10:00+00:00, run_after=2026-04-01 07:20:00+00:00
[2026-04-01T07:13:14.789+0000] {processor.py:183} INFO - Processing /opt/airflow/dags/minio_to_snowflake.py took 1.638 seconds
[2026-04-01T07:13:45.090+0000] {processor.py:161} INFO - Started process (PID=3879) to work on /opt/airflow/dags/minio_to_snowflake.py
[2026-04-01T07:13:45.091+0000] {processor.py:830} INFO - Processing file /opt/airflow/dags/minio_to_snowflake.py for tasks to queue
[2026-04-01T07:13:45.093+0000] {logging_mixin.py:188} INFO - [2026-04-01T07:13:45.092+0000] {dagbag.py:545} INFO - Filling up the DagBag from /opt/airflow/dags/minio_to_snowflake.py
[2026-04-01T07:13:46.183+0000] {processor.py:840} INFO - DAG(s) 'minio_to_snowflake_pipeline' retrieved from /opt/airflow/dags/minio_to_snowflake.py
[2026-04-01T07:13:46.221+0000] {logging_mixin.py:188} INFO - [2026-04-01T07:13:46.220+0000] {dag.py:3089} INFO - Sync 1 DAGs
[2026-04-01T07:13:46.277+0000] {logging_mixin.py:188} INFO - [2026-04-01T07:13:46.277+0000] {dag.py:3947} INFO - Setting next_dagrun for minio_to_snowflake_pipeline to 2026-04-01 07:10:00+00:00, run_after=2026-04-01 07:20:00+00:00
[2026-04-01T07:13:46.339+0000] {processor.py:183} INFO - Processing /opt/airflow/dags/minio_to_snowflake.py took 1.258 seconds
[2026-04-01T07:14:16.532+0000] {processor.py:161} INFO - Started process (PID=3886) to work on /opt/airflow/dags/minio_to_snowflake.py
[2026-04-01T07:14:16.536+0000] {processor.py:830} INFO - Processing file /opt/airflow/dags/minio_to_snowflake.py for tasks to queue
[2026-04-01T07:14:16.542+0000] {logging_mixin.py:188} INFO - [2026-04-01T07:14:16.539+0000] {dagbag.py:545} INFO - Filling up the DagBag from /opt/airflow/dags/minio_to_snowflake.py
[2026-04-01T07:14:17.987+0000] {processor.py:840} INFO - DAG(s) 'minio_to_snowflake_pipeline' retrieved from /opt/airflow/dags/minio_to_snowflake.py
[2026-04-01T07:14:18.022+0000] {logging_mixin.py:188} INFO - [2026-04-01T07:14:18.021+0000] {dag.py:3089} INFO - Sync 1 DAGs
[2026-04-01T07:14:18.050+0000] {logging_mixin.py:188} INFO - [2026-04-01T07:14:18.049+0000] {dag.py:3947} INFO - Setting next_dagrun for minio_to_snowflake_pipeline to 2026-04-01 07:10:00+00:00, run_after=2026-04-01 07:20:00+00:00
[2026-04-01T07:14:18.074+0000] {processor.py:183} INFO - Processing /opt/airflow/dags/minio_to_snowflake.py took 1.565 seconds
[2026-04-01T07:14:48.536+0000] {processor.py:161} INFO - Started process (PID=3893) to work on /opt/airflow/dags/minio_to_snowflake.py
[2026-04-01T07:14:48.539+0000] {processor.py:830} INFO - Processing file /opt/airflow/dags/minio_to_snowflake.py for tasks to queue
[2026-04-01T07:14:48.541+0000] {logging_mixin.py:188} INFO - [2026-04-01T07:14:48.540+0000] {dagbag.py:545} INFO - Filling up the DagBag from /opt/airflow/dags/minio_to_snowflake.py
[2026-04-01T07:14:49.826+0000] {processor.py:840} INFO - DAG(s) 'minio_to_snowflake_pipeline' retrieved from /opt/airflow/dags/minio_to_snowflake.py
[2026-04-01T07:14:49.858+0000] {logging_mixin.py:188} INFO - [2026-04-01T07:14:49.857+0000] {dag.py:3089} INFO - Sync 1 DAGs
[2026-04-01T07:14:49.880+0000] {logging_mixin.py:188} INFO - [2026-04-01T07:14:49.880+0000] {dag.py:3947} INFO - Setting next_dagrun for minio_to_snowflake_pipeline to 2026-04-01 07:10:00+00:00, run_after=2026-04-01 07:20:00+00:00
[2026-04-01T07:14:49.901+0000] {processor.py:183} INFO - Processing /opt/airflow/dags/minio_to_snowflake.py took 1.383 seconds
[2026-04-01T07:15:20.362+0000] {processor.py:161} INFO - Started process (PID=3900) to work on /opt/airflow/dags/minio_to_snowflake.py
[2026-04-01T07:15:20.363+0000] {processor.py:830} INFO - Processing file /opt/airflow/dags/minio_to_snowflake.py for tasks to queue
[2026-04-01T07:15:20.365+0000] {logging_mixin.py:188} INFO - [2026-04-01T07:15:20.364+0000] {dagbag.py:545} INFO - Filling up the DagBag from /opt/airflow/dags/minio_to_snowflake.py
[2026-04-01T07:15:21.517+0000] {processor.py:840} INFO - DAG(s) 'minio_to_snowflake_pipeline' retrieved from /opt/airflow/dags/minio_to_snowflake.py
[2026-04-01T07:15:21.581+0000] {logging_mixin.py:188} INFO - [2026-04-01T07:15:21.579+0000] {dag.py:3089} INFO - Sync 1 DAGs
[2026-04-01T07:15:21.634+0000] {logging_mixin.py:188} INFO - [2026-04-01T07:15:21.634+0000] {dag.py:3947} INFO - Setting next_dagrun for minio_to_snowflake_pipeline to 2026-04-01 07:10:00+00:00, run_after=2026-04-01 07:20:00+00:00
[2026-04-01T07:15:21.674+0000] {processor.py:183} INFO - Processing /opt/airflow/dags/minio_to_snowflake.py took 1.325 seconds
[2026-04-01T07:15:52.016+0000] {processor.py:161} INFO - Started process (PID=3907) to work on /opt/airflow/dags/minio_to_snowflake.py
[2026-04-01T07:15:52.018+0000] {processor.py:830} INFO - Processing file /opt/airflow/dags/minio_to_snowflake.py for tasks to queue
[2026-04-01T07:15:52.019+0000] {logging_mixin.py:188} INFO - [2026-04-01T07:15:52.019+0000] {dagbag.py:545} INFO - Filling up the DagBag from /opt/airflow/dags/minio_to_snowflake.py
[2026-04-01T07:15:53.087+0000] {processor.py:840} INFO - DAG(s) 'minio_to_snowflake_pipeline' retrieved from /opt/airflow/dags/minio_to_snowflake.py
[2026-04-01T07:15:53.118+0000] {logging_mixin.py:188} INFO - [2026-04-01T07:15:53.118+0000] {dag.py:3089} INFO - Sync 1 DAGs
[2026-04-01T07:15:53.144+0000] {logging_mixin.py:188} INFO - [2026-04-01T07:15:53.143+0000] {dag.py:3947} INFO - Setting next_dagrun for minio_to_snowflake_pipeline to 2026-04-01 07:10:00+00:00, run_after=2026-04-01 07:20:00+00:00
[2026-04-01T07:15:53.166+0000] {processor.py:183} INFO - Processing /opt/airflow/dags/minio_to_snowflake.py took 1.164 seconds
[2026-04-01T07:16:23.430+0000] {processor.py:161} INFO - Started process (PID=3914) to work on /opt/airflow/dags/minio_to_snowflake.py
[2026-04-01T07:16:23.433+0000] {processor.py:830} INFO - Processing file /opt/airflow/dags/minio_to_snowflake.py for tasks to queue
[2026-04-01T07:16:23.434+0000] {logging_mixin.py:188} INFO - [2026-04-01T07:16:23.434+0000] {dagbag.py:545} INFO - Filling up the DagBag from /opt/airflow/dags/minio_to_snowflake.py
[2026-04-01T07:16:24.593+0000] {processor.py:840} INFO - DAG(s) 'minio_to_snowflake_pipeline' retrieved from /opt/airflow/dags/minio_to_snowflake.py
[2026-04-01T07:16:24.623+0000] {logging_mixin.py:188} INFO - [2026-04-01T07:16:24.623+0000] {dag.py:3089} INFO - Sync 1 DAGs
[2026-04-01T07:16:24.647+0000] {logging_mixin.py:188} INFO - [2026-04-01T07:16:24.647+0000] {dag.py:3947} INFO - Setting next_dagrun for minio_to_snowflake_pipeline to 2026-04-01 07:10:00+00:00, run_after=2026-04-01 07:20:00+00:00
[2026-04-01T07:16:24.669+0000] {processor.py:183} INFO - Processing /opt/airflow/dags/minio_to_snowflake.py took 1.247 seconds
[2026-04-01T07:16:55.113+0000] {processor.py:161} INFO - Started process (PID=3921) to work on /opt/airflow/dags/minio_to_snowflake.py
[2026-04-01T07:16:55.121+0000] {processor.py:830} INFO - Processing file /opt/airflow/dags/minio_to_snowflake.py for tasks to queue
[2026-04-01T07:16:55.123+0000] {logging_mixin.py:188} INFO - [2026-04-01T07:16:55.122+0000] {dagbag.py:545} INFO - Filling up the DagBag from /opt/airflow/dags/minio_to_snowflake.py
[2026-04-01T07:16:56.898+0000] {processor.py:840} INFO - DAG(s) 'minio_to_snowflake_pipeline' retrieved from /opt/airflow/dags/minio_to_snowflake.py
[2026-04-01T07:16:56.939+0000] {logging_mixin.py:188} INFO - [2026-04-01T07:16:56.938+0000] {dag.py:3089} INFO - Sync 1 DAGs
[2026-04-01T07:16:56.974+0000] {logging_mixin.py:188} INFO - [2026-04-01T07:16:56.973+0000] {dag.py:3947} INFO - Setting next_dagrun for minio_to_snowflake_pipeline to 2026-04-01 07:10:00+00:00, run_after=2026-04-01 07:20:00+00:00
[2026-04-01T07:16:57.091+0000] {processor.py:183} INFO - Processing /opt/airflow/dags/minio_to_snowflake.py took 1.990 seconds
[2026-04-01T07:17:27.539+0000] {processor.py:161} INFO - Started process (PID=3928) to work on /opt/airflow/dags/minio_to_snowflake.py
[2026-04-01T07:17:27.541+0000] {processor.py:830} INFO - Processing file /opt/airflow/dags/minio_to_snowflake.py for tasks to queue
[2026-04-01T07:17:27.543+0000] {logging_mixin.py:188} INFO - [2026-04-01T07:17:27.543+0000] {dagbag.py:545} INFO - Filling up the DagBag from /opt/airflow/dags/minio_to_snowflake.py
[2026-04-01T07:17:28.678+0000] {processor.py:840} INFO - DAG(s) 'minio_to_snowflake_pipeline' retrieved from /opt/airflow/dags/minio_to_snowflake.py
[2026-04-01T07:17:28.709+0000] {logging_mixin.py:188} INFO - [2026-04-01T07:17:28.709+0000] {dag.py:3089} INFO - Sync 1 DAGs
[2026-04-01T07:17:28.732+0000] {logging_mixin.py:188} INFO - [2026-04-01T07:17:28.732+0000] {dag.py:3947} INFO - Setting next_dagrun for minio_to_snowflake_pipeline to 2026-04-01 07:10:00+00:00, run_after=2026-04-01 07:20:00+00:00
[2026-04-01T07:17:28.752+0000] {processor.py:183} INFO - Processing /opt/airflow/dags/minio_to_snowflake.py took 1.221 seconds
[2026-04-01T07:17:59.051+0000] {processor.py:161} INFO - Started process (PID=3935) to work on /opt/airflow/dags/minio_to_snowflake.py
[2026-04-01T07:17:59.053+0000] {processor.py:830} INFO - Processing file /opt/airflow/dags/minio_to_snowflake.py for tasks to queue
[2026-04-01T07:17:59.054+0000] {logging_mixin.py:188} INFO - [2026-04-01T07:17:59.053+0000] {dagbag.py:545} INFO - Filling up the DagBag from /opt/airflow/dags/minio_to_snowflake.py
[2026-04-01T07:18:00.382+0000] {processor.py:840} INFO - DAG(s) 'minio_to_snowflake_pipeline' retrieved from /opt/airflow/dags/minio_to_snowflake.py
[2026-04-01T07:18:00.417+0000] {logging_mixin.py:188} INFO - [2026-04-01T07:18:00.416+0000] {dag.py:3089} INFO - Sync 1 DAGs
[2026-04-01T07:18:00.465+0000] {logging_mixin.py:188} INFO - [2026-04-01T07:18:00.465+0000] {dag.py:3947} INFO - Setting next_dagrun for minio_to_snowflake_pipeline to 2026-04-01 07:10:00+00:00, run_after=2026-04-01 07:20:00+00:00
[2026-04-01T07:18:00.490+0000] {processor.py:183} INFO - Processing /opt/airflow/dags/minio_to_snowflake.py took 1.447 seconds
[2026-04-01T07:18:30.839+0000] {processor.py:161} INFO - Started process (PID=3942) to work on /opt/airflow/dags/minio_to_snowflake.py
[2026-04-01T07:18:30.841+0000] {processor.py:830} INFO - Processing file /opt/airflow/dags/minio_to_snowflake.py for tasks to queue
[2026-04-01T07:18:30.843+0000] {logging_mixin.py:188} INFO - [2026-04-01T07:18:30.842+0000] {dagbag.py:545} INFO - Filling up the DagBag from /opt/airflow/dags/minio_to_snowflake.py
[2026-04-01T07:18:32.235+0000] {processor.py:840} INFO - DAG(s) 'minio_to_snowflake_pipeline' retrieved from /opt/airflow/dags/minio_to_snowflake.py
[2026-04-01T07:18:32.266+0000] {logging_mixin.py:188} INFO - [2026-04-01T07:18:32.265+0000] {dag.py:3089} INFO - Sync 1 DAGs
[2026-04-01T07:18:32.298+0000] {logging_mixin.py:188} INFO - [2026-04-01T07:18:32.297+0000] {dag.py:3947} INFO - Setting next_dagrun for minio_to_snowflake_pipeline to 2026-04-01 07:10:00+00:00, run_after=2026-04-01 07:20:00+00:00
[2026-04-01T07:18:32.324+0000] {processor.py:183} INFO - Processing /opt/airflow/dags/minio_to_snowflake.py took 1.492 seconds
[2026-04-01T07:19:02.986+0000] {processor.py:161} INFO - Started process (PID=3949) to work on /opt/airflow/dags/minio_to_snowflake.py
[2026-04-01T07:19:02.988+0000] {processor.py:830} INFO - Processing file /opt/airflow/dags/minio_to_snowflake.py for tasks to queue
[2026-04-01T07:19:02.990+0000] {logging_mixin.py:188} INFO - [2026-04-01T07:19:02.989+0000] {dagbag.py:545} INFO - Filling up the DagBag from /opt/airflow/dags/minio_to_snowflake.py
[2026-04-01T07:19:04.177+0000] {processor.py:840} INFO - DAG(s) 'minio_to_snowflake_pipeline' retrieved from /opt/airflow/dags/minio_to_snowflake.py
[2026-04-01T07:19:04.217+0000] {logging_mixin.py:188} INFO - [2026-04-01T07:19:04.216+0000] {dag.py:3089} INFO - Sync 1 DAGs
[2026-04-01T07:19:04.247+0000] {logging_mixin.py:188} INFO - [2026-04-01T07:19:04.247+0000] {dag.py:3947} INFO - Setting next_dagrun for minio_to_snowflake_pipeline to 2026-04-01 07:10:00+00:00, run_after=2026-04-01 07:20:00+00:00
[2026-04-01T07:19:04.274+0000] {processor.py:183} INFO - Processing /opt/airflow/dags/minio_to_snowflake.py took 1.297 seconds
[2026-04-01T07:19:34.562+0000] {processor.py:161} INFO - Started process (PID=3956) to work on /opt/airflow/dags/minio_to_snowflake.py
[2026-04-01T07:19:34.564+0000] {processor.py:830} INFO - Processing file /opt/airflow/dags/minio_to_snowflake.py for tasks to queue
[2026-04-01T07:19:34.566+0000] {logging_mixin.py:188} INFO - [2026-04-01T07:19:34.565+0000] {dagbag.py:545} INFO - Filling up the DagBag from /opt/airflow/dags/minio_to_snowflake.py
[2026-04-01T07:19:36.556+0000] {processor.py:840} INFO - DAG(s) 'minio_to_snowflake_pipeline' retrieved from /opt/airflow/dags/minio_to_snowflake.py
[2026-04-01T07:19:36.656+0000] {logging_mixin.py:188} INFO - [2026-04-01T07:19:36.654+0000] {dag.py:3089} INFO - Sync 1 DAGs
[2026-04-01T07:19:36.767+0000] {logging_mixin.py:188} INFO - [2026-04-01T07:19:36.767+0000] {dag.py:3947} INFO - Setting next_dagrun for minio_to_snowflake_pipeline to 2026-04-01 07:10:00+00:00, run_after=2026-04-01 07:20:00+00:00
[2026-04-01T07:19:36.828+0000] {processor.py:183} INFO - Processing /opt/airflow/dags/minio_to_snowflake.py took 2.279 seconds
[2026-04-01T07:20:07.163+0000] {processor.py:161} INFO - Started process (PID=3967) to work on /opt/airflow/dags/minio_to_snowflake.py
[2026-04-01T07:20:07.166+0000] {processor.py:830} INFO - Processing file /opt/airflow/dags/minio_to_snowflake.py for tasks to queue
[2026-04-01T07:20:07.168+0000] {logging_mixin.py:188} INFO - [2026-04-01T07:20:07.167+0000] {dagbag.py:545} INFO - Filling up the DagBag from /opt/airflow/dags/minio_to_snowflake.py
[2026-04-01T07:20:08.402+0000] {processor.py:840} INFO - DAG(s) 'minio_to_snowflake_pipeline' retrieved from /opt/airflow/dags/minio_to_snowflake.py
[2026-04-01T07:20:08.432+0000] {logging_mixin.py:188} INFO - [2026-04-01T07:20:08.432+0000] {dag.py:3089} INFO - Sync 1 DAGs
[2026-04-01T07:20:08.456+0000] {logging_mixin.py:188} INFO - [2026-04-01T07:20:08.456+0000] {dag.py:3947} INFO - Setting next_dagrun for minio_to_snowflake_pipeline to 2026-04-01 07:20:00+00:00, run_after=2026-04-01 07:30:00+00:00
[2026-04-01T07:20:08.479+0000] {processor.py:183} INFO - Processing /opt/airflow/dags/minio_to_snowflake.py took 1.331 seconds
[2026-04-01T07:20:38.958+0000] {processor.py:161} INFO - Started process (PID=3974) to work on /opt/airflow/dags/minio_to_snowflake.py
[2026-04-01T07:20:38.960+0000] {processor.py:830} INFO - Processing file /opt/airflow/dags/minio_to_snowflake.py for tasks to queue
[2026-04-01T07:20:38.962+0000] {logging_mixin.py:188} INFO - [2026-04-01T07:20:38.961+0000] {dagbag.py:545} INFO - Filling up the DagBag from /opt/airflow/dags/minio_to_snowflake.py
[2026-04-01T07:20:40.153+0000] {processor.py:840} INFO - DAG(s) 'minio_to_snowflake_pipeline' retrieved from /opt/airflow/dags/minio_to_snowflake.py
[2026-04-01T07:20:40.191+0000] {logging_mixin.py:188} INFO - [2026-04-01T07:20:40.190+0000] {dag.py:3089} INFO - Sync 1 DAGs
[2026-04-01T07:20:40.226+0000] {logging_mixin.py:188} INFO - [2026-04-01T07:20:40.226+0000] {dag.py:3947} INFO - Setting next_dagrun for minio_to_snowflake_pipeline to 2026-04-01 07:20:00+00:00, run_after=2026-04-01 07:30:00+00:00
[2026-04-01T07:20:40.247+0000] {processor.py:183} INFO - Processing /opt/airflow/dags/minio_to_snowflake.py took 1.312 seconds
[2026-04-01T07:21:10.544+0000] {processor.py:161} INFO - Started process (PID=3981) to work on /opt/airflow/dags/minio_to_snowflake.py
[2026-04-01T07:21:10.548+0000] {processor.py:830} INFO - Processing file /opt/airflow/dags/minio_to_snowflake.py for tasks to queue
[2026-04-01T07:21:10.550+0000] {logging_mixin.py:188} INFO - [2026-04-01T07:21:10.549+0000] {dagbag.py:545} INFO - Filling up the DagBag from /opt/airflow/dags/minio_to_snowflake.py
[2026-04-01T07:21:12.203+0000] {processor.py:840} INFO - DAG(s) 'minio_to_snowflake_pipeline' retrieved from /opt/airflow/dags/minio_to_snowflake.py
[2026-04-01T07:21:12.233+0000] {logging_mixin.py:188} INFO - [2026-04-01T07:21:12.232+0000] {dag.py:3089} INFO - Sync 1 DAGs
[2026-04-01T07:21:12.265+0000] {logging_mixin.py:188} INFO - [2026-04-01T07:21:12.264+0000] {dag.py:3947} INFO - Setting next_dagrun for minio_to_snowflake_pipeline to 2026-04-01 07:20:00+00:00, run_after=2026-04-01 07:30:00+00:00
[2026-04-01T07:21:12.284+0000] {processor.py:183} INFO - Processing /opt/airflow/dags/minio_to_snowflake.py took 1.751 seconds
[2026-04-01T07:21:42.561+0000] {processor.py:161} INFO - Started process (PID=3988) to work on /opt/airflow/dags/minio_to_snowflake.py
[2026-04-01T07:21:42.563+0000] {processor.py:830} INFO - Processing file /opt/airflow/dags/minio_to_snowflake.py for tasks to queue
[2026-04-01T07:21:42.565+0000] {logging_mixin.py:188} INFO - [2026-04-01T07:21:42.564+0000] {dagbag.py:545} INFO - Filling up the DagBag from /opt/airflow/dags/minio_to_snowflake.py
[2026-04-01T07:21:43.821+0000] {processor.py:840} INFO - DAG(s) 'minio_to_snowflake_pipeline' retrieved from /opt/airflow/dags/minio_to_snowflake.py
[2026-04-01T07:21:43.850+0000] {logging_mixin.py:188} INFO - [2026-04-01T07:21:43.849+0000] {dag.py:3089} INFO - Sync 1 DAGs
[2026-04-01T07:21:43.875+0000] {logging_mixin.py:188} INFO - [2026-04-01T07:21:43.875+0000] {dag.py:3947} INFO - Setting next_dagrun for minio_to_snowflake_pipeline to 2026-04-01 07:20:00+00:00, run_after=2026-04-01 07:30:00+00:00
[2026-04-01T07:21:43.897+0000] {processor.py:183} INFO - Processing /opt/airflow/dags/minio_to_snowflake.py took 1.349 seconds
[2026-04-01T07:22:14.328+0000] {processor.py:161} INFO - Started process (PID=3995) to work on /opt/airflow/dags/minio_to_snowflake.py
[2026-04-01T07:22:14.330+0000] {processor.py:830} INFO - Processing file /opt/airflow/dags/minio_to_snowflake.py for tasks to queue
[2026-04-01T07:22:14.333+0000] {logging_mixin.py:188} INFO - [2026-04-01T07:22:14.332+0000] {dagbag.py:545} INFO - Filling up the DagBag from /opt/airflow/dags/minio_to_snowflake.py
[2026-04-01T07:22:15.392+0000] {processor.py:840} INFO - DAG(s) 'minio_to_snowflake_pipeline' retrieved from /opt/airflow/dags/minio_to_snowflake.py
[2026-04-01T07:22:15.420+0000] {logging_mixin.py:188} INFO - [2026-04-01T07:22:15.420+0000] {dag.py:3089} INFO - Sync 1 DAGs
[2026-04-01T07:22:15.444+0000] {logging_mixin.py:188} INFO - [2026-04-01T07:22:15.444+0000] {dag.py:3947} INFO - Setting next_dagrun for minio_to_snowflake_pipeline to 2026-04-01 07:20:00+00:00, run_after=2026-04-01 07:30:00+00:00
[2026-04-01T07:22:15.466+0000] {processor.py:183} INFO - Processing /opt/airflow/dags/minio_to_snowflake.py took 1.163 seconds
[2026-04-01T07:22:45.544+0000] {processor.py:161} INFO - Started process (PID=4002) to work on /opt/airflow/dags/minio_to_snowflake.py
[2026-04-01T07:22:45.546+0000] {processor.py:830} INFO - Processing file /opt/airflow/dags/minio_to_snowflake.py for tasks to queue
[2026-04-01T07:22:45.547+0000] {logging_mixin.py:188} INFO - [2026-04-01T07:22:45.547+0000] {dagbag.py:545} INFO - Filling up the DagBag from /opt/airflow/dags/minio_to_snowflake.py
[2026-04-01T07:22:46.639+0000] {processor.py:840} INFO - DAG(s) 'minio_to_snowflake_pipeline' retrieved from /opt/airflow/dags/minio_to_snowflake.py
[2026-04-01T07:22:46.670+0000] {logging_mixin.py:188} INFO - [2026-04-01T07:22:46.669+0000] {dag.py:3089} INFO - Sync 1 DAGs
[2026-04-01T07:22:46.712+0000] {logging_mixin.py:188} INFO - [2026-04-01T07:22:46.712+0000] {dag.py:3947} INFO - Setting next_dagrun for minio_to_snowflake_pipeline to 2026-04-01 07:20:00+00:00, run_after=2026-04-01 07:30:00+00:00
[2026-04-01T07:22:46.736+0000] {processor.py:183} INFO - Processing /opt/airflow/dags/minio_to_snowflake.py took 1.202 seconds
[2026-04-01T07:23:18.551+0000] {processor.py:161} INFO - Started process (PID=4009) to work on /opt/airflow/dags/minio_to_snowflake.py
[2026-04-01T07:23:18.554+0000] {processor.py:830} INFO - Processing file /opt/airflow/dags/minio_to_snowflake.py for tasks to queue
[2026-04-01T07:23:18.577+0000] {logging_mixin.py:188} INFO - [2026-04-01T07:23:18.574+0000] {dagbag.py:545} INFO - Filling up the DagBag from /opt/airflow/dags/minio_to_snowflake.py
[2026-04-01T07:23:21.617+0000] {processor.py:840} INFO - DAG(s) 'minio_to_snowflake_pipeline' retrieved from /opt/airflow/dags/minio_to_snowflake.py
[2026-04-01T07:23:21.679+0000] {logging_mixin.py:188} INFO - [2026-04-01T07:23:21.678+0000] {dag.py:3089} INFO - Sync 1 DAGs
[2026-04-01T07:23:21.736+0000] {logging_mixin.py:188} INFO - [2026-04-01T07:23:21.735+0000] {dag.py:3947} INFO - Setting next_dagrun for minio_to_snowflake_pipeline to 2026-04-01 07:20:00+00:00, run_after=2026-04-01 07:30:00+00:00
[2026-04-01T07:23:21.829+0000] {processor.py:183} INFO - Processing /opt/airflow/dags/minio_to_snowflake.py took 3.388 seconds
[2026-04-01T07:23:52.985+0000] {processor.py:161} INFO - Started process (PID=4016) to work on /opt/airflow/dags/minio_to_snowflake.py
[2026-04-01T07:23:52.987+0000] {processor.py:830} INFO - Processing file /opt/airflow/dags/minio_to_snowflake.py for tasks to queue
[2026-04-01T07:23:52.989+0000] {logging_mixin.py:188} INFO - [2026-04-01T07:23:52.988+0000] {dagbag.py:545} INFO - Filling up the DagBag from /opt/airflow/dags/minio_to_snowflake.py
[2026-04-01T07:23:55.411+0000] {processor.py:840} INFO - DAG(s) 'minio_to_snowflake_pipeline' retrieved from /opt/airflow/dags/minio_to_snowflake.py
[2026-04-01T07:23:55.541+0000] {logging_mixin.py:188} INFO - [2026-04-01T07:23:55.540+0000] {dag.py:3089} INFO - Sync 1 DAGs
[2026-04-01T07:23:55.625+0000] {logging_mixin.py:188} INFO - [2026-04-01T07:23:55.624+0000] {dag.py:3947} INFO - Setting next_dagrun for minio_to_snowflake_pipeline to 2026-04-01 07:20:00+00:00, run_after=2026-04-01 07:30:00+00:00
[2026-04-01T07:23:55.759+0000] {processor.py:183} INFO - Processing /opt/airflow/dags/minio_to_snowflake.py took 2.789 seconds
[2026-04-01T07:24:25.961+0000] {processor.py:161} INFO - Started process (PID=4023) to work on /opt/airflow/dags/minio_to_snowflake.py
[2026-04-01T07:24:25.965+0000] {processor.py:830} INFO - Processing file /opt/airflow/dags/minio_to_snowflake.py for tasks to queue
[2026-04-01T07:24:25.969+0000] {logging_mixin.py:188} INFO - [2026-04-01T07:24:25.968+0000] {dagbag.py:545} INFO - Filling up the DagBag from /opt/airflow/dags/minio_to_snowflake.py
[2026-04-01T07:24:29.117+0000] {processor.py:840} INFO - DAG(s) 'minio_to_snowflake_pipeline' retrieved from /opt/airflow/dags/minio_to_snowflake.py
[2026-04-01T07:24:29.164+0000] {logging_mixin.py:188} INFO - [2026-04-01T07:24:29.163+0000] {dag.py:3089} INFO - Sync 1 DAGs
[2026-04-01T07:24:29.203+0000] {logging_mixin.py:188} INFO - [2026-04-01T07:24:29.203+0000] {dag.py:3947} INFO - Setting next_dagrun for minio_to_snowflake_pipeline to 2026-04-01 07:20:00+00:00, run_after=2026-04-01 07:30:00+00:00
[2026-04-01T07:24:29.351+0000] {processor.py:183} INFO - Processing /opt/airflow/dags/minio_to_snowflake.py took 3.414 seconds
[2026-04-01T07:25:00.140+0000] {processor.py:161} INFO - Started process (PID=4030) to work on /opt/airflow/dags/minio_to_snowflake.py
[2026-04-01T07:25:00.142+0000] {processor.py:830} INFO - Processing file /opt/airflow/dags/minio_to_snowflake.py for tasks to queue
[2026-04-01T07:25:00.143+0000] {logging_mixin.py:188} INFO - [2026-04-01T07:25:00.143+0000] {dagbag.py:545} INFO - Filling up the DagBag from /opt/airflow/dags/minio_to_snowflake.py
[2026-04-01T07:25:02.410+0000] {processor.py:840} INFO - DAG(s) 'minio_to_snowflake_pipeline' retrieved from /opt/airflow/dags/minio_to_snowflake.py
[2026-04-01T07:25:02.490+0000] {logging_mixin.py:188} INFO - [2026-04-01T07:25:02.488+0000] {dag.py:3089} INFO - Sync 1 DAGs
[2026-04-01T07:25:02.531+0000] {logging_mixin.py:188} INFO - [2026-04-01T07:25:02.531+0000] {dag.py:3947} INFO - Setting next_dagrun for minio_to_snowflake_pipeline to 2026-04-01 07:20:00+00:00, run_after=2026-04-01 07:30:00+00:00
[2026-04-01T07:25:02.557+0000] {processor.py:183} INFO - Processing /opt/airflow/dags/minio_to_snowflake.py took 2.428 seconds
[2026-04-01T07:25:33.150+0000] {processor.py:161} INFO - Started process (PID=4037) to work on /opt/airflow/dags/minio_to_snowflake.py
[2026-04-01T07:25:33.152+0000] {processor.py:830} INFO - Processing file /opt/airflow/dags/minio_to_snowflake.py for tasks to queue
[2026-04-01T07:25:33.154+0000] {logging_mixin.py:188} INFO - [2026-04-01T07:25:33.153+0000] {dagbag.py:545} INFO - Filling up the DagBag from /opt/airflow/dags/minio_to_snowflake.py
[2026-04-01T07:25:35.579+0000] {processor.py:840} INFO - DAG(s) 'minio_to_snowflake_pipeline' retrieved from /opt/airflow/dags/minio_to_snowflake.py
[2026-04-01T07:25:35.660+0000] {logging_mixin.py:188} INFO - [2026-04-01T07:25:35.659+0000] {dag.py:3089} INFO - Sync 1 DAGs
[2026-04-01T07:25:35.724+0000] {logging_mixin.py:188} INFO - [2026-04-01T07:25:35.723+0000] {dag.py:3947} INFO - Setting next_dagrun for minio_to_snowflake_pipeline to 2026-04-01 07:20:00+00:00, run_after=2026-04-01 07:30:00+00:00
[2026-04-01T07:25:35.768+0000] {processor.py:183} INFO - Processing /opt/airflow/dags/minio_to_snowflake.py took 2.633 seconds
[2026-04-01T07:26:06.513+0000] {processor.py:161} INFO - Started process (PID=4044) to work on /opt/airflow/dags/minio_to_snowflake.py
[2026-04-01T07:26:06.518+0000] {processor.py:830} INFO - Processing file /opt/airflow/dags/minio_to_snowflake.py for tasks to queue
[2026-04-01T07:26:06.523+0000] {logging_mixin.py:188} INFO - [2026-04-01T07:26:06.521+0000] {dagbag.py:545} INFO - Filling up the DagBag from /opt/airflow/dags/minio_to_snowflake.py
[2026-04-01T07:26:08.364+0000] {processor.py:840} INFO - DAG(s) 'minio_to_snowflake_pipeline' retrieved from /opt/airflow/dags/minio_to_snowflake.py
[2026-04-01T07:26:08.415+0000] {logging_mixin.py:188} INFO - [2026-04-01T07:26:08.414+0000] {dag.py:3089} INFO - Sync 1 DAGs
[2026-04-01T07:26:08.456+0000] {logging_mixin.py:188} INFO - [2026-04-01T07:26:08.455+0000] {dag.py:3947} INFO - Setting next_dagrun for minio_to_snowflake_pipeline to 2026-04-01 07:20:00+00:00, run_after=2026-04-01 07:30:00+00:00
[2026-04-01T07:26:08.489+0000] {processor.py:183} INFO - Processing /opt/airflow/dags/minio_to_snowflake.py took 2.016 seconds
[2026-04-01T07:26:39.044+0000] {processor.py:161} INFO - Started process (PID=4051) to work on /opt/airflow/dags/minio_to_snowflake.py
[2026-04-01T07:26:39.050+0000] {processor.py:830} INFO - Processing file /opt/airflow/dags/minio_to_snowflake.py for tasks to queue
[2026-04-01T07:26:39.056+0000] {logging_mixin.py:188} INFO - [2026-04-01T07:26:39.054+0000] {dagbag.py:545} INFO - Filling up the DagBag from /opt/airflow/dags/minio_to_snowflake.py
[2026-04-01T07:26:43.189+0000] {processor.py:840} INFO - DAG(s) 'minio_to_snowflake_pipeline' retrieved from /opt/airflow/dags/minio_to_snowflake.py
[2026-04-01T07:26:43.231+0000] {logging_mixin.py:188} INFO - [2026-04-01T07:26:43.230+0000] {dag.py:3089} INFO - Sync 1 DAGs
[2026-04-01T07:26:43.340+0000] {logging_mixin.py:188} INFO - [2026-04-01T07:26:43.339+0000] {dag.py:3947} INFO - Setting next_dagrun for minio_to_snowflake_pipeline to 2026-04-01 07:20:00+00:00, run_after=2026-04-01 07:30:00+00:00
[2026-04-01T07:26:43.508+0000] {processor.py:183} INFO - Processing /opt/airflow/dags/minio_to_snowflake.py took 4.511 seconds
[2026-04-01T07:27:14.566+0000] {processor.py:161} INFO - Started process (PID=4058) to work on /opt/airflow/dags/minio_to_snowflake.py
[2026-04-01T07:27:14.574+0000] {processor.py:830} INFO - Processing file /opt/airflow/dags/minio_to_snowflake.py for tasks to queue
[2026-04-01T07:27:14.577+0000] {logging_mixin.py:188} INFO - [2026-04-01T07:27:14.576+0000] {dagbag.py:545} INFO - Filling up the DagBag from /opt/airflow/dags/minio_to_snowflake.py
[2026-04-01T07:27:16.225+0000] {processor.py:840} INFO - DAG(s) 'minio_to_snowflake_pipeline' retrieved from /opt/airflow/dags/minio_to_snowflake.py
[2026-04-01T07:27:16.291+0000] {logging_mixin.py:188} INFO - [2026-04-01T07:27:16.290+0000] {dag.py:3089} INFO - Sync 1 DAGs
[2026-04-01T07:27:16.350+0000] {logging_mixin.py:188} INFO - [2026-04-01T07:27:16.349+0000] {dag.py:3947} INFO - Setting next_dagrun for minio_to_snowflake_pipeline to 2026-04-01 07:20:00+00:00, run_after=2026-04-01 07:30:00+00:00
[2026-04-01T07:27:16.398+0000] {processor.py:183} INFO - Processing /opt/airflow/dags/minio_to_snowflake.py took 1.950 seconds
[2026-04-01T07:27:47.817+0000] {processor.py:161} INFO - Started process (PID=4065) to work on /opt/airflow/dags/minio_to_snowflake.py
[2026-04-01T07:27:47.833+0000] {processor.py:830} INFO - Processing file /opt/airflow/dags/minio_to_snowflake.py for tasks to queue
[2026-04-01T07:27:47.846+0000] {logging_mixin.py:188} INFO - [2026-04-01T07:27:47.835+0000] {dagbag.py:545} INFO - Filling up the DagBag from /opt/airflow/dags/minio_to_snowflake.py
[2026-04-01T07:27:53.293+0000] {processor.py:840} INFO - DAG(s) 'minio_to_snowflake_pipeline' retrieved from /opt/airflow/dags/minio_to_snowflake.py
[2026-04-01T07:27:53.479+0000] {logging_mixin.py:188} INFO - [2026-04-01T07:27:53.477+0000] {dag.py:3089} INFO - Sync 1 DAGs
[2026-04-01T07:27:53.603+0000] {logging_mixin.py:188} INFO - [2026-04-01T07:27:53.602+0000] {dag.py:3947} INFO - Setting next_dagrun for minio_to_snowflake_pipeline to 2026-04-01 07:20:00+00:00, run_after=2026-04-01 07:30:00+00:00
[2026-04-01T07:27:53.625+0000] {processor.py:183} INFO - Processing /opt/airflow/dags/minio_to_snowflake.py took 5.863 seconds
[2026-04-01T07:28:24.405+0000] {processor.py:161} INFO - Started process (PID=4072) to work on /opt/airflow/dags/minio_to_snowflake.py
[2026-04-01T07:28:24.412+0000] {processor.py:830} INFO - Processing file /opt/airflow/dags/minio_to_snowflake.py for tasks to queue
[2026-04-01T07:28:24.417+0000] {logging_mixin.py:188} INFO - [2026-04-01T07:28:24.415+0000] {dagbag.py:545} INFO - Filling up the DagBag from /opt/airflow/dags/minio_to_snowflake.py
[2026-04-01T07:28:26.998+0000] {processor.py:840} INFO - DAG(s) 'minio_to_snowflake_pipeline' retrieved from /opt/airflow/dags/minio_to_snowflake.py
[2026-04-01T07:28:27.153+0000] {logging_mixin.py:188} INFO - [2026-04-01T07:28:27.151+0000] {dag.py:3089} INFO - Sync 1 DAGs
[2026-04-01T07:28:27.395+0000] {logging_mixin.py:188} INFO - [2026-04-01T07:28:27.394+0000] {dag.py:3947} INFO - Setting next_dagrun for minio_to_snowflake_pipeline to 2026-04-01 07:20:00+00:00, run_after=2026-04-01 07:30:00+00:00
[2026-04-01T07:28:27.568+0000] {processor.py:183} INFO - Processing /opt/airflow/dags/minio_to_snowflake.py took 3.200 seconds
[2026-04-01T07:28:57.981+0000] {processor.py:161} INFO - Started process (PID=4079) to work on /opt/airflow/dags/minio_to_snowflake.py
[2026-04-01T07:28:57.984+0000] {processor.py:830} INFO - Processing file /opt/airflow/dags/minio_to_snowflake.py for tasks to queue
[2026-04-01T07:28:57.987+0000] {logging_mixin.py:188} INFO - [2026-04-01T07:28:57.986+0000] {dagbag.py:545} INFO - Filling up the DagBag from /opt/airflow/dags/minio_to_snowflake.py
[2026-04-01T07:29:03.099+0000] {processor.py:840} INFO - DAG(s) 'minio_to_snowflake_pipeline' retrieved from /opt/airflow/dags/minio_to_snowflake.py
[2026-04-01T07:29:03.243+0000] {logging_mixin.py:188} INFO - [2026-04-01T07:29:03.240+0000] {dag.py:3089} INFO - Sync 1 DAGs
[2026-04-01T07:29:03.358+0000] {logging_mixin.py:188} INFO - [2026-04-01T07:29:03.358+0000] {dag.py:3947} INFO - Setting next_dagrun for minio_to_snowflake_pipeline to 2026-04-01 07:20:00+00:00, run_after=2026-04-01 07:30:00+00:00
[2026-04-01T07:29:03.381+0000] {processor.py:183} INFO - Processing /opt/airflow/dags/minio_to_snowflake.py took 5.417 seconds
[2026-04-01T07:29:35.268+0000] {processor.py:161} INFO - Started process (PID=4086) to work on /opt/airflow/dags/minio_to_snowflake.py
[2026-04-01T07:29:35.271+0000] {processor.py:830} INFO - Processing file /opt/airflow/dags/minio_to_snowflake.py for tasks to queue
[2026-04-01T07:29:35.283+0000] {logging_mixin.py:188} INFO - [2026-04-01T07:29:35.273+0000] {dagbag.py:545} INFO - Filling up the DagBag from /opt/airflow/dags/minio_to_snowflake.py
[2026-04-01T07:29:51.848+0000] {processor.py:840} INFO - DAG(s) 'minio_to_snowflake_pipeline' retrieved from /opt/airflow/dags/minio_to_snowflake.py
[2026-04-01T07:29:51.938+0000] {logging_mixin.py:188} INFO - [2026-04-01T07:29:51.937+0000] {dag.py:3089} INFO - Sync 1 DAGs
[2026-04-01T07:29:52.022+0000] {logging_mixin.py:188} INFO - [2026-04-01T07:29:52.021+0000] {dag.py:3947} INFO - Setting next_dagrun for minio_to_snowflake_pipeline to 2026-04-01 07:20:00+00:00, run_after=2026-04-01 07:30:00+00:00
[2026-04-01T07:29:52.079+0000] {processor.py:183} INFO - Processing /opt/airflow/dags/minio_to_snowflake.py took 16.917 seconds
[2026-04-01T07:30:23.035+0000] {processor.py:161} INFO - Started process (PID=4097) to work on /opt/airflow/dags/minio_to_snowflake.py
[2026-04-01T07:30:23.037+0000] {processor.py:830} INFO - Processing file /opt/airflow/dags/minio_to_snowflake.py for tasks to queue
[2026-04-01T07:30:23.042+0000] {logging_mixin.py:188} INFO - [2026-04-01T07:30:23.041+0000] {dagbag.py:545} INFO - Filling up the DagBag from /opt/airflow/dags/minio_to_snowflake.py
[2026-04-01T07:30:25.716+0000] {processor.py:840} INFO - DAG(s) 'minio_to_snowflake_pipeline' retrieved from /opt/airflow/dags/minio_to_snowflake.py
[2026-04-01T07:30:25.796+0000] {logging_mixin.py:188} INFO - [2026-04-01T07:30:25.795+0000] {dag.py:3089} INFO - Sync 1 DAGs
[2026-04-01T07:30:25.867+0000] {logging_mixin.py:188} INFO - [2026-04-01T07:30:25.867+0000] {dag.py:3947} INFO - Setting next_dagrun for minio_to_snowflake_pipeline to 2026-04-01 07:30:00+00:00, run_after=2026-04-01 07:40:00+00:00
[2026-04-01T07:30:25.926+0000] {processor.py:183} INFO - Processing /opt/airflow/dags/minio_to_snowflake.py took 2.910 seconds
[2026-04-01T07:30:56.412+0000] {processor.py:161} INFO - Started process (PID=4104) to work on /opt/airflow/dags/minio_to_snowflake.py
[2026-04-01T07:30:56.414+0000] {processor.py:830} INFO - Processing file /opt/airflow/dags/minio_to_snowflake.py for tasks to queue
[2026-04-01T07:30:56.417+0000] {logging_mixin.py:188} INFO - [2026-04-01T07:30:56.416+0000] {dagbag.py:545} INFO - Filling up the DagBag from /opt/airflow/dags/minio_to_snowflake.py
[2026-04-01T07:31:01.993+0000] {processor.py:840} INFO - DAG(s) 'minio_to_snowflake_pipeline' retrieved from /opt/airflow/dags/minio_to_snowflake.py
[2026-04-01T07:31:02.239+0000] {logging_mixin.py:188} INFO - [2026-04-01T07:31:02.238+0000] {dag.py:3089} INFO - Sync 1 DAGs
[2026-04-01T07:31:02.460+0000] {logging_mixin.py:188} INFO - [2026-04-01T07:31:02.460+0000] {dag.py:3947} INFO - Setting next_dagrun for minio_to_snowflake_pipeline to 2026-04-01 07:30:00+00:00, run_after=2026-04-01 07:40:00+00:00
[2026-04-01T07:31:02.563+0000] {processor.py:183} INFO - Processing /opt/airflow/dags/minio_to_snowflake.py took 6.169 seconds
[2026-04-01T07:31:33.677+0000] {processor.py:161} INFO - Started process (PID=4111) to work on /opt/airflow/dags/minio_to_snowflake.py
[2026-04-01T07:31:33.679+0000] {processor.py:830} INFO - Processing file /opt/airflow/dags/minio_to_snowflake.py for tasks to queue
[2026-04-01T07:31:33.680+0000] {logging_mixin.py:188} INFO - [2026-04-01T07:31:33.680+0000] {dagbag.py:545} INFO - Filling up the DagBag from /opt/airflow/dags/minio_to_snowflake.py
[2026-04-01T07:31:36.460+0000] {processor.py:840} INFO - DAG(s) 'minio_to_snowflake_pipeline' retrieved from /opt/airflow/dags/minio_to_snowflake.py
[2026-04-01T07:31:36.513+0000] {logging_mixin.py:188} INFO - [2026-04-01T07:31:36.512+0000] {dag.py:3089} INFO - Sync 1 DAGs
[2026-04-01T07:31:36.560+0000] {logging_mixin.py:188} INFO - [2026-04-01T07:31:36.560+0000] {dag.py:3947} INFO - Setting next_dagrun for minio_to_snowflake_pipeline to 2026-04-01 07:30:00+00:00, run_after=2026-04-01 07:40:00+00:00
[2026-04-01T07:31:36.602+0000] {processor.py:183} INFO - Processing /opt/airflow/dags/minio_to_snowflake.py took 2.941 seconds
[2026-04-01T07:32:08.397+0000] {processor.py:161} INFO - Started process (PID=4118) to work on /opt/airflow/dags/minio_to_snowflake.py
[2026-04-01T07:32:08.400+0000] {processor.py:830} INFO - Processing file /opt/airflow/dags/minio_to_snowflake.py for tasks to queue
[2026-04-01T07:32:08.409+0000] {logging_mixin.py:188} INFO - [2026-04-01T07:32:08.406+0000] {dagbag.py:545} INFO - Filling up the DagBag from /opt/airflow/dags/minio_to_snowflake.py
[2026-04-01T07:32:11.895+0000] {processor.py:840} INFO - DAG(s) 'minio_to_snowflake_pipeline' retrieved from /opt/airflow/dags/minio_to_snowflake.py
[2026-04-01T07:32:11.958+0000] {logging_mixin.py:188} INFO - [2026-04-01T07:32:11.955+0000] {dag.py:3089} INFO - Sync 1 DAGs
[2026-04-01T07:32:12.009+0000] {logging_mixin.py:188} INFO - [2026-04-01T07:32:12.009+0000] {dag.py:3947} INFO - Setting next_dagrun for minio_to_snowflake_pipeline to 2026-04-01 07:30:00+00:00, run_after=2026-04-01 07:40:00+00:00
[2026-04-01T07:32:12.091+0000] {processor.py:183} INFO - Processing /opt/airflow/dags/minio_to_snowflake.py took 3.729 seconds
[2026-04-01T07:32:42.720+0000] {processor.py:161} INFO - Started process (PID=4125) to work on /opt/airflow/dags/minio_to_snowflake.py
[2026-04-01T07:32:42.722+0000] {processor.py:830} INFO - Processing file /opt/airflow/dags/minio_to_snowflake.py for tasks to queue
[2026-04-01T07:32:42.725+0000] {logging_mixin.py:188} INFO - [2026-04-01T07:32:42.725+0000] {dagbag.py:545} INFO - Filling up the DagBag from /opt/airflow/dags/minio_to_snowflake.py
[2026-04-01T07:32:44.371+0000] {processor.py:840} INFO - DAG(s) 'minio_to_snowflake_pipeline' retrieved from /opt/airflow/dags/minio_to_snowflake.py
[2026-04-01T07:32:44.408+0000] {logging_mixin.py:188} INFO - [2026-04-01T07:32:44.407+0000] {dag.py:3089} INFO - Sync 1 DAGs
[2026-04-01T07:32:44.438+0000] {logging_mixin.py:188} INFO - [2026-04-01T07:32:44.438+0000] {dag.py:3947} INFO - Setting next_dagrun for minio_to_snowflake_pipeline to 2026-04-01 07:30:00+00:00, run_after=2026-04-01 07:40:00+00:00
[2026-04-01T07:32:44.465+0000] {processor.py:183} INFO - Processing /opt/airflow/dags/minio_to_snowflake.py took 1.762 seconds
[2026-04-01T07:33:14.819+0000] {processor.py:161} INFO - Started process (PID=4132) to work on /opt/airflow/dags/minio_to_snowflake.py
[2026-04-01T07:33:14.821+0000] {processor.py:830} INFO - Processing file /opt/airflow/dags/minio_to_snowflake.py for tasks to queue
[2026-04-01T07:33:14.823+0000] {logging_mixin.py:188} INFO - [2026-04-01T07:33:14.822+0000] {dagbag.py:545} INFO - Filling up the DagBag from /opt/airflow/dags/minio_to_snowflake.py
[2026-04-01T07:33:16.737+0000] {processor.py:840} INFO - DAG(s) 'minio_to_snowflake_pipeline' retrieved from /opt/airflow/dags/minio_to_snowflake.py
[2026-04-01T07:33:16.804+0000] {logging_mixin.py:188} INFO - [2026-04-01T07:33:16.803+0000] {dag.py:3089} INFO - Sync 1 DAGs
[2026-04-01T07:33:16.867+0000] {logging_mixin.py:188} INFO - [2026-04-01T07:33:16.866+0000] {dag.py:3947} INFO - Setting next_dagrun for minio_to_snowflake_pipeline to 2026-04-01 07:30:00+00:00, run_after=2026-04-01 07:40:00+00:00
[2026-04-01T07:33:17.017+0000] {processor.py:183} INFO - Processing /opt/airflow/dags/minio_to_snowflake.py took 2.211 seconds
[2026-04-01T07:33:49.025+0000] {processor.py:161} INFO - Started process (PID=4139) to work on /opt/airflow/dags/minio_to_snowflake.py
[2026-04-01T07:33:49.040+0000] {processor.py:830} INFO - Processing file /opt/airflow/dags/minio_to_snowflake.py for tasks to queue
[2026-04-01T07:33:49.042+0000] {logging_mixin.py:188} INFO - [2026-04-01T07:33:49.041+0000] {dagbag.py:545} INFO - Filling up the DagBag from /opt/airflow/dags/minio_to_snowflake.py
[2026-04-01T07:33:56.271+0000] {processor.py:840} INFO - DAG(s) 'minio_to_snowflake_pipeline' retrieved from /opt/airflow/dags/minio_to_snowflake.py
[2026-04-01T07:33:56.678+0000] {logging_mixin.py:188} INFO - [2026-04-01T07:33:56.676+0000] {dag.py:3089} INFO - Sync 1 DAGs
[2026-04-01T07:33:56.907+0000] {logging_mixin.py:188} INFO - [2026-04-01T07:33:56.906+0000] {dag.py:3947} INFO - Setting next_dagrun for minio_to_snowflake_pipeline to 2026-04-01 07:30:00+00:00, run_after=2026-04-01 07:40:00+00:00
[2026-04-01T07:33:56.998+0000] {processor.py:183} INFO - Processing /opt/airflow/dags/minio_to_snowflake.py took 8.023 seconds
[2026-04-01T07:34:27.452+0000] {processor.py:161} INFO - Started process (PID=4146) to work on /opt/airflow/dags/minio_to_snowflake.py
[2026-04-01T07:34:27.464+0000] {processor.py:830} INFO - Processing file /opt/airflow/dags/minio_to_snowflake.py for tasks to queue
[2026-04-01T07:34:27.466+0000] {logging_mixin.py:188} INFO - [2026-04-01T07:34:27.466+0000] {dagbag.py:545} INFO - Filling up the DagBag from /opt/airflow/dags/minio_to_snowflake.py
[2026-04-01T07:34:32.856+0000] {processor.py:840} INFO - DAG(s) 'minio_to_snowflake_pipeline' retrieved from /opt/airflow/dags/minio_to_snowflake.py
[2026-04-01T07:34:32.972+0000] {logging_mixin.py:188} INFO - [2026-04-01T07:34:32.968+0000] {dag.py:3089} INFO - Sync 1 DAGs
[2026-04-01T07:34:33.057+0000] {logging_mixin.py:188} INFO - [2026-04-01T07:34:33.057+0000] {dag.py:3947} INFO - Setting next_dagrun for minio_to_snowflake_pipeline to 2026-04-01 07:30:00+00:00, run_after=2026-04-01 07:40:00+00:00
[2026-04-01T07:34:33.130+0000] {processor.py:183} INFO - Processing /opt/airflow/dags/minio_to_snowflake.py took 5.709 seconds
[2026-04-01T07:35:03.594+0000] {processor.py:161} INFO - Started process (PID=4153) to work on /opt/airflow/dags/minio_to_snowflake.py
[2026-04-01T07:35:03.597+0000] {processor.py:830} INFO - Processing file /opt/airflow/dags/minio_to_snowflake.py for tasks to queue
[2026-04-01T07:35:03.601+0000] {logging_mixin.py:188} INFO - [2026-04-01T07:35:03.599+0000] {dagbag.py:545} INFO - Filling up the DagBag from /opt/airflow/dags/minio_to_snowflake.py
[2026-04-01T07:35:14.947+0000] {processor.py:840} INFO - DAG(s) 'minio_to_snowflake_pipeline' retrieved from /opt/airflow/dags/minio_to_snowflake.py
[2026-04-01T07:35:15.392+0000] {logging_mixin.py:188} INFO - [2026-04-01T07:35:15.380+0000] {dag.py:3089} INFO - Sync 1 DAGs
[2026-04-01T07:35:15.600+0000] {logging_mixin.py:188} INFO - [2026-04-01T07:35:15.589+0000] {dag.py:3947} INFO - Setting next_dagrun for minio_to_snowflake_pipeline to 2026-04-01 07:30:00+00:00, run_after=2026-04-01 07:40:00+00:00
[2026-04-01T07:35:15.817+0000] {processor.py:183} INFO - Processing /opt/airflow/dags/minio_to_snowflake.py took 12.264 seconds
[2026-04-01T07:35:47.619+0000] {processor.py:161} INFO - Started process (PID=4160) to work on /opt/airflow/dags/minio_to_snowflake.py
[2026-04-01T07:35:47.660+0000] {processor.py:830} INFO - Processing file /opt/airflow/dags/minio_to_snowflake.py for tasks to queue
[2026-04-01T07:35:47.677+0000] {logging_mixin.py:188} INFO - [2026-04-01T07:35:47.675+0000] {dagbag.py:545} INFO - Filling up the DagBag from /opt/airflow/dags/minio_to_snowflake.py
[2026-04-01T07:35:55.201+0000] {processor.py:840} INFO - DAG(s) 'minio_to_snowflake_pipeline' retrieved from /opt/airflow/dags/minio_to_snowflake.py
[2026-04-01T07:35:55.642+0000] {logging_mixin.py:188} INFO - [2026-04-01T07:35:55.641+0000] {dag.py:3089} INFO - Sync 1 DAGs
[2026-04-01T07:35:55.783+0000] {logging_mixin.py:188} INFO - [2026-04-01T07:35:55.783+0000] {dag.py:3947} INFO - Setting next_dagrun for minio_to_snowflake_pipeline to 2026-04-01 07:30:00+00:00, run_after=2026-04-01 07:40:00+00:00
[2026-04-01T07:35:55.929+0000] {processor.py:183} INFO - Processing /opt/airflow/dags/minio_to_snowflake.py took 8.366 seconds
[2026-04-01T07:36:26.678+0000] {processor.py:161} INFO - Started process (PID=4167) to work on /opt/airflow/dags/minio_to_snowflake.py
[2026-04-01T07:36:26.681+0000] {processor.py:830} INFO - Processing file /opt/airflow/dags/minio_to_snowflake.py for tasks to queue
[2026-04-01T07:36:26.685+0000] {logging_mixin.py:188} INFO - [2026-04-01T07:36:26.684+0000] {dagbag.py:545} INFO - Filling up the DagBag from /opt/airflow/dags/minio_to_snowflake.py
[2026-04-01T07:36:29.548+0000] {processor.py:840} INFO - DAG(s) 'minio_to_snowflake_pipeline' retrieved from /opt/airflow/dags/minio_to_snowflake.py
[2026-04-01T07:36:29.675+0000] {logging_mixin.py:188} INFO - [2026-04-01T07:36:29.673+0000] {dag.py:3089} INFO - Sync 1 DAGs
[2026-04-01T07:36:29.754+0000] {logging_mixin.py:188} INFO - [2026-04-01T07:36:29.753+0000] {dag.py:3947} INFO - Setting next_dagrun for minio_to_snowflake_pipeline to 2026-04-01 07:30:00+00:00, run_after=2026-04-01 07:40:00+00:00
[2026-04-01T07:36:29.812+0000] {processor.py:183} INFO - Processing /opt/airflow/dags/minio_to_snowflake.py took 3.145 seconds
[2026-04-01T07:37:00.460+0000] {processor.py:161} INFO - Started process (PID=4174) to work on /opt/airflow/dags/minio_to_snowflake.py
[2026-04-01T07:37:00.466+0000] {processor.py:830} INFO - Processing file /opt/airflow/dags/minio_to_snowflake.py for tasks to queue
[2026-04-01T07:37:00.470+0000] {logging_mixin.py:188} INFO - [2026-04-01T07:37:00.469+0000] {dagbag.py:545} INFO - Filling up the DagBag from /opt/airflow/dags/minio_to_snowflake.py
[2026-04-01T07:37:03.175+0000] {processor.py:840} INFO - DAG(s) 'minio_to_snowflake_pipeline' retrieved from /opt/airflow/dags/minio_to_snowflake.py
[2026-04-01T07:37:03.251+0000] {logging_mixin.py:188} INFO - [2026-04-01T07:37:03.246+0000] {dag.py:3089} INFO - Sync 1 DAGs
[2026-04-01T07:37:03.295+0000] {logging_mixin.py:188} INFO - [2026-04-01T07:37:03.294+0000] {dag.py:3947} INFO - Setting next_dagrun for minio_to_snowflake_pipeline to 2026-04-01 07:30:00+00:00, run_after=2026-04-01 07:40:00+00:00
[2026-04-01T07:37:03.351+0000] {processor.py:183} INFO - Processing /opt/airflow/dags/minio_to_snowflake.py took 2.910 seconds
[2026-04-01T07:37:34.006+0000] {processor.py:161} INFO - Started process (PID=4181) to work on /opt/airflow/dags/minio_to_snowflake.py
[2026-04-01T07:37:34.016+0000] {processor.py:830} INFO - Processing file /opt/airflow/dags/minio_to_snowflake.py for tasks to queue
[2026-04-01T07:37:34.031+0000] {logging_mixin.py:188} INFO - [2026-04-01T07:37:34.030+0000] {dagbag.py:545} INFO - Filling up the DagBag from /opt/airflow/dags/minio_to_snowflake.py
[2026-04-01T07:37:44.433+0000] {processor.py:840} INFO - DAG(s) 'minio_to_snowflake_pipeline' retrieved from /opt/airflow/dags/minio_to_snowflake.py
[2026-04-01T07:37:44.659+0000] {logging_mixin.py:188} INFO - [2026-04-01T07:37:44.646+0000] {dag.py:3089} INFO - Sync 1 DAGs
[2026-04-01T07:37:44.865+0000] {logging_mixin.py:188} INFO - [2026-04-01T07:37:44.864+0000] {dag.py:3947} INFO - Setting next_dagrun for minio_to_snowflake_pipeline to 2026-04-01 07:30:00+00:00, run_after=2026-04-01 07:40:00+00:00
[2026-04-01T07:37:44.951+0000] {processor.py:183} INFO - Processing /opt/airflow/dags/minio_to_snowflake.py took 10.999 seconds
[2026-04-01T07:38:15.601+0000] {processor.py:161} INFO - Started process (PID=4188) to work on /opt/airflow/dags/minio_to_snowflake.py
[2026-04-01T07:38:15.619+0000] {processor.py:830} INFO - Processing file /opt/airflow/dags/minio_to_snowflake.py for tasks to queue
[2026-04-01T07:38:15.632+0000] {logging_mixin.py:188} INFO - [2026-04-01T07:38:15.626+0000] {dagbag.py:545} INFO - Filling up the DagBag from /opt/airflow/dags/minio_to_snowflake.py
[2026-04-01T07:38:19.856+0000] {processor.py:840} INFO - DAG(s) 'minio_to_snowflake_pipeline' retrieved from /opt/airflow/dags/minio_to_snowflake.py
[2026-04-01T07:38:20.035+0000] {logging_mixin.py:188} INFO - [2026-04-01T07:38:20.034+0000] {dag.py:3089} INFO - Sync 1 DAGs
[2026-04-01T07:38:20.265+0000] {logging_mixin.py:188} INFO - [2026-04-01T07:38:20.256+0000] {dag.py:3947} INFO - Setting next_dagrun for minio_to_snowflake_pipeline to 2026-04-01 07:30:00+00:00, run_after=2026-04-01 07:40:00+00:00
[2026-04-01T07:38:20.450+0000] {processor.py:183} INFO - Processing /opt/airflow/dags/minio_to_snowflake.py took 4.896 seconds
[2026-04-01T07:38:51.199+0000] {processor.py:161} INFO - Started process (PID=4195) to work on /opt/airflow/dags/minio_to_snowflake.py
[2026-04-01T07:38:51.213+0000] {processor.py:830} INFO - Processing file /opt/airflow/dags/minio_to_snowflake.py for tasks to queue
[2026-04-01T07:38:51.221+0000] {logging_mixin.py:188} INFO - [2026-04-01T07:38:51.220+0000] {dagbag.py:545} INFO - Filling up the DagBag from /opt/airflow/dags/minio_to_snowflake.py
[2026-04-01T07:38:53.897+0000] {processor.py:840} INFO - DAG(s) 'minio_to_snowflake_pipeline' retrieved from /opt/airflow/dags/minio_to_snowflake.py
[2026-04-01T07:38:53.959+0000] {logging_mixin.py:188} INFO - [2026-04-01T07:38:53.958+0000] {dag.py:3089} INFO - Sync 1 DAGs
[2026-04-01T07:38:54.018+0000] {logging_mixin.py:188} INFO - [2026-04-01T07:38:54.017+0000] {dag.py:3947} INFO - Setting next_dagrun for minio_to_snowflake_pipeline to 2026-04-01 07:30:00+00:00, run_after=2026-04-01 07:40:00+00:00
[2026-04-01T07:38:54.107+0000] {processor.py:183} INFO - Processing /opt/airflow/dags/minio_to_snowflake.py took 2.961 seconds
[2026-04-01T07:39:25.011+0000] {processor.py:161} INFO - Started process (PID=4202) to work on /opt/airflow/dags/minio_to_snowflake.py
[2026-04-01T07:39:25.025+0000] {processor.py:830} INFO - Processing file /opt/airflow/dags/minio_to_snowflake.py for tasks to queue
[2026-04-01T07:39:25.042+0000] {logging_mixin.py:188} INFO - [2026-04-01T07:39:25.041+0000] {dagbag.py:545} INFO - Filling up the DagBag from /opt/airflow/dags/minio_to_snowflake.py
[2026-04-01T07:39:31.114+0000] {processor.py:840} INFO - DAG(s) 'minio_to_snowflake_pipeline' retrieved from /opt/airflow/dags/minio_to_snowflake.py
[2026-04-01T07:39:31.171+0000] {logging_mixin.py:188} INFO - [2026-04-01T07:39:31.170+0000] {dag.py:3089} INFO - Sync 1 DAGs
[2026-04-01T07:39:31.209+0000] {logging_mixin.py:188} INFO - [2026-04-01T07:39:31.209+0000] {dag.py:3947} INFO - Setting next_dagrun for minio_to_snowflake_pipeline to 2026-04-01 07:30:00+00:00, run_after=2026-04-01 07:40:00+00:00
[2026-04-01T07:39:31.245+0000] {processor.py:183} INFO - Processing /opt/airflow/dags/minio_to_snowflake.py took 6.271 seconds
[2026-04-01T07:40:01.963+0000] {processor.py:161} INFO - Started process (PID=4210) to work on /opt/airflow/dags/minio_to_snowflake.py
[2026-04-01T07:40:01.966+0000] {processor.py:830} INFO - Processing file /opt/airflow/dags/minio_to_snowflake.py for tasks to queue
[2026-04-01T07:40:01.972+0000] {logging_mixin.py:188} INFO - [2026-04-01T07:40:01.970+0000] {dagbag.py:545} INFO - Filling up the DagBag from /opt/airflow/dags/minio_to_snowflake.py
[2026-04-01T07:40:05.015+0000] {processor.py:840} INFO - DAG(s) 'minio_to_snowflake_pipeline' retrieved from /opt/airflow/dags/minio_to_snowflake.py
[2026-04-01T07:40:05.132+0000] {logging_mixin.py:188} INFO - [2026-04-01T07:40:05.127+0000] {dag.py:3089} INFO - Sync 1 DAGs
[2026-04-01T07:40:05.292+0000] {processor.py:183} INFO - Processing /opt/airflow/dags/minio_to_snowflake.py took 3.348 seconds
[2026-04-01T07:40:35.640+0000] {processor.py:161} INFO - Started process (PID=4220) to work on /opt/airflow/dags/minio_to_snowflake.py
[2026-04-01T07:40:35.647+0000] {processor.py:830} INFO - Processing file /opt/airflow/dags/minio_to_snowflake.py for tasks to queue
[2026-04-01T07:40:35.664+0000] {logging_mixin.py:188} INFO - [2026-04-01T07:40:35.656+0000] {dagbag.py:545} INFO - Filling up the DagBag from /opt/airflow/dags/minio_to_snowflake.py
[2026-04-01T07:40:38.825+0000] {processor.py:840} INFO - DAG(s) 'minio_to_snowflake_pipeline' retrieved from /opt/airflow/dags/minio_to_snowflake.py
[2026-04-01T07:40:38.886+0000] {logging_mixin.py:188} INFO - [2026-04-01T07:40:38.885+0000] {dag.py:3089} INFO - Sync 1 DAGs
[2026-04-01T07:40:39.024+0000] {logging_mixin.py:188} INFO - [2026-04-01T07:40:39.024+0000] {dag.py:3947} INFO - Setting next_dagrun for minio_to_snowflake_pipeline to 2026-04-01 07:40:00+00:00, run_after=2026-04-01 07:50:00+00:00
[2026-04-01T07:40:39.121+0000] {processor.py:183} INFO - Processing /opt/airflow/dags/minio_to_snowflake.py took 3.534 seconds
[2026-04-01T07:41:10.183+0000] {processor.py:161} INFO - Started process (PID=4227) to work on /opt/airflow/dags/minio_to_snowflake.py
[2026-04-01T07:41:10.229+0000] {processor.py:830} INFO - Processing file /opt/airflow/dags/minio_to_snowflake.py for tasks to queue
[2026-04-01T07:41:10.260+0000] {logging_mixin.py:188} INFO - [2026-04-01T07:41:10.259+0000] {dagbag.py:545} INFO - Filling up the DagBag from /opt/airflow/dags/minio_to_snowflake.py
[2026-04-01T07:41:15.903+0000] {processor.py:840} INFO - DAG(s) 'minio_to_snowflake_pipeline' retrieved from /opt/airflow/dags/minio_to_snowflake.py
[2026-04-01T07:41:16.011+0000] {logging_mixin.py:188} INFO - [2026-04-01T07:41:16.009+0000] {dag.py:3089} INFO - Sync 1 DAGs
[2026-04-01T07:41:16.141+0000] {logging_mixin.py:188} INFO - [2026-04-01T07:41:16.140+0000] {dag.py:3947} INFO - Setting next_dagrun for minio_to_snowflake_pipeline to 2026-04-01 07:40:00+00:00, run_after=2026-04-01 07:50:00+00:00
[2026-04-01T07:41:16.204+0000] {processor.py:183} INFO - Processing /opt/airflow/dags/minio_to_snowflake.py took 6.086 seconds
[2026-04-01T07:41:46.946+0000] {processor.py:161} INFO - Started process (PID=4234) to work on /opt/airflow/dags/minio_to_snowflake.py
[2026-04-01T07:41:46.949+0000] {processor.py:830} INFO - Processing file /opt/airflow/dags/minio_to_snowflake.py for tasks to queue
[2026-04-01T07:41:46.952+0000] {logging_mixin.py:188} INFO - [2026-04-01T07:41:46.951+0000] {dagbag.py:545} INFO - Filling up the DagBag from /opt/airflow/dags/minio_to_snowflake.py
[2026-04-01T07:41:48.586+0000] {processor.py:840} INFO - DAG(s) 'minio_to_snowflake_pipeline' retrieved from /opt/airflow/dags/minio_to_snowflake.py
[2026-04-01T07:41:48.630+0000] {logging_mixin.py:188} INFO - [2026-04-01T07:41:48.629+0000] {dag.py:3089} INFO - Sync 1 DAGs
[2026-04-01T07:41:48.673+0000] {logging_mixin.py:188} INFO - [2026-04-01T07:41:48.673+0000] {dag.py:3947} INFO - Setting next_dagrun for minio_to_snowflake_pipeline to 2026-04-01 07:40:00+00:00, run_after=2026-04-01 07:50:00+00:00
[2026-04-01T07:41:48.706+0000] {processor.py:183} INFO - Processing /opt/airflow/dags/minio_to_snowflake.py took 1.772 seconds
[2026-04-01T07:42:19.532+0000] {processor.py:161} INFO - Started process (PID=4241) to work on /opt/airflow/dags/minio_to_snowflake.py
[2026-04-01T07:42:19.535+0000] {processor.py:830} INFO - Processing file /opt/airflow/dags/minio_to_snowflake.py for tasks to queue
[2026-04-01T07:42:19.538+0000] {logging_mixin.py:188} INFO - [2026-04-01T07:42:19.537+0000] {dagbag.py:545} INFO - Filling up the DagBag from /opt/airflow/dags/minio_to_snowflake.py
[2026-04-01T07:42:21.629+0000] {processor.py:840} INFO - DAG(s) 'minio_to_snowflake_pipeline' retrieved from /opt/airflow/dags/minio_to_snowflake.py
[2026-04-01T07:42:21.675+0000] {logging_mixin.py:188} INFO - [2026-04-01T07:42:21.674+0000] {dag.py:3089} INFO - Sync 1 DAGs
[2026-04-01T07:42:21.712+0000] {logging_mixin.py:188} INFO - [2026-04-01T07:42:21.712+0000] {dag.py:3947} INFO - Setting next_dagrun for minio_to_snowflake_pipeline to 2026-04-01 07:40:00+00:00, run_after=2026-04-01 07:50:00+00:00
[2026-04-01T07:42:21.750+0000] {processor.py:183} INFO - Processing /opt/airflow/dags/minio_to_snowflake.py took 2.233 seconds
[2026-04-01T07:42:52.382+0000] {processor.py:161} INFO - Started process (PID=4248) to work on /opt/airflow/dags/minio_to_snowflake.py
[2026-04-01T07:42:52.389+0000] {processor.py:830} INFO - Processing file /opt/airflow/dags/minio_to_snowflake.py for tasks to queue
[2026-04-01T07:42:52.395+0000] {logging_mixin.py:188} INFO - [2026-04-01T07:42:52.392+0000] {dagbag.py:545} INFO - Filling up the DagBag from /opt/airflow/dags/minio_to_snowflake.py
[2026-04-01T07:42:54.758+0000] {processor.py:840} INFO - DAG(s) 'minio_to_snowflake_pipeline' retrieved from /opt/airflow/dags/minio_to_snowflake.py
[2026-04-01T07:42:54.822+0000] {logging_mixin.py:188} INFO - [2026-04-01T07:42:54.821+0000] {dag.py:3089} INFO - Sync 1 DAGs
[2026-04-01T07:42:54.872+0000] {logging_mixin.py:188} INFO - [2026-04-01T07:42:54.872+0000] {dag.py:3947} INFO - Setting next_dagrun for minio_to_snowflake_pipeline to 2026-04-01 07:40:00+00:00, run_after=2026-04-01 07:50:00+00:00
[2026-04-01T07:42:54.916+0000] {processor.py:183} INFO - Processing /opt/airflow/dags/minio_to_snowflake.py took 2.584 seconds
[2026-04-01T07:43:25.178+0000] {processor.py:161} INFO - Started process (PID=4255) to work on /opt/airflow/dags/minio_to_snowflake.py
[2026-04-01T07:43:25.180+0000] {processor.py:830} INFO - Processing file /opt/airflow/dags/minio_to_snowflake.py for tasks to queue
[2026-04-01T07:43:25.182+0000] {logging_mixin.py:188} INFO - [2026-04-01T07:43:25.181+0000] {dagbag.py:545} INFO - Filling up the DagBag from /opt/airflow/dags/minio_to_snowflake.py
[2026-04-01T07:43:26.702+0000] {processor.py:840} INFO - DAG(s) 'minio_to_snowflake_pipeline' retrieved from /opt/airflow/dags/minio_to_snowflake.py
[2026-04-01T07:43:26.746+0000] {logging_mixin.py:188} INFO - [2026-04-01T07:43:26.745+0000] {dag.py:3089} INFO - Sync 1 DAGs
[2026-04-01T07:43:26.781+0000] {logging_mixin.py:188} INFO - [2026-04-01T07:43:26.781+0000] {dag.py:3947} INFO - Setting next_dagrun for minio_to_snowflake_pipeline to 2026-04-01 07:40:00+00:00, run_after=2026-04-01 07:50:00+00:00
[2026-04-01T07:43:26.823+0000] {processor.py:183} INFO - Processing /opt/airflow/dags/minio_to_snowflake.py took 1.663 seconds
[2026-04-01T07:43:57.331+0000] {processor.py:161} INFO - Started process (PID=4262) to work on /opt/airflow/dags/minio_to_snowflake.py
[2026-04-01T07:43:57.334+0000] {processor.py:830} INFO - Processing file /opt/airflow/dags/minio_to_snowflake.py for tasks to queue
[2026-04-01T07:43:57.337+0000] {logging_mixin.py:188} INFO - [2026-04-01T07:43:57.336+0000] {dagbag.py:545} INFO - Filling up the DagBag from /opt/airflow/dags/minio_to_snowflake.py
[2026-04-01T07:43:58.786+0000] {processor.py:840} INFO - DAG(s) 'minio_to_snowflake_pipeline' retrieved from /opt/airflow/dags/minio_to_snowflake.py
[2026-04-01T07:43:58.828+0000] {logging_mixin.py:188} INFO - [2026-04-01T07:43:58.827+0000] {dag.py:3089} INFO - Sync 1 DAGs
[2026-04-01T07:43:58.858+0000] {logging_mixin.py:188} INFO - [2026-04-01T07:43:58.858+0000] {dag.py:3947} INFO - Setting next_dagrun for minio_to_snowflake_pipeline to 2026-04-01 07:40:00+00:00, run_after=2026-04-01 07:50:00+00:00
[2026-04-01T07:43:58.886+0000] {processor.py:183} INFO - Processing /opt/airflow/dags/minio_to_snowflake.py took 1.585 seconds
[2026-04-01T07:44:30.386+0000] {processor.py:161} INFO - Started process (PID=4269) to work on /opt/airflow/dags/minio_to_snowflake.py
[2026-04-01T07:44:30.397+0000] {processor.py:830} INFO - Processing file /opt/airflow/dags/minio_to_snowflake.py for tasks to queue
[2026-04-01T07:44:30.417+0000] {logging_mixin.py:188} INFO - [2026-04-01T07:44:30.402+0000] {dagbag.py:545} INFO - Filling up the DagBag from /opt/airflow/dags/minio_to_snowflake.py
[2026-04-01T07:44:44.715+0000] {processor.py:840} INFO - DAG(s) 'minio_to_snowflake_pipeline' retrieved from /opt/airflow/dags/minio_to_snowflake.py
[2026-04-01T07:44:44.884+0000] {logging_mixin.py:188} INFO - [2026-04-01T07:44:44.883+0000] {dag.py:3089} INFO - Sync 1 DAGs
[2026-04-01T07:44:45.018+0000] {logging_mixin.py:188} INFO - [2026-04-01T07:44:45.008+0000] {dag.py:3947} INFO - Setting next_dagrun for minio_to_snowflake_pipeline to 2026-04-01 07:40:00+00:00, run_after=2026-04-01 07:50:00+00:00
[2026-04-01T07:44:45.638+0000] {processor.py:183} INFO - Processing /opt/airflow/dags/minio_to_snowflake.py took 15.330 seconds
[2026-04-01T07:45:16.063+0000] {processor.py:161} INFO - Started process (PID=4276) to work on /opt/airflow/dags/minio_to_snowflake.py
[2026-04-01T07:45:16.067+0000] {processor.py:830} INFO - Processing file /opt/airflow/dags/minio_to_snowflake.py for tasks to queue
[2026-04-01T07:45:16.077+0000] {logging_mixin.py:188} INFO - [2026-04-01T07:45:16.074+0000] {dagbag.py:545} INFO - Filling up the DagBag from /opt/airflow/dags/minio_to_snowflake.py
[2026-04-01T07:45:21.766+0000] {processor.py:840} INFO - DAG(s) 'minio_to_snowflake_pipeline' retrieved from /opt/airflow/dags/minio_to_snowflake.py
[2026-04-01T07:45:21.977+0000] {logging_mixin.py:188} INFO - [2026-04-01T07:45:21.975+0000] {dag.py:3089} INFO - Sync 1 DAGs
[2026-04-01T07:45:22.180+0000] {logging_mixin.py:188} INFO - [2026-04-01T07:45:22.180+0000] {dag.py:3947} INFO - Setting next_dagrun for minio_to_snowflake_pipeline to 2026-04-01 07:40:00+00:00, run_after=2026-04-01 07:50:00+00:00
[2026-04-01T07:45:22.348+0000] {processor.py:183} INFO - Processing /opt/airflow/dags/minio_to_snowflake.py took 6.305 seconds
[2026-04-01T07:45:52.835+0000] {processor.py:161} INFO - Started process (PID=4283) to work on /opt/airflow/dags/minio_to_snowflake.py
[2026-04-01T07:45:52.840+0000] {processor.py:830} INFO - Processing file /opt/airflow/dags/minio_to_snowflake.py for tasks to queue
[2026-04-01T07:45:52.846+0000] {logging_mixin.py:188} INFO - [2026-04-01T07:45:52.843+0000] {dagbag.py:545} INFO - Filling up the DagBag from /opt/airflow/dags/minio_to_snowflake.py
[2026-04-01T07:46:04.729+0000] {processor.py:840} INFO - DAG(s) 'minio_to_snowflake_pipeline' retrieved from /opt/airflow/dags/minio_to_snowflake.py
[2026-04-01T07:46:04.865+0000] {logging_mixin.py:188} INFO - [2026-04-01T07:46:04.859+0000] {dag.py:3089} INFO - Sync 1 DAGs
[2026-04-01T07:46:05.029+0000] {logging_mixin.py:188} INFO - [2026-04-01T07:46:05.028+0000] {dag.py:3947} INFO - Setting next_dagrun for minio_to_snowflake_pipeline to 2026-04-01 07:40:00+00:00, run_after=2026-04-01 07:50:00+00:00
[2026-04-01T07:46:05.214+0000] {processor.py:183} INFO - Processing /opt/airflow/dags/minio_to_snowflake.py took 12.426 seconds
[2026-04-01T07:46:36.032+0000] {processor.py:161} INFO - Started process (PID=4290) to work on /opt/airflow/dags/minio_to_snowflake.py
[2026-04-01T07:46:36.034+0000] {processor.py:830} INFO - Processing file /opt/airflow/dags/minio_to_snowflake.py for tasks to queue
[2026-04-01T07:46:36.036+0000] {logging_mixin.py:188} INFO - [2026-04-01T07:46:36.035+0000] {dagbag.py:545} INFO - Filling up the DagBag from /opt/airflow/dags/minio_to_snowflake.py
[2026-04-01T07:46:37.762+0000] {processor.py:840} INFO - DAG(s) 'minio_to_snowflake_pipeline' retrieved from /opt/airflow/dags/minio_to_snowflake.py
[2026-04-01T07:46:37.813+0000] {logging_mixin.py:188} INFO - [2026-04-01T07:46:37.812+0000] {dag.py:3089} INFO - Sync 1 DAGs
[2026-04-01T07:46:37.855+0000] {logging_mixin.py:188} INFO - [2026-04-01T07:46:37.855+0000] {dag.py:3947} INFO - Setting next_dagrun for minio_to_snowflake_pipeline to 2026-04-01 07:40:00+00:00, run_after=2026-04-01 07:50:00+00:00
[2026-04-01T07:46:37.898+0000] {processor.py:183} INFO - Processing /opt/airflow/dags/minio_to_snowflake.py took 1.882 seconds
[2026-04-01T07:47:08.573+0000] {processor.py:161} INFO - Started process (PID=4297) to work on /opt/airflow/dags/minio_to_snowflake.py
[2026-04-01T07:47:08.577+0000] {processor.py:830} INFO - Processing file /opt/airflow/dags/minio_to_snowflake.py for tasks to queue
[2026-04-01T07:47:08.580+0000] {logging_mixin.py:188} INFO - [2026-04-01T07:47:08.579+0000] {dagbag.py:545} INFO - Filling up the DagBag from /opt/airflow/dags/minio_to_snowflake.py
[2026-04-01T07:47:11.600+0000] {processor.py:840} INFO - DAG(s) 'minio_to_snowflake_pipeline' retrieved from /opt/airflow/dags/minio_to_snowflake.py
[2026-04-01T07:47:11.644+0000] {logging_mixin.py:188} INFO - [2026-04-01T07:47:11.643+0000] {dag.py:3089} INFO - Sync 1 DAGs
[2026-04-01T07:47:11.680+0000] {logging_mixin.py:188} INFO - [2026-04-01T07:47:11.679+0000] {dag.py:3947} INFO - Setting next_dagrun for minio_to_snowflake_pipeline to 2026-04-01 07:40:00+00:00, run_after=2026-04-01 07:50:00+00:00
[2026-04-01T07:47:11.712+0000] {processor.py:183} INFO - Processing /opt/airflow/dags/minio_to_snowflake.py took 3.164 seconds
[2026-04-01T07:47:42.212+0000] {processor.py:161} INFO - Started process (PID=4304) to work on /opt/airflow/dags/minio_to_snowflake.py
[2026-04-01T07:47:42.218+0000] {processor.py:830} INFO - Processing file /opt/airflow/dags/minio_to_snowflake.py for tasks to queue
[2026-04-01T07:47:42.226+0000] {logging_mixin.py:188} INFO - [2026-04-01T07:47:42.223+0000] {dagbag.py:545} INFO - Filling up the DagBag from /opt/airflow/dags/minio_to_snowflake.py
[2026-04-01T07:47:43.810+0000] {processor.py:840} INFO - DAG(s) 'minio_to_snowflake_pipeline' retrieved from /opt/airflow/dags/minio_to_snowflake.py
[2026-04-01T07:47:43.857+0000] {logging_mixin.py:188} INFO - [2026-04-01T07:47:43.856+0000] {dag.py:3089} INFO - Sync 1 DAGs
[2026-04-01T07:47:43.897+0000] {logging_mixin.py:188} INFO - [2026-04-01T07:47:43.896+0000] {dag.py:3947} INFO - Setting next_dagrun for minio_to_snowflake_pipeline to 2026-04-01 07:40:00+00:00, run_after=2026-04-01 07:50:00+00:00
[2026-04-01T07:47:43.928+0000] {processor.py:183} INFO - Processing /opt/airflow/dags/minio_to_snowflake.py took 1.754 seconds
[2026-04-01T07:48:14.307+0000] {processor.py:161} INFO - Started process (PID=4311) to work on /opt/airflow/dags/minio_to_snowflake.py
[2026-04-01T07:48:14.311+0000] {processor.py:830} INFO - Processing file /opt/airflow/dags/minio_to_snowflake.py for tasks to queue
[2026-04-01T07:48:14.315+0000] {logging_mixin.py:188} INFO - [2026-04-01T07:48:14.313+0000] {dagbag.py:545} INFO - Filling up the DagBag from /opt/airflow/dags/minio_to_snowflake.py
[2026-04-01T07:48:17.109+0000] {processor.py:840} INFO - DAG(s) 'minio_to_snowflake_pipeline' retrieved from /opt/airflow/dags/minio_to_snowflake.py
[2026-04-01T07:48:17.371+0000] {logging_mixin.py:188} INFO - [2026-04-01T07:48:17.362+0000] {dag.py:3089} INFO - Sync 1 DAGs
[2026-04-01T07:48:17.615+0000] {logging_mixin.py:188} INFO - [2026-04-01T07:48:17.614+0000] {dag.py:3947} INFO - Setting next_dagrun for minio_to_snowflake_pipeline to 2026-04-01 07:40:00+00:00, run_after=2026-04-01 07:50:00+00:00
[2026-04-01T07:48:17.797+0000] {processor.py:183} INFO - Processing /opt/airflow/dags/minio_to_snowflake.py took 3.525 seconds
[2026-04-01T07:48:48.113+0000] {processor.py:161} INFO - Started process (PID=4318) to work on /opt/airflow/dags/minio_to_snowflake.py
[2026-04-01T07:48:48.117+0000] {processor.py:830} INFO - Processing file /opt/airflow/dags/minio_to_snowflake.py for tasks to queue
[2026-04-01T07:48:48.121+0000] {logging_mixin.py:188} INFO - [2026-04-01T07:48:48.119+0000] {dagbag.py:545} INFO - Filling up the DagBag from /opt/airflow/dags/minio_to_snowflake.py
[2026-04-01T07:48:53.524+0000] {processor.py:840} INFO - DAG(s) 'minio_to_snowflake_pipeline' retrieved from /opt/airflow/dags/minio_to_snowflake.py
[2026-04-01T07:48:53.591+0000] {logging_mixin.py:188} INFO - [2026-04-01T07:48:53.590+0000] {dag.py:3089} INFO - Sync 1 DAGs
[2026-04-01T07:48:53.649+0000] {logging_mixin.py:188} INFO - [2026-04-01T07:48:53.648+0000] {dag.py:3947} INFO - Setting next_dagrun for minio_to_snowflake_pipeline to 2026-04-01 07:40:00+00:00, run_after=2026-04-01 07:50:00+00:00
[2026-04-01T07:48:53.755+0000] {processor.py:183} INFO - Processing /opt/airflow/dags/minio_to_snowflake.py took 5.729 seconds
[2026-04-01T07:49:24.198+0000] {processor.py:161} INFO - Started process (PID=4325) to work on /opt/airflow/dags/minio_to_snowflake.py
[2026-04-01T07:49:24.201+0000] {processor.py:830} INFO - Processing file /opt/airflow/dags/minio_to_snowflake.py for tasks to queue
[2026-04-01T07:49:24.206+0000] {logging_mixin.py:188} INFO - [2026-04-01T07:49:24.204+0000] {dagbag.py:545} INFO - Filling up the DagBag from /opt/airflow/dags/minio_to_snowflake.py
[2026-04-01T07:49:27.380+0000] {processor.py:840} INFO - DAG(s) 'minio_to_snowflake_pipeline' retrieved from /opt/airflow/dags/minio_to_snowflake.py
[2026-04-01T07:49:27.513+0000] {logging_mixin.py:188} INFO - [2026-04-01T07:49:27.511+0000] {dag.py:3089} INFO - Sync 1 DAGs
[2026-04-01T07:49:27.587+0000] {logging_mixin.py:188} INFO - [2026-04-01T07:49:27.586+0000] {dag.py:3947} INFO - Setting next_dagrun for minio_to_snowflake_pipeline to 2026-04-01 07:40:00+00:00, run_after=2026-04-01 07:50:00+00:00
[2026-04-01T07:49:27.635+0000] {processor.py:183} INFO - Processing /opt/airflow/dags/minio_to_snowflake.py took 3.454 seconds
[2026-04-01T07:50:00.670+0000] {processor.py:161} INFO - Started process (PID=4332) to work on /opt/airflow/dags/minio_to_snowflake.py
[2026-04-01T07:50:00.750+0000] {processor.py:830} INFO - Processing file /opt/airflow/dags/minio_to_snowflake.py for tasks to queue
[2026-04-01T07:50:00.756+0000] {logging_mixin.py:188} INFO - [2026-04-01T07:50:00.754+0000] {dagbag.py:545} INFO - Filling up the DagBag from /opt/airflow/dags/minio_to_snowflake.py
[2026-04-01T07:50:04.711+0000] {processor.py:840} INFO - DAG(s) 'minio_to_snowflake_pipeline' retrieved from /opt/airflow/dags/minio_to_snowflake.py
[2026-04-01T07:50:04.786+0000] {logging_mixin.py:188} INFO - [2026-04-01T07:50:04.782+0000] {dag.py:3089} INFO - Sync 1 DAGs
[2026-04-01T07:50:05.573+0000] {processor.py:183} INFO - Processing /opt/airflow/dags/minio_to_snowflake.py took 4.952 seconds
[2026-04-01T07:50:36.413+0000] {processor.py:161} INFO - Started process (PID=4343) to work on /opt/airflow/dags/minio_to_snowflake.py
[2026-04-01T07:50:36.417+0000] {processor.py:830} INFO - Processing file /opt/airflow/dags/minio_to_snowflake.py for tasks to queue
[2026-04-01T07:50:36.432+0000] {logging_mixin.py:188} INFO - [2026-04-01T07:50:36.419+0000] {dagbag.py:545} INFO - Filling up the DagBag from /opt/airflow/dags/minio_to_snowflake.py
[2026-04-01T07:50:41.141+0000] {processor.py:840} INFO - DAG(s) 'minio_to_snowflake_pipeline' retrieved from /opt/airflow/dags/minio_to_snowflake.py
[2026-04-01T07:50:41.318+0000] {logging_mixin.py:188} INFO - [2026-04-01T07:50:41.317+0000] {dag.py:3089} INFO - Sync 1 DAGs
[2026-04-01T07:50:41.454+0000] {logging_mixin.py:188} INFO - [2026-04-01T07:50:41.454+0000] {dag.py:3947} INFO - Setting next_dagrun for minio_to_snowflake_pipeline to 2026-04-01 07:50:00+00:00, run_after=2026-04-01 08:00:00+00:00
[2026-04-01T07:50:41.569+0000] {processor.py:183} INFO - Processing /opt/airflow/dags/minio_to_snowflake.py took 5.209 seconds
[2026-04-01T07:51:12.366+0000] {processor.py:161} INFO - Started process (PID=4350) to work on /opt/airflow/dags/minio_to_snowflake.py
[2026-04-01T07:51:12.371+0000] {processor.py:830} INFO - Processing file /opt/airflow/dags/minio_to_snowflake.py for tasks to queue
[2026-04-01T07:51:12.374+0000] {logging_mixin.py:188} INFO - [2026-04-01T07:51:12.373+0000] {dagbag.py:545} INFO - Filling up the DagBag from /opt/airflow/dags/minio_to_snowflake.py
[2026-04-01T07:51:14.314+0000] {processor.py:840} INFO - DAG(s) 'minio_to_snowflake_pipeline' retrieved from /opt/airflow/dags/minio_to_snowflake.py
[2026-04-01T07:51:14.359+0000] {logging_mixin.py:188} INFO - [2026-04-01T07:51:14.357+0000] {dag.py:3089} INFO - Sync 1 DAGs
[2026-04-01T07:51:14.394+0000] {logging_mixin.py:188} INFO - [2026-04-01T07:51:14.394+0000] {dag.py:3947} INFO - Setting next_dagrun for minio_to_snowflake_pipeline to 2026-04-01 07:50:00+00:00, run_after=2026-04-01 08:00:00+00:00
[2026-04-01T07:51:14.423+0000] {processor.py:183} INFO - Processing /opt/airflow/dags/minio_to_snowflake.py took 2.098 seconds
[2026-04-01T07:51:45.104+0000] {processor.py:161} INFO - Started process (PID=4357) to work on /opt/airflow/dags/minio_to_snowflake.py
[2026-04-01T07:51:45.109+0000] {processor.py:830} INFO - Processing file /opt/airflow/dags/minio_to_snowflake.py for tasks to queue
[2026-04-01T07:51:45.116+0000] {logging_mixin.py:188} INFO - [2026-04-01T07:51:45.114+0000] {dagbag.py:545} INFO - Filling up the DagBag from /opt/airflow/dags/minio_to_snowflake.py
[2026-04-01T07:51:47.045+0000] {processor.py:840} INFO - DAG(s) 'minio_to_snowflake_pipeline' retrieved from /opt/airflow/dags/minio_to_snowflake.py
[2026-04-01T07:51:47.105+0000] {logging_mixin.py:188} INFO - [2026-04-01T07:51:47.103+0000] {dag.py:3089} INFO - Sync 1 DAGs
[2026-04-01T07:51:47.148+0000] {logging_mixin.py:188} INFO - [2026-04-01T07:51:47.148+0000] {dag.py:3947} INFO - Setting next_dagrun for minio_to_snowflake_pipeline to 2026-04-01 07:50:00+00:00, run_after=2026-04-01 08:00:00+00:00
[2026-04-01T07:51:47.181+0000] {processor.py:183} INFO - Processing /opt/airflow/dags/minio_to_snowflake.py took 2.119 seconds
[2026-04-01T07:52:17.870+0000] {processor.py:161} INFO - Started process (PID=4364) to work on /opt/airflow/dags/minio_to_snowflake.py
[2026-04-01T07:52:17.872+0000] {processor.py:830} INFO - Processing file /opt/airflow/dags/minio_to_snowflake.py for tasks to queue
[2026-04-01T07:52:17.874+0000] {logging_mixin.py:188} INFO - [2026-04-01T07:52:17.874+0000] {dagbag.py:545} INFO - Filling up the DagBag from /opt/airflow/dags/minio_to_snowflake.py
[2026-04-01T07:52:19.687+0000] {processor.py:840} INFO - DAG(s) 'minio_to_snowflake_pipeline' retrieved from /opt/airflow/dags/minio_to_snowflake.py
[2026-04-01T07:52:19.728+0000] {logging_mixin.py:188} INFO - [2026-04-01T07:52:19.728+0000] {dag.py:3089} INFO - Sync 1 DAGs
[2026-04-01T07:52:19.756+0000] {logging_mixin.py:188} INFO - [2026-04-01T07:52:19.756+0000] {dag.py:3947} INFO - Setting next_dagrun for minio_to_snowflake_pipeline to 2026-04-01 07:50:00+00:00, run_after=2026-04-01 08:00:00+00:00
[2026-04-01T07:52:19.781+0000] {processor.py:183} INFO - Processing /opt/airflow/dags/minio_to_snowflake.py took 1.927 seconds
[2026-04-01T07:52:50.473+0000] {processor.py:161} INFO - Started process (PID=4371) to work on /opt/airflow/dags/minio_to_snowflake.py
[2026-04-01T07:52:50.476+0000] {processor.py:830} INFO - Processing file /opt/airflow/dags/minio_to_snowflake.py for tasks to queue
[2026-04-01T07:52:50.479+0000] {logging_mixin.py:188} INFO - [2026-04-01T07:52:50.478+0000] {dagbag.py:545} INFO - Filling up the DagBag from /opt/airflow/dags/minio_to_snowflake.py
[2026-04-01T07:52:53.501+0000] {processor.py:840} INFO - DAG(s) 'minio_to_snowflake_pipeline' retrieved from /opt/airflow/dags/minio_to_snowflake.py
[2026-04-01T07:52:53.568+0000] {logging_mixin.py:188} INFO - [2026-04-01T07:52:53.567+0000] {dag.py:3089} INFO - Sync 1 DAGs
[2026-04-01T07:52:53.625+0000] {logging_mixin.py:188} INFO - [2026-04-01T07:52:53.624+0000] {dag.py:3947} INFO - Setting next_dagrun for minio_to_snowflake_pipeline to 2026-04-01 07:50:00+00:00, run_after=2026-04-01 08:00:00+00:00
[2026-04-01T07:52:53.682+0000] {processor.py:183} INFO - Processing /opt/airflow/dags/minio_to_snowflake.py took 3.256 seconds
[2026-04-01T07:53:24.394+0000] {processor.py:161} INFO - Started process (PID=4378) to work on /opt/airflow/dags/minio_to_snowflake.py
[2026-04-01T07:53:24.397+0000] {processor.py:830} INFO - Processing file /opt/airflow/dags/minio_to_snowflake.py for tasks to queue
[2026-04-01T07:53:24.401+0000] {logging_mixin.py:188} INFO - [2026-04-01T07:53:24.399+0000] {dagbag.py:545} INFO - Filling up the DagBag from /opt/airflow/dags/minio_to_snowflake.py
[2026-04-01T07:53:26.155+0000] {processor.py:840} INFO - DAG(s) 'minio_to_snowflake_pipeline' retrieved from /opt/airflow/dags/minio_to_snowflake.py
[2026-04-01T07:53:26.220+0000] {logging_mixin.py:188} INFO - [2026-04-01T07:53:26.216+0000] {dag.py:3089} INFO - Sync 1 DAGs
[2026-04-01T07:53:26.283+0000] {logging_mixin.py:188} INFO - [2026-04-01T07:53:26.282+0000] {dag.py:3947} INFO - Setting next_dagrun for minio_to_snowflake_pipeline to 2026-04-01 07:50:00+00:00, run_after=2026-04-01 08:00:00+00:00
[2026-04-01T07:53:26.333+0000] {processor.py:183} INFO - Processing /opt/airflow/dags/minio_to_snowflake.py took 1.962 seconds
[2026-04-01T07:53:57.058+0000] {processor.py:161} INFO - Started process (PID=4385) to work on /opt/airflow/dags/minio_to_snowflake.py
[2026-04-01T07:53:57.060+0000] {processor.py:830} INFO - Processing file /opt/airflow/dags/minio_to_snowflake.py for tasks to queue
[2026-04-01T07:53:57.062+0000] {logging_mixin.py:188} INFO - [2026-04-01T07:53:57.061+0000] {dagbag.py:545} INFO - Filling up the DagBag from /opt/airflow/dags/minio_to_snowflake.py
[2026-04-01T07:53:58.858+0000] {processor.py:840} INFO - DAG(s) 'minio_to_snowflake_pipeline' retrieved from /opt/airflow/dags/minio_to_snowflake.py
[2026-04-01T07:53:58.897+0000] {logging_mixin.py:188} INFO - [2026-04-01T07:53:58.896+0000] {dag.py:3089} INFO - Sync 1 DAGs
[2026-04-01T07:53:58.930+0000] {logging_mixin.py:188} INFO - [2026-04-01T07:53:58.930+0000] {dag.py:3947} INFO - Setting next_dagrun for minio_to_snowflake_pipeline to 2026-04-01 07:50:00+00:00, run_after=2026-04-01 08:00:00+00:00
[2026-04-01T07:53:58.958+0000] {processor.py:183} INFO - Processing /opt/airflow/dags/minio_to_snowflake.py took 1.909 seconds
[2026-04-01T07:54:29.609+0000] {processor.py:161} INFO - Started process (PID=4392) to work on /opt/airflow/dags/minio_to_snowflake.py
[2026-04-01T07:54:29.610+0000] {processor.py:830} INFO - Processing file /opt/airflow/dags/minio_to_snowflake.py for tasks to queue
[2026-04-01T07:54:29.612+0000] {logging_mixin.py:188} INFO - [2026-04-01T07:54:29.611+0000] {dagbag.py:545} INFO - Filling up the DagBag from /opt/airflow/dags/minio_to_snowflake.py
[2026-04-01T07:54:34.413+0000] {processor.py:840} INFO - DAG(s) 'minio_to_snowflake_pipeline' retrieved from /opt/airflow/dags/minio_to_snowflake.py
[2026-04-01T07:54:34.550+0000] {logging_mixin.py:188} INFO - [2026-04-01T07:54:34.539+0000] {dag.py:3089} INFO - Sync 1 DAGs
[2026-04-01T07:54:34.727+0000] {logging_mixin.py:188} INFO - [2026-04-01T07:54:34.726+0000] {dag.py:3947} INFO - Setting next_dagrun for minio_to_snowflake_pipeline to 2026-04-01 07:50:00+00:00, run_after=2026-04-01 08:00:00+00:00
[2026-04-01T07:54:34.835+0000] {processor.py:183} INFO - Processing /opt/airflow/dags/minio_to_snowflake.py took 5.237 seconds
[2026-04-01T07:55:05.257+0000] {processor.py:161} INFO - Started process (PID=4399) to work on /opt/airflow/dags/minio_to_snowflake.py
[2026-04-01T07:55:05.265+0000] {processor.py:830} INFO - Processing file /opt/airflow/dags/minio_to_snowflake.py for tasks to queue
[2026-04-01T07:55:05.275+0000] {logging_mixin.py:188} INFO - [2026-04-01T07:55:05.272+0000] {dagbag.py:545} INFO - Filling up the DagBag from /opt/airflow/dags/minio_to_snowflake.py
[2026-04-01T07:55:07.708+0000] {processor.py:840} INFO - DAG(s) 'minio_to_snowflake_pipeline' retrieved from /opt/airflow/dags/minio_to_snowflake.py
[2026-04-01T07:55:07.755+0000] {logging_mixin.py:188} INFO - [2026-04-01T07:55:07.754+0000] {dag.py:3089} INFO - Sync 1 DAGs
[2026-04-01T07:55:07.786+0000] {logging_mixin.py:188} INFO - [2026-04-01T07:55:07.786+0000] {dag.py:3947} INFO - Setting next_dagrun for minio_to_snowflake_pipeline to 2026-04-01 07:50:00+00:00, run_after=2026-04-01 08:00:00+00:00
[2026-04-01T07:55:07.814+0000] {processor.py:183} INFO - Processing /opt/airflow/dags/minio_to_snowflake.py took 2.623 seconds
[2026-04-01T07:55:38.102+0000] {processor.py:161} INFO - Started process (PID=4406) to work on /opt/airflow/dags/minio_to_snowflake.py
[2026-04-01T07:55:38.106+0000] {processor.py:830} INFO - Processing file /opt/airflow/dags/minio_to_snowflake.py for tasks to queue
[2026-04-01T07:55:38.110+0000] {logging_mixin.py:188} INFO - [2026-04-01T07:55:38.109+0000] {dagbag.py:545} INFO - Filling up the DagBag from /opt/airflow/dags/minio_to_snowflake.py
[2026-04-01T07:55:39.778+0000] {processor.py:840} INFO - DAG(s) 'minio_to_snowflake_pipeline' retrieved from /opt/airflow/dags/minio_to_snowflake.py
[2026-04-01T07:55:39.827+0000] {logging_mixin.py:188} INFO - [2026-04-01T07:55:39.824+0000] {dag.py:3089} INFO - Sync 1 DAGs
[2026-04-01T07:55:39.858+0000] {logging_mixin.py:188} INFO - [2026-04-01T07:55:39.858+0000] {dag.py:3947} INFO - Setting next_dagrun for minio_to_snowflake_pipeline to 2026-04-01 07:50:00+00:00, run_after=2026-04-01 08:00:00+00:00
[2026-04-01T07:55:39.890+0000] {processor.py:183} INFO - Processing /opt/airflow/dags/minio_to_snowflake.py took 1.811 seconds
[2026-04-01T07:56:10.096+0000] {processor.py:161} INFO - Started process (PID=4413) to work on /opt/airflow/dags/minio_to_snowflake.py
[2026-04-01T07:56:10.099+0000] {processor.py:830} INFO - Processing file /opt/airflow/dags/minio_to_snowflake.py for tasks to queue
[2026-04-01T07:56:10.103+0000] {logging_mixin.py:188} INFO - [2026-04-01T07:56:10.102+0000] {dagbag.py:545} INFO - Filling up the DagBag from /opt/airflow/dags/minio_to_snowflake.py
[2026-04-01T07:56:12.488+0000] {processor.py:840} INFO - DAG(s) 'minio_to_snowflake_pipeline' retrieved from /opt/airflow/dags/minio_to_snowflake.py
[2026-04-01T07:56:12.532+0000] {logging_mixin.py:188} INFO - [2026-04-01T07:56:12.532+0000] {dag.py:3089} INFO - Sync 1 DAGs
[2026-04-01T07:56:12.585+0000] {logging_mixin.py:188} INFO - [2026-04-01T07:56:12.584+0000] {dag.py:3947} INFO - Setting next_dagrun for minio_to_snowflake_pipeline to 2026-04-01 07:50:00+00:00, run_after=2026-04-01 08:00:00+00:00
[2026-04-01T07:56:12.756+0000] {processor.py:183} INFO - Processing /opt/airflow/dags/minio_to_snowflake.py took 2.676 seconds
[2026-04-01T07:56:43.336+0000] {processor.py:161} INFO - Started process (PID=4420) to work on /opt/airflow/dags/minio_to_snowflake.py
[2026-04-01T07:56:43.342+0000] {processor.py:830} INFO - Processing file /opt/airflow/dags/minio_to_snowflake.py for tasks to queue
[2026-04-01T07:56:43.350+0000] {logging_mixin.py:188} INFO - [2026-04-01T07:56:43.347+0000] {dagbag.py:545} INFO - Filling up the DagBag from /opt/airflow/dags/minio_to_snowflake.py
[2026-04-01T07:56:44.862+0000] {processor.py:840} INFO - DAG(s) 'minio_to_snowflake_pipeline' retrieved from /opt/airflow/dags/minio_to_snowflake.py
[2026-04-01T07:56:44.935+0000] {logging_mixin.py:188} INFO - [2026-04-01T07:56:44.933+0000] {dag.py:3089} INFO - Sync 1 DAGs
[2026-04-01T07:56:44.987+0000] {logging_mixin.py:188} INFO - [2026-04-01T07:56:44.987+0000] {dag.py:3947} INFO - Setting next_dagrun for minio_to_snowflake_pipeline to 2026-04-01 07:50:00+00:00, run_after=2026-04-01 08:00:00+00:00
[2026-04-01T07:56:45.033+0000] {processor.py:183} INFO - Processing /opt/airflow/dags/minio_to_snowflake.py took 1.736 seconds
[2026-04-01T07:57:15.937+0000] {processor.py:161} INFO - Started process (PID=4427) to work on /opt/airflow/dags/minio_to_snowflake.py
[2026-04-01T07:57:15.944+0000] {processor.py:830} INFO - Processing file /opt/airflow/dags/minio_to_snowflake.py for tasks to queue
[2026-04-01T07:57:15.951+0000] {logging_mixin.py:188} INFO - [2026-04-01T07:57:15.949+0000] {dagbag.py:545} INFO - Filling up the DagBag from /opt/airflow/dags/minio_to_snowflake.py
[2026-04-01T07:57:17.543+0000] {processor.py:840} INFO - DAG(s) 'minio_to_snowflake_pipeline' retrieved from /opt/airflow/dags/minio_to_snowflake.py
[2026-04-01T07:57:17.586+0000] {logging_mixin.py:188} INFO - [2026-04-01T07:57:17.585+0000] {dag.py:3089} INFO - Sync 1 DAGs
[2026-04-01T07:57:17.624+0000] {logging_mixin.py:188} INFO - [2026-04-01T07:57:17.624+0000] {dag.py:3947} INFO - Setting next_dagrun for minio_to_snowflake_pipeline to 2026-04-01 07:50:00+00:00, run_after=2026-04-01 08:00:00+00:00
[2026-04-01T07:57:17.656+0000] {processor.py:183} INFO - Processing /opt/airflow/dags/minio_to_snowflake.py took 1.775 seconds
[2026-04-01T07:57:48.381+0000] {processor.py:161} INFO - Started process (PID=4434) to work on /opt/airflow/dags/minio_to_snowflake.py
[2026-04-01T07:57:48.387+0000] {processor.py:830} INFO - Processing file /opt/airflow/dags/minio_to_snowflake.py for tasks to queue
[2026-04-01T07:57:48.393+0000] {logging_mixin.py:188} INFO - [2026-04-01T07:57:48.392+0000] {dagbag.py:545} INFO - Filling up the DagBag from /opt/airflow/dags/minio_to_snowflake.py
[2026-04-01T07:57:50.130+0000] {processor.py:840} INFO - DAG(s) 'minio_to_snowflake_pipeline' retrieved from /opt/airflow/dags/minio_to_snowflake.py
[2026-04-01T07:57:50.176+0000] {logging_mixin.py:188} INFO - [2026-04-01T07:57:50.173+0000] {dag.py:3089} INFO - Sync 1 DAGs
[2026-04-01T07:57:50.211+0000] {logging_mixin.py:188} INFO - [2026-04-01T07:57:50.211+0000] {dag.py:3947} INFO - Setting next_dagrun for minio_to_snowflake_pipeline to 2026-04-01 07:50:00+00:00, run_after=2026-04-01 08:00:00+00:00
[2026-04-01T07:57:50.243+0000] {processor.py:183} INFO - Processing /opt/airflow/dags/minio_to_snowflake.py took 1.909 seconds
[2026-04-01T08:09:20.714+0000] {processor.py:161} INFO - Started process (PID=176) to work on /opt/airflow/dags/minio_to_snowflake.py
[2026-04-01T08:09:20.826+0000] {processor.py:830} INFO - Processing file /opt/airflow/dags/minio_to_snowflake.py for tasks to queue
[2026-04-01T08:09:20.924+0000] {logging_mixin.py:188} INFO - [2026-04-01T08:09:20.907+0000] {dagbag.py:545} INFO - Filling up the DagBag from /opt/airflow/dags/minio_to_snowflake.py
[2026-04-01T08:09:45.942+0000] {processor.py:840} INFO - DAG(s) 'minio_to_snowflake_pipeline' retrieved from /opt/airflow/dags/minio_to_snowflake.py
[2026-04-01T08:09:48.083+0000] {logging_mixin.py:188} INFO - [2026-04-01T08:09:48.082+0000] {dag.py:3089} INFO - Sync 1 DAGs
[2026-04-01T08:09:49.166+0000] {processor.py:183} INFO - Processing /opt/airflow/dags/minio_to_snowflake.py took 28.629 seconds
[2026-04-01T08:10:19.608+0000] {processor.py:161} INFO - Started process (PID=192) to work on /opt/airflow/dags/minio_to_snowflake.py
[2026-04-01T08:10:19.624+0000] {processor.py:830} INFO - Processing file /opt/airflow/dags/minio_to_snowflake.py for tasks to queue
[2026-04-01T08:10:19.641+0000] {logging_mixin.py:188} INFO - [2026-04-01T08:10:19.640+0000] {dagbag.py:545} INFO - Filling up the DagBag from /opt/airflow/dags/minio_to_snowflake.py
[2026-04-01T08:10:25.605+0000] {processor.py:840} INFO - DAG(s) 'minio_to_snowflake_pipeline' retrieved from /opt/airflow/dags/minio_to_snowflake.py
[2026-04-01T08:10:25.698+0000] {logging_mixin.py:188} INFO - [2026-04-01T08:10:25.696+0000] {dag.py:3089} INFO - Sync 1 DAGs
[2026-04-01T08:10:25.767+0000] {logging_mixin.py:188} INFO - [2026-04-01T08:10:25.766+0000] {dag.py:3947} INFO - Setting next_dagrun for minio_to_snowflake_pipeline to 2026-04-01 08:10:00+00:00, run_after=2026-04-01 08:20:00+00:00
[2026-04-01T08:10:25.851+0000] {processor.py:183} INFO - Processing /opt/airflow/dags/minio_to_snowflake.py took 6.280 seconds
[2026-04-01T08:10:56.735+0000] {processor.py:161} INFO - Started process (PID=199) to work on /opt/airflow/dags/minio_to_snowflake.py
[2026-04-01T08:10:56.752+0000] {processor.py:830} INFO - Processing file /opt/airflow/dags/minio_to_snowflake.py for tasks to queue
[2026-04-01T08:10:56.766+0000] {logging_mixin.py:188} INFO - [2026-04-01T08:10:56.763+0000] {dagbag.py:545} INFO - Filling up the DagBag from /opt/airflow/dags/minio_to_snowflake.py
[2026-04-01T08:11:05.822+0000] {processor.py:840} INFO - DAG(s) 'minio_to_snowflake_pipeline' retrieved from /opt/airflow/dags/minio_to_snowflake.py
[2026-04-01T08:11:06.013+0000] {logging_mixin.py:188} INFO - [2026-04-01T08:11:06.001+0000] {dag.py:3089} INFO - Sync 1 DAGs
[2026-04-01T08:11:06.309+0000] {logging_mixin.py:188} INFO - [2026-04-01T08:11:06.309+0000] {dag.py:3947} INFO - Setting next_dagrun for minio_to_snowflake_pipeline to 2026-04-01 08:10:00+00:00, run_after=2026-04-01 08:20:00+00:00
[2026-04-01T08:11:06.788+0000] {processor.py:183} INFO - Processing /opt/airflow/dags/minio_to_snowflake.py took 10.109 seconds
[2026-04-01T08:11:37.647+0000] {processor.py:161} INFO - Started process (PID=206) to work on /opt/airflow/dags/minio_to_snowflake.py
[2026-04-01T08:11:37.661+0000] {processor.py:830} INFO - Processing file /opt/airflow/dags/minio_to_snowflake.py for tasks to queue
[2026-04-01T08:11:37.666+0000] {logging_mixin.py:188} INFO - [2026-04-01T08:11:37.665+0000] {dagbag.py:545} INFO - Filling up the DagBag from /opt/airflow/dags/minio_to_snowflake.py
[2026-04-01T08:11:41.307+0000] {processor.py:840} INFO - DAG(s) 'minio_to_snowflake_pipeline' retrieved from /opt/airflow/dags/minio_to_snowflake.py
[2026-04-01T08:11:41.378+0000] {logging_mixin.py:188} INFO - [2026-04-01T08:11:41.377+0000] {dag.py:3089} INFO - Sync 1 DAGs
[2026-04-01T08:11:41.451+0000] {logging_mixin.py:188} INFO - [2026-04-01T08:11:41.451+0000] {dag.py:3947} INFO - Setting next_dagrun for minio_to_snowflake_pipeline to 2026-04-01 08:10:00+00:00, run_after=2026-04-01 08:20:00+00:00
[2026-04-01T08:11:41.556+0000] {processor.py:183} INFO - Processing /opt/airflow/dags/minio_to_snowflake.py took 3.935 seconds
[2026-04-01T08:12:13.020+0000] {processor.py:161} INFO - Started process (PID=213) to work on /opt/airflow/dags/minio_to_snowflake.py
[2026-04-01T08:12:13.023+0000] {processor.py:830} INFO - Processing file /opt/airflow/dags/minio_to_snowflake.py for tasks to queue
[2026-04-01T08:12:13.041+0000] {logging_mixin.py:188} INFO - [2026-04-01T08:12:13.040+0000] {dagbag.py:545} INFO - Filling up the DagBag from /opt/airflow/dags/minio_to_snowflake.py
[2026-04-01T08:12:20.375+0000] {processor.py:840} INFO - DAG(s) 'minio_to_snowflake_pipeline' retrieved from /opt/airflow/dags/minio_to_snowflake.py
[2026-04-01T08:12:20.437+0000] {logging_mixin.py:188} INFO - [2026-04-01T08:12:20.436+0000] {dag.py:3089} INFO - Sync 1 DAGs
[2026-04-01T08:12:20.477+0000] {logging_mixin.py:188} INFO - [2026-04-01T08:12:20.477+0000] {dag.py:3947} INFO - Setting next_dagrun for minio_to_snowflake_pipeline to 2026-04-01 08:10:00+00:00, run_after=2026-04-01 08:20:00+00:00
[2026-04-01T08:12:20.502+0000] {processor.py:183} INFO - Processing /opt/airflow/dags/minio_to_snowflake.py took 7.524 seconds
[2026-04-01T08:15:00.169+0000] {processor.py:161} INFO - Started process (PID=176) to work on /opt/airflow/dags/minio_to_snowflake.py
[2026-04-01T08:15:00.239+0000] {processor.py:830} INFO - Processing file /opt/airflow/dags/minio_to_snowflake.py for tasks to queue
[2026-04-01T08:15:00.391+0000] {logging_mixin.py:188} INFO - [2026-04-01T08:15:00.382+0000] {dagbag.py:545} INFO - Filling up the DagBag from /opt/airflow/dags/minio_to_snowflake.py
[2026-04-01T08:15:30.692+0000] {logging_mixin.py:188} INFO - [2026-04-01T08:15:30.691+0000] {timeout.py:68} ERROR - Process timed out, PID: 176
[2026-04-01T08:16:06.524+0000] {processor.py:161} INFO - Started process (PID=182) to work on /opt/airflow/dags/minio_to_snowflake.py
[2026-04-01T08:16:06.608+0000] {processor.py:830} INFO - Processing file /opt/airflow/dags/minio_to_snowflake.py for tasks to queue
[2026-04-01T08:16:06.674+0000] {logging_mixin.py:188} INFO - [2026-04-01T08:16:06.657+0000] {dagbag.py:545} INFO - Filling up the DagBag from /opt/airflow/dags/minio_to_snowflake.py
[2026-04-01T08:16:30.201+0000] {processor.py:840} INFO - DAG(s) 'minio_to_snowflake_pipeline' retrieved from /opt/airflow/dags/minio_to_snowflake.py
[2026-04-01T08:16:31.828+0000] {logging_mixin.py:188} INFO - [2026-04-01T08:16:31.827+0000] {dag.py:3089} INFO - Sync 1 DAGs
[2026-04-01T08:16:31.961+0000] {logging_mixin.py:188} INFO - [2026-04-01T08:16:31.960+0000] {dag.py:3947} INFO - Setting next_dagrun for minio_to_snowflake_pipeline to 2026-04-01 08:10:00+00:00, run_after=2026-04-01 08:20:00+00:00
[2026-04-01T08:16:32.163+0000] {processor.py:183} INFO - Processing /opt/airflow/dags/minio_to_snowflake.py took 25.736 seconds
[2026-04-01T08:17:03.294+0000] {processor.py:161} INFO - Started process (PID=189) to work on /opt/airflow/dags/minio_to_snowflake.py
[2026-04-01T08:17:03.307+0000] {processor.py:830} INFO - Processing file /opt/airflow/dags/minio_to_snowflake.py for tasks to queue
[2026-04-01T08:17:03.312+0000] {logging_mixin.py:188} INFO - [2026-04-01T08:17:03.311+0000] {dagbag.py:545} INFO - Filling up the DagBag from /opt/airflow/dags/minio_to_snowflake.py
[2026-04-01T08:17:09.830+0000] {processor.py:840} INFO - DAG(s) 'minio_to_snowflake_pipeline' retrieved from /opt/airflow/dags/minio_to_snowflake.py
[2026-04-01T08:17:10.009+0000] {logging_mixin.py:188} INFO - [2026-04-01T08:17:10.008+0000] {dag.py:3089} INFO - Sync 1 DAGs
[2026-04-01T08:17:10.116+0000] {logging_mixin.py:188} INFO - [2026-04-01T08:17:10.116+0000] {dag.py:3947} INFO - Setting next_dagrun for minio_to_snowflake_pipeline to 2026-04-01 08:10:00+00:00, run_after=2026-04-01 08:20:00+00:00
[2026-04-01T08:17:10.326+0000] {processor.py:183} INFO - Processing /opt/airflow/dags/minio_to_snowflake.py took 7.066 seconds
[2026-04-01T08:17:41.113+0000] {processor.py:161} INFO - Started process (PID=196) to work on /opt/airflow/dags/minio_to_snowflake.py
[2026-04-01T08:17:41.116+0000] {processor.py:830} INFO - Processing file /opt/airflow/dags/minio_to_snowflake.py for tasks to queue
[2026-04-01T08:17:41.120+0000] {logging_mixin.py:188} INFO - [2026-04-01T08:17:41.119+0000] {dagbag.py:545} INFO - Filling up the DagBag from /opt/airflow/dags/minio_to_snowflake.py
[2026-04-01T08:17:47.555+0000] {processor.py:840} INFO - DAG(s) 'minio_to_snowflake_pipeline' retrieved from /opt/airflow/dags/minio_to_snowflake.py
[2026-04-01T08:17:47.664+0000] {logging_mixin.py:188} INFO - [2026-04-01T08:17:47.663+0000] {dag.py:3089} INFO - Sync 1 DAGs
[2026-04-01T08:17:47.733+0000] {logging_mixin.py:188} INFO - [2026-04-01T08:17:47.733+0000] {dag.py:3947} INFO - Setting next_dagrun for minio_to_snowflake_pipeline to 2026-04-01 08:10:00+00:00, run_after=2026-04-01 08:20:00+00:00
[2026-04-01T08:17:47.857+0000] {processor.py:183} INFO - Processing /opt/airflow/dags/minio_to_snowflake.py took 6.782 seconds
[2026-04-01T08:18:18.324+0000] {processor.py:161} INFO - Started process (PID=203) to work on /opt/airflow/dags/minio_to_snowflake.py
[2026-04-01T08:18:18.340+0000] {processor.py:830} INFO - Processing file /opt/airflow/dags/minio_to_snowflake.py for tasks to queue
[2026-04-01T08:18:18.345+0000] {logging_mixin.py:188} INFO - [2026-04-01T08:18:18.344+0000] {dagbag.py:545} INFO - Filling up the DagBag from /opt/airflow/dags/minio_to_snowflake.py
[2026-04-01T08:18:24.809+0000] {processor.py:840} INFO - DAG(s) 'minio_to_snowflake_pipeline' retrieved from /opt/airflow/dags/minio_to_snowflake.py
[2026-04-01T08:18:25.172+0000] {logging_mixin.py:188} INFO - [2026-04-01T08:18:25.155+0000] {dag.py:3089} INFO - Sync 1 DAGs
[2026-04-01T08:18:25.755+0000] {logging_mixin.py:188} INFO - [2026-04-01T08:18:25.754+0000] {dag.py:3947} INFO - Setting next_dagrun for minio_to_snowflake_pipeline to 2026-04-01 08:10:00+00:00, run_after=2026-04-01 08:20:00+00:00
[2026-04-01T08:18:25.847+0000] {processor.py:183} INFO - Processing /opt/airflow/dags/minio_to_snowflake.py took 7.568 seconds
[2026-04-01T08:18:56.408+0000] {processor.py:161} INFO - Started process (PID=210) to work on /opt/airflow/dags/minio_to_snowflake.py
[2026-04-01T08:18:56.411+0000] {processor.py:830} INFO - Processing file /opt/airflow/dags/minio_to_snowflake.py for tasks to queue
[2026-04-01T08:18:56.414+0000] {logging_mixin.py:188} INFO - [2026-04-01T08:18:56.413+0000] {dagbag.py:545} INFO - Filling up the DagBag from /opt/airflow/dags/minio_to_snowflake.py
[2026-04-01T08:19:01.661+0000] {processor.py:840} INFO - DAG(s) 'minio_to_snowflake_pipeline' retrieved from /opt/airflow/dags/minio_to_snowflake.py
[2026-04-01T08:19:01.998+0000] {logging_mixin.py:188} INFO - [2026-04-01T08:19:01.996+0000] {dag.py:3089} INFO - Sync 1 DAGs
[2026-04-01T08:19:02.150+0000] {logging_mixin.py:188} INFO - [2026-04-01T08:19:02.150+0000] {dag.py:3947} INFO - Setting next_dagrun for minio_to_snowflake_pipeline to 2026-04-01 08:10:00+00:00, run_after=2026-04-01 08:20:00+00:00
[2026-04-01T08:19:02.260+0000] {processor.py:183} INFO - Processing /opt/airflow/dags/minio_to_snowflake.py took 5.971 seconds
[2026-04-01T08:19:32.742+0000] {processor.py:161} INFO - Started process (PID=217) to work on /opt/airflow/dags/minio_to_snowflake.py
[2026-04-01T08:19:32.745+0000] {processor.py:830} INFO - Processing file /opt/airflow/dags/minio_to_snowflake.py for tasks to queue
[2026-04-01T08:19:32.751+0000] {logging_mixin.py:188} INFO - [2026-04-01T08:19:32.749+0000] {dagbag.py:545} INFO - Filling up the DagBag from /opt/airflow/dags/minio_to_snowflake.py
[2026-04-01T08:19:34.634+0000] {processor.py:840} INFO - DAG(s) 'minio_to_snowflake_pipeline' retrieved from /opt/airflow/dags/minio_to_snowflake.py
[2026-04-01T08:19:34.670+0000] {logging_mixin.py:188} INFO - [2026-04-01T08:19:34.669+0000] {dag.py:3089} INFO - Sync 1 DAGs
[2026-04-01T08:19:34.715+0000] {logging_mixin.py:188} INFO - [2026-04-01T08:19:34.715+0000] {dag.py:3947} INFO - Setting next_dagrun for minio_to_snowflake_pipeline to 2026-04-01 08:10:00+00:00, run_after=2026-04-01 08:20:00+00:00
[2026-04-01T08:19:34.783+0000] {processor.py:183} INFO - Processing /opt/airflow/dags/minio_to_snowflake.py took 2.075 seconds
[2026-04-01T08:20:05.355+0000] {processor.py:161} INFO - Started process (PID=228) to work on /opt/airflow/dags/minio_to_snowflake.py
[2026-04-01T08:20:05.370+0000] {processor.py:830} INFO - Processing file /opt/airflow/dags/minio_to_snowflake.py for tasks to queue
[2026-04-01T08:20:05.377+0000] {logging_mixin.py:188} INFO - [2026-04-01T08:20:05.374+0000] {dagbag.py:545} INFO - Filling up the DagBag from /opt/airflow/dags/minio_to_snowflake.py
[2026-04-01T08:20:07.317+0000] {processor.py:840} INFO - DAG(s) 'minio_to_snowflake_pipeline' retrieved from /opt/airflow/dags/minio_to_snowflake.py
[2026-04-01T08:20:07.403+0000] {logging_mixin.py:188} INFO - [2026-04-01T08:20:07.402+0000] {dag.py:3089} INFO - Sync 1 DAGs
[2026-04-01T08:20:07.464+0000] {logging_mixin.py:188} INFO - [2026-04-01T08:20:07.464+0000] {dag.py:3947} INFO - Setting next_dagrun for minio_to_snowflake_pipeline to 2026-04-01 08:20:00+00:00, run_after=2026-04-01 08:30:00+00:00
[2026-04-01T08:20:07.496+0000] {processor.py:183} INFO - Processing /opt/airflow/dags/minio_to_snowflake.py took 2.241 seconds
[2026-04-01T08:20:37.819+0000] {processor.py:161} INFO - Started process (PID=235) to work on /opt/airflow/dags/minio_to_snowflake.py
[2026-04-01T08:20:37.822+0000] {processor.py:830} INFO - Processing file /opt/airflow/dags/minio_to_snowflake.py for tasks to queue
[2026-04-01T08:20:37.825+0000] {logging_mixin.py:188} INFO - [2026-04-01T08:20:37.824+0000] {dagbag.py:545} INFO - Filling up the DagBag from /opt/airflow/dags/minio_to_snowflake.py
[2026-04-01T08:20:40.440+0000] {processor.py:840} INFO - DAG(s) 'minio_to_snowflake_pipeline' retrieved from /opt/airflow/dags/minio_to_snowflake.py
[2026-04-01T08:20:40.490+0000] {logging_mixin.py:188} INFO - [2026-04-01T08:20:40.489+0000] {dag.py:3089} INFO - Sync 1 DAGs
[2026-04-01T08:20:40.533+0000] {logging_mixin.py:188} INFO - [2026-04-01T08:20:40.532+0000] {dag.py:3947} INFO - Setting next_dagrun for minio_to_snowflake_pipeline to 2026-04-01 08:20:00+00:00, run_after=2026-04-01 08:30:00+00:00
[2026-04-01T08:20:40.559+0000] {processor.py:183} INFO - Processing /opt/airflow/dags/minio_to_snowflake.py took 2.757 seconds
[2026-04-01T08:21:10.916+0000] {processor.py:161} INFO - Started process (PID=242) to work on /opt/airflow/dags/minio_to_snowflake.py
[2026-04-01T08:21:10.918+0000] {processor.py:830} INFO - Processing file /opt/airflow/dags/minio_to_snowflake.py for tasks to queue
[2026-04-01T08:21:10.920+0000] {logging_mixin.py:188} INFO - [2026-04-01T08:21:10.919+0000] {dagbag.py:545} INFO - Filling up the DagBag from /opt/airflow/dags/minio_to_snowflake.py
[2026-04-01T08:21:12.059+0000] {processor.py:840} INFO - DAG(s) 'minio_to_snowflake_pipeline' retrieved from /opt/airflow/dags/minio_to_snowflake.py
[2026-04-01T08:21:12.102+0000] {logging_mixin.py:188} INFO - [2026-04-01T08:21:12.101+0000] {dag.py:3089} INFO - Sync 1 DAGs
[2026-04-01T08:21:12.125+0000] {logging_mixin.py:188} INFO - [2026-04-01T08:21:12.125+0000] {dag.py:3947} INFO - Setting next_dagrun for minio_to_snowflake_pipeline to 2026-04-01 08:20:00+00:00, run_after=2026-04-01 08:30:00+00:00
[2026-04-01T08:21:12.149+0000] {processor.py:183} INFO - Processing /opt/airflow/dags/minio_to_snowflake.py took 1.244 seconds
[2026-04-01T08:21:42.522+0000] {processor.py:161} INFO - Started process (PID=249) to work on /opt/airflow/dags/minio_to_snowflake.py
[2026-04-01T08:21:42.523+0000] {processor.py:830} INFO - Processing file /opt/airflow/dags/minio_to_snowflake.py for tasks to queue
[2026-04-01T08:21:42.525+0000] {logging_mixin.py:188} INFO - [2026-04-01T08:21:42.524+0000] {dagbag.py:545} INFO - Filling up the DagBag from /opt/airflow/dags/minio_to_snowflake.py
[2026-04-01T08:21:44.066+0000] {processor.py:840} INFO - DAG(s) 'minio_to_snowflake_pipeline' retrieved from /opt/airflow/dags/minio_to_snowflake.py
[2026-04-01T08:21:44.097+0000] {logging_mixin.py:188} INFO - [2026-04-01T08:21:44.096+0000] {dag.py:3089} INFO - Sync 1 DAGs
[2026-04-01T08:21:44.121+0000] {logging_mixin.py:188} INFO - [2026-04-01T08:21:44.121+0000] {dag.py:3947} INFO - Setting next_dagrun for minio_to_snowflake_pipeline to 2026-04-01 08:20:00+00:00, run_after=2026-04-01 08:30:00+00:00
[2026-04-01T08:21:44.143+0000] {processor.py:183} INFO - Processing /opt/airflow/dags/minio_to_snowflake.py took 1.628 seconds
[2026-04-01T08:22:14.800+0000] {processor.py:161} INFO - Started process (PID=256) to work on /opt/airflow/dags/minio_to_snowflake.py
[2026-04-01T08:22:14.802+0000] {processor.py:830} INFO - Processing file /opt/airflow/dags/minio_to_snowflake.py for tasks to queue
[2026-04-01T08:22:14.804+0000] {logging_mixin.py:188} INFO - [2026-04-01T08:22:14.803+0000] {dagbag.py:545} INFO - Filling up the DagBag from /opt/airflow/dags/minio_to_snowflake.py
[2026-04-01T08:22:16.889+0000] {processor.py:840} INFO - DAG(s) 'minio_to_snowflake_pipeline' retrieved from /opt/airflow/dags/minio_to_snowflake.py
[2026-04-01T08:22:17.091+0000] {logging_mixin.py:188} INFO - [2026-04-01T08:22:17.090+0000] {dag.py:3089} INFO - Sync 1 DAGs
[2026-04-01T08:22:17.229+0000] {logging_mixin.py:188} INFO - [2026-04-01T08:22:17.229+0000] {dag.py:3947} INFO - Setting next_dagrun for minio_to_snowflake_pipeline to 2026-04-01 08:20:00+00:00, run_after=2026-04-01 08:30:00+00:00
[2026-04-01T08:22:17.288+0000] {processor.py:183} INFO - Processing /opt/airflow/dags/minio_to_snowflake.py took 2.498 seconds
[2026-04-01T08:22:47.615+0000] {processor.py:161} INFO - Started process (PID=263) to work on /opt/airflow/dags/minio_to_snowflake.py
[2026-04-01T08:22:47.617+0000] {processor.py:830} INFO - Processing file /opt/airflow/dags/minio_to_snowflake.py for tasks to queue
[2026-04-01T08:22:47.618+0000] {logging_mixin.py:188} INFO - [2026-04-01T08:22:47.618+0000] {dagbag.py:545} INFO - Filling up the DagBag from /opt/airflow/dags/minio_to_snowflake.py
[2026-04-01T08:22:48.767+0000] {processor.py:840} INFO - DAG(s) 'minio_to_snowflake_pipeline' retrieved from /opt/airflow/dags/minio_to_snowflake.py
[2026-04-01T08:22:48.810+0000] {logging_mixin.py:188} INFO - [2026-04-01T08:22:48.805+0000] {dag.py:3089} INFO - Sync 1 DAGs
[2026-04-01T08:22:48.912+0000] {logging_mixin.py:188} INFO - [2026-04-01T08:22:48.911+0000] {dag.py:3947} INFO - Setting next_dagrun for minio_to_snowflake_pipeline to 2026-04-01 08:20:00+00:00, run_after=2026-04-01 08:30:00+00:00
[2026-04-01T08:22:48.980+0000] {processor.py:183} INFO - Processing /opt/airflow/dags/minio_to_snowflake.py took 1.374 seconds
[2026-04-01T08:23:19.331+0000] {processor.py:161} INFO - Started process (PID=270) to work on /opt/airflow/dags/minio_to_snowflake.py
[2026-04-01T08:23:19.333+0000] {processor.py:830} INFO - Processing file /opt/airflow/dags/minio_to_snowflake.py for tasks to queue
[2026-04-01T08:23:19.335+0000] {logging_mixin.py:188} INFO - [2026-04-01T08:23:19.335+0000] {dagbag.py:545} INFO - Filling up the DagBag from /opt/airflow/dags/minio_to_snowflake.py
[2026-04-01T08:23:22.051+0000] {processor.py:840} INFO - DAG(s) 'minio_to_snowflake_pipeline' retrieved from /opt/airflow/dags/minio_to_snowflake.py
[2026-04-01T08:23:22.214+0000] {logging_mixin.py:188} INFO - [2026-04-01T08:23:22.213+0000] {dag.py:3089} INFO - Sync 1 DAGs
[2026-04-01T08:23:22.280+0000] {logging_mixin.py:188} INFO - [2026-04-01T08:23:22.280+0000] {dag.py:3947} INFO - Setting next_dagrun for minio_to_snowflake_pipeline to 2026-04-01 08:20:00+00:00, run_after=2026-04-01 08:30:00+00:00
[2026-04-01T08:23:22.323+0000] {processor.py:183} INFO - Processing /opt/airflow/dags/minio_to_snowflake.py took 3.003 seconds
[2026-04-01T08:23:52.642+0000] {processor.py:161} INFO - Started process (PID=277) to work on /opt/airflow/dags/minio_to_snowflake.py
[2026-04-01T08:23:52.643+0000] {processor.py:830} INFO - Processing file /opt/airflow/dags/minio_to_snowflake.py for tasks to queue
[2026-04-01T08:23:52.646+0000] {logging_mixin.py:188} INFO - [2026-04-01T08:23:52.646+0000] {dagbag.py:545} INFO - Filling up the DagBag from /opt/airflow/dags/minio_to_snowflake.py
[2026-04-01T08:23:53.879+0000] {processor.py:840} INFO - DAG(s) 'minio_to_snowflake_pipeline' retrieved from /opt/airflow/dags/minio_to_snowflake.py
[2026-04-01T08:23:53.910+0000] {logging_mixin.py:188} INFO - [2026-04-01T08:23:53.909+0000] {dag.py:3089} INFO - Sync 1 DAGs
[2026-04-01T08:23:53.935+0000] {logging_mixin.py:188} INFO - [2026-04-01T08:23:53.935+0000] {dag.py:3947} INFO - Setting next_dagrun for minio_to_snowflake_pipeline to 2026-04-01 08:20:00+00:00, run_after=2026-04-01 08:30:00+00:00
[2026-04-01T08:23:53.959+0000] {processor.py:183} INFO - Processing /opt/airflow/dags/minio_to_snowflake.py took 1.325 seconds
[2026-04-01T08:24:24.273+0000] {processor.py:161} INFO - Started process (PID=284) to work on /opt/airflow/dags/minio_to_snowflake.py
[2026-04-01T08:24:24.275+0000] {processor.py:830} INFO - Processing file /opt/airflow/dags/minio_to_snowflake.py for tasks to queue
[2026-04-01T08:24:24.276+0000] {logging_mixin.py:188} INFO - [2026-04-01T08:24:24.276+0000] {dagbag.py:545} INFO - Filling up the DagBag from /opt/airflow/dags/minio_to_snowflake.py
[2026-04-01T08:24:25.646+0000] {processor.py:840} INFO - DAG(s) 'minio_to_snowflake_pipeline' retrieved from /opt/airflow/dags/minio_to_snowflake.py
[2026-04-01T08:24:25.679+0000] {logging_mixin.py:188} INFO - [2026-04-01T08:24:25.678+0000] {dag.py:3089} INFO - Sync 1 DAGs
[2026-04-01T08:24:25.703+0000] {logging_mixin.py:188} INFO - [2026-04-01T08:24:25.703+0000] {dag.py:3947} INFO - Setting next_dagrun for minio_to_snowflake_pipeline to 2026-04-01 08:20:00+00:00, run_after=2026-04-01 08:30:00+00:00
[2026-04-01T08:24:25.729+0000] {processor.py:183} INFO - Processing /opt/airflow/dags/minio_to_snowflake.py took 1.466 seconds
[2026-04-01T08:24:56.007+0000] {processor.py:161} INFO - Started process (PID=291) to work on /opt/airflow/dags/minio_to_snowflake.py
[2026-04-01T08:24:56.009+0000] {processor.py:830} INFO - Processing file /opt/airflow/dags/minio_to_snowflake.py for tasks to queue
[2026-04-01T08:24:56.011+0000] {logging_mixin.py:188} INFO - [2026-04-01T08:24:56.010+0000] {dagbag.py:545} INFO - Filling up the DagBag from /opt/airflow/dags/minio_to_snowflake.py
[2026-04-01T08:24:57.797+0000] {processor.py:840} INFO - DAG(s) 'minio_to_snowflake_pipeline' retrieved from /opt/airflow/dags/minio_to_snowflake.py
[2026-04-01T08:24:57.830+0000] {logging_mixin.py:188} INFO - [2026-04-01T08:24:57.829+0000] {dag.py:3089} INFO - Sync 1 DAGs
[2026-04-01T08:24:57.856+0000] {logging_mixin.py:188} INFO - [2026-04-01T08:24:57.856+0000] {dag.py:3947} INFO - Setting next_dagrun for minio_to_snowflake_pipeline to 2026-04-01 08:20:00+00:00, run_after=2026-04-01 08:30:00+00:00
[2026-04-01T08:24:57.879+0000] {processor.py:183} INFO - Processing /opt/airflow/dags/minio_to_snowflake.py took 1.881 seconds
[2026-04-01T08:25:28.317+0000] {processor.py:161} INFO - Started process (PID=298) to work on /opt/airflow/dags/minio_to_snowflake.py
[2026-04-01T08:25:28.319+0000] {processor.py:830} INFO - Processing file /opt/airflow/dags/minio_to_snowflake.py for tasks to queue
[2026-04-01T08:25:28.322+0000] {logging_mixin.py:188} INFO - [2026-04-01T08:25:28.321+0000] {dagbag.py:545} INFO - Filling up the DagBag from /opt/airflow/dags/minio_to_snowflake.py
[2026-04-01T08:25:29.816+0000] {processor.py:840} INFO - DAG(s) 'minio_to_snowflake_pipeline' retrieved from /opt/airflow/dags/minio_to_snowflake.py
[2026-04-01T08:25:29.851+0000] {logging_mixin.py:188} INFO - [2026-04-01T08:25:29.850+0000] {dag.py:3089} INFO - Sync 1 DAGs
[2026-04-01T08:25:29.877+0000] {logging_mixin.py:188} INFO - [2026-04-01T08:25:29.876+0000] {dag.py:3947} INFO - Setting next_dagrun for minio_to_snowflake_pipeline to 2026-04-01 08:20:00+00:00, run_after=2026-04-01 08:30:00+00:00
[2026-04-01T08:25:29.903+0000] {processor.py:183} INFO - Processing /opt/airflow/dags/minio_to_snowflake.py took 1.613 seconds
[2026-04-01T08:26:00.216+0000] {processor.py:161} INFO - Started process (PID=305) to work on /opt/airflow/dags/minio_to_snowflake.py
[2026-04-01T08:26:00.220+0000] {processor.py:830} INFO - Processing file /opt/airflow/dags/minio_to_snowflake.py for tasks to queue
[2026-04-01T08:26:00.225+0000] {logging_mixin.py:188} INFO - [2026-04-01T08:26:00.224+0000] {dagbag.py:545} INFO - Filling up the DagBag from /opt/airflow/dags/minio_to_snowflake.py
[2026-04-01T08:26:03.015+0000] {processor.py:840} INFO - DAG(s) 'minio_to_snowflake_pipeline' retrieved from /opt/airflow/dags/minio_to_snowflake.py
[2026-04-01T08:26:03.128+0000] {logging_mixin.py:188} INFO - [2026-04-01T08:26:03.127+0000] {dag.py:3089} INFO - Sync 1 DAGs
[2026-04-01T08:26:03.177+0000] {logging_mixin.py:188} INFO - [2026-04-01T08:26:03.176+0000] {dag.py:3947} INFO - Setting next_dagrun for minio_to_snowflake_pipeline to 2026-04-01 08:20:00+00:00, run_after=2026-04-01 08:30:00+00:00
[2026-04-01T08:26:03.239+0000] {processor.py:183} INFO - Processing /opt/airflow/dags/minio_to_snowflake.py took 3.041 seconds
[2026-04-01T08:26:33.730+0000] {processor.py:161} INFO - Started process (PID=312) to work on /opt/airflow/dags/minio_to_snowflake.py
[2026-04-01T08:26:33.732+0000] {processor.py:830} INFO - Processing file /opt/airflow/dags/minio_to_snowflake.py for tasks to queue
[2026-04-01T08:26:33.734+0000] {logging_mixin.py:188} INFO - [2026-04-01T08:26:33.733+0000] {dagbag.py:545} INFO - Filling up the DagBag from /opt/airflow/dags/minio_to_snowflake.py
[2026-04-01T08:26:35.420+0000] {processor.py:840} INFO - DAG(s) 'minio_to_snowflake_pipeline' retrieved from /opt/airflow/dags/minio_to_snowflake.py
[2026-04-01T08:26:35.466+0000] {logging_mixin.py:188} INFO - [2026-04-01T08:26:35.465+0000] {dag.py:3089} INFO - Sync 1 DAGs
[2026-04-01T08:26:35.501+0000] {logging_mixin.py:188} INFO - [2026-04-01T08:26:35.501+0000] {dag.py:3947} INFO - Setting next_dagrun for minio_to_snowflake_pipeline to 2026-04-01 08:20:00+00:00, run_after=2026-04-01 08:30:00+00:00
[2026-04-01T08:26:35.729+0000] {processor.py:183} INFO - Processing /opt/airflow/dags/minio_to_snowflake.py took 2.013 seconds
[2026-04-01T08:27:06.090+0000] {processor.py:161} INFO - Started process (PID=319) to work on /opt/airflow/dags/minio_to_snowflake.py
[2026-04-01T08:27:06.092+0000] {processor.py:830} INFO - Processing file /opt/airflow/dags/minio_to_snowflake.py for tasks to queue
[2026-04-01T08:27:06.093+0000] {logging_mixin.py:188} INFO - [2026-04-01T08:27:06.093+0000] {dagbag.py:545} INFO - Filling up the DagBag from /opt/airflow/dags/minio_to_snowflake.py
[2026-04-01T08:27:07.046+0000] {processor.py:840} INFO - DAG(s) 'minio_to_snowflake_pipeline' retrieved from /opt/airflow/dags/minio_to_snowflake.py
[2026-04-01T08:27:07.081+0000] {logging_mixin.py:188} INFO - [2026-04-01T08:27:07.080+0000] {dag.py:3089} INFO - Sync 1 DAGs
[2026-04-01T08:27:07.106+0000] {logging_mixin.py:188} INFO - [2026-04-01T08:27:07.106+0000] {dag.py:3947} INFO - Setting next_dagrun for minio_to_snowflake_pipeline to 2026-04-01 08:20:00+00:00, run_after=2026-04-01 08:30:00+00:00
[2026-04-01T08:27:07.130+0000] {processor.py:183} INFO - Processing /opt/airflow/dags/minio_to_snowflake.py took 1.047 seconds
[2026-04-01T08:27:37.326+0000] {processor.py:161} INFO - Started process (PID=326) to work on /opt/airflow/dags/minio_to_snowflake.py
[2026-04-01T08:27:37.328+0000] {processor.py:830} INFO - Processing file /opt/airflow/dags/minio_to_snowflake.py for tasks to queue
[2026-04-01T08:27:37.329+0000] {logging_mixin.py:188} INFO - [2026-04-01T08:27:37.329+0000] {dagbag.py:545} INFO - Filling up the DagBag from /opt/airflow/dags/minio_to_snowflake.py
[2026-04-01T08:27:38.546+0000] {processor.py:840} INFO - DAG(s) 'minio_to_snowflake_pipeline' retrieved from /opt/airflow/dags/minio_to_snowflake.py
[2026-04-01T08:27:38.578+0000] {logging_mixin.py:188} INFO - [2026-04-01T08:27:38.576+0000] {dag.py:3089} INFO - Sync 1 DAGs
[2026-04-01T08:27:38.601+0000] {logging_mixin.py:188} INFO - [2026-04-01T08:27:38.600+0000] {dag.py:3947} INFO - Setting next_dagrun for minio_to_snowflake_pipeline to 2026-04-01 08:20:00+00:00, run_after=2026-04-01 08:30:00+00:00
[2026-04-01T08:27:38.624+0000] {processor.py:183} INFO - Processing /opt/airflow/dags/minio_to_snowflake.py took 1.316 seconds
[2026-04-01T08:28:08.882+0000] {processor.py:161} INFO - Started process (PID=333) to work on /opt/airflow/dags/minio_to_snowflake.py
[2026-04-01T08:28:08.883+0000] {processor.py:830} INFO - Processing file /opt/airflow/dags/minio_to_snowflake.py for tasks to queue
[2026-04-01T08:28:08.885+0000] {logging_mixin.py:188} INFO - [2026-04-01T08:28:08.884+0000] {dagbag.py:545} INFO - Filling up the DagBag from /opt/airflow/dags/minio_to_snowflake.py
[2026-04-01T08:28:10.133+0000] {processor.py:840} INFO - DAG(s) 'minio_to_snowflake_pipeline' retrieved from /opt/airflow/dags/minio_to_snowflake.py
[2026-04-01T08:28:10.171+0000] {logging_mixin.py:188} INFO - [2026-04-01T08:28:10.170+0000] {dag.py:3089} INFO - Sync 1 DAGs
[2026-04-01T08:28:10.241+0000] {logging_mixin.py:188} INFO - [2026-04-01T08:28:10.241+0000] {dag.py:3947} INFO - Setting next_dagrun for minio_to_snowflake_pipeline to 2026-04-01 08:20:00+00:00, run_after=2026-04-01 08:30:00+00:00
[2026-04-01T08:28:10.265+0000] {processor.py:183} INFO - Processing /opt/airflow/dags/minio_to_snowflake.py took 1.393 seconds
[2026-04-01T08:28:40.713+0000] {processor.py:161} INFO - Started process (PID=340) to work on /opt/airflow/dags/minio_to_snowflake.py
[2026-04-01T08:28:40.720+0000] {processor.py:830} INFO - Processing file /opt/airflow/dags/minio_to_snowflake.py for tasks to queue
[2026-04-01T08:28:40.724+0000] {logging_mixin.py:188} INFO - [2026-04-01T08:28:40.722+0000] {dagbag.py:545} INFO - Filling up the DagBag from /opt/airflow/dags/minio_to_snowflake.py
[2026-04-01T08:28:43.997+0000] {processor.py:840} INFO - DAG(s) 'minio_to_snowflake_pipeline' retrieved from /opt/airflow/dags/minio_to_snowflake.py
[2026-04-01T08:28:44.050+0000] {logging_mixin.py:188} INFO - [2026-04-01T08:28:44.050+0000] {dag.py:3089} INFO - Sync 1 DAGs
[2026-04-01T08:28:44.168+0000] {logging_mixin.py:188} INFO - [2026-04-01T08:28:44.167+0000] {dag.py:3947} INFO - Setting next_dagrun for minio_to_snowflake_pipeline to 2026-04-01 08:20:00+00:00, run_after=2026-04-01 08:30:00+00:00
[2026-04-01T08:28:44.312+0000] {processor.py:183} INFO - Processing /opt/airflow/dags/minio_to_snowflake.py took 3.627 seconds
[2026-04-01T08:29:14.740+0000] {processor.py:161} INFO - Started process (PID=347) to work on /opt/airflow/dags/minio_to_snowflake.py
[2026-04-01T08:29:14.741+0000] {processor.py:830} INFO - Processing file /opt/airflow/dags/minio_to_snowflake.py for tasks to queue
[2026-04-01T08:29:14.744+0000] {logging_mixin.py:188} INFO - [2026-04-01T08:29:14.743+0000] {dagbag.py:545} INFO - Filling up the DagBag from /opt/airflow/dags/minio_to_snowflake.py
[2026-04-01T08:29:16.584+0000] {processor.py:840} INFO - DAG(s) 'minio_to_snowflake_pipeline' retrieved from /opt/airflow/dags/minio_to_snowflake.py
[2026-04-01T08:29:16.630+0000] {logging_mixin.py:188} INFO - [2026-04-01T08:29:16.630+0000] {dag.py:3089} INFO - Sync 1 DAGs
[2026-04-01T08:29:16.655+0000] {logging_mixin.py:188} INFO - [2026-04-01T08:29:16.655+0000] {dag.py:3947} INFO - Setting next_dagrun for minio_to_snowflake_pipeline to 2026-04-01 08:20:00+00:00, run_after=2026-04-01 08:30:00+00:00
[2026-04-01T08:29:16.681+0000] {processor.py:183} INFO - Processing /opt/airflow/dags/minio_to_snowflake.py took 1.955 seconds
[2026-04-01T08:29:47.073+0000] {processor.py:161} INFO - Started process (PID=354) to work on /opt/airflow/dags/minio_to_snowflake.py
[2026-04-01T08:29:47.075+0000] {processor.py:830} INFO - Processing file /opt/airflow/dags/minio_to_snowflake.py for tasks to queue
[2026-04-01T08:29:47.076+0000] {logging_mixin.py:188} INFO - [2026-04-01T08:29:47.076+0000] {dagbag.py:545} INFO - Filling up the DagBag from /opt/airflow/dags/minio_to_snowflake.py
[2026-04-01T08:29:48.340+0000] {processor.py:840} INFO - DAG(s) 'minio_to_snowflake_pipeline' retrieved from /opt/airflow/dags/minio_to_snowflake.py
[2026-04-01T08:29:48.372+0000] {logging_mixin.py:188} INFO - [2026-04-01T08:29:48.370+0000] {dag.py:3089} INFO - Sync 1 DAGs
[2026-04-01T08:29:48.396+0000] {logging_mixin.py:188} INFO - [2026-04-01T08:29:48.396+0000] {dag.py:3947} INFO - Setting next_dagrun for minio_to_snowflake_pipeline to 2026-04-01 08:20:00+00:00, run_after=2026-04-01 08:30:00+00:00
[2026-04-01T08:29:48.420+0000] {processor.py:183} INFO - Processing /opt/airflow/dags/minio_to_snowflake.py took 1.356 seconds
[2026-04-01T08:30:18.729+0000] {processor.py:161} INFO - Started process (PID=365) to work on /opt/airflow/dags/minio_to_snowflake.py
[2026-04-01T08:30:18.731+0000] {processor.py:830} INFO - Processing file /opt/airflow/dags/minio_to_snowflake.py for tasks to queue
[2026-04-01T08:30:18.732+0000] {logging_mixin.py:188} INFO - [2026-04-01T08:30:18.732+0000] {dagbag.py:545} INFO - Filling up the DagBag from /opt/airflow/dags/minio_to_snowflake.py
[2026-04-01T08:30:19.830+0000] {processor.py:840} INFO - DAG(s) 'minio_to_snowflake_pipeline' retrieved from /opt/airflow/dags/minio_to_snowflake.py
[2026-04-01T08:30:19.864+0000] {logging_mixin.py:188} INFO - [2026-04-01T08:30:19.863+0000] {dag.py:3089} INFO - Sync 1 DAGs
[2026-04-01T08:30:19.887+0000] {logging_mixin.py:188} INFO - [2026-04-01T08:30:19.887+0000] {dag.py:3947} INFO - Setting next_dagrun for minio_to_snowflake_pipeline to 2026-04-01 08:30:00+00:00, run_after=2026-04-01 08:40:00+00:00
[2026-04-01T08:30:19.914+0000] {processor.py:183} INFO - Processing /opt/airflow/dags/minio_to_snowflake.py took 1.193 seconds
[2026-04-01T08:30:50.397+0000] {processor.py:161} INFO - Started process (PID=372) to work on /opt/airflow/dags/minio_to_snowflake.py
[2026-04-01T08:30:50.399+0000] {processor.py:830} INFO - Processing file /opt/airflow/dags/minio_to_snowflake.py for tasks to queue
[2026-04-01T08:30:50.411+0000] {logging_mixin.py:188} INFO - [2026-04-01T08:30:50.400+0000] {dagbag.py:545} INFO - Filling up the DagBag from /opt/airflow/dags/minio_to_snowflake.py
[2026-04-01T08:30:52.314+0000] {processor.py:840} INFO - DAG(s) 'minio_to_snowflake_pipeline' retrieved from /opt/airflow/dags/minio_to_snowflake.py
[2026-04-01T08:30:52.358+0000] {logging_mixin.py:188} INFO - [2026-04-01T08:30:52.357+0000] {dag.py:3089} INFO - Sync 1 DAGs
[2026-04-01T08:30:52.397+0000] {logging_mixin.py:188} INFO - [2026-04-01T08:30:52.396+0000] {dag.py:3947} INFO - Setting next_dagrun for minio_to_snowflake_pipeline to 2026-04-01 08:30:00+00:00, run_after=2026-04-01 08:40:00+00:00
[2026-04-01T08:30:52.424+0000] {processor.py:183} INFO - Processing /opt/airflow/dags/minio_to_snowflake.py took 2.074 seconds
[2026-04-01T08:31:22.982+0000] {processor.py:161} INFO - Started process (PID=379) to work on /opt/airflow/dags/minio_to_snowflake.py
[2026-04-01T08:31:22.984+0000] {processor.py:830} INFO - Processing file /opt/airflow/dags/minio_to_snowflake.py for tasks to queue
[2026-04-01T08:31:22.986+0000] {logging_mixin.py:188} INFO - [2026-04-01T08:31:22.985+0000] {dagbag.py:545} INFO - Filling up the DagBag from /opt/airflow/dags/minio_to_snowflake.py
[2026-04-01T08:31:24.479+0000] {processor.py:840} INFO - DAG(s) 'minio_to_snowflake_pipeline' retrieved from /opt/airflow/dags/minio_to_snowflake.py
[2026-04-01T08:31:24.577+0000] {logging_mixin.py:188} INFO - [2026-04-01T08:31:24.576+0000] {dag.py:3089} INFO - Sync 1 DAGs
[2026-04-01T08:31:24.624+0000] {logging_mixin.py:188} INFO - [2026-04-01T08:31:24.623+0000] {dag.py:3947} INFO - Setting next_dagrun for minio_to_snowflake_pipeline to 2026-04-01 08:30:00+00:00, run_after=2026-04-01 08:40:00+00:00
[2026-04-01T08:31:24.656+0000] {processor.py:183} INFO - Processing /opt/airflow/dags/minio_to_snowflake.py took 1.687 seconds
[2026-04-01T08:31:54.945+0000] {processor.py:161} INFO - Started process (PID=386) to work on /opt/airflow/dags/minio_to_snowflake.py
[2026-04-01T08:31:54.947+0000] {processor.py:830} INFO - Processing file /opt/airflow/dags/minio_to_snowflake.py for tasks to queue
[2026-04-01T08:31:54.948+0000] {logging_mixin.py:188} INFO - [2026-04-01T08:31:54.948+0000] {dagbag.py:545} INFO - Filling up the DagBag from /opt/airflow/dags/minio_to_snowflake.py
[2026-04-01T08:31:56.174+0000] {processor.py:840} INFO - DAG(s) 'minio_to_snowflake_pipeline' retrieved from /opt/airflow/dags/minio_to_snowflake.py
[2026-04-01T08:31:56.207+0000] {logging_mixin.py:188} INFO - [2026-04-01T08:31:56.205+0000] {dag.py:3089} INFO - Sync 1 DAGs
[2026-04-01T08:31:56.229+0000] {logging_mixin.py:188} INFO - [2026-04-01T08:31:56.229+0000] {dag.py:3947} INFO - Setting next_dagrun for minio_to_snowflake_pipeline to 2026-04-01 08:30:00+00:00, run_after=2026-04-01 08:40:00+00:00
[2026-04-01T08:31:56.252+0000] {processor.py:183} INFO - Processing /opt/airflow/dags/minio_to_snowflake.py took 1.314 seconds
[2026-04-01T08:32:26.593+0000] {processor.py:161} INFO - Started process (PID=393) to work on /opt/airflow/dags/minio_to_snowflake.py
[2026-04-01T08:32:26.595+0000] {processor.py:830} INFO - Processing file /opt/airflow/dags/minio_to_snowflake.py for tasks to queue
[2026-04-01T08:32:26.597+0000] {logging_mixin.py:188} INFO - [2026-04-01T08:32:26.597+0000] {dagbag.py:545} INFO - Filling up the DagBag from /opt/airflow/dags/minio_to_snowflake.py
[2026-04-01T08:32:29.065+0000] {processor.py:840} INFO - DAG(s) 'minio_to_snowflake_pipeline' retrieved from /opt/airflow/dags/minio_to_snowflake.py
[2026-04-01T08:32:29.121+0000] {logging_mixin.py:188} INFO - [2026-04-01T08:32:29.120+0000] {dag.py:3089} INFO - Sync 1 DAGs
[2026-04-01T08:32:29.170+0000] {logging_mixin.py:188} INFO - [2026-04-01T08:32:29.170+0000] {dag.py:3947} INFO - Setting next_dagrun for minio_to_snowflake_pipeline to 2026-04-01 08:30:00+00:00, run_after=2026-04-01 08:40:00+00:00
[2026-04-01T08:32:29.239+0000] {processor.py:183} INFO - Processing /opt/airflow/dags/minio_to_snowflake.py took 2.663 seconds
[2026-04-01T08:33:00.575+0000] {processor.py:161} INFO - Started process (PID=400) to work on /opt/airflow/dags/minio_to_snowflake.py
[2026-04-01T08:33:00.587+0000] {processor.py:830} INFO - Processing file /opt/airflow/dags/minio_to_snowflake.py for tasks to queue
[2026-04-01T08:33:00.646+0000] {logging_mixin.py:188} INFO - [2026-04-01T08:33:00.646+0000] {dagbag.py:545} INFO - Filling up the DagBag from /opt/airflow/dags/minio_to_snowflake.py
[2026-04-01T08:33:02.532+0000] {processor.py:840} INFO - DAG(s) 'minio_to_snowflake_pipeline' retrieved from /opt/airflow/dags/minio_to_snowflake.py
[2026-04-01T08:33:02.564+0000] {logging_mixin.py:188} INFO - [2026-04-01T08:33:02.563+0000] {dag.py:3089} INFO - Sync 1 DAGs
[2026-04-01T08:33:02.595+0000] {logging_mixin.py:188} INFO - [2026-04-01T08:33:02.595+0000] {dag.py:3947} INFO - Setting next_dagrun for minio_to_snowflake_pipeline to 2026-04-01 08:30:00+00:00, run_after=2026-04-01 08:40:00+00:00
[2026-04-01T08:33:02.630+0000] {processor.py:183} INFO - Processing /opt/airflow/dags/minio_to_snowflake.py took 2.070 seconds
[2026-04-01T08:33:32.921+0000] {processor.py:161} INFO - Started process (PID=407) to work on /opt/airflow/dags/minio_to_snowflake.py
[2026-04-01T08:33:32.922+0000] {processor.py:830} INFO - Processing file /opt/airflow/dags/minio_to_snowflake.py for tasks to queue
[2026-04-01T08:33:32.924+0000] {logging_mixin.py:188} INFO - [2026-04-01T08:33:32.924+0000] {dagbag.py:545} INFO - Filling up the DagBag from /opt/airflow/dags/minio_to_snowflake.py
[2026-04-01T08:33:34.101+0000] {processor.py:840} INFO - DAG(s) 'minio_to_snowflake_pipeline' retrieved from /opt/airflow/dags/minio_to_snowflake.py
[2026-04-01T08:33:34.134+0000] {logging_mixin.py:188} INFO - [2026-04-01T08:33:34.134+0000] {dag.py:3089} INFO - Sync 1 DAGs
[2026-04-01T08:33:34.159+0000] {logging_mixin.py:188} INFO - [2026-04-01T08:33:34.159+0000] {dag.py:3947} INFO - Setting next_dagrun for minio_to_snowflake_pipeline to 2026-04-01 08:30:00+00:00, run_after=2026-04-01 08:40:00+00:00
[2026-04-01T08:33:34.194+0000] {processor.py:183} INFO - Processing /opt/airflow/dags/minio_to_snowflake.py took 1.280 seconds
[2026-04-01T08:34:04.627+0000] {processor.py:161} INFO - Started process (PID=414) to work on /opt/airflow/dags/minio_to_snowflake.py
[2026-04-01T08:34:04.636+0000] {processor.py:830} INFO - Processing file /opt/airflow/dags/minio_to_snowflake.py for tasks to queue
[2026-04-01T08:34:04.855+0000] {logging_mixin.py:188} INFO - [2026-04-01T08:34:04.854+0000] {dagbag.py:545} INFO - Filling up the DagBag from /opt/airflow/dags/minio_to_snowflake.py
[2026-04-01T08:34:12.450+0000] {processor.py:840} INFO - DAG(s) 'minio_to_snowflake_pipeline' retrieved from /opt/airflow/dags/minio_to_snowflake.py
[2026-04-01T08:34:12.627+0000] {logging_mixin.py:188} INFO - [2026-04-01T08:34:12.612+0000] {dag.py:3089} INFO - Sync 1 DAGs
[2026-04-01T08:34:12.802+0000] {logging_mixin.py:188} INFO - [2026-04-01T08:34:12.801+0000] {dag.py:3947} INFO - Setting next_dagrun for minio_to_snowflake_pipeline to 2026-04-01 08:30:00+00:00, run_after=2026-04-01 08:40:00+00:00
[2026-04-01T08:34:12.931+0000] {processor.py:183} INFO - Processing /opt/airflow/dags/minio_to_snowflake.py took 8.339 seconds
[2026-04-01T08:34:43.341+0000] {processor.py:161} INFO - Started process (PID=421) to work on /opt/airflow/dags/minio_to_snowflake.py
[2026-04-01T08:34:43.343+0000] {processor.py:830} INFO - Processing file /opt/airflow/dags/minio_to_snowflake.py for tasks to queue
[2026-04-01T08:34:43.345+0000] {logging_mixin.py:188} INFO - [2026-04-01T08:34:43.345+0000] {dagbag.py:545} INFO - Filling up the DagBag from /opt/airflow/dags/minio_to_snowflake.py
[2026-04-01T08:34:44.769+0000] {processor.py:840} INFO - DAG(s) 'minio_to_snowflake_pipeline' retrieved from /opt/airflow/dags/minio_to_snowflake.py
[2026-04-01T08:34:44.800+0000] {logging_mixin.py:188} INFO - [2026-04-01T08:34:44.800+0000] {dag.py:3089} INFO - Sync 1 DAGs
[2026-04-01T08:34:44.835+0000] {logging_mixin.py:188} INFO - [2026-04-01T08:34:44.835+0000] {dag.py:3947} INFO - Setting next_dagrun for minio_to_snowflake_pipeline to 2026-04-01 08:30:00+00:00, run_after=2026-04-01 08:40:00+00:00
[2026-04-01T08:34:44.856+0000] {processor.py:183} INFO - Processing /opt/airflow/dags/minio_to_snowflake.py took 1.536 seconds
[2026-04-01T08:35:15.559+0000] {processor.py:161} INFO - Started process (PID=428) to work on /opt/airflow/dags/minio_to_snowflake.py
[2026-04-01T08:35:15.561+0000] {processor.py:830} INFO - Processing file /opt/airflow/dags/minio_to_snowflake.py for tasks to queue
[2026-04-01T08:35:15.563+0000] {logging_mixin.py:188} INFO - [2026-04-01T08:35:15.562+0000] {dagbag.py:545} INFO - Filling up the DagBag from /opt/airflow/dags/minio_to_snowflake.py
[2026-04-01T08:35:16.608+0000] {processor.py:840} INFO - DAG(s) 'minio_to_snowflake_pipeline' retrieved from /opt/airflow/dags/minio_to_snowflake.py
[2026-04-01T08:35:16.640+0000] {logging_mixin.py:188} INFO - [2026-04-01T08:35:16.640+0000] {dag.py:3089} INFO - Sync 1 DAGs
[2026-04-01T08:35:16.664+0000] {logging_mixin.py:188} INFO - [2026-04-01T08:35:16.664+0000] {dag.py:3947} INFO - Setting next_dagrun for minio_to_snowflake_pipeline to 2026-04-01 08:30:00+00:00, run_after=2026-04-01 08:40:00+00:00
[2026-04-01T08:35:16.723+0000] {processor.py:183} INFO - Processing /opt/airflow/dags/minio_to_snowflake.py took 1.174 seconds
[2026-04-01T08:35:47.490+0000] {processor.py:161} INFO - Started process (PID=435) to work on /opt/airflow/dags/minio_to_snowflake.py
[2026-04-01T08:35:47.492+0000] {processor.py:830} INFO - Processing file /opt/airflow/dags/minio_to_snowflake.py for tasks to queue
[2026-04-01T08:35:47.494+0000] {logging_mixin.py:188} INFO - [2026-04-01T08:35:47.494+0000] {dagbag.py:545} INFO - Filling up the DagBag from /opt/airflow/dags/minio_to_snowflake.py
[2026-04-01T08:35:49.137+0000] {processor.py:840} INFO - DAG(s) 'minio_to_snowflake_pipeline' retrieved from /opt/airflow/dags/minio_to_snowflake.py
[2026-04-01T08:35:49.167+0000] {logging_mixin.py:188} INFO - [2026-04-01T08:35:49.166+0000] {dag.py:3089} INFO - Sync 1 DAGs
[2026-04-01T08:35:49.197+0000] {logging_mixin.py:188} INFO - [2026-04-01T08:35:49.197+0000] {dag.py:3947} INFO - Setting next_dagrun for minio_to_snowflake_pipeline to 2026-04-01 08:30:00+00:00, run_after=2026-04-01 08:40:00+00:00
[2026-04-01T08:35:49.220+0000] {processor.py:183} INFO - Processing /opt/airflow/dags/minio_to_snowflake.py took 1.738 seconds
[2026-04-01T08:36:20.132+0000] {processor.py:161} INFO - Started process (PID=442) to work on /opt/airflow/dags/minio_to_snowflake.py
[2026-04-01T08:36:20.140+0000] {processor.py:830} INFO - Processing file /opt/airflow/dags/minio_to_snowflake.py for tasks to queue
[2026-04-01T08:36:20.145+0000] {logging_mixin.py:188} INFO - [2026-04-01T08:36:20.144+0000] {dagbag.py:545} INFO - Filling up the DagBag from /opt/airflow/dags/minio_to_snowflake.py
[2026-04-01T08:36:23.096+0000] {processor.py:840} INFO - DAG(s) 'minio_to_snowflake_pipeline' retrieved from /opt/airflow/dags/minio_to_snowflake.py
[2026-04-01T08:36:23.231+0000] {logging_mixin.py:188} INFO - [2026-04-01T08:36:23.228+0000] {dag.py:3089} INFO - Sync 1 DAGs
[2026-04-01T08:36:23.418+0000] {logging_mixin.py:188} INFO - [2026-04-01T08:36:23.417+0000] {dag.py:3947} INFO - Setting next_dagrun for minio_to_snowflake_pipeline to 2026-04-01 08:30:00+00:00, run_after=2026-04-01 08:40:00+00:00
[2026-04-01T08:36:23.636+0000] {processor.py:183} INFO - Processing /opt/airflow/dags/minio_to_snowflake.py took 3.521 seconds
[2026-04-01T08:36:54.356+0000] {processor.py:161} INFO - Started process (PID=449) to work on /opt/airflow/dags/minio_to_snowflake.py
[2026-04-01T08:36:54.361+0000] {processor.py:830} INFO - Processing file /opt/airflow/dags/minio_to_snowflake.py for tasks to queue
[2026-04-01T08:36:54.364+0000] {logging_mixin.py:188} INFO - [2026-04-01T08:36:54.362+0000] {dagbag.py:545} INFO - Filling up the DagBag from /opt/airflow/dags/minio_to_snowflake.py
[2026-04-01T08:36:57.206+0000] {processor.py:840} INFO - DAG(s) 'minio_to_snowflake_pipeline' retrieved from /opt/airflow/dags/minio_to_snowflake.py
[2026-04-01T08:36:57.258+0000] {logging_mixin.py:188} INFO - [2026-04-01T08:36:57.257+0000] {dag.py:3089} INFO - Sync 1 DAGs
[2026-04-01T08:36:57.307+0000] {logging_mixin.py:188} INFO - [2026-04-01T08:36:57.307+0000] {dag.py:3947} INFO - Setting next_dagrun for minio_to_snowflake_pipeline to 2026-04-01 08:30:00+00:00, run_after=2026-04-01 08:40:00+00:00
[2026-04-01T08:36:57.334+0000] {processor.py:183} INFO - Processing /opt/airflow/dags/minio_to_snowflake.py took 3.005 seconds
[2026-04-01T08:37:27.721+0000] {processor.py:161} INFO - Started process (PID=456) to work on /opt/airflow/dags/minio_to_snowflake.py
[2026-04-01T08:37:27.723+0000] {processor.py:830} INFO - Processing file /opt/airflow/dags/minio_to_snowflake.py for tasks to queue
[2026-04-01T08:37:27.725+0000] {logging_mixin.py:188} INFO - [2026-04-01T08:37:27.724+0000] {dagbag.py:545} INFO - Filling up the DagBag from /opt/airflow/dags/minio_to_snowflake.py
[2026-04-01T08:37:29.599+0000] {processor.py:840} INFO - DAG(s) 'minio_to_snowflake_pipeline' retrieved from /opt/airflow/dags/minio_to_snowflake.py
[2026-04-01T08:37:29.641+0000] {logging_mixin.py:188} INFO - [2026-04-01T08:37:29.640+0000] {dag.py:3089} INFO - Sync 1 DAGs
[2026-04-01T08:37:29.677+0000] {logging_mixin.py:188} INFO - [2026-04-01T08:37:29.677+0000] {dag.py:3947} INFO - Setting next_dagrun for minio_to_snowflake_pipeline to 2026-04-01 08:30:00+00:00, run_after=2026-04-01 08:40:00+00:00
[2026-04-01T08:37:29.711+0000] {processor.py:183} INFO - Processing /opt/airflow/dags/minio_to_snowflake.py took 2.002 seconds
[2026-04-01T08:38:00.160+0000] {processor.py:161} INFO - Started process (PID=463) to work on /opt/airflow/dags/minio_to_snowflake.py
[2026-04-01T08:38:00.162+0000] {processor.py:830} INFO - Processing file /opt/airflow/dags/minio_to_snowflake.py for tasks to queue
[2026-04-01T08:38:00.164+0000] {logging_mixin.py:188} INFO - [2026-04-01T08:38:00.163+0000] {dagbag.py:545} INFO - Filling up the DagBag from /opt/airflow/dags/minio_to_snowflake.py
[2026-04-01T08:38:01.992+0000] {processor.py:840} INFO - DAG(s) 'minio_to_snowflake_pipeline' retrieved from /opt/airflow/dags/minio_to_snowflake.py
[2026-04-01T08:38:02.041+0000] {logging_mixin.py:188} INFO - [2026-04-01T08:38:02.040+0000] {dag.py:3089} INFO - Sync 1 DAGs
[2026-04-01T08:38:02.080+0000] {logging_mixin.py:188} INFO - [2026-04-01T08:38:02.080+0000] {dag.py:3947} INFO - Setting next_dagrun for minio_to_snowflake_pipeline to 2026-04-01 08:30:00+00:00, run_after=2026-04-01 08:40:00+00:00
[2026-04-01T08:38:02.113+0000] {processor.py:183} INFO - Processing /opt/airflow/dags/minio_to_snowflake.py took 1.966 seconds
[2026-04-01T08:38:32.521+0000] {processor.py:161} INFO - Started process (PID=470) to work on /opt/airflow/dags/minio_to_snowflake.py
[2026-04-01T08:38:32.523+0000] {processor.py:830} INFO - Processing file /opt/airflow/dags/minio_to_snowflake.py for tasks to queue
[2026-04-01T08:38:32.525+0000] {logging_mixin.py:188} INFO - [2026-04-01T08:38:32.524+0000] {dagbag.py:545} INFO - Filling up the DagBag from /opt/airflow/dags/minio_to_snowflake.py
[2026-04-01T08:38:34.149+0000] {processor.py:840} INFO - DAG(s) 'minio_to_snowflake_pipeline' retrieved from /opt/airflow/dags/minio_to_snowflake.py
[2026-04-01T08:38:34.201+0000] {logging_mixin.py:188} INFO - [2026-04-01T08:38:34.198+0000] {dag.py:3089} INFO - Sync 1 DAGs
[2026-04-01T08:38:34.228+0000] {logging_mixin.py:188} INFO - [2026-04-01T08:38:34.228+0000] {dag.py:3947} INFO - Setting next_dagrun for minio_to_snowflake_pipeline to 2026-04-01 08:30:00+00:00, run_after=2026-04-01 08:40:00+00:00
[2026-04-01T08:38:34.254+0000] {processor.py:183} INFO - Processing /opt/airflow/dags/minio_to_snowflake.py took 1.755 seconds
[2026-04-01T08:39:04.643+0000] {processor.py:161} INFO - Started process (PID=477) to work on /opt/airflow/dags/minio_to_snowflake.py
[2026-04-01T08:39:04.645+0000] {processor.py:830} INFO - Processing file /opt/airflow/dags/minio_to_snowflake.py for tasks to queue
[2026-04-01T08:39:04.647+0000] {logging_mixin.py:188} INFO - [2026-04-01T08:39:04.647+0000] {dagbag.py:545} INFO - Filling up the DagBag from /opt/airflow/dags/minio_to_snowflake.py
[2026-04-01T08:39:05.826+0000] {processor.py:840} INFO - DAG(s) 'minio_to_snowflake_pipeline' retrieved from /opt/airflow/dags/minio_to_snowflake.py
[2026-04-01T08:39:05.863+0000] {logging_mixin.py:188} INFO - [2026-04-01T08:39:05.862+0000] {dag.py:3089} INFO - Sync 1 DAGs
[2026-04-01T08:39:05.889+0000] {logging_mixin.py:188} INFO - [2026-04-01T08:39:05.889+0000] {dag.py:3947} INFO - Setting next_dagrun for minio_to_snowflake_pipeline to 2026-04-01 08:30:00+00:00, run_after=2026-04-01 08:40:00+00:00
[2026-04-01T08:39:05.912+0000] {processor.py:183} INFO - Processing /opt/airflow/dags/minio_to_snowflake.py took 1.282 seconds
[2026-04-01T08:39:36.149+0000] {processor.py:161} INFO - Started process (PID=484) to work on /opt/airflow/dags/minio_to_snowflake.py
[2026-04-01T08:39:36.151+0000] {processor.py:830} INFO - Processing file /opt/airflow/dags/minio_to_snowflake.py for tasks to queue
[2026-04-01T08:39:36.152+0000] {logging_mixin.py:188} INFO - [2026-04-01T08:39:36.152+0000] {dagbag.py:545} INFO - Filling up the DagBag from /opt/airflow/dags/minio_to_snowflake.py
[2026-04-01T08:39:37.188+0000] {processor.py:840} INFO - DAG(s) 'minio_to_snowflake_pipeline' retrieved from /opt/airflow/dags/minio_to_snowflake.py
[2026-04-01T08:39:37.220+0000] {logging_mixin.py:188} INFO - [2026-04-01T08:39:37.219+0000] {dag.py:3089} INFO - Sync 1 DAGs
[2026-04-01T08:39:37.242+0000] {logging_mixin.py:188} INFO - [2026-04-01T08:39:37.242+0000] {dag.py:3947} INFO - Setting next_dagrun for minio_to_snowflake_pipeline to 2026-04-01 08:30:00+00:00, run_after=2026-04-01 08:40:00+00:00
[2026-04-01T08:39:37.264+0000] {processor.py:183} INFO - Processing /opt/airflow/dags/minio_to_snowflake.py took 1.126 seconds
[2026-04-01T08:40:07.594+0000] {processor.py:161} INFO - Started process (PID=495) to work on /opt/airflow/dags/minio_to_snowflake.py
[2026-04-01T08:40:07.596+0000] {processor.py:830} INFO - Processing file /opt/airflow/dags/minio_to_snowflake.py for tasks to queue
[2026-04-01T08:40:07.598+0000] {logging_mixin.py:188} INFO - [2026-04-01T08:40:07.598+0000] {dagbag.py:545} INFO - Filling up the DagBag from /opt/airflow/dags/minio_to_snowflake.py
[2026-04-01T08:40:09.075+0000] {processor.py:840} INFO - DAG(s) 'minio_to_snowflake_pipeline' retrieved from /opt/airflow/dags/minio_to_snowflake.py
[2026-04-01T08:40:09.104+0000] {logging_mixin.py:188} INFO - [2026-04-01T08:40:09.103+0000] {dag.py:3089} INFO - Sync 1 DAGs
[2026-04-01T08:40:09.128+0000] {logging_mixin.py:188} INFO - [2026-04-01T08:40:09.128+0000] {dag.py:3947} INFO - Setting next_dagrun for minio_to_snowflake_pipeline to 2026-04-01 08:40:00+00:00, run_after=2026-04-01 08:50:00+00:00
[2026-04-01T08:40:09.154+0000] {processor.py:183} INFO - Processing /opt/airflow/dags/minio_to_snowflake.py took 1.571 seconds
[2026-04-01T08:40:39.662+0000] {processor.py:161} INFO - Started process (PID=502) to work on /opt/airflow/dags/minio_to_snowflake.py
[2026-04-01T08:40:39.664+0000] {processor.py:830} INFO - Processing file /opt/airflow/dags/minio_to_snowflake.py for tasks to queue
[2026-04-01T08:40:39.666+0000] {logging_mixin.py:188} INFO - [2026-04-01T08:40:39.665+0000] {dagbag.py:545} INFO - Filling up the DagBag from /opt/airflow/dags/minio_to_snowflake.py
[2026-04-01T08:40:41.129+0000] {processor.py:840} INFO - DAG(s) 'minio_to_snowflake_pipeline' retrieved from /opt/airflow/dags/minio_to_snowflake.py
[2026-04-01T08:40:41.170+0000] {logging_mixin.py:188} INFO - [2026-04-01T08:40:41.169+0000] {dag.py:3089} INFO - Sync 1 DAGs
[2026-04-01T08:40:41.197+0000] {logging_mixin.py:188} INFO - [2026-04-01T08:40:41.196+0000] {dag.py:3947} INFO - Setting next_dagrun for minio_to_snowflake_pipeline to 2026-04-01 08:40:00+00:00, run_after=2026-04-01 08:50:00+00:00
[2026-04-01T08:40:41.233+0000] {processor.py:183} INFO - Processing /opt/airflow/dags/minio_to_snowflake.py took 1.582 seconds
[2026-04-01T08:41:11.753+0000] {processor.py:161} INFO - Started process (PID=509) to work on /opt/airflow/dags/minio_to_snowflake.py
[2026-04-01T08:41:11.755+0000] {processor.py:830} INFO - Processing file /opt/airflow/dags/minio_to_snowflake.py for tasks to queue
[2026-04-01T08:41:11.756+0000] {logging_mixin.py:188} INFO - [2026-04-01T08:41:11.756+0000] {dagbag.py:545} INFO - Filling up the DagBag from /opt/airflow/dags/minio_to_snowflake.py
[2026-04-01T08:41:13.107+0000] {processor.py:840} INFO - DAG(s) 'minio_to_snowflake_pipeline' retrieved from /opt/airflow/dags/minio_to_snowflake.py
[2026-04-01T08:41:13.145+0000] {logging_mixin.py:188} INFO - [2026-04-01T08:41:13.144+0000] {dag.py:3089} INFO - Sync 1 DAGs
[2026-04-01T08:41:13.172+0000] {logging_mixin.py:188} INFO - [2026-04-01T08:41:13.172+0000] {dag.py:3947} INFO - Setting next_dagrun for minio_to_snowflake_pipeline to 2026-04-01 08:40:00+00:00, run_after=2026-04-01 08:50:00+00:00
[2026-04-01T08:41:13.200+0000] {processor.py:183} INFO - Processing /opt/airflow/dags/minio_to_snowflake.py took 1.458 seconds
[2026-04-01T08:41:43.552+0000] {processor.py:161} INFO - Started process (PID=516) to work on /opt/airflow/dags/minio_to_snowflake.py
[2026-04-01T08:41:43.554+0000] {processor.py:830} INFO - Processing file /opt/airflow/dags/minio_to_snowflake.py for tasks to queue
[2026-04-01T08:41:43.555+0000] {logging_mixin.py:188} INFO - [2026-04-01T08:41:43.555+0000] {dagbag.py:545} INFO - Filling up the DagBag from /opt/airflow/dags/minio_to_snowflake.py
[2026-04-01T08:41:44.709+0000] {processor.py:840} INFO - DAG(s) 'minio_to_snowflake_pipeline' retrieved from /opt/airflow/dags/minio_to_snowflake.py
[2026-04-01T08:41:44.748+0000] {logging_mixin.py:188} INFO - [2026-04-01T08:41:44.747+0000] {dag.py:3089} INFO - Sync 1 DAGs
[2026-04-01T08:41:44.779+0000] {logging_mixin.py:188} INFO - [2026-04-01T08:41:44.779+0000] {dag.py:3947} INFO - Setting next_dagrun for minio_to_snowflake_pipeline to 2026-04-01 08:40:00+00:00, run_after=2026-04-01 08:50:00+00:00
[2026-04-01T08:41:44.816+0000] {processor.py:183} INFO - Processing /opt/airflow/dags/minio_to_snowflake.py took 1.271 seconds
[2026-04-01T08:42:15.222+0000] {processor.py:161} INFO - Started process (PID=523) to work on /opt/airflow/dags/minio_to_snowflake.py
[2026-04-01T08:42:15.223+0000] {processor.py:830} INFO - Processing file /opt/airflow/dags/minio_to_snowflake.py for tasks to queue
[2026-04-01T08:42:15.225+0000] {logging_mixin.py:188} INFO - [2026-04-01T08:42:15.224+0000] {dagbag.py:545} INFO - Filling up the DagBag from /opt/airflow/dags/minio_to_snowflake.py
[2026-04-01T08:42:16.222+0000] {processor.py:840} INFO - DAG(s) 'minio_to_snowflake_pipeline' retrieved from /opt/airflow/dags/minio_to_snowflake.py
[2026-04-01T08:42:16.251+0000] {logging_mixin.py:188} INFO - [2026-04-01T08:42:16.250+0000] {dag.py:3089} INFO - Sync 1 DAGs
[2026-04-01T08:42:16.277+0000] {logging_mixin.py:188} INFO - [2026-04-01T08:42:16.277+0000] {dag.py:3947} INFO - Setting next_dagrun for minio_to_snowflake_pipeline to 2026-04-01 08:40:00+00:00, run_after=2026-04-01 08:50:00+00:00
[2026-04-01T08:42:16.302+0000] {processor.py:183} INFO - Processing /opt/airflow/dags/minio_to_snowflake.py took 1.088 seconds
[2026-04-01T08:42:46.511+0000] {processor.py:161} INFO - Started process (PID=530) to work on /opt/airflow/dags/minio_to_snowflake.py
[2026-04-01T08:42:46.513+0000] {processor.py:830} INFO - Processing file /opt/airflow/dags/minio_to_snowflake.py for tasks to queue
[2026-04-01T08:42:46.514+0000] {logging_mixin.py:188} INFO - [2026-04-01T08:42:46.514+0000] {dagbag.py:545} INFO - Filling up the DagBag from /opt/airflow/dags/minio_to_snowflake.py
[2026-04-01T08:42:47.828+0000] {processor.py:840} INFO - DAG(s) 'minio_to_snowflake_pipeline' retrieved from /opt/airflow/dags/minio_to_snowflake.py
[2026-04-01T08:42:47.858+0000] {logging_mixin.py:188} INFO - [2026-04-01T08:42:47.858+0000] {dag.py:3089} INFO - Sync 1 DAGs
[2026-04-01T08:42:47.881+0000] {logging_mixin.py:188} INFO - [2026-04-01T08:42:47.880+0000] {dag.py:3947} INFO - Setting next_dagrun for minio_to_snowflake_pipeline to 2026-04-01 08:40:00+00:00, run_after=2026-04-01 08:50:00+00:00
[2026-04-01T08:42:47.906+0000] {processor.py:183} INFO - Processing /opt/airflow/dags/minio_to_snowflake.py took 1.404 seconds
[2026-04-01T08:43:18.101+0000] {processor.py:161} INFO - Started process (PID=537) to work on /opt/airflow/dags/minio_to_snowflake.py
[2026-04-01T08:43:18.105+0000] {processor.py:830} INFO - Processing file /opt/airflow/dags/minio_to_snowflake.py for tasks to queue
[2026-04-01T08:43:18.107+0000] {logging_mixin.py:188} INFO - [2026-04-01T08:43:18.106+0000] {dagbag.py:545} INFO - Filling up the DagBag from /opt/airflow/dags/minio_to_snowflake.py
[2026-04-01T08:43:19.978+0000] {processor.py:840} INFO - DAG(s) 'minio_to_snowflake_pipeline' retrieved from /opt/airflow/dags/minio_to_snowflake.py
[2026-04-01T08:43:20.014+0000] {logging_mixin.py:188} INFO - [2026-04-01T08:43:20.014+0000] {dag.py:3089} INFO - Sync 1 DAGs
[2026-04-01T08:43:20.044+0000] {logging_mixin.py:188} INFO - [2026-04-01T08:43:20.044+0000] {dag.py:3947} INFO - Setting next_dagrun for minio_to_snowflake_pipeline to 2026-04-01 08:40:00+00:00, run_after=2026-04-01 08:50:00+00:00
[2026-04-01T08:43:20.073+0000] {processor.py:183} INFO - Processing /opt/airflow/dags/minio_to_snowflake.py took 1.980 seconds
[2026-04-01T08:43:50.346+0000] {processor.py:161} INFO - Started process (PID=544) to work on /opt/airflow/dags/minio_to_snowflake.py
[2026-04-01T08:43:50.348+0000] {processor.py:830} INFO - Processing file /opt/airflow/dags/minio_to_snowflake.py for tasks to queue
[2026-04-01T08:43:50.350+0000] {logging_mixin.py:188} INFO - [2026-04-01T08:43:50.349+0000] {dagbag.py:545} INFO - Filling up the DagBag from /opt/airflow/dags/minio_to_snowflake.py
[2026-04-01T08:43:51.968+0000] {processor.py:840} INFO - DAG(s) 'minio_to_snowflake_pipeline' retrieved from /opt/airflow/dags/minio_to_snowflake.py
[2026-04-01T08:43:52.003+0000] {logging_mixin.py:188} INFO - [2026-04-01T08:43:52.002+0000] {dag.py:3089} INFO - Sync 1 DAGs
[2026-04-01T08:43:52.033+0000] {logging_mixin.py:188} INFO - [2026-04-01T08:43:52.033+0000] {dag.py:3947} INFO - Setting next_dagrun for minio_to_snowflake_pipeline to 2026-04-01 08:40:00+00:00, run_after=2026-04-01 08:50:00+00:00
[2026-04-01T08:43:52.094+0000] {processor.py:183} INFO - Processing /opt/airflow/dags/minio_to_snowflake.py took 1.761 seconds
[2026-04-01T08:44:22.623+0000] {processor.py:161} INFO - Started process (PID=551) to work on /opt/airflow/dags/minio_to_snowflake.py
[2026-04-01T08:44:22.625+0000] {processor.py:830} INFO - Processing file /opt/airflow/dags/minio_to_snowflake.py for tasks to queue
[2026-04-01T08:44:22.628+0000] {logging_mixin.py:188} INFO - [2026-04-01T08:44:22.626+0000] {dagbag.py:545} INFO - Filling up the DagBag from /opt/airflow/dags/minio_to_snowflake.py
[2026-04-01T08:44:24.048+0000] {processor.py:840} INFO - DAG(s) 'minio_to_snowflake_pipeline' retrieved from /opt/airflow/dags/minio_to_snowflake.py
[2026-04-01T08:44:24.094+0000] {logging_mixin.py:188} INFO - [2026-04-01T08:44:24.094+0000] {dag.py:3089} INFO - Sync 1 DAGs
[2026-04-01T08:44:24.127+0000] {logging_mixin.py:188} INFO - [2026-04-01T08:44:24.126+0000] {dag.py:3947} INFO - Setting next_dagrun for minio_to_snowflake_pipeline to 2026-04-01 08:40:00+00:00, run_after=2026-04-01 08:50:00+00:00
[2026-04-01T08:44:24.160+0000] {processor.py:183} INFO - Processing /opt/airflow/dags/minio_to_snowflake.py took 1.561 seconds
[2026-04-01T08:44:54.446+0000] {processor.py:161} INFO - Started process (PID=558) to work on /opt/airflow/dags/minio_to_snowflake.py
[2026-04-01T08:44:54.448+0000] {processor.py:830} INFO - Processing file /opt/airflow/dags/minio_to_snowflake.py for tasks to queue
[2026-04-01T08:44:54.449+0000] {logging_mixin.py:188} INFO - [2026-04-01T08:44:54.449+0000] {dagbag.py:545} INFO - Filling up the DagBag from /opt/airflow/dags/minio_to_snowflake.py
[2026-04-01T08:44:55.632+0000] {processor.py:840} INFO - DAG(s) 'minio_to_snowflake_pipeline' retrieved from /opt/airflow/dags/minio_to_snowflake.py
[2026-04-01T08:44:55.679+0000] {logging_mixin.py:188} INFO - [2026-04-01T08:44:55.678+0000] {dag.py:3089} INFO - Sync 1 DAGs
[2026-04-01T08:44:55.706+0000] {logging_mixin.py:188} INFO - [2026-04-01T08:44:55.706+0000] {dag.py:3947} INFO - Setting next_dagrun for minio_to_snowflake_pipeline to 2026-04-01 08:40:00+00:00, run_after=2026-04-01 08:50:00+00:00
[2026-04-01T08:44:55.732+0000] {processor.py:183} INFO - Processing /opt/airflow/dags/minio_to_snowflake.py took 1.293 seconds
[2026-04-01T08:45:26.175+0000] {processor.py:161} INFO - Started process (PID=565) to work on /opt/airflow/dags/minio_to_snowflake.py
[2026-04-01T08:45:26.176+0000] {processor.py:830} INFO - Processing file /opt/airflow/dags/minio_to_snowflake.py for tasks to queue
[2026-04-01T08:45:26.178+0000] {logging_mixin.py:188} INFO - [2026-04-01T08:45:26.177+0000] {dagbag.py:545} INFO - Filling up the DagBag from /opt/airflow/dags/minio_to_snowflake.py
[2026-04-01T08:45:27.308+0000] {processor.py:840} INFO - DAG(s) 'minio_to_snowflake_pipeline' retrieved from /opt/airflow/dags/minio_to_snowflake.py
[2026-04-01T08:45:27.343+0000] {logging_mixin.py:188} INFO - [2026-04-01T08:45:27.342+0000] {dag.py:3089} INFO - Sync 1 DAGs
[2026-04-01T08:45:27.365+0000] {logging_mixin.py:188} INFO - [2026-04-01T08:45:27.365+0000] {dag.py:3947} INFO - Setting next_dagrun for minio_to_snowflake_pipeline to 2026-04-01 08:40:00+00:00, run_after=2026-04-01 08:50:00+00:00
[2026-04-01T08:45:27.389+0000] {processor.py:183} INFO - Processing /opt/airflow/dags/minio_to_snowflake.py took 1.222 seconds
[2026-04-01T08:45:57.681+0000] {processor.py:161} INFO - Started process (PID=572) to work on /opt/airflow/dags/minio_to_snowflake.py
[2026-04-01T08:45:57.682+0000] {processor.py:830} INFO - Processing file /opt/airflow/dags/minio_to_snowflake.py for tasks to queue
[2026-04-01T08:45:57.684+0000] {logging_mixin.py:188} INFO - [2026-04-01T08:45:57.683+0000] {dagbag.py:545} INFO - Filling up the DagBag from /opt/airflow/dags/minio_to_snowflake.py
[2026-04-01T08:45:59.436+0000] {processor.py:840} INFO - DAG(s) 'minio_to_snowflake_pipeline' retrieved from /opt/airflow/dags/minio_to_snowflake.py
[2026-04-01T08:45:59.471+0000] {logging_mixin.py:188} INFO - [2026-04-01T08:45:59.470+0000] {dag.py:3089} INFO - Sync 1 DAGs
[2026-04-01T08:45:59.512+0000] {logging_mixin.py:188} INFO - [2026-04-01T08:45:59.511+0000] {dag.py:3947} INFO - Setting next_dagrun for minio_to_snowflake_pipeline to 2026-04-01 08:40:00+00:00, run_after=2026-04-01 08:50:00+00:00
[2026-04-01T08:45:59.543+0000] {processor.py:183} INFO - Processing /opt/airflow/dags/minio_to_snowflake.py took 1.875 seconds
[2026-04-01T08:46:29.946+0000] {processor.py:161} INFO - Started process (PID=579) to work on /opt/airflow/dags/minio_to_snowflake.py
[2026-04-01T08:46:29.949+0000] {processor.py:830} INFO - Processing file /opt/airflow/dags/minio_to_snowflake.py for tasks to queue
[2026-04-01T08:46:29.952+0000] {logging_mixin.py:188} INFO - [2026-04-01T08:46:29.951+0000] {dagbag.py:545} INFO - Filling up the DagBag from /opt/airflow/dags/minio_to_snowflake.py
[2026-04-01T08:46:32.176+0000] {processor.py:840} INFO - DAG(s) 'minio_to_snowflake_pipeline' retrieved from /opt/airflow/dags/minio_to_snowflake.py
[2026-04-01T08:46:32.213+0000] {logging_mixin.py:188} INFO - [2026-04-01T08:46:32.213+0000] {dag.py:3089} INFO - Sync 1 DAGs
[2026-04-01T08:46:32.242+0000] {logging_mixin.py:188} INFO - [2026-04-01T08:46:32.242+0000] {dag.py:3947} INFO - Setting next_dagrun for minio_to_snowflake_pipeline to 2026-04-01 08:40:00+00:00, run_after=2026-04-01 08:50:00+00:00
[2026-04-01T08:46:32.268+0000] {processor.py:183} INFO - Processing /opt/airflow/dags/minio_to_snowflake.py took 2.334 seconds
[2026-04-01T08:47:02.561+0000] {processor.py:161} INFO - Started process (PID=586) to work on /opt/airflow/dags/minio_to_snowflake.py
[2026-04-01T08:47:02.562+0000] {processor.py:830} INFO - Processing file /opt/airflow/dags/minio_to_snowflake.py for tasks to queue
[2026-04-01T08:47:02.564+0000] {logging_mixin.py:188} INFO - [2026-04-01T08:47:02.563+0000] {dagbag.py:545} INFO - Filling up the DagBag from /opt/airflow/dags/minio_to_snowflake.py
[2026-04-01T08:47:03.938+0000] {processor.py:840} INFO - DAG(s) 'minio_to_snowflake_pipeline' retrieved from /opt/airflow/dags/minio_to_snowflake.py
[2026-04-01T08:47:04.006+0000] {logging_mixin.py:188} INFO - [2026-04-01T08:47:04.005+0000] {dag.py:3089} INFO - Sync 1 DAGs
[2026-04-01T08:47:04.073+0000] {logging_mixin.py:188} INFO - [2026-04-01T08:47:04.072+0000] {dag.py:3947} INFO - Setting next_dagrun for minio_to_snowflake_pipeline to 2026-04-01 08:40:00+00:00, run_after=2026-04-01 08:50:00+00:00
[2026-04-01T08:47:04.156+0000] {processor.py:183} INFO - Processing /opt/airflow/dags/minio_to_snowflake.py took 1.603 seconds
[2026-04-01T08:47:34.428+0000] {processor.py:161} INFO - Started process (PID=593) to work on /opt/airflow/dags/minio_to_snowflake.py
[2026-04-01T08:47:34.430+0000] {processor.py:830} INFO - Processing file /opt/airflow/dags/minio_to_snowflake.py for tasks to queue
[2026-04-01T08:47:34.432+0000] {logging_mixin.py:188} INFO - [2026-04-01T08:47:34.431+0000] {dagbag.py:545} INFO - Filling up the DagBag from /opt/airflow/dags/minio_to_snowflake.py
[2026-04-01T08:47:35.614+0000] {processor.py:840} INFO - DAG(s) 'minio_to_snowflake_pipeline' retrieved from /opt/airflow/dags/minio_to_snowflake.py
[2026-04-01T08:47:35.643+0000] {logging_mixin.py:188} INFO - [2026-04-01T08:47:35.642+0000] {dag.py:3089} INFO - Sync 1 DAGs
[2026-04-01T08:47:35.667+0000] {logging_mixin.py:188} INFO - [2026-04-01T08:47:35.666+0000] {dag.py:3947} INFO - Setting next_dagrun for minio_to_snowflake_pipeline to 2026-04-01 08:40:00+00:00, run_after=2026-04-01 08:50:00+00:00
[2026-04-01T08:47:35.698+0000] {processor.py:183} INFO - Processing /opt/airflow/dags/minio_to_snowflake.py took 1.278 seconds
[2026-04-01T08:48:06.225+0000] {processor.py:161} INFO - Started process (PID=600) to work on /opt/airflow/dags/minio_to_snowflake.py
[2026-04-01T08:48:06.227+0000] {processor.py:830} INFO - Processing file /opt/airflow/dags/minio_to_snowflake.py for tasks to queue
[2026-04-01T08:48:06.229+0000] {logging_mixin.py:188} INFO - [2026-04-01T08:48:06.228+0000] {dagbag.py:545} INFO - Filling up the DagBag from /opt/airflow/dags/minio_to_snowflake.py
[2026-04-01T08:48:07.755+0000] {processor.py:840} INFO - DAG(s) 'minio_to_snowflake_pipeline' retrieved from /opt/airflow/dags/minio_to_snowflake.py
[2026-04-01T08:48:07.793+0000] {logging_mixin.py:188} INFO - [2026-04-01T08:48:07.792+0000] {dag.py:3089} INFO - Sync 1 DAGs
[2026-04-01T08:48:07.821+0000] {logging_mixin.py:188} INFO - [2026-04-01T08:48:07.821+0000] {dag.py:3947} INFO - Setting next_dagrun for minio_to_snowflake_pipeline to 2026-04-01 08:40:00+00:00, run_after=2026-04-01 08:50:00+00:00
[2026-04-01T08:48:07.851+0000] {processor.py:183} INFO - Processing /opt/airflow/dags/minio_to_snowflake.py took 1.638 seconds
[2026-04-01T08:48:38.014+0000] {processor.py:161} INFO - Started process (PID=607) to work on /opt/airflow/dags/minio_to_snowflake.py
[2026-04-01T08:48:38.017+0000] {processor.py:830} INFO - Processing file /opt/airflow/dags/minio_to_snowflake.py for tasks to queue
[2026-04-01T08:48:38.020+0000] {logging_mixin.py:188} INFO - [2026-04-01T08:48:38.019+0000] {dagbag.py:545} INFO - Filling up the DagBag from /opt/airflow/dags/minio_to_snowflake.py
[2026-04-01T08:48:39.343+0000] {processor.py:840} INFO - DAG(s) 'minio_to_snowflake_pipeline' retrieved from /opt/airflow/dags/minio_to_snowflake.py
[2026-04-01T08:48:39.378+0000] {logging_mixin.py:188} INFO - [2026-04-01T08:48:39.377+0000] {dag.py:3089} INFO - Sync 1 DAGs
[2026-04-01T08:48:39.409+0000] {logging_mixin.py:188} INFO - [2026-04-01T08:48:39.409+0000] {dag.py:3947} INFO - Setting next_dagrun for minio_to_snowflake_pipeline to 2026-04-01 08:40:00+00:00, run_after=2026-04-01 08:50:00+00:00
[2026-04-01T08:48:39.437+0000] {processor.py:183} INFO - Processing /opt/airflow/dags/minio_to_snowflake.py took 1.437 seconds
[2026-04-01T08:49:09.744+0000] {processor.py:161} INFO - Started process (PID=614) to work on /opt/airflow/dags/minio_to_snowflake.py
[2026-04-01T08:49:09.746+0000] {processor.py:830} INFO - Processing file /opt/airflow/dags/minio_to_snowflake.py for tasks to queue
[2026-04-01T08:49:09.747+0000] {logging_mixin.py:188} INFO - [2026-04-01T08:49:09.747+0000] {dagbag.py:545} INFO - Filling up the DagBag from /opt/airflow/dags/minio_to_snowflake.py
[2026-04-01T08:49:10.726+0000] {processor.py:840} INFO - DAG(s) 'minio_to_snowflake_pipeline' retrieved from /opt/airflow/dags/minio_to_snowflake.py
[2026-04-01T08:49:10.755+0000] {logging_mixin.py:188} INFO - [2026-04-01T08:49:10.755+0000] {dag.py:3089} INFO - Sync 1 DAGs
[2026-04-01T08:49:10.779+0000] {logging_mixin.py:188} INFO - [2026-04-01T08:49:10.778+0000] {dag.py:3947} INFO - Setting next_dagrun for minio_to_snowflake_pipeline to 2026-04-01 08:40:00+00:00, run_after=2026-04-01 08:50:00+00:00
[2026-04-01T08:49:10.833+0000] {processor.py:183} INFO - Processing /opt/airflow/dags/minio_to_snowflake.py took 1.097 seconds
[2026-04-01T08:49:41.061+0000] {processor.py:161} INFO - Started process (PID=621) to work on /opt/airflow/dags/minio_to_snowflake.py
[2026-04-01T08:49:41.063+0000] {processor.py:830} INFO - Processing file /opt/airflow/dags/minio_to_snowflake.py for tasks to queue
[2026-04-01T08:49:41.064+0000] {logging_mixin.py:188} INFO - [2026-04-01T08:49:41.064+0000] {dagbag.py:545} INFO - Filling up the DagBag from /opt/airflow/dags/minio_to_snowflake.py
[2026-04-01T08:49:42.278+0000] {processor.py:840} INFO - DAG(s) 'minio_to_snowflake_pipeline' retrieved from /opt/airflow/dags/minio_to_snowflake.py
[2026-04-01T08:49:42.314+0000] {logging_mixin.py:188} INFO - [2026-04-01T08:49:42.314+0000] {dag.py:3089} INFO - Sync 1 DAGs
[2026-04-01T08:49:42.341+0000] {logging_mixin.py:188} INFO - [2026-04-01T08:49:42.341+0000] {dag.py:3947} INFO - Setting next_dagrun for minio_to_snowflake_pipeline to 2026-04-01 08:40:00+00:00, run_after=2026-04-01 08:50:00+00:00
[2026-04-01T08:49:42.371+0000] {processor.py:183} INFO - Processing /opt/airflow/dags/minio_to_snowflake.py took 1.321 seconds
[2026-04-01T08:50:12.625+0000] {processor.py:161} INFO - Started process (PID=632) to work on /opt/airflow/dags/minio_to_snowflake.py
[2026-04-01T08:50:12.626+0000] {processor.py:830} INFO - Processing file /opt/airflow/dags/minio_to_snowflake.py for tasks to queue
[2026-04-01T08:50:12.628+0000] {logging_mixin.py:188} INFO - [2026-04-01T08:50:12.628+0000] {dagbag.py:545} INFO - Filling up the DagBag from /opt/airflow/dags/minio_to_snowflake.py
[2026-04-01T08:50:13.915+0000] {processor.py:840} INFO - DAG(s) 'minio_to_snowflake_pipeline' retrieved from /opt/airflow/dags/minio_to_snowflake.py
[2026-04-01T08:50:13.972+0000] {logging_mixin.py:188} INFO - [2026-04-01T08:50:13.971+0000] {dag.py:3089} INFO - Sync 1 DAGs
[2026-04-01T08:50:14.037+0000] {logging_mixin.py:188} INFO - [2026-04-01T08:50:14.037+0000] {dag.py:3947} INFO - Setting next_dagrun for minio_to_snowflake_pipeline to 2026-04-01 08:50:00+00:00, run_after=2026-04-01 09:00:00+00:00
[2026-04-01T08:50:14.083+0000] {processor.py:183} INFO - Processing /opt/airflow/dags/minio_to_snowflake.py took 1.469 seconds
[2026-04-01T08:50:44.377+0000] {processor.py:161} INFO - Started process (PID=639) to work on /opt/airflow/dags/minio_to_snowflake.py
[2026-04-01T08:50:44.378+0000] {processor.py:830} INFO - Processing file /opt/airflow/dags/minio_to_snowflake.py for tasks to queue
[2026-04-01T08:50:44.380+0000] {logging_mixin.py:188} INFO - [2026-04-01T08:50:44.380+0000] {dagbag.py:545} INFO - Filling up the DagBag from /opt/airflow/dags/minio_to_snowflake.py
[2026-04-01T08:50:45.391+0000] {processor.py:840} INFO - DAG(s) 'minio_to_snowflake_pipeline' retrieved from /opt/airflow/dags/minio_to_snowflake.py
[2026-04-01T08:50:45.419+0000] {logging_mixin.py:188} INFO - [2026-04-01T08:50:45.418+0000] {dag.py:3089} INFO - Sync 1 DAGs
[2026-04-01T08:50:45.442+0000] {logging_mixin.py:188} INFO - [2026-04-01T08:50:45.442+0000] {dag.py:3947} INFO - Setting next_dagrun for minio_to_snowflake_pipeline to 2026-04-01 08:50:00+00:00, run_after=2026-04-01 09:00:00+00:00
[2026-04-01T08:50:45.463+0000] {processor.py:183} INFO - Processing /opt/airflow/dags/minio_to_snowflake.py took 1.097 seconds
[2026-04-01T08:51:15.573+0000] {processor.py:161} INFO - Started process (PID=646) to work on /opt/airflow/dags/minio_to_snowflake.py
[2026-04-01T08:51:15.577+0000] {processor.py:830} INFO - Processing file /opt/airflow/dags/minio_to_snowflake.py for tasks to queue
[2026-04-01T08:51:15.586+0000] {logging_mixin.py:188} INFO - [2026-04-01T08:51:15.585+0000] {dagbag.py:545} INFO - Filling up the DagBag from /opt/airflow/dags/minio_to_snowflake.py
[2026-04-01T08:51:17.350+0000] {processor.py:840} INFO - DAG(s) 'minio_to_snowflake_pipeline' retrieved from /opt/airflow/dags/minio_to_snowflake.py
[2026-04-01T08:51:17.435+0000] {logging_mixin.py:188} INFO - [2026-04-01T08:51:17.433+0000] {dag.py:3089} INFO - Sync 1 DAGs
[2026-04-01T08:51:17.522+0000] {logging_mixin.py:188} INFO - [2026-04-01T08:51:17.522+0000] {dag.py:3947} INFO - Setting next_dagrun for minio_to_snowflake_pipeline to 2026-04-01 08:50:00+00:00, run_after=2026-04-01 09:00:00+00:00
[2026-04-01T08:51:17.576+0000] {processor.py:183} INFO - Processing /opt/airflow/dags/minio_to_snowflake.py took 2.019 seconds
[2026-04-01T08:51:47.831+0000] {processor.py:161} INFO - Started process (PID=653) to work on /opt/airflow/dags/minio_to_snowflake.py
[2026-04-01T08:51:47.833+0000] {processor.py:830} INFO - Processing file /opt/airflow/dags/minio_to_snowflake.py for tasks to queue
[2026-04-01T08:51:47.835+0000] {logging_mixin.py:188} INFO - [2026-04-01T08:51:47.834+0000] {dagbag.py:545} INFO - Filling up the DagBag from /opt/airflow/dags/minio_to_snowflake.py
[2026-04-01T08:51:49.295+0000] {processor.py:840} INFO - DAG(s) 'minio_to_snowflake_pipeline' retrieved from /opt/airflow/dags/minio_to_snowflake.py
[2026-04-01T08:51:49.332+0000] {logging_mixin.py:188} INFO - [2026-04-01T08:51:49.330+0000] {dag.py:3089} INFO - Sync 1 DAGs
[2026-04-01T08:51:49.362+0000] {logging_mixin.py:188} INFO - [2026-04-01T08:51:49.361+0000] {dag.py:3947} INFO - Setting next_dagrun for minio_to_snowflake_pipeline to 2026-04-01 08:50:00+00:00, run_after=2026-04-01 09:00:00+00:00
[2026-04-01T08:51:49.388+0000] {processor.py:183} INFO - Processing /opt/airflow/dags/minio_to_snowflake.py took 1.569 seconds
[2026-04-01T08:52:19.667+0000] {processor.py:161} INFO - Started process (PID=660) to work on /opt/airflow/dags/minio_to_snowflake.py
[2026-04-01T08:52:19.669+0000] {processor.py:830} INFO - Processing file /opt/airflow/dags/minio_to_snowflake.py for tasks to queue
[2026-04-01T08:52:19.670+0000] {logging_mixin.py:188} INFO - [2026-04-01T08:52:19.670+0000] {dagbag.py:545} INFO - Filling up the DagBag from /opt/airflow/dags/minio_to_snowflake.py
[2026-04-01T08:52:20.709+0000] {processor.py:840} INFO - DAG(s) 'minio_to_snowflake_pipeline' retrieved from /opt/airflow/dags/minio_to_snowflake.py
[2026-04-01T08:52:20.737+0000] {logging_mixin.py:188} INFO - [2026-04-01T08:52:20.736+0000] {dag.py:3089} INFO - Sync 1 DAGs
[2026-04-01T08:52:20.762+0000] {logging_mixin.py:188} INFO - [2026-04-01T08:52:20.762+0000] {dag.py:3947} INFO - Setting next_dagrun for minio_to_snowflake_pipeline to 2026-04-01 08:50:00+00:00, run_after=2026-04-01 09:00:00+00:00
[2026-04-01T08:52:20.788+0000] {processor.py:183} INFO - Processing /opt/airflow/dags/minio_to_snowflake.py took 1.129 seconds
[2026-04-01T08:52:50.938+0000] {processor.py:161} INFO - Started process (PID=667) to work on /opt/airflow/dags/minio_to_snowflake.py
[2026-04-01T08:52:50.939+0000] {processor.py:830} INFO - Processing file /opt/airflow/dags/minio_to_snowflake.py for tasks to queue
[2026-04-01T08:52:50.941+0000] {logging_mixin.py:188} INFO - [2026-04-01T08:52:50.941+0000] {dagbag.py:545} INFO - Filling up the DagBag from /opt/airflow/dags/minio_to_snowflake.py
[2026-04-01T08:52:52.729+0000] {processor.py:840} INFO - DAG(s) 'minio_to_snowflake_pipeline' retrieved from /opt/airflow/dags/minio_to_snowflake.py
[2026-04-01T08:52:52.788+0000] {logging_mixin.py:188} INFO - [2026-04-01T08:52:52.787+0000] {dag.py:3089} INFO - Sync 1 DAGs
[2026-04-01T08:52:52.854+0000] {logging_mixin.py:188} INFO - [2026-04-01T08:52:52.853+0000] {dag.py:3947} INFO - Setting next_dagrun for minio_to_snowflake_pipeline to 2026-04-01 08:50:00+00:00, run_after=2026-04-01 09:00:00+00:00
[2026-04-01T08:52:52.895+0000] {processor.py:183} INFO - Processing /opt/airflow/dags/minio_to_snowflake.py took 1.969 seconds
[2026-04-01T08:53:23.372+0000] {processor.py:161} INFO - Started process (PID=674) to work on /opt/airflow/dags/minio_to_snowflake.py
[2026-04-01T08:53:23.373+0000] {processor.py:830} INFO - Processing file /opt/airflow/dags/minio_to_snowflake.py for tasks to queue
[2026-04-01T08:53:23.375+0000] {logging_mixin.py:188} INFO - [2026-04-01T08:53:23.374+0000] {dagbag.py:545} INFO - Filling up the DagBag from /opt/airflow/dags/minio_to_snowflake.py
[2026-04-01T08:53:24.756+0000] {processor.py:840} INFO - DAG(s) 'minio_to_snowflake_pipeline' retrieved from /opt/airflow/dags/minio_to_snowflake.py
[2026-04-01T08:53:24.790+0000] {logging_mixin.py:188} INFO - [2026-04-01T08:53:24.790+0000] {dag.py:3089} INFO - Sync 1 DAGs
[2026-04-01T08:53:24.815+0000] {logging_mixin.py:188} INFO - [2026-04-01T08:53:24.814+0000] {dag.py:3947} INFO - Setting next_dagrun for minio_to_snowflake_pipeline to 2026-04-01 08:50:00+00:00, run_after=2026-04-01 09:00:00+00:00
[2026-04-01T08:53:24.839+0000] {processor.py:183} INFO - Processing /opt/airflow/dags/minio_to_snowflake.py took 1.475 seconds
[2026-04-01T08:53:55.303+0000] {processor.py:161} INFO - Started process (PID=681) to work on /opt/airflow/dags/minio_to_snowflake.py
[2026-04-01T08:53:55.306+0000] {processor.py:830} INFO - Processing file /opt/airflow/dags/minio_to_snowflake.py for tasks to queue
[2026-04-01T08:53:55.308+0000] {logging_mixin.py:188} INFO - [2026-04-01T08:53:55.307+0000] {dagbag.py:545} INFO - Filling up the DagBag from /opt/airflow/dags/minio_to_snowflake.py
[2026-04-01T08:53:56.513+0000] {processor.py:840} INFO - DAG(s) 'minio_to_snowflake_pipeline' retrieved from /opt/airflow/dags/minio_to_snowflake.py
[2026-04-01T08:53:56.569+0000] {logging_mixin.py:188} INFO - [2026-04-01T08:53:56.569+0000] {dag.py:3089} INFO - Sync 1 DAGs
[2026-04-01T08:53:56.611+0000] {logging_mixin.py:188} INFO - [2026-04-01T08:53:56.611+0000] {dag.py:3947} INFO - Setting next_dagrun for minio_to_snowflake_pipeline to 2026-04-01 08:50:00+00:00, run_after=2026-04-01 09:00:00+00:00
[2026-04-01T08:53:56.659+0000] {processor.py:183} INFO - Processing /opt/airflow/dags/minio_to_snowflake.py took 1.370 seconds
[2026-04-01T08:54:26.977+0000] {processor.py:161} INFO - Started process (PID=688) to work on /opt/airflow/dags/minio_to_snowflake.py
[2026-04-01T08:54:26.978+0000] {processor.py:830} INFO - Processing file /opt/airflow/dags/minio_to_snowflake.py for tasks to queue
[2026-04-01T08:54:26.979+0000] {logging_mixin.py:188} INFO - [2026-04-01T08:54:26.979+0000] {dagbag.py:545} INFO - Filling up the DagBag from /opt/airflow/dags/minio_to_snowflake.py
[2026-04-01T08:54:27.989+0000] {processor.py:840} INFO - DAG(s) 'minio_to_snowflake_pipeline' retrieved from /opt/airflow/dags/minio_to_snowflake.py
[2026-04-01T08:54:28.019+0000] {logging_mixin.py:188} INFO - [2026-04-01T08:54:28.018+0000] {dag.py:3089} INFO - Sync 1 DAGs
[2026-04-01T08:54:28.042+0000] {logging_mixin.py:188} INFO - [2026-04-01T08:54:28.042+0000] {dag.py:3947} INFO - Setting next_dagrun for minio_to_snowflake_pipeline to 2026-04-01 08:50:00+00:00, run_after=2026-04-01 09:00:00+00:00
[2026-04-01T08:54:28.070+0000] {processor.py:183} INFO - Processing /opt/airflow/dags/minio_to_snowflake.py took 1.101 seconds
[2026-04-01T08:54:58.264+0000] {processor.py:161} INFO - Started process (PID=695) to work on /opt/airflow/dags/minio_to_snowflake.py
[2026-04-01T08:54:58.266+0000] {processor.py:830} INFO - Processing file /opt/airflow/dags/minio_to_snowflake.py for tasks to queue
[2026-04-01T08:54:58.267+0000] {logging_mixin.py:188} INFO - [2026-04-01T08:54:58.267+0000] {dagbag.py:545} INFO - Filling up the DagBag from /opt/airflow/dags/minio_to_snowflake.py
[2026-04-01T08:54:59.682+0000] {processor.py:840} INFO - DAG(s) 'minio_to_snowflake_pipeline' retrieved from /opt/airflow/dags/minio_to_snowflake.py
[2026-04-01T08:54:59.721+0000] {logging_mixin.py:188} INFO - [2026-04-01T08:54:59.720+0000] {dag.py:3089} INFO - Sync 1 DAGs
[2026-04-01T08:54:59.751+0000] {logging_mixin.py:188} INFO - [2026-04-01T08:54:59.751+0000] {dag.py:3947} INFO - Setting next_dagrun for minio_to_snowflake_pipeline to 2026-04-01 08:50:00+00:00, run_after=2026-04-01 09:00:00+00:00
[2026-04-01T08:54:59.776+0000] {processor.py:183} INFO - Processing /opt/airflow/dags/minio_to_snowflake.py took 1.526 seconds
[2026-04-01T08:55:30.312+0000] {processor.py:161} INFO - Started process (PID=702) to work on /opt/airflow/dags/minio_to_snowflake.py
[2026-04-01T08:55:30.317+0000] {processor.py:830} INFO - Processing file /opt/airflow/dags/minio_to_snowflake.py for tasks to queue
[2026-04-01T08:55:30.319+0000] {logging_mixin.py:188} INFO - [2026-04-01T08:55:30.319+0000] {dagbag.py:545} INFO - Filling up the DagBag from /opt/airflow/dags/minio_to_snowflake.py
[2026-04-01T08:55:31.909+0000] {processor.py:840} INFO - DAG(s) 'minio_to_snowflake_pipeline' retrieved from /opt/airflow/dags/minio_to_snowflake.py
[2026-04-01T08:55:31.960+0000] {logging_mixin.py:188} INFO - [2026-04-01T08:55:31.959+0000] {dag.py:3089} INFO - Sync 1 DAGs
[2026-04-01T08:55:31.998+0000] {logging_mixin.py:188} INFO - [2026-04-01T08:55:31.997+0000] {dag.py:3947} INFO - Setting next_dagrun for minio_to_snowflake_pipeline to 2026-04-01 08:50:00+00:00, run_after=2026-04-01 09:00:00+00:00
[2026-04-01T08:55:32.029+0000] {processor.py:183} INFO - Processing /opt/airflow/dags/minio_to_snowflake.py took 1.733 seconds
[2026-04-01T08:56:02.443+0000] {processor.py:161} INFO - Started process (PID=709) to work on /opt/airflow/dags/minio_to_snowflake.py
[2026-04-01T08:56:02.445+0000] {processor.py:830} INFO - Processing file /opt/airflow/dags/minio_to_snowflake.py for tasks to queue
[2026-04-01T08:56:02.447+0000] {logging_mixin.py:188} INFO - [2026-04-01T08:56:02.446+0000] {dagbag.py:545} INFO - Filling up the DagBag from /opt/airflow/dags/minio_to_snowflake.py
[2026-04-01T08:56:04.539+0000] {processor.py:840} INFO - DAG(s) 'minio_to_snowflake_pipeline' retrieved from /opt/airflow/dags/minio_to_snowflake.py
[2026-04-01T08:56:04.596+0000] {logging_mixin.py:188} INFO - [2026-04-01T08:56:04.596+0000] {dag.py:3089} INFO - Sync 1 DAGs
[2026-04-01T08:56:04.642+0000] {logging_mixin.py:188} INFO - [2026-04-01T08:56:04.641+0000] {dag.py:3947} INFO - Setting next_dagrun for minio_to_snowflake_pipeline to 2026-04-01 08:50:00+00:00, run_after=2026-04-01 09:00:00+00:00
[2026-04-01T08:56:04.663+0000] {processor.py:183} INFO - Processing /opt/airflow/dags/minio_to_snowflake.py took 2.234 seconds
[2026-04-01T08:56:34.800+0000] {processor.py:161} INFO - Started process (PID=716) to work on /opt/airflow/dags/minio_to_snowflake.py
[2026-04-01T08:56:34.801+0000] {processor.py:830} INFO - Processing file /opt/airflow/dags/minio_to_snowflake.py for tasks to queue
[2026-04-01T08:56:34.803+0000] {logging_mixin.py:188} INFO - [2026-04-01T08:56:34.802+0000] {dagbag.py:545} INFO - Filling up the DagBag from /opt/airflow/dags/minio_to_snowflake.py
[2026-04-01T08:56:35.810+0000] {processor.py:840} INFO - DAG(s) 'minio_to_snowflake_pipeline' retrieved from /opt/airflow/dags/minio_to_snowflake.py
[2026-04-01T08:56:35.838+0000] {logging_mixin.py:188} INFO - [2026-04-01T08:56:35.837+0000] {dag.py:3089} INFO - Sync 1 DAGs
[2026-04-01T08:56:35.860+0000] {logging_mixin.py:188} INFO - [2026-04-01T08:56:35.860+0000] {dag.py:3947} INFO - Setting next_dagrun for minio_to_snowflake_pipeline to 2026-04-01 08:50:00+00:00, run_after=2026-04-01 09:00:00+00:00
[2026-04-01T08:56:35.884+0000] {processor.py:183} INFO - Processing /opt/airflow/dags/minio_to_snowflake.py took 1.093 seconds
[2026-04-01T08:57:06.193+0000] {processor.py:161} INFO - Started process (PID=723) to work on /opt/airflow/dags/minio_to_snowflake.py
[2026-04-01T08:57:06.195+0000] {processor.py:830} INFO - Processing file /opt/airflow/dags/minio_to_snowflake.py for tasks to queue
[2026-04-01T08:57:06.196+0000] {logging_mixin.py:188} INFO - [2026-04-01T08:57:06.196+0000] {dagbag.py:545} INFO - Filling up the DagBag from /opt/airflow/dags/minio_to_snowflake.py
[2026-04-01T08:57:07.313+0000] {processor.py:840} INFO - DAG(s) 'minio_to_snowflake_pipeline' retrieved from /opt/airflow/dags/minio_to_snowflake.py
[2026-04-01T08:57:07.417+0000] {logging_mixin.py:188} INFO - [2026-04-01T08:57:07.416+0000] {dag.py:3089} INFO - Sync 1 DAGs
[2026-04-01T08:57:07.521+0000] {logging_mixin.py:188} INFO - [2026-04-01T08:57:07.521+0000] {dag.py:3947} INFO - Setting next_dagrun for minio_to_snowflake_pipeline to 2026-04-01 08:50:00+00:00, run_after=2026-04-01 09:00:00+00:00
[2026-04-01T08:57:07.692+0000] {processor.py:183} INFO - Processing /opt/airflow/dags/minio_to_snowflake.py took 1.507 seconds
[2026-04-01T08:57:38.184+0000] {processor.py:161} INFO - Started process (PID=730) to work on /opt/airflow/dags/minio_to_snowflake.py
[2026-04-01T08:57:38.186+0000] {processor.py:830} INFO - Processing file /opt/airflow/dags/minio_to_snowflake.py for tasks to queue
[2026-04-01T08:57:38.188+0000] {logging_mixin.py:188} INFO - [2026-04-01T08:57:38.187+0000] {dagbag.py:545} INFO - Filling up the DagBag from /opt/airflow/dags/minio_to_snowflake.py
[2026-04-01T08:57:39.625+0000] {processor.py:840} INFO - DAG(s) 'minio_to_snowflake_pipeline' retrieved from /opt/airflow/dags/minio_to_snowflake.py
[2026-04-01T08:57:39.654+0000] {logging_mixin.py:188} INFO - [2026-04-01T08:57:39.654+0000] {dag.py:3089} INFO - Sync 1 DAGs
[2026-04-01T08:57:39.677+0000] {logging_mixin.py:188} INFO - [2026-04-01T08:57:39.677+0000] {dag.py:3947} INFO - Setting next_dagrun for minio_to_snowflake_pipeline to 2026-04-01 08:50:00+00:00, run_after=2026-04-01 09:00:00+00:00
[2026-04-01T08:57:39.702+0000] {processor.py:183} INFO - Processing /opt/airflow/dags/minio_to_snowflake.py took 1.525 seconds
[2026-04-01T08:58:10.135+0000] {processor.py:161} INFO - Started process (PID=737) to work on /opt/airflow/dags/minio_to_snowflake.py
[2026-04-01T08:58:10.138+0000] {processor.py:830} INFO - Processing file /opt/airflow/dags/minio_to_snowflake.py for tasks to queue
[2026-04-01T08:58:10.142+0000] {logging_mixin.py:188} INFO - [2026-04-01T08:58:10.142+0000] {dagbag.py:545} INFO - Filling up the DagBag from /opt/airflow/dags/minio_to_snowflake.py
[2026-04-01T08:58:11.571+0000] {processor.py:840} INFO - DAG(s) 'minio_to_snowflake_pipeline' retrieved from /opt/airflow/dags/minio_to_snowflake.py
[2026-04-01T08:58:11.645+0000] {logging_mixin.py:188} INFO - [2026-04-01T08:58:11.644+0000] {dag.py:3089} INFO - Sync 1 DAGs
[2026-04-01T08:58:11.708+0000] {logging_mixin.py:188} INFO - [2026-04-01T08:58:11.707+0000] {dag.py:3947} INFO - Setting next_dagrun for minio_to_snowflake_pipeline to 2026-04-01 08:50:00+00:00, run_after=2026-04-01 09:00:00+00:00
[2026-04-01T08:58:11.746+0000] {processor.py:183} INFO - Processing /opt/airflow/dags/minio_to_snowflake.py took 1.629 seconds
[2026-04-01T08:58:42.099+0000] {processor.py:161} INFO - Started process (PID=744) to work on /opt/airflow/dags/minio_to_snowflake.py
[2026-04-01T08:58:42.101+0000] {processor.py:830} INFO - Processing file /opt/airflow/dags/minio_to_snowflake.py for tasks to queue
[2026-04-01T08:58:42.103+0000] {logging_mixin.py:188} INFO - [2026-04-01T08:58:42.102+0000] {dagbag.py:545} INFO - Filling up the DagBag from /opt/airflow/dags/minio_to_snowflake.py
[2026-04-01T08:58:43.625+0000] {processor.py:840} INFO - DAG(s) 'minio_to_snowflake_pipeline' retrieved from /opt/airflow/dags/minio_to_snowflake.py
[2026-04-01T08:58:43.671+0000] {logging_mixin.py:188} INFO - [2026-04-01T08:58:43.670+0000] {dag.py:3089} INFO - Sync 1 DAGs
[2026-04-01T08:58:43.712+0000] {logging_mixin.py:188} INFO - [2026-04-01T08:58:43.712+0000] {dag.py:3947} INFO - Setting next_dagrun for minio_to_snowflake_pipeline to 2026-04-01 08:50:00+00:00, run_after=2026-04-01 09:00:00+00:00
[2026-04-01T08:58:43.754+0000] {processor.py:183} INFO - Processing /opt/airflow/dags/minio_to_snowflake.py took 1.663 seconds
[2026-04-01T08:59:14.044+0000] {processor.py:161} INFO - Started process (PID=751) to work on /opt/airflow/dags/minio_to_snowflake.py
[2026-04-01T08:59:14.046+0000] {processor.py:830} INFO - Processing file /opt/airflow/dags/minio_to_snowflake.py for tasks to queue
[2026-04-01T08:59:14.048+0000] {logging_mixin.py:188} INFO - [2026-04-01T08:59:14.047+0000] {dagbag.py:545} INFO - Filling up the DagBag from /opt/airflow/dags/minio_to_snowflake.py
[2026-04-01T08:59:16.010+0000] {processor.py:840} INFO - DAG(s) 'minio_to_snowflake_pipeline' retrieved from /opt/airflow/dags/minio_to_snowflake.py
[2026-04-01T08:59:16.038+0000] {logging_mixin.py:188} INFO - [2026-04-01T08:59:16.037+0000] {dag.py:3089} INFO - Sync 1 DAGs
[2026-04-01T08:59:16.073+0000] {logging_mixin.py:188} INFO - [2026-04-01T08:59:16.073+0000] {dag.py:3947} INFO - Setting next_dagrun for minio_to_snowflake_pipeline to 2026-04-01 08:50:00+00:00, run_after=2026-04-01 09:00:00+00:00
[2026-04-01T08:59:16.097+0000] {processor.py:183} INFO - Processing /opt/airflow/dags/minio_to_snowflake.py took 2.063 seconds
[2026-04-01T08:59:46.350+0000] {processor.py:161} INFO - Started process (PID=758) to work on /opt/airflow/dags/minio_to_snowflake.py
[2026-04-01T08:59:46.352+0000] {processor.py:830} INFO - Processing file /opt/airflow/dags/minio_to_snowflake.py for tasks to queue
[2026-04-01T08:59:46.353+0000] {logging_mixin.py:188} INFO - [2026-04-01T08:59:46.353+0000] {dagbag.py:545} INFO - Filling up the DagBag from /opt/airflow/dags/minio_to_snowflake.py
[2026-04-01T08:59:47.497+0000] {processor.py:840} INFO - DAG(s) 'minio_to_snowflake_pipeline' retrieved from /opt/airflow/dags/minio_to_snowflake.py
[2026-04-01T08:59:47.527+0000] {logging_mixin.py:188} INFO - [2026-04-01T08:59:47.526+0000] {dag.py:3089} INFO - Sync 1 DAGs
[2026-04-01T08:59:47.550+0000] {logging_mixin.py:188} INFO - [2026-04-01T08:59:47.549+0000] {dag.py:3947} INFO - Setting next_dagrun for minio_to_snowflake_pipeline to 2026-04-01 08:50:00+00:00, run_after=2026-04-01 09:00:00+00:00
[2026-04-01T08:59:47.578+0000] {processor.py:183} INFO - Processing /opt/airflow/dags/minio_to_snowflake.py took 1.235 seconds
[2026-04-01T09:00:17.674+0000] {processor.py:161} INFO - Started process (PID=769) to work on /opt/airflow/dags/minio_to_snowflake.py
[2026-04-01T09:00:17.675+0000] {processor.py:830} INFO - Processing file /opt/airflow/dags/minio_to_snowflake.py for tasks to queue
[2026-04-01T09:00:17.677+0000] {logging_mixin.py:188} INFO - [2026-04-01T09:00:17.676+0000] {dagbag.py:545} INFO - Filling up the DagBag from /opt/airflow/dags/minio_to_snowflake.py
[2026-04-01T09:00:18.906+0000] {processor.py:840} INFO - DAG(s) 'minio_to_snowflake_pipeline' retrieved from /opt/airflow/dags/minio_to_snowflake.py
[2026-04-01T09:00:18.941+0000] {logging_mixin.py:188} INFO - [2026-04-01T09:00:18.940+0000] {dag.py:3089} INFO - Sync 1 DAGs
[2026-04-01T09:00:18.968+0000] {logging_mixin.py:188} INFO - [2026-04-01T09:00:18.968+0000] {dag.py:3947} INFO - Setting next_dagrun for minio_to_snowflake_pipeline to 2026-04-01 09:00:00+00:00, run_after=2026-04-01 09:10:00+00:00
[2026-04-01T09:00:18.996+0000] {processor.py:183} INFO - Processing /opt/airflow/dags/minio_to_snowflake.py took 1.331 seconds
[2026-04-01T09:00:49.360+0000] {processor.py:161} INFO - Started process (PID=776) to work on /opt/airflow/dags/minio_to_snowflake.py
[2026-04-01T09:00:49.365+0000] {processor.py:830} INFO - Processing file /opt/airflow/dags/minio_to_snowflake.py for tasks to queue
[2026-04-01T09:00:49.370+0000] {logging_mixin.py:188} INFO - [2026-04-01T09:00:49.369+0000] {dagbag.py:545} INFO - Filling up the DagBag from /opt/airflow/dags/minio_to_snowflake.py
[2026-04-01T09:00:51.026+0000] {processor.py:840} INFO - DAG(s) 'minio_to_snowflake_pipeline' retrieved from /opt/airflow/dags/minio_to_snowflake.py
[2026-04-01T09:00:51.113+0000] {logging_mixin.py:188} INFO - [2026-04-01T09:00:51.113+0000] {dag.py:3089} INFO - Sync 1 DAGs
[2026-04-01T09:00:51.145+0000] {logging_mixin.py:188} INFO - [2026-04-01T09:00:51.145+0000] {dag.py:3947} INFO - Setting next_dagrun for minio_to_snowflake_pipeline to 2026-04-01 09:00:00+00:00, run_after=2026-04-01 09:10:00+00:00
[2026-04-01T09:00:51.170+0000] {processor.py:183} INFO - Processing /opt/airflow/dags/minio_to_snowflake.py took 1.839 seconds
[2026-04-01T09:01:21.430+0000] {processor.py:161} INFO - Started process (PID=783) to work on /opt/airflow/dags/minio_to_snowflake.py
[2026-04-01T09:01:21.432+0000] {processor.py:830} INFO - Processing file /opt/airflow/dags/minio_to_snowflake.py for tasks to queue
[2026-04-01T09:01:21.433+0000] {logging_mixin.py:188} INFO - [2026-04-01T09:01:21.433+0000] {dagbag.py:545} INFO - Filling up the DagBag from /opt/airflow/dags/minio_to_snowflake.py
[2026-04-01T09:01:22.881+0000] {processor.py:840} INFO - DAG(s) 'minio_to_snowflake_pipeline' retrieved from /opt/airflow/dags/minio_to_snowflake.py
[2026-04-01T09:01:22.916+0000] {logging_mixin.py:188} INFO - [2026-04-01T09:01:22.915+0000] {dag.py:3089} INFO - Sync 1 DAGs
[2026-04-01T09:01:22.947+0000] {logging_mixin.py:188} INFO - [2026-04-01T09:01:22.946+0000] {dag.py:3947} INFO - Setting next_dagrun for minio_to_snowflake_pipeline to 2026-04-01 09:00:00+00:00, run_after=2026-04-01 09:10:00+00:00
[2026-04-01T09:01:22.969+0000] {processor.py:183} INFO - Processing /opt/airflow/dags/minio_to_snowflake.py took 1.550 seconds
[2026-04-01T09:01:53.393+0000] {processor.py:161} INFO - Started process (PID=790) to work on /opt/airflow/dags/minio_to_snowflake.py
[2026-04-01T09:01:53.395+0000] {processor.py:830} INFO - Processing file /opt/airflow/dags/minio_to_snowflake.py for tasks to queue
[2026-04-01T09:01:53.396+0000] {logging_mixin.py:188} INFO - [2026-04-01T09:01:53.396+0000] {dagbag.py:545} INFO - Filling up the DagBag from /opt/airflow/dags/minio_to_snowflake.py
[2026-04-01T09:01:54.377+0000] {processor.py:840} INFO - DAG(s) 'minio_to_snowflake_pipeline' retrieved from /opt/airflow/dags/minio_to_snowflake.py
[2026-04-01T09:01:54.407+0000] {logging_mixin.py:188} INFO - [2026-04-01T09:01:54.406+0000] {dag.py:3089} INFO - Sync 1 DAGs
[2026-04-01T09:01:54.429+0000] {logging_mixin.py:188} INFO - [2026-04-01T09:01:54.429+0000] {dag.py:3947} INFO - Setting next_dagrun for minio_to_snowflake_pipeline to 2026-04-01 09:00:00+00:00, run_after=2026-04-01 09:10:00+00:00
[2026-04-01T09:01:54.450+0000] {processor.py:183} INFO - Processing /opt/airflow/dags/minio_to_snowflake.py took 1.065 seconds
[2026-04-01T09:02:24.848+0000] {processor.py:161} INFO - Started process (PID=797) to work on /opt/airflow/dags/minio_to_snowflake.py
[2026-04-01T09:02:24.851+0000] {processor.py:830} INFO - Processing file /opt/airflow/dags/minio_to_snowflake.py for tasks to queue
[2026-04-01T09:02:24.852+0000] {logging_mixin.py:188} INFO - [2026-04-01T09:02:24.852+0000] {dagbag.py:545} INFO - Filling up the DagBag from /opt/airflow/dags/minio_to_snowflake.py
[2026-04-01T09:02:26.281+0000] {processor.py:840} INFO - DAG(s) 'minio_to_snowflake_pipeline' retrieved from /opt/airflow/dags/minio_to_snowflake.py
[2026-04-01T09:02:26.316+0000] {logging_mixin.py:188} INFO - [2026-04-01T09:02:26.315+0000] {dag.py:3089} INFO - Sync 1 DAGs
[2026-04-01T09:02:26.338+0000] {logging_mixin.py:188} INFO - [2026-04-01T09:02:26.337+0000] {dag.py:3947} INFO - Setting next_dagrun for minio_to_snowflake_pipeline to 2026-04-01 09:00:00+00:00, run_after=2026-04-01 09:10:00+00:00
[2026-04-01T09:02:26.358+0000] {processor.py:183} INFO - Processing /opt/airflow/dags/minio_to_snowflake.py took 1.523 seconds
[2026-04-01T09:02:56.667+0000] {processor.py:161} INFO - Started process (PID=804) to work on /opt/airflow/dags/minio_to_snowflake.py
[2026-04-01T09:02:56.669+0000] {processor.py:830} INFO - Processing file /opt/airflow/dags/minio_to_snowflake.py for tasks to queue
[2026-04-01T09:02:56.670+0000] {logging_mixin.py:188} INFO - [2026-04-01T09:02:56.670+0000] {dagbag.py:545} INFO - Filling up the DagBag from /opt/airflow/dags/minio_to_snowflake.py
[2026-04-01T09:02:58.092+0000] {processor.py:840} INFO - DAG(s) 'minio_to_snowflake_pipeline' retrieved from /opt/airflow/dags/minio_to_snowflake.py
[2026-04-01T09:02:58.130+0000] {logging_mixin.py:188} INFO - [2026-04-01T09:02:58.129+0000] {dag.py:3089} INFO - Sync 1 DAGs
[2026-04-01T09:02:58.185+0000] {logging_mixin.py:188} INFO - [2026-04-01T09:02:58.184+0000] {dag.py:3947} INFO - Setting next_dagrun for minio_to_snowflake_pipeline to 2026-04-01 09:00:00+00:00, run_after=2026-04-01 09:10:00+00:00
[2026-04-01T09:02:58.237+0000] {processor.py:183} INFO - Processing /opt/airflow/dags/minio_to_snowflake.py took 1.581 seconds
[2026-04-01T09:03:28.659+0000] {processor.py:161} INFO - Started process (PID=811) to work on /opt/airflow/dags/minio_to_snowflake.py
[2026-04-01T09:03:28.661+0000] {processor.py:830} INFO - Processing file /opt/airflow/dags/minio_to_snowflake.py for tasks to queue
[2026-04-01T09:03:28.663+0000] {logging_mixin.py:188} INFO - [2026-04-01T09:03:28.662+0000] {dagbag.py:545} INFO - Filling up the DagBag from /opt/airflow/dags/minio_to_snowflake.py
[2026-04-01T09:03:30.620+0000] {processor.py:840} INFO - DAG(s) 'minio_to_snowflake_pipeline' retrieved from /opt/airflow/dags/minio_to_snowflake.py
[2026-04-01T09:03:30.760+0000] {logging_mixin.py:188} INFO - [2026-04-01T09:03:30.759+0000] {dag.py:3089} INFO - Sync 1 DAGs
[2026-04-01T09:03:30.820+0000] {logging_mixin.py:188} INFO - [2026-04-01T09:03:30.820+0000] {dag.py:3947} INFO - Setting next_dagrun for minio_to_snowflake_pipeline to 2026-04-01 09:00:00+00:00, run_after=2026-04-01 09:10:00+00:00
[2026-04-01T09:03:30.860+0000] {processor.py:183} INFO - Processing /opt/airflow/dags/minio_to_snowflake.py took 2.230 seconds
[2026-04-01T09:04:01.343+0000] {processor.py:161} INFO - Started process (PID=818) to work on /opt/airflow/dags/minio_to_snowflake.py
[2026-04-01T09:04:01.344+0000] {processor.py:830} INFO - Processing file /opt/airflow/dags/minio_to_snowflake.py for tasks to queue
[2026-04-01T09:04:01.346+0000] {logging_mixin.py:188} INFO - [2026-04-01T09:04:01.345+0000] {dagbag.py:545} INFO - Filling up the DagBag from /opt/airflow/dags/minio_to_snowflake.py
[2026-04-01T09:04:02.794+0000] {processor.py:840} INFO - DAG(s) 'minio_to_snowflake_pipeline' retrieved from /opt/airflow/dags/minio_to_snowflake.py
[2026-04-01T09:04:02.833+0000] {logging_mixin.py:188} INFO - [2026-04-01T09:04:02.832+0000] {dag.py:3089} INFO - Sync 1 DAGs
[2026-04-01T09:04:02.861+0000] {logging_mixin.py:188} INFO - [2026-04-01T09:04:02.861+0000] {dag.py:3947} INFO - Setting next_dagrun for minio_to_snowflake_pipeline to 2026-04-01 09:00:00+00:00, run_after=2026-04-01 09:10:00+00:00
[2026-04-01T09:04:02.900+0000] {processor.py:183} INFO - Processing /opt/airflow/dags/minio_to_snowflake.py took 1.570 seconds
[2026-04-01T09:04:33.253+0000] {processor.py:161} INFO - Started process (PID=825) to work on /opt/airflow/dags/minio_to_snowflake.py
[2026-04-01T09:04:33.255+0000] {processor.py:830} INFO - Processing file /opt/airflow/dags/minio_to_snowflake.py for tasks to queue
[2026-04-01T09:04:33.257+0000] {logging_mixin.py:188} INFO - [2026-04-01T09:04:33.257+0000] {dagbag.py:545} INFO - Filling up the DagBag from /opt/airflow/dags/minio_to_snowflake.py
[2026-04-01T09:04:35.228+0000] {processor.py:840} INFO - DAG(s) 'minio_to_snowflake_pipeline' retrieved from /opt/airflow/dags/minio_to_snowflake.py
[2026-04-01T09:04:35.259+0000] {logging_mixin.py:188} INFO - [2026-04-01T09:04:35.259+0000] {dag.py:3089} INFO - Sync 1 DAGs
[2026-04-01T09:04:35.284+0000] {logging_mixin.py:188} INFO - [2026-04-01T09:04:35.284+0000] {dag.py:3947} INFO - Setting next_dagrun for minio_to_snowflake_pipeline to 2026-04-01 09:00:00+00:00, run_after=2026-04-01 09:10:00+00:00
[2026-04-01T09:04:35.331+0000] {processor.py:183} INFO - Processing /opt/airflow/dags/minio_to_snowflake.py took 2.086 seconds
[2026-04-01T09:05:05.815+0000] {processor.py:161} INFO - Started process (PID=832) to work on /opt/airflow/dags/minio_to_snowflake.py
[2026-04-01T09:05:05.817+0000] {processor.py:830} INFO - Processing file /opt/airflow/dags/minio_to_snowflake.py for tasks to queue
[2026-04-01T09:05:05.819+0000] {logging_mixin.py:188} INFO - [2026-04-01T09:05:05.818+0000] {dagbag.py:545} INFO - Filling up the DagBag from /opt/airflow/dags/minio_to_snowflake.py
[2026-04-01T09:05:06.955+0000] {processor.py:840} INFO - DAG(s) 'minio_to_snowflake_pipeline' retrieved from /opt/airflow/dags/minio_to_snowflake.py
[2026-04-01T09:05:06.985+0000] {logging_mixin.py:188} INFO - [2026-04-01T09:05:06.984+0000] {dag.py:3089} INFO - Sync 1 DAGs
[2026-04-01T09:05:07.007+0000] {logging_mixin.py:188} INFO - [2026-04-01T09:05:07.007+0000] {dag.py:3947} INFO - Setting next_dagrun for minio_to_snowflake_pipeline to 2026-04-01 09:00:00+00:00, run_after=2026-04-01 09:10:00+00:00
[2026-04-01T09:05:07.029+0000] {processor.py:183} INFO - Processing /opt/airflow/dags/minio_to_snowflake.py took 1.226 seconds
[2026-04-01T09:05:37.484+0000] {processor.py:161} INFO - Started process (PID=839) to work on /opt/airflow/dags/minio_to_snowflake.py
[2026-04-01T09:05:37.497+0000] {processor.py:830} INFO - Processing file /opt/airflow/dags/minio_to_snowflake.py for tasks to queue
[2026-04-01T09:05:37.510+0000] {logging_mixin.py:188} INFO - [2026-04-01T09:05:37.509+0000] {dagbag.py:545} INFO - Filling up the DagBag from /opt/airflow/dags/minio_to_snowflake.py
[2026-04-01T09:05:44.732+0000] {processor.py:840} INFO - DAG(s) 'minio_to_snowflake_pipeline' retrieved from /opt/airflow/dags/minio_to_snowflake.py
[2026-04-01T09:05:44.785+0000] {logging_mixin.py:188} INFO - [2026-04-01T09:05:44.784+0000] {dag.py:3089} INFO - Sync 1 DAGs
[2026-04-01T09:05:44.848+0000] {logging_mixin.py:188} INFO - [2026-04-01T09:05:44.848+0000] {dag.py:3947} INFO - Setting next_dagrun for minio_to_snowflake_pipeline to 2026-04-01 09:00:00+00:00, run_after=2026-04-01 09:10:00+00:00
[2026-04-01T09:05:44.940+0000] {processor.py:183} INFO - Processing /opt/airflow/dags/minio_to_snowflake.py took 7.488 seconds
[2026-04-01T09:06:15.717+0000] {processor.py:161} INFO - Started process (PID=846) to work on /opt/airflow/dags/minio_to_snowflake.py
[2026-04-01T09:06:15.719+0000] {processor.py:830} INFO - Processing file /opt/airflow/dags/minio_to_snowflake.py for tasks to queue
[2026-04-01T09:06:15.720+0000] {logging_mixin.py:188} INFO - [2026-04-01T09:06:15.720+0000] {dagbag.py:545} INFO - Filling up the DagBag from /opt/airflow/dags/minio_to_snowflake.py
[2026-04-01T09:06:17.063+0000] {processor.py:840} INFO - DAG(s) 'minio_to_snowflake_pipeline' retrieved from /opt/airflow/dags/minio_to_snowflake.py
[2026-04-01T09:06:17.096+0000] {logging_mixin.py:188} INFO - [2026-04-01T09:06:17.095+0000] {dag.py:3089} INFO - Sync 1 DAGs
[2026-04-01T09:06:17.120+0000] {logging_mixin.py:188} INFO - [2026-04-01T09:06:17.120+0000] {dag.py:3947} INFO - Setting next_dagrun for minio_to_snowflake_pipeline to 2026-04-01 09:00:00+00:00, run_after=2026-04-01 09:10:00+00:00
[2026-04-01T09:06:17.142+0000] {processor.py:183} INFO - Processing /opt/airflow/dags/minio_to_snowflake.py took 1.436 seconds
[2026-04-01T09:06:47.440+0000] {processor.py:161} INFO - Started process (PID=853) to work on /opt/airflow/dags/minio_to_snowflake.py
[2026-04-01T09:06:47.441+0000] {processor.py:830} INFO - Processing file /opt/airflow/dags/minio_to_snowflake.py for tasks to queue
[2026-04-01T09:06:47.443+0000] {logging_mixin.py:188} INFO - [2026-04-01T09:06:47.442+0000] {dagbag.py:545} INFO - Filling up the DagBag from /opt/airflow/dags/minio_to_snowflake.py
[2026-04-01T09:06:48.511+0000] {processor.py:840} INFO - DAG(s) 'minio_to_snowflake_pipeline' retrieved from /opt/airflow/dags/minio_to_snowflake.py
[2026-04-01T09:06:48.544+0000] {logging_mixin.py:188} INFO - [2026-04-01T09:06:48.543+0000] {dag.py:3089} INFO - Sync 1 DAGs
[2026-04-01T09:06:48.571+0000] {logging_mixin.py:188} INFO - [2026-04-01T09:06:48.570+0000] {dag.py:3947} INFO - Setting next_dagrun for minio_to_snowflake_pipeline to 2026-04-01 09:00:00+00:00, run_after=2026-04-01 09:10:00+00:00
[2026-04-01T09:06:48.595+0000] {processor.py:183} INFO - Processing /opt/airflow/dags/minio_to_snowflake.py took 1.168 seconds
[2026-04-01T09:07:18.746+0000] {processor.py:161} INFO - Started process (PID=860) to work on /opt/airflow/dags/minio_to_snowflake.py
[2026-04-01T09:07:18.748+0000] {processor.py:830} INFO - Processing file /opt/airflow/dags/minio_to_snowflake.py for tasks to queue
[2026-04-01T09:07:18.750+0000] {logging_mixin.py:188} INFO - [2026-04-01T09:07:18.749+0000] {dagbag.py:545} INFO - Filling up the DagBag from /opt/airflow/dags/minio_to_snowflake.py
[2026-04-01T09:07:21.216+0000] {processor.py:840} INFO - DAG(s) 'minio_to_snowflake_pipeline' retrieved from /opt/airflow/dags/minio_to_snowflake.py
[2026-04-01T09:07:21.262+0000] {logging_mixin.py:188} INFO - [2026-04-01T09:07:21.261+0000] {dag.py:3089} INFO - Sync 1 DAGs
[2026-04-01T09:07:21.291+0000] {logging_mixin.py:188} INFO - [2026-04-01T09:07:21.290+0000] {dag.py:3947} INFO - Setting next_dagrun for minio_to_snowflake_pipeline to 2026-04-01 09:00:00+00:00, run_after=2026-04-01 09:10:00+00:00
[2026-04-01T09:07:21.313+0000] {processor.py:183} INFO - Processing /opt/airflow/dags/minio_to_snowflake.py took 2.588 seconds
[2026-04-01T09:07:51.587+0000] {processor.py:161} INFO - Started process (PID=867) to work on /opt/airflow/dags/minio_to_snowflake.py
[2026-04-01T09:07:51.589+0000] {processor.py:830} INFO - Processing file /opt/airflow/dags/minio_to_snowflake.py for tasks to queue
[2026-04-01T09:07:51.591+0000] {logging_mixin.py:188} INFO - [2026-04-01T09:07:51.590+0000] {dagbag.py:545} INFO - Filling up the DagBag from /opt/airflow/dags/minio_to_snowflake.py
[2026-04-01T09:07:52.850+0000] {processor.py:840} INFO - DAG(s) 'minio_to_snowflake_pipeline' retrieved from /opt/airflow/dags/minio_to_snowflake.py
[2026-04-01T09:07:52.882+0000] {logging_mixin.py:188} INFO - [2026-04-01T09:07:52.882+0000] {dag.py:3089} INFO - Sync 1 DAGs
[2026-04-01T09:07:52.914+0000] {logging_mixin.py:188} INFO - [2026-04-01T09:07:52.914+0000] {dag.py:3947} INFO - Setting next_dagrun for minio_to_snowflake_pipeline to 2026-04-01 09:00:00+00:00, run_after=2026-04-01 09:10:00+00:00
[2026-04-01T09:07:52.939+0000] {processor.py:183} INFO - Processing /opt/airflow/dags/minio_to_snowflake.py took 1.363 seconds
[2026-04-01T09:08:23.229+0000] {processor.py:161} INFO - Started process (PID=874) to work on /opt/airflow/dags/minio_to_snowflake.py
[2026-04-01T09:08:23.231+0000] {processor.py:830} INFO - Processing file /opt/airflow/dags/minio_to_snowflake.py for tasks to queue
[2026-04-01T09:08:23.234+0000] {logging_mixin.py:188} INFO - [2026-04-01T09:08:23.233+0000] {dagbag.py:545} INFO - Filling up the DagBag from /opt/airflow/dags/minio_to_snowflake.py
[2026-04-01T09:08:24.532+0000] {processor.py:840} INFO - DAG(s) 'minio_to_snowflake_pipeline' retrieved from /opt/airflow/dags/minio_to_snowflake.py
[2026-04-01T09:08:24.566+0000] {logging_mixin.py:188} INFO - [2026-04-01T09:08:24.564+0000] {dag.py:3089} INFO - Sync 1 DAGs
[2026-04-01T09:08:24.592+0000] {logging_mixin.py:188} INFO - [2026-04-01T09:08:24.592+0000] {dag.py:3947} INFO - Setting next_dagrun for minio_to_snowflake_pipeline to 2026-04-01 09:00:00+00:00, run_after=2026-04-01 09:10:00+00:00
[2026-04-01T09:08:24.617+0000] {processor.py:183} INFO - Processing /opt/airflow/dags/minio_to_snowflake.py took 1.402 seconds
[2026-04-01T09:08:54.953+0000] {processor.py:161} INFO - Started process (PID=881) to work on /opt/airflow/dags/minio_to_snowflake.py
[2026-04-01T09:08:54.955+0000] {processor.py:830} INFO - Processing file /opt/airflow/dags/minio_to_snowflake.py for tasks to queue
[2026-04-01T09:08:54.957+0000] {logging_mixin.py:188} INFO - [2026-04-01T09:08:54.956+0000] {dagbag.py:545} INFO - Filling up the DagBag from /opt/airflow/dags/minio_to_snowflake.py
[2026-04-01T09:08:56.021+0000] {processor.py:840} INFO - DAG(s) 'minio_to_snowflake_pipeline' retrieved from /opt/airflow/dags/minio_to_snowflake.py
[2026-04-01T09:08:56.051+0000] {logging_mixin.py:188} INFO - [2026-04-01T09:08:56.050+0000] {dag.py:3089} INFO - Sync 1 DAGs
[2026-04-01T09:08:56.074+0000] {logging_mixin.py:188} INFO - [2026-04-01T09:08:56.074+0000] {dag.py:3947} INFO - Setting next_dagrun for minio_to_snowflake_pipeline to 2026-04-01 09:00:00+00:00, run_after=2026-04-01 09:10:00+00:00
[2026-04-01T09:08:56.106+0000] {processor.py:183} INFO - Processing /opt/airflow/dags/minio_to_snowflake.py took 1.168 seconds
[2026-04-01T09:09:26.523+0000] {processor.py:161} INFO - Started process (PID=888) to work on /opt/airflow/dags/minio_to_snowflake.py
[2026-04-01T09:09:26.525+0000] {processor.py:830} INFO - Processing file /opt/airflow/dags/minio_to_snowflake.py for tasks to queue
[2026-04-01T09:09:26.527+0000] {logging_mixin.py:188} INFO - [2026-04-01T09:09:26.526+0000] {dagbag.py:545} INFO - Filling up the DagBag from /opt/airflow/dags/minio_to_snowflake.py
[2026-04-01T09:09:27.681+0000] {processor.py:840} INFO - DAG(s) 'minio_to_snowflake_pipeline' retrieved from /opt/airflow/dags/minio_to_snowflake.py
[2026-04-01T09:09:27.726+0000] {logging_mixin.py:188} INFO - [2026-04-01T09:09:27.725+0000] {dag.py:3089} INFO - Sync 1 DAGs
[2026-04-01T09:09:27.757+0000] {logging_mixin.py:188} INFO - [2026-04-01T09:09:27.756+0000] {dag.py:3947} INFO - Setting next_dagrun for minio_to_snowflake_pipeline to 2026-04-01 09:00:00+00:00, run_after=2026-04-01 09:10:00+00:00
[2026-04-01T09:09:27.796+0000] {processor.py:183} INFO - Processing /opt/airflow/dags/minio_to_snowflake.py took 1.280 seconds
[2026-04-01T09:09:57.945+0000] {processor.py:161} INFO - Started process (PID=895) to work on /opt/airflow/dags/minio_to_snowflake.py
[2026-04-01T09:09:57.947+0000] {processor.py:830} INFO - Processing file /opt/airflow/dags/minio_to_snowflake.py for tasks to queue
[2026-04-01T09:09:57.949+0000] {logging_mixin.py:188} INFO - [2026-04-01T09:09:57.948+0000] {dagbag.py:545} INFO - Filling up the DagBag from /opt/airflow/dags/minio_to_snowflake.py
[2026-04-01T09:09:59.182+0000] {processor.py:840} INFO - DAG(s) 'minio_to_snowflake_pipeline' retrieved from /opt/airflow/dags/minio_to_snowflake.py
[2026-04-01T09:09:59.214+0000] {logging_mixin.py:188} INFO - [2026-04-01T09:09:59.214+0000] {dag.py:3089} INFO - Sync 1 DAGs
[2026-04-01T09:09:59.239+0000] {logging_mixin.py:188} INFO - [2026-04-01T09:09:59.239+0000] {dag.py:3947} INFO - Setting next_dagrun for minio_to_snowflake_pipeline to 2026-04-01 09:00:00+00:00, run_after=2026-04-01 09:10:00+00:00
[2026-04-01T09:09:59.264+0000] {processor.py:183} INFO - Processing /opt/airflow/dags/minio_to_snowflake.py took 1.328 seconds
[2026-04-01T09:10:29.559+0000] {processor.py:161} INFO - Started process (PID=906) to work on /opt/airflow/dags/minio_to_snowflake.py
[2026-04-01T09:10:29.561+0000] {processor.py:830} INFO - Processing file /opt/airflow/dags/minio_to_snowflake.py for tasks to queue
[2026-04-01T09:10:29.562+0000] {logging_mixin.py:188} INFO - [2026-04-01T09:10:29.562+0000] {dagbag.py:545} INFO - Filling up the DagBag from /opt/airflow/dags/minio_to_snowflake.py
[2026-04-01T09:10:30.946+0000] {processor.py:840} INFO - DAG(s) 'minio_to_snowflake_pipeline' retrieved from /opt/airflow/dags/minio_to_snowflake.py
[2026-04-01T09:10:31.009+0000] {logging_mixin.py:188} INFO - [2026-04-01T09:10:31.007+0000] {dag.py:3089} INFO - Sync 1 DAGs
[2026-04-01T09:10:31.037+0000] {logging_mixin.py:188} INFO - [2026-04-01T09:10:31.037+0000] {dag.py:3947} INFO - Setting next_dagrun for minio_to_snowflake_pipeline to 2026-04-01 09:10:00+00:00, run_after=2026-04-01 09:20:00+00:00
[2026-04-01T09:10:31.061+0000] {processor.py:183} INFO - Processing /opt/airflow/dags/minio_to_snowflake.py took 1.513 seconds
[2026-04-01T09:11:01.659+0000] {processor.py:161} INFO - Started process (PID=913) to work on /opt/airflow/dags/minio_to_snowflake.py
[2026-04-01T09:11:01.661+0000] {processor.py:830} INFO - Processing file /opt/airflow/dags/minio_to_snowflake.py for tasks to queue
[2026-04-01T09:11:01.663+0000] {logging_mixin.py:188} INFO - [2026-04-01T09:11:01.662+0000] {dagbag.py:545} INFO - Filling up the DagBag from /opt/airflow/dags/minio_to_snowflake.py
[2026-04-01T09:11:04.828+0000] {processor.py:840} INFO - DAG(s) 'minio_to_snowflake_pipeline' retrieved from /opt/airflow/dags/minio_to_snowflake.py
[2026-04-01T09:11:04.902+0000] {logging_mixin.py:188} INFO - [2026-04-01T09:11:04.902+0000] {dag.py:3089} INFO - Sync 1 DAGs
[2026-04-01T09:11:04.982+0000] {logging_mixin.py:188} INFO - [2026-04-01T09:11:04.982+0000] {dag.py:3947} INFO - Setting next_dagrun for minio_to_snowflake_pipeline to 2026-04-01 09:10:00+00:00, run_after=2026-04-01 09:20:00+00:00
[2026-04-01T09:11:05.065+0000] {processor.py:183} INFO - Processing /opt/airflow/dags/minio_to_snowflake.py took 3.419 seconds
[2026-04-01T09:11:35.508+0000] {processor.py:161} INFO - Started process (PID=920) to work on /opt/airflow/dags/minio_to_snowflake.py
[2026-04-01T09:11:35.510+0000] {processor.py:830} INFO - Processing file /opt/airflow/dags/minio_to_snowflake.py for tasks to queue
[2026-04-01T09:11:35.512+0000] {logging_mixin.py:188} INFO - [2026-04-01T09:11:35.512+0000] {dagbag.py:545} INFO - Filling up the DagBag from /opt/airflow/dags/minio_to_snowflake.py
[2026-04-01T09:11:40.915+0000] {processor.py:840} INFO - DAG(s) 'minio_to_snowflake_pipeline' retrieved from /opt/airflow/dags/minio_to_snowflake.py
[2026-04-01T09:11:41.320+0000] {logging_mixin.py:188} INFO - [2026-04-01T09:11:41.317+0000] {dag.py:3089} INFO - Sync 1 DAGs
[2026-04-01T09:11:41.467+0000] {logging_mixin.py:188} INFO - [2026-04-01T09:11:41.466+0000] {dag.py:3947} INFO - Setting next_dagrun for minio_to_snowflake_pipeline to 2026-04-01 09:10:00+00:00, run_after=2026-04-01 09:20:00+00:00
[2026-04-01T09:11:41.552+0000] {processor.py:183} INFO - Processing /opt/airflow/dags/minio_to_snowflake.py took 6.088 seconds
[2026-04-01T09:12:12.104+0000] {processor.py:161} INFO - Started process (PID=927) to work on /opt/airflow/dags/minio_to_snowflake.py
[2026-04-01T09:12:12.106+0000] {processor.py:830} INFO - Processing file /opt/airflow/dags/minio_to_snowflake.py for tasks to queue
[2026-04-01T09:12:12.108+0000] {logging_mixin.py:188} INFO - [2026-04-01T09:12:12.107+0000] {dagbag.py:545} INFO - Filling up the DagBag from /opt/airflow/dags/minio_to_snowflake.py
[2026-04-01T09:12:13.144+0000] {processor.py:840} INFO - DAG(s) 'minio_to_snowflake_pipeline' retrieved from /opt/airflow/dags/minio_to_snowflake.py
[2026-04-01T09:12:13.330+0000] {logging_mixin.py:188} INFO - [2026-04-01T09:12:13.329+0000] {dag.py:3089} INFO - Sync 1 DAGs
[2026-04-01T09:12:13.354+0000] {logging_mixin.py:188} INFO - [2026-04-01T09:12:13.354+0000] {dag.py:3947} INFO - Setting next_dagrun for minio_to_snowflake_pipeline to 2026-04-01 09:10:00+00:00, run_after=2026-04-01 09:20:00+00:00
[2026-04-01T09:12:13.379+0000] {processor.py:183} INFO - Processing /opt/airflow/dags/minio_to_snowflake.py took 1.285 seconds
[2026-04-01T09:12:43.624+0000] {processor.py:161} INFO - Started process (PID=934) to work on /opt/airflow/dags/minio_to_snowflake.py
[2026-04-01T09:12:43.626+0000] {processor.py:830} INFO - Processing file /opt/airflow/dags/minio_to_snowflake.py for tasks to queue
[2026-04-01T09:12:43.627+0000] {logging_mixin.py:188} INFO - [2026-04-01T09:12:43.627+0000] {dagbag.py:545} INFO - Filling up the DagBag from /opt/airflow/dags/minio_to_snowflake.py
[2026-04-01T09:12:44.620+0000] {processor.py:840} INFO - DAG(s) 'minio_to_snowflake_pipeline' retrieved from /opt/airflow/dags/minio_to_snowflake.py
[2026-04-01T09:12:44.651+0000] {logging_mixin.py:188} INFO - [2026-04-01T09:12:44.651+0000] {dag.py:3089} INFO - Sync 1 DAGs
[2026-04-01T09:12:44.677+0000] {logging_mixin.py:188} INFO - [2026-04-01T09:12:44.676+0000] {dag.py:3947} INFO - Setting next_dagrun for minio_to_snowflake_pipeline to 2026-04-01 09:10:00+00:00, run_after=2026-04-01 09:20:00+00:00
[2026-04-01T09:12:44.701+0000] {processor.py:183} INFO - Processing /opt/airflow/dags/minio_to_snowflake.py took 1.086 seconds
[2026-04-01T09:13:14.853+0000] {processor.py:161} INFO - Started process (PID=941) to work on /opt/airflow/dags/minio_to_snowflake.py
[2026-04-01T09:13:14.854+0000] {processor.py:830} INFO - Processing file /opt/airflow/dags/minio_to_snowflake.py for tasks to queue
[2026-04-01T09:13:14.856+0000] {logging_mixin.py:188} INFO - [2026-04-01T09:13:14.855+0000] {dagbag.py:545} INFO - Filling up the DagBag from /opt/airflow/dags/minio_to_snowflake.py
[2026-04-01T09:13:16.560+0000] {processor.py:840} INFO - DAG(s) 'minio_to_snowflake_pipeline' retrieved from /opt/airflow/dags/minio_to_snowflake.py
[2026-04-01T09:13:16.614+0000] {logging_mixin.py:188} INFO - [2026-04-01T09:13:16.613+0000] {dag.py:3089} INFO - Sync 1 DAGs
[2026-04-01T09:13:16.682+0000] {logging_mixin.py:188} INFO - [2026-04-01T09:13:16.681+0000] {dag.py:3947} INFO - Setting next_dagrun for minio_to_snowflake_pipeline to 2026-04-01 09:10:00+00:00, run_after=2026-04-01 09:20:00+00:00
[2026-04-01T09:13:16.732+0000] {processor.py:183} INFO - Processing /opt/airflow/dags/minio_to_snowflake.py took 1.891 seconds
[2026-04-01T09:13:47.107+0000] {processor.py:161} INFO - Started process (PID=948) to work on /opt/airflow/dags/minio_to_snowflake.py
[2026-04-01T09:13:47.109+0000] {processor.py:830} INFO - Processing file /opt/airflow/dags/minio_to_snowflake.py for tasks to queue
[2026-04-01T09:13:47.110+0000] {logging_mixin.py:188} INFO - [2026-04-01T09:13:47.110+0000] {dagbag.py:545} INFO - Filling up the DagBag from /opt/airflow/dags/minio_to_snowflake.py
[2026-04-01T09:13:48.156+0000] {processor.py:840} INFO - DAG(s) 'minio_to_snowflake_pipeline' retrieved from /opt/airflow/dags/minio_to_snowflake.py
[2026-04-01T09:13:48.186+0000] {logging_mixin.py:188} INFO - [2026-04-01T09:13:48.185+0000] {dag.py:3089} INFO - Sync 1 DAGs
[2026-04-01T09:13:48.209+0000] {logging_mixin.py:188} INFO - [2026-04-01T09:13:48.209+0000] {dag.py:3947} INFO - Setting next_dagrun for minio_to_snowflake_pipeline to 2026-04-01 09:10:00+00:00, run_after=2026-04-01 09:20:00+00:00
[2026-04-01T09:13:48.234+0000] {processor.py:183} INFO - Processing /opt/airflow/dags/minio_to_snowflake.py took 1.135 seconds
[2026-04-01T09:14:18.824+0000] {processor.py:161} INFO - Started process (PID=955) to work on /opt/airflow/dags/minio_to_snowflake.py
[2026-04-01T09:14:18.826+0000] {processor.py:830} INFO - Processing file /opt/airflow/dags/minio_to_snowflake.py for tasks to queue
[2026-04-01T09:14:18.828+0000] {logging_mixin.py:188} INFO - [2026-04-01T09:14:18.827+0000] {dagbag.py:545} INFO - Filling up the DagBag from /opt/airflow/dags/minio_to_snowflake.py
[2026-04-01T09:14:20.156+0000] {processor.py:840} INFO - DAG(s) 'minio_to_snowflake_pipeline' retrieved from /opt/airflow/dags/minio_to_snowflake.py
[2026-04-01T09:14:20.186+0000] {logging_mixin.py:188} INFO - [2026-04-01T09:14:20.185+0000] {dag.py:3089} INFO - Sync 1 DAGs
[2026-04-01T09:14:20.211+0000] {logging_mixin.py:188} INFO - [2026-04-01T09:14:20.211+0000] {dag.py:3947} INFO - Setting next_dagrun for minio_to_snowflake_pipeline to 2026-04-01 09:10:00+00:00, run_after=2026-04-01 09:20:00+00:00
[2026-04-01T09:14:20.254+0000] {processor.py:183} INFO - Processing /opt/airflow/dags/minio_to_snowflake.py took 1.442 seconds
[2026-04-01T09:14:50.653+0000] {processor.py:161} INFO - Started process (PID=962) to work on /opt/airflow/dags/minio_to_snowflake.py
[2026-04-01T09:14:50.654+0000] {processor.py:830} INFO - Processing file /opt/airflow/dags/minio_to_snowflake.py for tasks to queue
[2026-04-01T09:14:50.655+0000] {logging_mixin.py:188} INFO - [2026-04-01T09:14:50.655+0000] {dagbag.py:545} INFO - Filling up the DagBag from /opt/airflow/dags/minio_to_snowflake.py
[2026-04-01T09:14:51.726+0000] {processor.py:840} INFO - DAG(s) 'minio_to_snowflake_pipeline' retrieved from /opt/airflow/dags/minio_to_snowflake.py
[2026-04-01T09:14:51.757+0000] {logging_mixin.py:188} INFO - [2026-04-01T09:14:51.756+0000] {dag.py:3089} INFO - Sync 1 DAGs
[2026-04-01T09:14:51.784+0000] {logging_mixin.py:188} INFO - [2026-04-01T09:14:51.784+0000] {dag.py:3947} INFO - Setting next_dagrun for minio_to_snowflake_pipeline to 2026-04-01 09:10:00+00:00, run_after=2026-04-01 09:20:00+00:00
[2026-04-01T09:14:51.808+0000] {processor.py:183} INFO - Processing /opt/airflow/dags/minio_to_snowflake.py took 1.165 seconds
[2026-04-01T09:15:22.128+0000] {processor.py:161} INFO - Started process (PID=969) to work on /opt/airflow/dags/minio_to_snowflake.py
[2026-04-01T09:15:22.130+0000] {processor.py:830} INFO - Processing file /opt/airflow/dags/minio_to_snowflake.py for tasks to queue
[2026-04-01T09:15:22.133+0000] {logging_mixin.py:188} INFO - [2026-04-01T09:15:22.132+0000] {dagbag.py:545} INFO - Filling up the DagBag from /opt/airflow/dags/minio_to_snowflake.py
[2026-04-01T09:15:24.212+0000] {processor.py:840} INFO - DAG(s) 'minio_to_snowflake_pipeline' retrieved from /opt/airflow/dags/minio_to_snowflake.py
[2026-04-01T09:15:24.248+0000] {logging_mixin.py:188} INFO - [2026-04-01T09:15:24.247+0000] {dag.py:3089} INFO - Sync 1 DAGs
[2026-04-01T09:15:24.270+0000] {logging_mixin.py:188} INFO - [2026-04-01T09:15:24.270+0000] {dag.py:3947} INFO - Setting next_dagrun for minio_to_snowflake_pipeline to 2026-04-01 09:10:00+00:00, run_after=2026-04-01 09:20:00+00:00
[2026-04-01T09:15:24.293+0000] {processor.py:183} INFO - Processing /opt/airflow/dags/minio_to_snowflake.py took 2.178 seconds
[2026-04-01T09:15:54.590+0000] {processor.py:161} INFO - Started process (PID=976) to work on /opt/airflow/dags/minio_to_snowflake.py
[2026-04-01T09:15:54.592+0000] {processor.py:830} INFO - Processing file /opt/airflow/dags/minio_to_snowflake.py for tasks to queue
[2026-04-01T09:15:54.595+0000] {logging_mixin.py:188} INFO - [2026-04-01T09:15:54.594+0000] {dagbag.py:545} INFO - Filling up the DagBag from /opt/airflow/dags/minio_to_snowflake.py
[2026-04-01T09:15:56.670+0000] {processor.py:840} INFO - DAG(s) 'minio_to_snowflake_pipeline' retrieved from /opt/airflow/dags/minio_to_snowflake.py
[2026-04-01T09:15:56.723+0000] {logging_mixin.py:188} INFO - [2026-04-01T09:15:56.723+0000] {dag.py:3089} INFO - Sync 1 DAGs
[2026-04-01T09:15:56.760+0000] {logging_mixin.py:188} INFO - [2026-04-01T09:15:56.760+0000] {dag.py:3947} INFO - Setting next_dagrun for minio_to_snowflake_pipeline to 2026-04-01 09:10:00+00:00, run_after=2026-04-01 09:20:00+00:00
[2026-04-01T09:15:56.825+0000] {processor.py:183} INFO - Processing /opt/airflow/dags/minio_to_snowflake.py took 2.248 seconds
[2026-04-01T09:16:27.041+0000] {processor.py:161} INFO - Started process (PID=983) to work on /opt/airflow/dags/minio_to_snowflake.py
[2026-04-01T09:16:27.042+0000] {processor.py:830} INFO - Processing file /opt/airflow/dags/minio_to_snowflake.py for tasks to queue
[2026-04-01T09:16:27.044+0000] {logging_mixin.py:188} INFO - [2026-04-01T09:16:27.043+0000] {dagbag.py:545} INFO - Filling up the DagBag from /opt/airflow/dags/minio_to_snowflake.py
[2026-04-01T09:16:28.300+0000] {processor.py:840} INFO - DAG(s) 'minio_to_snowflake_pipeline' retrieved from /opt/airflow/dags/minio_to_snowflake.py
[2026-04-01T09:16:28.336+0000] {logging_mixin.py:188} INFO - [2026-04-01T09:16:28.335+0000] {dag.py:3089} INFO - Sync 1 DAGs
[2026-04-01T09:16:28.362+0000] {logging_mixin.py:188} INFO - [2026-04-01T09:16:28.361+0000] {dag.py:3947} INFO - Setting next_dagrun for minio_to_snowflake_pipeline to 2026-04-01 09:10:00+00:00, run_after=2026-04-01 09:20:00+00:00
[2026-04-01T09:16:28.399+0000] {processor.py:183} INFO - Processing /opt/airflow/dags/minio_to_snowflake.py took 1.369 seconds
[2026-04-01T09:16:58.819+0000] {processor.py:161} INFO - Started process (PID=990) to work on /opt/airflow/dags/minio_to_snowflake.py
[2026-04-01T09:16:58.821+0000] {processor.py:830} INFO - Processing file /opt/airflow/dags/minio_to_snowflake.py for tasks to queue
[2026-04-01T09:16:58.823+0000] {logging_mixin.py:188} INFO - [2026-04-01T09:16:58.822+0000] {dagbag.py:545} INFO - Filling up the DagBag from /opt/airflow/dags/minio_to_snowflake.py
[2026-04-01T09:17:01.156+0000] {processor.py:840} INFO - DAG(s) 'minio_to_snowflake_pipeline' retrieved from /opt/airflow/dags/minio_to_snowflake.py
[2026-04-01T09:17:01.216+0000] {logging_mixin.py:188} INFO - [2026-04-01T09:17:01.214+0000] {dag.py:3089} INFO - Sync 1 DAGs
[2026-04-01T09:17:01.258+0000] {logging_mixin.py:188} INFO - [2026-04-01T09:17:01.258+0000] {dag.py:3947} INFO - Setting next_dagrun for minio_to_snowflake_pipeline to 2026-04-01 09:10:00+00:00, run_after=2026-04-01 09:20:00+00:00
[2026-04-01T09:17:01.299+0000] {processor.py:183} INFO - Processing /opt/airflow/dags/minio_to_snowflake.py took 2.491 seconds
[2026-04-01T09:17:31.762+0000] {processor.py:161} INFO - Started process (PID=997) to work on /opt/airflow/dags/minio_to_snowflake.py
[2026-04-01T09:17:31.763+0000] {processor.py:830} INFO - Processing file /opt/airflow/dags/minio_to_snowflake.py for tasks to queue
[2026-04-01T09:17:31.765+0000] {logging_mixin.py:188} INFO - [2026-04-01T09:17:31.764+0000] {dagbag.py:545} INFO - Filling up the DagBag from /opt/airflow/dags/minio_to_snowflake.py
[2026-04-01T09:17:32.978+0000] {processor.py:840} INFO - DAG(s) 'minio_to_snowflake_pipeline' retrieved from /opt/airflow/dags/minio_to_snowflake.py
[2026-04-01T09:17:33.010+0000] {logging_mixin.py:188} INFO - [2026-04-01T09:17:33.009+0000] {dag.py:3089} INFO - Sync 1 DAGs
[2026-04-01T09:17:33.033+0000] {logging_mixin.py:188} INFO - [2026-04-01T09:17:33.033+0000] {dag.py:3947} INFO - Setting next_dagrun for minio_to_snowflake_pipeline to 2026-04-01 09:10:00+00:00, run_after=2026-04-01 09:20:00+00:00
[2026-04-01T09:17:33.057+0000] {processor.py:183} INFO - Processing /opt/airflow/dags/minio_to_snowflake.py took 1.303 seconds
[2026-04-01T09:18:03.334+0000] {processor.py:161} INFO - Started process (PID=1004) to work on /opt/airflow/dags/minio_to_snowflake.py
[2026-04-01T09:18:03.336+0000] {processor.py:830} INFO - Processing file /opt/airflow/dags/minio_to_snowflake.py for tasks to queue
[2026-04-01T09:18:03.337+0000] {logging_mixin.py:188} INFO - [2026-04-01T09:18:03.337+0000] {dagbag.py:545} INFO - Filling up the DagBag from /opt/airflow/dags/minio_to_snowflake.py
[2026-04-01T09:18:04.706+0000] {processor.py:840} INFO - DAG(s) 'minio_to_snowflake_pipeline' retrieved from /opt/airflow/dags/minio_to_snowflake.py
[2026-04-01T09:18:04.761+0000] {logging_mixin.py:188} INFO - [2026-04-01T09:18:04.760+0000] {dag.py:3089} INFO - Sync 1 DAGs
[2026-04-01T09:18:04.793+0000] {logging_mixin.py:188} INFO - [2026-04-01T09:18:04.793+0000] {dag.py:3947} INFO - Setting next_dagrun for minio_to_snowflake_pipeline to 2026-04-01 09:10:00+00:00, run_after=2026-04-01 09:20:00+00:00
[2026-04-01T09:18:04.821+0000] {processor.py:183} INFO - Processing /opt/airflow/dags/minio_to_snowflake.py took 1.498 seconds
[2026-04-01T09:18:35.124+0000] {processor.py:161} INFO - Started process (PID=1011) to work on /opt/airflow/dags/minio_to_snowflake.py
[2026-04-01T09:18:35.126+0000] {processor.py:830} INFO - Processing file /opt/airflow/dags/minio_to_snowflake.py for tasks to queue
[2026-04-01T09:18:35.127+0000] {logging_mixin.py:188} INFO - [2026-04-01T09:18:35.127+0000] {dagbag.py:545} INFO - Filling up the DagBag from /opt/airflow/dags/minio_to_snowflake.py
[2026-04-01T09:18:36.207+0000] {processor.py:840} INFO - DAG(s) 'minio_to_snowflake_pipeline' retrieved from /opt/airflow/dags/minio_to_snowflake.py
[2026-04-01T09:18:36.237+0000] {logging_mixin.py:188} INFO - [2026-04-01T09:18:36.236+0000] {dag.py:3089} INFO - Sync 1 DAGs
[2026-04-01T09:18:36.259+0000] {logging_mixin.py:188} INFO - [2026-04-01T09:18:36.259+0000] {dag.py:3947} INFO - Setting next_dagrun for minio_to_snowflake_pipeline to 2026-04-01 09:10:00+00:00, run_after=2026-04-01 09:20:00+00:00
[2026-04-01T09:18:36.285+0000] {processor.py:183} INFO - Processing /opt/airflow/dags/minio_to_snowflake.py took 1.168 seconds
[2026-04-01T09:19:06.362+0000] {processor.py:161} INFO - Started process (PID=1018) to work on /opt/airflow/dags/minio_to_snowflake.py
[2026-04-01T09:19:06.364+0000] {processor.py:830} INFO - Processing file /opt/airflow/dags/minio_to_snowflake.py for tasks to queue
[2026-04-01T09:19:06.365+0000] {logging_mixin.py:188} INFO - [2026-04-01T09:19:06.365+0000] {dagbag.py:545} INFO - Filling up the DagBag from /opt/airflow/dags/minio_to_snowflake.py
[2026-04-01T09:19:07.379+0000] {processor.py:840} INFO - DAG(s) 'minio_to_snowflake_pipeline' retrieved from /opt/airflow/dags/minio_to_snowflake.py
[2026-04-01T09:19:07.408+0000] {logging_mixin.py:188} INFO - [2026-04-01T09:19:07.407+0000] {dag.py:3089} INFO - Sync 1 DAGs
[2026-04-01T09:19:07.431+0000] {logging_mixin.py:188} INFO - [2026-04-01T09:19:07.431+0000] {dag.py:3947} INFO - Setting next_dagrun for minio_to_snowflake_pipeline to 2026-04-01 09:10:00+00:00, run_after=2026-04-01 09:20:00+00:00
[2026-04-01T09:19:07.453+0000] {processor.py:183} INFO - Processing /opt/airflow/dags/minio_to_snowflake.py took 1.098 seconds
[2026-04-01T09:19:37.617+0000] {processor.py:161} INFO - Started process (PID=1025) to work on /opt/airflow/dags/minio_to_snowflake.py
[2026-04-01T09:19:37.618+0000] {processor.py:830} INFO - Processing file /opt/airflow/dags/minio_to_snowflake.py for tasks to queue
[2026-04-01T09:19:37.620+0000] {logging_mixin.py:188} INFO - [2026-04-01T09:19:37.619+0000] {dagbag.py:545} INFO - Filling up the DagBag from /opt/airflow/dags/minio_to_snowflake.py
[2026-04-01T09:19:38.679+0000] {processor.py:840} INFO - DAG(s) 'minio_to_snowflake_pipeline' retrieved from /opt/airflow/dags/minio_to_snowflake.py
[2026-04-01T09:19:38.723+0000] {logging_mixin.py:188} INFO - [2026-04-01T09:19:38.722+0000] {dag.py:3089} INFO - Sync 1 DAGs
[2026-04-01T09:19:38.746+0000] {logging_mixin.py:188} INFO - [2026-04-01T09:19:38.746+0000] {dag.py:3947} INFO - Setting next_dagrun for minio_to_snowflake_pipeline to 2026-04-01 09:10:00+00:00, run_after=2026-04-01 09:20:00+00:00
[2026-04-01T09:19:38.767+0000] {processor.py:183} INFO - Processing /opt/airflow/dags/minio_to_snowflake.py took 1.159 seconds
[2026-04-01T09:20:08.952+0000] {processor.py:161} INFO - Started process (PID=1036) to work on /opt/airflow/dags/minio_to_snowflake.py
[2026-04-01T09:20:08.953+0000] {processor.py:830} INFO - Processing file /opt/airflow/dags/minio_to_snowflake.py for tasks to queue
[2026-04-01T09:20:08.955+0000] {logging_mixin.py:188} INFO - [2026-04-01T09:20:08.954+0000] {dagbag.py:545} INFO - Filling up the DagBag from /opt/airflow/dags/minio_to_snowflake.py
[2026-04-01T09:20:10.019+0000] {processor.py:840} INFO - DAG(s) 'minio_to_snowflake_pipeline' retrieved from /opt/airflow/dags/minio_to_snowflake.py
[2026-04-01T09:20:10.064+0000] {logging_mixin.py:188} INFO - [2026-04-01T09:20:10.063+0000] {dag.py:3089} INFO - Sync 1 DAGs
[2026-04-01T09:20:10.113+0000] {logging_mixin.py:188} INFO - [2026-04-01T09:20:10.112+0000] {dag.py:3947} INFO - Setting next_dagrun for minio_to_snowflake_pipeline to 2026-04-01 09:20:00+00:00, run_after=2026-04-01 09:30:00+00:00
[2026-04-01T09:20:10.159+0000] {processor.py:183} INFO - Processing /opt/airflow/dags/minio_to_snowflake.py took 1.216 seconds
[2026-04-01T09:20:40.525+0000] {processor.py:161} INFO - Started process (PID=1043) to work on /opt/airflow/dags/minio_to_snowflake.py
[2026-04-01T09:20:40.532+0000] {processor.py:830} INFO - Processing file /opt/airflow/dags/minio_to_snowflake.py for tasks to queue
[2026-04-01T09:20:40.535+0000] {logging_mixin.py:188} INFO - [2026-04-01T09:20:40.534+0000] {dagbag.py:545} INFO - Filling up the DagBag from /opt/airflow/dags/minio_to_snowflake.py
[2026-04-01T09:20:42.113+0000] {processor.py:840} INFO - DAG(s) 'minio_to_snowflake_pipeline' retrieved from /opt/airflow/dags/minio_to_snowflake.py
[2026-04-01T09:20:42.160+0000] {logging_mixin.py:188} INFO - [2026-04-01T09:20:42.160+0000] {dag.py:3089} INFO - Sync 1 DAGs
[2026-04-01T09:20:42.199+0000] {logging_mixin.py:188} INFO - [2026-04-01T09:20:42.199+0000] {dag.py:3947} INFO - Setting next_dagrun for minio_to_snowflake_pipeline to 2026-04-01 09:20:00+00:00, run_after=2026-04-01 09:30:00+00:00
[2026-04-01T09:20:42.234+0000] {processor.py:183} INFO - Processing /opt/airflow/dags/minio_to_snowflake.py took 1.725 seconds
[2026-04-01T09:21:12.440+0000] {processor.py:161} INFO - Started process (PID=1050) to work on /opt/airflow/dags/minio_to_snowflake.py
[2026-04-01T09:21:12.442+0000] {processor.py:830} INFO - Processing file /opt/airflow/dags/minio_to_snowflake.py for tasks to queue
[2026-04-01T09:21:12.444+0000] {logging_mixin.py:188} INFO - [2026-04-01T09:21:12.443+0000] {dagbag.py:545} INFO - Filling up the DagBag from /opt/airflow/dags/minio_to_snowflake.py
[2026-04-01T09:21:13.564+0000] {processor.py:840} INFO - DAG(s) 'minio_to_snowflake_pipeline' retrieved from /opt/airflow/dags/minio_to_snowflake.py
[2026-04-01T09:21:13.596+0000] {logging_mixin.py:188} INFO - [2026-04-01T09:21:13.596+0000] {dag.py:3089} INFO - Sync 1 DAGs
[2026-04-01T09:21:13.621+0000] {logging_mixin.py:188} INFO - [2026-04-01T09:21:13.621+0000] {dag.py:3947} INFO - Setting next_dagrun for minio_to_snowflake_pipeline to 2026-04-01 09:20:00+00:00, run_after=2026-04-01 09:30:00+00:00
[2026-04-01T09:21:13.645+0000] {processor.py:183} INFO - Processing /opt/airflow/dags/minio_to_snowflake.py took 1.214 seconds
[2026-04-01T09:21:43.960+0000] {processor.py:161} INFO - Started process (PID=1057) to work on /opt/airflow/dags/minio_to_snowflake.py
[2026-04-01T09:21:43.971+0000] {processor.py:830} INFO - Processing file /opt/airflow/dags/minio_to_snowflake.py for tasks to queue
[2026-04-01T09:21:43.973+0000] {logging_mixin.py:188} INFO - [2026-04-01T09:21:43.972+0000] {dagbag.py:545} INFO - Filling up the DagBag from /opt/airflow/dags/minio_to_snowflake.py
[2026-04-01T09:21:48.268+0000] {processor.py:840} INFO - DAG(s) 'minio_to_snowflake_pipeline' retrieved from /opt/airflow/dags/minio_to_snowflake.py
[2026-04-01T09:21:48.348+0000] {logging_mixin.py:188} INFO - [2026-04-01T09:21:48.347+0000] {dag.py:3089} INFO - Sync 1 DAGs
[2026-04-01T09:21:48.428+0000] {logging_mixin.py:188} INFO - [2026-04-01T09:21:48.427+0000] {dag.py:3947} INFO - Setting next_dagrun for minio_to_snowflake_pipeline to 2026-04-01 09:20:00+00:00, run_after=2026-04-01 09:30:00+00:00
[2026-04-01T09:21:48.480+0000] {processor.py:183} INFO - Processing /opt/airflow/dags/minio_to_snowflake.py took 4.541 seconds
[2026-04-01T09:22:18.864+0000] {processor.py:161} INFO - Started process (PID=1064) to work on /opt/airflow/dags/minio_to_snowflake.py
[2026-04-01T09:22:18.868+0000] {processor.py:830} INFO - Processing file /opt/airflow/dags/minio_to_snowflake.py for tasks to queue
[2026-04-01T09:22:18.869+0000] {logging_mixin.py:188} INFO - [2026-04-01T09:22:18.869+0000] {dagbag.py:545} INFO - Filling up the DagBag from /opt/airflow/dags/minio_to_snowflake.py
[2026-04-01T09:22:20.427+0000] {processor.py:840} INFO - DAG(s) 'minio_to_snowflake_pipeline' retrieved from /opt/airflow/dags/minio_to_snowflake.py
[2026-04-01T09:22:20.499+0000] {logging_mixin.py:188} INFO - [2026-04-01T09:22:20.498+0000] {dag.py:3089} INFO - Sync 1 DAGs
[2026-04-01T09:22:20.562+0000] {logging_mixin.py:188} INFO - [2026-04-01T09:22:20.561+0000] {dag.py:3947} INFO - Setting next_dagrun for minio_to_snowflake_pipeline to 2026-04-01 09:20:00+00:00, run_after=2026-04-01 09:30:00+00:00
[2026-04-01T09:22:20.636+0000] {processor.py:183} INFO - Processing /opt/airflow/dags/minio_to_snowflake.py took 1.781 seconds
[2026-04-01T09:22:50.849+0000] {processor.py:161} INFO - Started process (PID=1071) to work on /opt/airflow/dags/minio_to_snowflake.py
[2026-04-01T09:22:50.852+0000] {processor.py:830} INFO - Processing file /opt/airflow/dags/minio_to_snowflake.py for tasks to queue
[2026-04-01T09:22:50.854+0000] {logging_mixin.py:188} INFO - [2026-04-01T09:22:50.853+0000] {dagbag.py:545} INFO - Filling up the DagBag from /opt/airflow/dags/minio_to_snowflake.py
[2026-04-01T09:22:54.095+0000] {processor.py:840} INFO - DAG(s) 'minio_to_snowflake_pipeline' retrieved from /opt/airflow/dags/minio_to_snowflake.py
[2026-04-01T09:22:54.166+0000] {logging_mixin.py:188} INFO - [2026-04-01T09:22:54.165+0000] {dag.py:3089} INFO - Sync 1 DAGs
[2026-04-01T09:22:54.233+0000] {logging_mixin.py:188} INFO - [2026-04-01T09:22:54.231+0000] {dag.py:3947} INFO - Setting next_dagrun for minio_to_snowflake_pipeline to 2026-04-01 09:20:00+00:00, run_after=2026-04-01 09:30:00+00:00
[2026-04-01T09:22:54.285+0000] {processor.py:183} INFO - Processing /opt/airflow/dags/minio_to_snowflake.py took 3.449 seconds
[2026-04-01T09:23:24.597+0000] {processor.py:161} INFO - Started process (PID=1078) to work on /opt/airflow/dags/minio_to_snowflake.py
[2026-04-01T09:23:24.600+0000] {processor.py:830} INFO - Processing file /opt/airflow/dags/minio_to_snowflake.py for tasks to queue
[2026-04-01T09:23:24.603+0000] {logging_mixin.py:188} INFO - [2026-04-01T09:23:24.601+0000] {dagbag.py:545} INFO - Filling up the DagBag from /opt/airflow/dags/minio_to_snowflake.py
[2026-04-01T09:23:26.983+0000] {processor.py:840} INFO - DAG(s) 'minio_to_snowflake_pipeline' retrieved from /opt/airflow/dags/minio_to_snowflake.py
[2026-04-01T09:23:27.030+0000] {logging_mixin.py:188} INFO - [2026-04-01T09:23:27.030+0000] {dag.py:3089} INFO - Sync 1 DAGs
[2026-04-01T09:23:27.069+0000] {logging_mixin.py:188} INFO - [2026-04-01T09:23:27.068+0000] {dag.py:3947} INFO - Setting next_dagrun for minio_to_snowflake_pipeline to 2026-04-01 09:20:00+00:00, run_after=2026-04-01 09:30:00+00:00
[2026-04-01T09:23:27.113+0000] {processor.py:183} INFO - Processing /opt/airflow/dags/minio_to_snowflake.py took 2.533 seconds
[2026-04-01T09:23:57.647+0000] {processor.py:161} INFO - Started process (PID=1085) to work on /opt/airflow/dags/minio_to_snowflake.py
[2026-04-01T09:23:57.650+0000] {processor.py:830} INFO - Processing file /opt/airflow/dags/minio_to_snowflake.py for tasks to queue
[2026-04-01T09:23:57.652+0000] {logging_mixin.py:188} INFO - [2026-04-01T09:23:57.651+0000] {dagbag.py:545} INFO - Filling up the DagBag from /opt/airflow/dags/minio_to_snowflake.py
[2026-04-01T09:23:59.488+0000] {processor.py:840} INFO - DAG(s) 'minio_to_snowflake_pipeline' retrieved from /opt/airflow/dags/minio_to_snowflake.py
[2026-04-01T09:23:59.535+0000] {logging_mixin.py:188} INFO - [2026-04-01T09:23:59.534+0000] {dag.py:3089} INFO - Sync 1 DAGs
[2026-04-01T09:23:59.573+0000] {logging_mixin.py:188} INFO - [2026-04-01T09:23:59.572+0000] {dag.py:3947} INFO - Setting next_dagrun for minio_to_snowflake_pipeline to 2026-04-01 09:20:00+00:00, run_after=2026-04-01 09:30:00+00:00
[2026-04-01T09:23:59.605+0000] {processor.py:183} INFO - Processing /opt/airflow/dags/minio_to_snowflake.py took 1.974 seconds
[2026-04-01T09:24:29.995+0000] {processor.py:161} INFO - Started process (PID=1092) to work on /opt/airflow/dags/minio_to_snowflake.py
[2026-04-01T09:24:29.998+0000] {processor.py:830} INFO - Processing file /opt/airflow/dags/minio_to_snowflake.py for tasks to queue
[2026-04-01T09:24:30.000+0000] {logging_mixin.py:188} INFO - [2026-04-01T09:24:29.999+0000] {dagbag.py:545} INFO - Filling up the DagBag from /opt/airflow/dags/minio_to_snowflake.py
[2026-04-01T09:24:32.686+0000] {processor.py:840} INFO - DAG(s) 'minio_to_snowflake_pipeline' retrieved from /opt/airflow/dags/minio_to_snowflake.py
[2026-04-01T09:24:32.736+0000] {logging_mixin.py:188} INFO - [2026-04-01T09:24:32.735+0000] {dag.py:3089} INFO - Sync 1 DAGs
[2026-04-01T09:24:32.777+0000] {logging_mixin.py:188} INFO - [2026-04-01T09:24:32.776+0000] {dag.py:3947} INFO - Setting next_dagrun for minio_to_snowflake_pipeline to 2026-04-01 09:20:00+00:00, run_after=2026-04-01 09:30:00+00:00
[2026-04-01T09:24:32.808+0000] {processor.py:183} INFO - Processing /opt/airflow/dags/minio_to_snowflake.py took 2.828 seconds
[2026-04-01T09:25:03.297+0000] {processor.py:161} INFO - Started process (PID=1099) to work on /opt/airflow/dags/minio_to_snowflake.py
[2026-04-01T09:25:03.299+0000] {processor.py:830} INFO - Processing file /opt/airflow/dags/minio_to_snowflake.py for tasks to queue
[2026-04-01T09:25:03.302+0000] {logging_mixin.py:188} INFO - [2026-04-01T09:25:03.301+0000] {dagbag.py:545} INFO - Filling up the DagBag from /opt/airflow/dags/minio_to_snowflake.py
[2026-04-01T09:25:05.137+0000] {processor.py:840} INFO - DAG(s) 'minio_to_snowflake_pipeline' retrieved from /opt/airflow/dags/minio_to_snowflake.py
[2026-04-01T09:25:05.181+0000] {logging_mixin.py:188} INFO - [2026-04-01T09:25:05.180+0000] {dag.py:3089} INFO - Sync 1 DAGs
[2026-04-01T09:25:05.216+0000] {logging_mixin.py:188} INFO - [2026-04-01T09:25:05.216+0000] {dag.py:3947} INFO - Setting next_dagrun for minio_to_snowflake_pipeline to 2026-04-01 09:20:00+00:00, run_after=2026-04-01 09:30:00+00:00
[2026-04-01T09:25:05.251+0000] {processor.py:183} INFO - Processing /opt/airflow/dags/minio_to_snowflake.py took 1.975 seconds
[2026-04-01T09:25:35.706+0000] {processor.py:161} INFO - Started process (PID=1106) to work on /opt/airflow/dags/minio_to_snowflake.py
[2026-04-01T09:25:35.708+0000] {processor.py:830} INFO - Processing file /opt/airflow/dags/minio_to_snowflake.py for tasks to queue
[2026-04-01T09:25:35.709+0000] {logging_mixin.py:188} INFO - [2026-04-01T09:25:35.709+0000] {dagbag.py:545} INFO - Filling up the DagBag from /opt/airflow/dags/minio_to_snowflake.py
[2026-04-01T09:25:37.053+0000] {processor.py:840} INFO - DAG(s) 'minio_to_snowflake_pipeline' retrieved from /opt/airflow/dags/minio_to_snowflake.py
[2026-04-01T09:25:37.094+0000] {logging_mixin.py:188} INFO - [2026-04-01T09:25:37.093+0000] {dag.py:3089} INFO - Sync 1 DAGs
[2026-04-01T09:25:37.143+0000] {logging_mixin.py:188} INFO - [2026-04-01T09:25:37.143+0000] {dag.py:3947} INFO - Setting next_dagrun for minio_to_snowflake_pipeline to 2026-04-01 09:20:00+00:00, run_after=2026-04-01 09:30:00+00:00
[2026-04-01T09:25:37.344+0000] {processor.py:183} INFO - Processing /opt/airflow/dags/minio_to_snowflake.py took 1.655 seconds
[2026-04-01T09:26:07.941+0000] {processor.py:161} INFO - Started process (PID=1113) to work on /opt/airflow/dags/minio_to_snowflake.py
[2026-04-01T09:26:07.942+0000] {processor.py:830} INFO - Processing file /opt/airflow/dags/minio_to_snowflake.py for tasks to queue
[2026-04-01T09:26:07.944+0000] {logging_mixin.py:188} INFO - [2026-04-01T09:26:07.943+0000] {dagbag.py:545} INFO - Filling up the DagBag from /opt/airflow/dags/minio_to_snowflake.py
[2026-04-01T09:26:09.085+0000] {processor.py:840} INFO - DAG(s) 'minio_to_snowflake_pipeline' retrieved from /opt/airflow/dags/minio_to_snowflake.py
[2026-04-01T09:26:09.131+0000] {logging_mixin.py:188} INFO - [2026-04-01T09:26:09.130+0000] {dag.py:3089} INFO - Sync 1 DAGs
[2026-04-01T09:26:09.182+0000] {logging_mixin.py:188} INFO - [2026-04-01T09:26:09.182+0000] {dag.py:3947} INFO - Setting next_dagrun for minio_to_snowflake_pipeline to 2026-04-01 09:20:00+00:00, run_after=2026-04-01 09:30:00+00:00
[2026-04-01T09:26:09.203+0000] {processor.py:183} INFO - Processing /opt/airflow/dags/minio_to_snowflake.py took 1.271 seconds
[2026-04-01T09:26:39.445+0000] {processor.py:161} INFO - Started process (PID=1120) to work on /opt/airflow/dags/minio_to_snowflake.py
[2026-04-01T09:26:39.446+0000] {processor.py:830} INFO - Processing file /opt/airflow/dags/minio_to_snowflake.py for tasks to queue
[2026-04-01T09:26:39.449+0000] {logging_mixin.py:188} INFO - [2026-04-01T09:26:39.448+0000] {dagbag.py:545} INFO - Filling up the DagBag from /opt/airflow/dags/minio_to_snowflake.py
[2026-04-01T09:26:41.730+0000] {processor.py:840} INFO - DAG(s) 'minio_to_snowflake_pipeline' retrieved from /opt/airflow/dags/minio_to_snowflake.py
[2026-04-01T09:26:41.791+0000] {logging_mixin.py:188} INFO - [2026-04-01T09:26:41.790+0000] {dag.py:3089} INFO - Sync 1 DAGs
[2026-04-01T09:26:41.829+0000] {logging_mixin.py:188} INFO - [2026-04-01T09:26:41.828+0000] {dag.py:3947} INFO - Setting next_dagrun for minio_to_snowflake_pipeline to 2026-04-01 09:20:00+00:00, run_after=2026-04-01 09:30:00+00:00
[2026-04-01T09:26:41.869+0000] {processor.py:183} INFO - Processing /opt/airflow/dags/minio_to_snowflake.py took 2.431 seconds
[2026-04-01T09:27:12.196+0000] {processor.py:161} INFO - Started process (PID=1127) to work on /opt/airflow/dags/minio_to_snowflake.py
[2026-04-01T09:27:12.199+0000] {processor.py:830} INFO - Processing file /opt/airflow/dags/minio_to_snowflake.py for tasks to queue
[2026-04-01T09:27:12.201+0000] {logging_mixin.py:188} INFO - [2026-04-01T09:27:12.200+0000] {dagbag.py:545} INFO - Filling up the DagBag from /opt/airflow/dags/minio_to_snowflake.py
[2026-04-01T09:27:13.627+0000] {processor.py:840} INFO - DAG(s) 'minio_to_snowflake_pipeline' retrieved from /opt/airflow/dags/minio_to_snowflake.py
[2026-04-01T09:27:13.661+0000] {logging_mixin.py:188} INFO - [2026-04-01T09:27:13.661+0000] {dag.py:3089} INFO - Sync 1 DAGs
[2026-04-01T09:27:13.701+0000] {logging_mixin.py:188} INFO - [2026-04-01T09:27:13.701+0000] {dag.py:3947} INFO - Setting next_dagrun for minio_to_snowflake_pipeline to 2026-04-01 09:20:00+00:00, run_after=2026-04-01 09:30:00+00:00
[2026-04-01T09:27:13.728+0000] {processor.py:183} INFO - Processing /opt/airflow/dags/minio_to_snowflake.py took 1.540 seconds
[2026-04-01T09:27:44.132+0000] {processor.py:161} INFO - Started process (PID=1134) to work on /opt/airflow/dags/minio_to_snowflake.py
[2026-04-01T09:27:44.134+0000] {processor.py:830} INFO - Processing file /opt/airflow/dags/minio_to_snowflake.py for tasks to queue
[2026-04-01T09:27:44.136+0000] {logging_mixin.py:188} INFO - [2026-04-01T09:27:44.135+0000] {dagbag.py:545} INFO - Filling up the DagBag from /opt/airflow/dags/minio_to_snowflake.py
[2026-04-01T09:27:46.364+0000] {processor.py:840} INFO - DAG(s) 'minio_to_snowflake_pipeline' retrieved from /opt/airflow/dags/minio_to_snowflake.py
[2026-04-01T09:27:46.392+0000] {logging_mixin.py:188} INFO - [2026-04-01T09:27:46.391+0000] {dag.py:3089} INFO - Sync 1 DAGs
[2026-04-01T09:27:46.415+0000] {logging_mixin.py:188} INFO - [2026-04-01T09:27:46.415+0000] {dag.py:3947} INFO - Setting next_dagrun for minio_to_snowflake_pipeline to 2026-04-01 09:20:00+00:00, run_after=2026-04-01 09:30:00+00:00
[2026-04-01T09:27:46.437+0000] {processor.py:183} INFO - Processing /opt/airflow/dags/minio_to_snowflake.py took 2.316 seconds
[2026-04-01T09:28:17.141+0000] {processor.py:161} INFO - Started process (PID=1141) to work on /opt/airflow/dags/minio_to_snowflake.py
[2026-04-01T09:28:17.143+0000] {processor.py:830} INFO - Processing file /opt/airflow/dags/minio_to_snowflake.py for tasks to queue
[2026-04-01T09:28:17.155+0000] {logging_mixin.py:188} INFO - [2026-04-01T09:28:17.154+0000] {dagbag.py:545} INFO - Filling up the DagBag from /opt/airflow/dags/minio_to_snowflake.py
[2026-04-01T09:28:24.851+0000] {processor.py:840} INFO - DAG(s) 'minio_to_snowflake_pipeline' retrieved from /opt/airflow/dags/minio_to_snowflake.py
[2026-04-01T09:28:24.985+0000] {logging_mixin.py:188} INFO - [2026-04-01T09:28:24.984+0000] {dag.py:3089} INFO - Sync 1 DAGs
[2026-04-01T09:28:25.112+0000] {logging_mixin.py:188} INFO - [2026-04-01T09:28:25.111+0000] {dag.py:3947} INFO - Setting next_dagrun for minio_to_snowflake_pipeline to 2026-04-01 09:20:00+00:00, run_after=2026-04-01 09:30:00+00:00
[2026-04-01T09:28:25.205+0000] {processor.py:183} INFO - Processing /opt/airflow/dags/minio_to_snowflake.py took 8.104 seconds
[2026-04-01T09:28:55.977+0000] {processor.py:161} INFO - Started process (PID=1148) to work on /opt/airflow/dags/minio_to_snowflake.py
[2026-04-01T09:28:55.990+0000] {processor.py:830} INFO - Processing file /opt/airflow/dags/minio_to_snowflake.py for tasks to queue
[2026-04-01T09:28:55.993+0000] {logging_mixin.py:188} INFO - [2026-04-01T09:28:55.992+0000] {dagbag.py:545} INFO - Filling up the DagBag from /opt/airflow/dags/minio_to_snowflake.py
[2026-04-01T09:28:59.488+0000] {processor.py:840} INFO - DAG(s) 'minio_to_snowflake_pipeline' retrieved from /opt/airflow/dags/minio_to_snowflake.py
[2026-04-01T09:28:59.528+0000] {logging_mixin.py:188} INFO - [2026-04-01T09:28:59.526+0000] {dag.py:3089} INFO - Sync 1 DAGs
[2026-04-01T09:28:59.554+0000] {logging_mixin.py:188} INFO - [2026-04-01T09:28:59.553+0000] {dag.py:3947} INFO - Setting next_dagrun for minio_to_snowflake_pipeline to 2026-04-01 09:20:00+00:00, run_after=2026-04-01 09:30:00+00:00
[2026-04-01T09:28:59.578+0000] {processor.py:183} INFO - Processing /opt/airflow/dags/minio_to_snowflake.py took 3.638 seconds
[2026-04-01T09:29:30.122+0000] {processor.py:161} INFO - Started process (PID=1155) to work on /opt/airflow/dags/minio_to_snowflake.py
[2026-04-01T09:29:30.123+0000] {processor.py:830} INFO - Processing file /opt/airflow/dags/minio_to_snowflake.py for tasks to queue
[2026-04-01T09:29:30.126+0000] {logging_mixin.py:188} INFO - [2026-04-01T09:29:30.125+0000] {dagbag.py:545} INFO - Filling up the DagBag from /opt/airflow/dags/minio_to_snowflake.py
[2026-04-01T09:29:31.453+0000] {processor.py:840} INFO - DAG(s) 'minio_to_snowflake_pipeline' retrieved from /opt/airflow/dags/minio_to_snowflake.py
[2026-04-01T09:29:31.485+0000] {logging_mixin.py:188} INFO - [2026-04-01T09:29:31.484+0000] {dag.py:3089} INFO - Sync 1 DAGs
[2026-04-01T09:29:31.515+0000] {logging_mixin.py:188} INFO - [2026-04-01T09:29:31.515+0000] {dag.py:3947} INFO - Setting next_dagrun for minio_to_snowflake_pipeline to 2026-04-01 09:20:00+00:00, run_after=2026-04-01 09:30:00+00:00
[2026-04-01T09:29:31.538+0000] {processor.py:183} INFO - Processing /opt/airflow/dags/minio_to_snowflake.py took 1.424 seconds
[2026-04-01T09:30:01.869+0000] {processor.py:161} INFO - Started process (PID=1163) to work on /opt/airflow/dags/minio_to_snowflake.py
[2026-04-01T09:30:01.873+0000] {processor.py:830} INFO - Processing file /opt/airflow/dags/minio_to_snowflake.py for tasks to queue
[2026-04-01T09:30:01.878+0000] {logging_mixin.py:188} INFO - [2026-04-01T09:30:01.874+0000] {dagbag.py:545} INFO - Filling up the DagBag from /opt/airflow/dags/minio_to_snowflake.py
[2026-04-01T09:30:03.814+0000] {processor.py:840} INFO - DAG(s) 'minio_to_snowflake_pipeline' retrieved from /opt/airflow/dags/minio_to_snowflake.py
[2026-04-01T09:30:03.870+0000] {logging_mixin.py:188} INFO - [2026-04-01T09:30:03.870+0000] {dag.py:3089} INFO - Sync 1 DAGs
[2026-04-01T09:30:03.940+0000] {processor.py:183} INFO - Processing /opt/airflow/dags/minio_to_snowflake.py took 2.092 seconds
[2026-04-01T09:30:34.291+0000] {processor.py:161} INFO - Started process (PID=1173) to work on /opt/airflow/dags/minio_to_snowflake.py
[2026-04-01T09:30:34.293+0000] {processor.py:830} INFO - Processing file /opt/airflow/dags/minio_to_snowflake.py for tasks to queue
[2026-04-01T09:30:34.296+0000] {logging_mixin.py:188} INFO - [2026-04-01T09:30:34.295+0000] {dagbag.py:545} INFO - Filling up the DagBag from /opt/airflow/dags/minio_to_snowflake.py
[2026-04-01T09:30:35.335+0000] {processor.py:840} INFO - DAG(s) 'minio_to_snowflake_pipeline' retrieved from /opt/airflow/dags/minio_to_snowflake.py
[2026-04-01T09:30:35.367+0000] {logging_mixin.py:188} INFO - [2026-04-01T09:30:35.366+0000] {dag.py:3089} INFO - Sync 1 DAGs
[2026-04-01T09:30:35.393+0000] {logging_mixin.py:188} INFO - [2026-04-01T09:30:35.392+0000] {dag.py:3947} INFO - Setting next_dagrun for minio_to_snowflake_pipeline to 2026-04-01 09:30:00+00:00, run_after=2026-04-01 09:40:00+00:00
[2026-04-01T09:30:35.418+0000] {processor.py:183} INFO - Processing /opt/airflow/dags/minio_to_snowflake.py took 1.135 seconds
[2026-04-01T09:31:05.836+0000] {processor.py:161} INFO - Started process (PID=1180) to work on /opt/airflow/dags/minio_to_snowflake.py
[2026-04-01T09:31:05.838+0000] {processor.py:830} INFO - Processing file /opt/airflow/dags/minio_to_snowflake.py for tasks to queue
[2026-04-01T09:31:05.839+0000] {logging_mixin.py:188} INFO - [2026-04-01T09:31:05.839+0000] {dagbag.py:545} INFO - Filling up the DagBag from /opt/airflow/dags/minio_to_snowflake.py
[2026-04-01T09:31:07.658+0000] {processor.py:840} INFO - DAG(s) 'minio_to_snowflake_pipeline' retrieved from /opt/airflow/dags/minio_to_snowflake.py
[2026-04-01T09:31:07.734+0000] {logging_mixin.py:188} INFO - [2026-04-01T09:31:07.733+0000] {dag.py:3089} INFO - Sync 1 DAGs
[2026-04-01T09:31:07.771+0000] {logging_mixin.py:188} INFO - [2026-04-01T09:31:07.770+0000] {dag.py:3947} INFO - Setting next_dagrun for minio_to_snowflake_pipeline to 2026-04-01 09:30:00+00:00, run_after=2026-04-01 09:40:00+00:00
[2026-04-01T09:31:07.811+0000] {processor.py:183} INFO - Processing /opt/airflow/dags/minio_to_snowflake.py took 1.990 seconds
[2026-04-01T09:31:38.673+0000] {processor.py:161} INFO - Started process (PID=1187) to work on /opt/airflow/dags/minio_to_snowflake.py
[2026-04-01T09:31:38.676+0000] {processor.py:830} INFO - Processing file /opt/airflow/dags/minio_to_snowflake.py for tasks to queue
[2026-04-01T09:31:38.700+0000] {logging_mixin.py:188} INFO - [2026-04-01T09:31:38.700+0000] {dagbag.py:545} INFO - Filling up the DagBag from /opt/airflow/dags/minio_to_snowflake.py
[2026-04-01T09:31:44.287+0000] {processor.py:840} INFO - DAG(s) 'minio_to_snowflake_pipeline' retrieved from /opt/airflow/dags/minio_to_snowflake.py
[2026-04-01T09:31:44.448+0000] {logging_mixin.py:188} INFO - [2026-04-01T09:31:44.437+0000] {dag.py:3089} INFO - Sync 1 DAGs
[2026-04-01T09:31:44.588+0000] {logging_mixin.py:188} INFO - [2026-04-01T09:31:44.587+0000] {dag.py:3947} INFO - Setting next_dagrun for minio_to_snowflake_pipeline to 2026-04-01 09:30:00+00:00, run_after=2026-04-01 09:40:00+00:00
[2026-04-01T09:31:44.782+0000] {processor.py:183} INFO - Processing /opt/airflow/dags/minio_to_snowflake.py took 6.132 seconds
[2026-04-01T09:32:15.148+0000] {processor.py:161} INFO - Started process (PID=1194) to work on /opt/airflow/dags/minio_to_snowflake.py
[2026-04-01T09:32:15.149+0000] {processor.py:830} INFO - Processing file /opt/airflow/dags/minio_to_snowflake.py for tasks to queue
[2026-04-01T09:32:15.151+0000] {logging_mixin.py:188} INFO - [2026-04-01T09:32:15.150+0000] {dagbag.py:545} INFO - Filling up the DagBag from /opt/airflow/dags/minio_to_snowflake.py
[2026-04-01T09:32:16.826+0000] {processor.py:840} INFO - DAG(s) 'minio_to_snowflake_pipeline' retrieved from /opt/airflow/dags/minio_to_snowflake.py
[2026-04-01T09:32:16.874+0000] {logging_mixin.py:188} INFO - [2026-04-01T09:32:16.873+0000] {dag.py:3089} INFO - Sync 1 DAGs
[2026-04-01T09:32:16.904+0000] {logging_mixin.py:188} INFO - [2026-04-01T09:32:16.904+0000] {dag.py:3947} INFO - Setting next_dagrun for minio_to_snowflake_pipeline to 2026-04-01 09:30:00+00:00, run_after=2026-04-01 09:40:00+00:00
[2026-04-01T09:32:16.941+0000] {processor.py:183} INFO - Processing /opt/airflow/dags/minio_to_snowflake.py took 1.805 seconds
[2026-04-01T09:32:47.159+0000] {processor.py:161} INFO - Started process (PID=1201) to work on /opt/airflow/dags/minio_to_snowflake.py
[2026-04-01T09:32:47.160+0000] {processor.py:830} INFO - Processing file /opt/airflow/dags/minio_to_snowflake.py for tasks to queue
[2026-04-01T09:32:47.162+0000] {logging_mixin.py:188} INFO - [2026-04-01T09:32:47.161+0000] {dagbag.py:545} INFO - Filling up the DagBag from /opt/airflow/dags/minio_to_snowflake.py
[2026-04-01T09:32:48.861+0000] {processor.py:840} INFO - DAG(s) 'minio_to_snowflake_pipeline' retrieved from /opt/airflow/dags/minio_to_snowflake.py
[2026-04-01T09:32:48.896+0000] {logging_mixin.py:188} INFO - [2026-04-01T09:32:48.895+0000] {dag.py:3089} INFO - Sync 1 DAGs
[2026-04-01T09:32:48.920+0000] {logging_mixin.py:188} INFO - [2026-04-01T09:32:48.919+0000] {dag.py:3947} INFO - Setting next_dagrun for minio_to_snowflake_pipeline to 2026-04-01 09:30:00+00:00, run_after=2026-04-01 09:40:00+00:00
[2026-04-01T09:32:48.950+0000] {processor.py:183} INFO - Processing /opt/airflow/dags/minio_to_snowflake.py took 1.803 seconds
[2026-04-01T09:33:19.440+0000] {processor.py:161} INFO - Started process (PID=1208) to work on /opt/airflow/dags/minio_to_snowflake.py
[2026-04-01T09:33:19.443+0000] {processor.py:830} INFO - Processing file /opt/airflow/dags/minio_to_snowflake.py for tasks to queue
[2026-04-01T09:33:19.446+0000] {logging_mixin.py:188} INFO - [2026-04-01T09:33:19.445+0000] {dagbag.py:545} INFO - Filling up the DagBag from /opt/airflow/dags/minio_to_snowflake.py
[2026-04-01T09:33:20.663+0000] {processor.py:840} INFO - DAG(s) 'minio_to_snowflake_pipeline' retrieved from /opt/airflow/dags/minio_to_snowflake.py
[2026-04-01T09:33:20.722+0000] {logging_mixin.py:188} INFO - [2026-04-01T09:33:20.721+0000] {dag.py:3089} INFO - Sync 1 DAGs
[2026-04-01T09:33:20.781+0000] {logging_mixin.py:188} INFO - [2026-04-01T09:33:20.780+0000] {dag.py:3947} INFO - Setting next_dagrun for minio_to_snowflake_pipeline to 2026-04-01 09:30:00+00:00, run_after=2026-04-01 09:40:00+00:00
[2026-04-01T09:33:20.824+0000] {processor.py:183} INFO - Processing /opt/airflow/dags/minio_to_snowflake.py took 1.405 seconds
[2026-04-01T09:33:51.136+0000] {processor.py:161} INFO - Started process (PID=1215) to work on /opt/airflow/dags/minio_to_snowflake.py
[2026-04-01T09:33:51.137+0000] {processor.py:830} INFO - Processing file /opt/airflow/dags/minio_to_snowflake.py for tasks to queue
[2026-04-01T09:33:51.139+0000] {logging_mixin.py:188} INFO - [2026-04-01T09:33:51.138+0000] {dagbag.py:545} INFO - Filling up the DagBag from /opt/airflow/dags/minio_to_snowflake.py
[2026-04-01T09:33:52.234+0000] {processor.py:840} INFO - DAG(s) 'minio_to_snowflake_pipeline' retrieved from /opt/airflow/dags/minio_to_snowflake.py
[2026-04-01T09:33:52.280+0000] {logging_mixin.py:188} INFO - [2026-04-01T09:33:52.279+0000] {dag.py:3089} INFO - Sync 1 DAGs
[2026-04-01T09:33:52.314+0000] {logging_mixin.py:188} INFO - [2026-04-01T09:33:52.314+0000] {dag.py:3947} INFO - Setting next_dagrun for minio_to_snowflake_pipeline to 2026-04-01 09:30:00+00:00, run_after=2026-04-01 09:40:00+00:00
[2026-04-01T09:33:52.339+0000] {processor.py:183} INFO - Processing /opt/airflow/dags/minio_to_snowflake.py took 1.211 seconds
[2026-04-01T09:34:22.618+0000] {processor.py:161} INFO - Started process (PID=1222) to work on /opt/airflow/dags/minio_to_snowflake.py
[2026-04-01T09:34:22.619+0000] {processor.py:830} INFO - Processing file /opt/airflow/dags/minio_to_snowflake.py for tasks to queue
[2026-04-01T09:34:22.621+0000] {logging_mixin.py:188} INFO - [2026-04-01T09:34:22.620+0000] {dagbag.py:545} INFO - Filling up the DagBag from /opt/airflow/dags/minio_to_snowflake.py
[2026-04-01T09:34:23.795+0000] {processor.py:840} INFO - DAG(s) 'minio_to_snowflake_pipeline' retrieved from /opt/airflow/dags/minio_to_snowflake.py
[2026-04-01T09:34:23.825+0000] {logging_mixin.py:188} INFO - [2026-04-01T09:34:23.825+0000] {dag.py:3089} INFO - Sync 1 DAGs
[2026-04-01T09:34:23.850+0000] {logging_mixin.py:188} INFO - [2026-04-01T09:34:23.850+0000] {dag.py:3947} INFO - Setting next_dagrun for minio_to_snowflake_pipeline to 2026-04-01 09:30:00+00:00, run_after=2026-04-01 09:40:00+00:00
[2026-04-01T09:34:23.874+0000] {processor.py:183} INFO - Processing /opt/airflow/dags/minio_to_snowflake.py took 1.264 seconds
[2026-04-01T09:34:55.057+0000] {processor.py:161} INFO - Started process (PID=1229) to work on /opt/airflow/dags/minio_to_snowflake.py
[2026-04-01T09:34:55.084+0000] {processor.py:830} INFO - Processing file /opt/airflow/dags/minio_to_snowflake.py for tasks to queue
[2026-04-01T09:34:55.092+0000] {logging_mixin.py:188} INFO - [2026-04-01T09:34:55.087+0000] {dagbag.py:545} INFO - Filling up the DagBag from /opt/airflow/dags/minio_to_snowflake.py
[2026-04-01T09:34:59.448+0000] {processor.py:840} INFO - DAG(s) 'minio_to_snowflake_pipeline' retrieved from /opt/airflow/dags/minio_to_snowflake.py
[2026-04-01T09:34:59.498+0000] {logging_mixin.py:188} INFO - [2026-04-01T09:34:59.498+0000] {dag.py:3089} INFO - Sync 1 DAGs
[2026-04-01T09:34:59.524+0000] {logging_mixin.py:188} INFO - [2026-04-01T09:34:59.524+0000] {dag.py:3947} INFO - Setting next_dagrun for minio_to_snowflake_pipeline to 2026-04-01 09:30:00+00:00, run_after=2026-04-01 09:40:00+00:00
[2026-04-01T09:34:59.547+0000] {processor.py:183} INFO - Processing /opt/airflow/dags/minio_to_snowflake.py took 4.577 seconds
[2026-04-01T09:35:30.402+0000] {processor.py:161} INFO - Started process (PID=1236) to work on /opt/airflow/dags/minio_to_snowflake.py
[2026-04-01T09:35:30.406+0000] {processor.py:830} INFO - Processing file /opt/airflow/dags/minio_to_snowflake.py for tasks to queue
[2026-04-01T09:35:30.409+0000] {logging_mixin.py:188} INFO - [2026-04-01T09:35:30.409+0000] {dagbag.py:545} INFO - Filling up the DagBag from /opt/airflow/dags/minio_to_snowflake.py
[2026-04-01T09:35:34.840+0000] {processor.py:840} INFO - DAG(s) 'minio_to_snowflake_pipeline' retrieved from /opt/airflow/dags/minio_to_snowflake.py
[2026-04-01T09:35:34.892+0000] {logging_mixin.py:188} INFO - [2026-04-01T09:35:34.891+0000] {dag.py:3089} INFO - Sync 1 DAGs
[2026-04-01T09:35:34.943+0000] {logging_mixin.py:188} INFO - [2026-04-01T09:35:34.943+0000] {dag.py:3947} INFO - Setting next_dagrun for minio_to_snowflake_pipeline to 2026-04-01 09:30:00+00:00, run_after=2026-04-01 09:40:00+00:00
[2026-04-01T09:35:35.010+0000] {processor.py:183} INFO - Processing /opt/airflow/dags/minio_to_snowflake.py took 4.625 seconds
[2026-04-01T09:36:05.506+0000] {processor.py:161} INFO - Started process (PID=1243) to work on /opt/airflow/dags/minio_to_snowflake.py
[2026-04-01T09:36:05.509+0000] {processor.py:830} INFO - Processing file /opt/airflow/dags/minio_to_snowflake.py for tasks to queue
[2026-04-01T09:36:05.513+0000] {logging_mixin.py:188} INFO - [2026-04-01T09:36:05.511+0000] {dagbag.py:545} INFO - Filling up the DagBag from /opt/airflow/dags/minio_to_snowflake.py
[2026-04-01T09:36:11.654+0000] {processor.py:840} INFO - DAG(s) 'minio_to_snowflake_pipeline' retrieved from /opt/airflow/dags/minio_to_snowflake.py
[2026-04-01T09:36:11.745+0000] {logging_mixin.py:188} INFO - [2026-04-01T09:36:11.744+0000] {dag.py:3089} INFO - Sync 1 DAGs
[2026-04-01T09:36:11.857+0000] {logging_mixin.py:188} INFO - [2026-04-01T09:36:11.856+0000] {dag.py:3947} INFO - Setting next_dagrun for minio_to_snowflake_pipeline to 2026-04-01 09:30:00+00:00, run_after=2026-04-01 09:40:00+00:00
[2026-04-01T09:36:11.953+0000] {processor.py:183} INFO - Processing /opt/airflow/dags/minio_to_snowflake.py took 6.477 seconds
[2026-04-01T09:36:43.078+0000] {processor.py:161} INFO - Started process (PID=1250) to work on /opt/airflow/dags/minio_to_snowflake.py
[2026-04-01T09:36:43.081+0000] {processor.py:830} INFO - Processing file /opt/airflow/dags/minio_to_snowflake.py for tasks to queue
[2026-04-01T09:36:43.083+0000] {logging_mixin.py:188} INFO - [2026-04-01T09:36:43.082+0000] {dagbag.py:545} INFO - Filling up the DagBag from /opt/airflow/dags/minio_to_snowflake.py
[2026-04-01T09:36:44.713+0000] {processor.py:840} INFO - DAG(s) 'minio_to_snowflake_pipeline' retrieved from /opt/airflow/dags/minio_to_snowflake.py
[2026-04-01T09:36:44.746+0000] {logging_mixin.py:188} INFO - [2026-04-01T09:36:44.743+0000] {dag.py:3089} INFO - Sync 1 DAGs
[2026-04-01T09:36:44.769+0000] {logging_mixin.py:188} INFO - [2026-04-01T09:36:44.769+0000] {dag.py:3947} INFO - Setting next_dagrun for minio_to_snowflake_pipeline to 2026-04-01 09:30:00+00:00, run_after=2026-04-01 09:40:00+00:00
[2026-04-01T09:36:44.793+0000] {processor.py:183} INFO - Processing /opt/airflow/dags/minio_to_snowflake.py took 1.731 seconds
[2026-04-01T09:37:15.087+0000] {processor.py:161} INFO - Started process (PID=1257) to work on /opt/airflow/dags/minio_to_snowflake.py
[2026-04-01T09:37:15.089+0000] {processor.py:830} INFO - Processing file /opt/airflow/dags/minio_to_snowflake.py for tasks to queue
[2026-04-01T09:37:15.091+0000] {logging_mixin.py:188} INFO - [2026-04-01T09:37:15.090+0000] {dagbag.py:545} INFO - Filling up the DagBag from /opt/airflow/dags/minio_to_snowflake.py
[2026-04-01T09:37:16.393+0000] {processor.py:840} INFO - DAG(s) 'minio_to_snowflake_pipeline' retrieved from /opt/airflow/dags/minio_to_snowflake.py
[2026-04-01T09:37:16.466+0000] {logging_mixin.py:188} INFO - [2026-04-01T09:37:16.464+0000] {dag.py:3089} INFO - Sync 1 DAGs
[2026-04-01T09:37:16.562+0000] {logging_mixin.py:188} INFO - [2026-04-01T09:37:16.560+0000] {dag.py:3947} INFO - Setting next_dagrun for minio_to_snowflake_pipeline to 2026-04-01 09:30:00+00:00, run_after=2026-04-01 09:40:00+00:00
[2026-04-01T09:37:16.605+0000] {processor.py:183} INFO - Processing /opt/airflow/dags/minio_to_snowflake.py took 1.531 seconds
[2026-04-01T09:37:46.820+0000] {processor.py:161} INFO - Started process (PID=1264) to work on /opt/airflow/dags/minio_to_snowflake.py
[2026-04-01T09:37:46.826+0000] {processor.py:830} INFO - Processing file /opt/airflow/dags/minio_to_snowflake.py for tasks to queue
[2026-04-01T09:37:46.828+0000] {logging_mixin.py:188} INFO - [2026-04-01T09:37:46.828+0000] {dagbag.py:545} INFO - Filling up the DagBag from /opt/airflow/dags/minio_to_snowflake.py
[2026-04-01T09:37:47.911+0000] {processor.py:840} INFO - DAG(s) 'minio_to_snowflake_pipeline' retrieved from /opt/airflow/dags/minio_to_snowflake.py
[2026-04-01T09:37:47.943+0000] {logging_mixin.py:188} INFO - [2026-04-01T09:37:47.942+0000] {dag.py:3089} INFO - Sync 1 DAGs
[2026-04-01T09:37:47.969+0000] {logging_mixin.py:188} INFO - [2026-04-01T09:37:47.968+0000] {dag.py:3947} INFO - Setting next_dagrun for minio_to_snowflake_pipeline to 2026-04-01 09:30:00+00:00, run_after=2026-04-01 09:40:00+00:00
[2026-04-01T09:37:48.021+0000] {processor.py:183} INFO - Processing /opt/airflow/dags/minio_to_snowflake.py took 1.221 seconds
[2026-04-01T09:38:18.224+0000] {processor.py:161} INFO - Started process (PID=1271) to work on /opt/airflow/dags/minio_to_snowflake.py
[2026-04-01T09:38:18.226+0000] {processor.py:830} INFO - Processing file /opt/airflow/dags/minio_to_snowflake.py for tasks to queue
[2026-04-01T09:38:18.227+0000] {logging_mixin.py:188} INFO - [2026-04-01T09:38:18.227+0000] {dagbag.py:545} INFO - Filling up the DagBag from /opt/airflow/dags/minio_to_snowflake.py
[2026-04-01T09:38:19.489+0000] {processor.py:840} INFO - DAG(s) 'minio_to_snowflake_pipeline' retrieved from /opt/airflow/dags/minio_to_snowflake.py
[2026-04-01T09:38:19.523+0000] {logging_mixin.py:188} INFO - [2026-04-01T09:38:19.522+0000] {dag.py:3089} INFO - Sync 1 DAGs
[2026-04-01T09:38:19.545+0000] {logging_mixin.py:188} INFO - [2026-04-01T09:38:19.545+0000] {dag.py:3947} INFO - Setting next_dagrun for minio_to_snowflake_pipeline to 2026-04-01 09:30:00+00:00, run_after=2026-04-01 09:40:00+00:00
[2026-04-01T09:38:19.571+0000] {processor.py:183} INFO - Processing /opt/airflow/dags/minio_to_snowflake.py took 1.355 seconds
[2026-04-01T09:38:49.674+0000] {processor.py:161} INFO - Started process (PID=1278) to work on /opt/airflow/dags/minio_to_snowflake.py
[2026-04-01T09:38:49.676+0000] {processor.py:830} INFO - Processing file /opt/airflow/dags/minio_to_snowflake.py for tasks to queue
[2026-04-01T09:38:49.677+0000] {logging_mixin.py:188} INFO - [2026-04-01T09:38:49.677+0000] {dagbag.py:545} INFO - Filling up the DagBag from /opt/airflow/dags/minio_to_snowflake.py
[2026-04-01T09:38:51.050+0000] {processor.py:840} INFO - DAG(s) 'minio_to_snowflake_pipeline' retrieved from /opt/airflow/dags/minio_to_snowflake.py
[2026-04-01T09:38:51.091+0000] {logging_mixin.py:188} INFO - [2026-04-01T09:38:51.090+0000] {dag.py:3089} INFO - Sync 1 DAGs
[2026-04-01T09:38:51.122+0000] {logging_mixin.py:188} INFO - [2026-04-01T09:38:51.121+0000] {dag.py:3947} INFO - Setting next_dagrun for minio_to_snowflake_pipeline to 2026-04-01 09:30:00+00:00, run_after=2026-04-01 09:40:00+00:00
[2026-04-01T09:38:51.146+0000] {processor.py:183} INFO - Processing /opt/airflow/dags/minio_to_snowflake.py took 1.484 seconds
[2026-04-01T09:39:21.272+0000] {processor.py:161} INFO - Started process (PID=1285) to work on /opt/airflow/dags/minio_to_snowflake.py
[2026-04-01T09:39:21.274+0000] {processor.py:830} INFO - Processing file /opt/airflow/dags/minio_to_snowflake.py for tasks to queue
[2026-04-01T09:39:21.276+0000] {logging_mixin.py:188} INFO - [2026-04-01T09:39:21.275+0000] {dagbag.py:545} INFO - Filling up the DagBag from /opt/airflow/dags/minio_to_snowflake.py
[2026-04-01T09:39:23.290+0000] {processor.py:840} INFO - DAG(s) 'minio_to_snowflake_pipeline' retrieved from /opt/airflow/dags/minio_to_snowflake.py
[2026-04-01T09:39:23.362+0000] {logging_mixin.py:188} INFO - [2026-04-01T09:39:23.361+0000] {dag.py:3089} INFO - Sync 1 DAGs
[2026-04-01T09:39:23.465+0000] {logging_mixin.py:188} INFO - [2026-04-01T09:39:23.464+0000] {dag.py:3947} INFO - Setting next_dagrun for minio_to_snowflake_pipeline to 2026-04-01 09:30:00+00:00, run_after=2026-04-01 09:40:00+00:00
[2026-04-01T09:39:23.521+0000] {processor.py:183} INFO - Processing /opt/airflow/dags/minio_to_snowflake.py took 2.259 seconds
[2026-04-01T09:39:53.829+0000] {processor.py:161} INFO - Started process (PID=1292) to work on /opt/airflow/dags/minio_to_snowflake.py
[2026-04-01T09:39:53.830+0000] {processor.py:830} INFO - Processing file /opt/airflow/dags/minio_to_snowflake.py for tasks to queue
[2026-04-01T09:39:53.831+0000] {logging_mixin.py:188} INFO - [2026-04-01T09:39:53.831+0000] {dagbag.py:545} INFO - Filling up the DagBag from /opt/airflow/dags/minio_to_snowflake.py
[2026-04-01T09:39:54.959+0000] {processor.py:840} INFO - DAG(s) 'minio_to_snowflake_pipeline' retrieved from /opt/airflow/dags/minio_to_snowflake.py
[2026-04-01T09:39:54.993+0000] {logging_mixin.py:188} INFO - [2026-04-01T09:39:54.992+0000] {dag.py:3089} INFO - Sync 1 DAGs
[2026-04-01T09:39:55.025+0000] {logging_mixin.py:188} INFO - [2026-04-01T09:39:55.025+0000] {dag.py:3947} INFO - Setting next_dagrun for minio_to_snowflake_pipeline to 2026-04-01 09:30:00+00:00, run_after=2026-04-01 09:40:00+00:00
[2026-04-01T09:39:55.060+0000] {processor.py:183} INFO - Processing /opt/airflow/dags/minio_to_snowflake.py took 1.240 seconds
[2026-04-01T09:40:25.424+0000] {processor.py:161} INFO - Started process (PID=1303) to work on /opt/airflow/dags/minio_to_snowflake.py
[2026-04-01T09:40:25.427+0000] {processor.py:830} INFO - Processing file /opt/airflow/dags/minio_to_snowflake.py for tasks to queue
[2026-04-01T09:40:25.429+0000] {logging_mixin.py:188} INFO - [2026-04-01T09:40:25.428+0000] {dagbag.py:545} INFO - Filling up the DagBag from /opt/airflow/dags/minio_to_snowflake.py
[2026-04-01T09:40:26.869+0000] {processor.py:840} INFO - DAG(s) 'minio_to_snowflake_pipeline' retrieved from /opt/airflow/dags/minio_to_snowflake.py
[2026-04-01T09:40:26.899+0000] {logging_mixin.py:188} INFO - [2026-04-01T09:40:26.898+0000] {dag.py:3089} INFO - Sync 1 DAGs
[2026-04-01T09:40:26.924+0000] {logging_mixin.py:188} INFO - [2026-04-01T09:40:26.924+0000] {dag.py:3947} INFO - Setting next_dagrun for minio_to_snowflake_pipeline to 2026-04-01 09:40:00+00:00, run_after=2026-04-01 09:50:00+00:00
[2026-04-01T09:40:26.946+0000] {processor.py:183} INFO - Processing /opt/airflow/dags/minio_to_snowflake.py took 1.550 seconds
[2026-04-01T09:40:57.728+0000] {processor.py:161} INFO - Started process (PID=1310) to work on /opt/airflow/dags/minio_to_snowflake.py
[2026-04-01T09:40:57.767+0000] {processor.py:830} INFO - Processing file /opt/airflow/dags/minio_to_snowflake.py for tasks to queue
[2026-04-01T09:40:57.808+0000] {logging_mixin.py:188} INFO - [2026-04-01T09:40:57.807+0000] {dagbag.py:545} INFO - Filling up the DagBag from /opt/airflow/dags/minio_to_snowflake.py
[2026-04-01T09:41:00.372+0000] {processor.py:840} INFO - DAG(s) 'minio_to_snowflake_pipeline' retrieved from /opt/airflow/dags/minio_to_snowflake.py
[2026-04-01T09:41:00.410+0000] {logging_mixin.py:188} INFO - [2026-04-01T09:41:00.409+0000] {dag.py:3089} INFO - Sync 1 DAGs
[2026-04-01T09:41:00.439+0000] {logging_mixin.py:188} INFO - [2026-04-01T09:41:00.439+0000] {dag.py:3947} INFO - Setting next_dagrun for minio_to_snowflake_pipeline to 2026-04-01 09:40:00+00:00, run_after=2026-04-01 09:50:00+00:00
[2026-04-01T09:41:00.460+0000] {processor.py:183} INFO - Processing /opt/airflow/dags/minio_to_snowflake.py took 2.782 seconds
[2026-04-01T09:41:31.124+0000] {processor.py:161} INFO - Started process (PID=1317) to work on /opt/airflow/dags/minio_to_snowflake.py
[2026-04-01T09:41:31.126+0000] {processor.py:830} INFO - Processing file /opt/airflow/dags/minio_to_snowflake.py for tasks to queue
[2026-04-01T09:41:31.127+0000] {logging_mixin.py:188} INFO - [2026-04-01T09:41:31.127+0000] {dagbag.py:545} INFO - Filling up the DagBag from /opt/airflow/dags/minio_to_snowflake.py
[2026-04-01T09:41:32.527+0000] {processor.py:840} INFO - DAG(s) 'minio_to_snowflake_pipeline' retrieved from /opt/airflow/dags/minio_to_snowflake.py
[2026-04-01T09:41:32.579+0000] {logging_mixin.py:188} INFO - [2026-04-01T09:41:32.578+0000] {dag.py:3089} INFO - Sync 1 DAGs
[2026-04-01T09:41:32.623+0000] {logging_mixin.py:188} INFO - [2026-04-01T09:41:32.623+0000] {dag.py:3947} INFO - Setting next_dagrun for minio_to_snowflake_pipeline to 2026-04-01 09:40:00+00:00, run_after=2026-04-01 09:50:00+00:00
[2026-04-01T09:41:32.661+0000] {processor.py:183} INFO - Processing /opt/airflow/dags/minio_to_snowflake.py took 1.546 seconds
[2026-04-01T09:42:03.064+0000] {processor.py:161} INFO - Started process (PID=1324) to work on /opt/airflow/dags/minio_to_snowflake.py
[2026-04-01T09:42:03.069+0000] {processor.py:830} INFO - Processing file /opt/airflow/dags/minio_to_snowflake.py for tasks to queue
[2026-04-01T09:42:03.071+0000] {logging_mixin.py:188} INFO - [2026-04-01T09:42:03.071+0000] {dagbag.py:545} INFO - Filling up the DagBag from /opt/airflow/dags/minio_to_snowflake.py
[2026-04-01T09:42:04.308+0000] {processor.py:840} INFO - DAG(s) 'minio_to_snowflake_pipeline' retrieved from /opt/airflow/dags/minio_to_snowflake.py
[2026-04-01T09:42:04.342+0000] {logging_mixin.py:188} INFO - [2026-04-01T09:42:04.342+0000] {dag.py:3089} INFO - Sync 1 DAGs
[2026-04-01T09:42:04.372+0000] {logging_mixin.py:188} INFO - [2026-04-01T09:42:04.371+0000] {dag.py:3947} INFO - Setting next_dagrun for minio_to_snowflake_pipeline to 2026-04-01 09:40:00+00:00, run_after=2026-04-01 09:50:00+00:00
[2026-04-01T09:42:04.402+0000] {processor.py:183} INFO - Processing /opt/airflow/dags/minio_to_snowflake.py took 1.346 seconds
[2026-04-01T09:42:34.694+0000] {processor.py:161} INFO - Started process (PID=1331) to work on /opt/airflow/dags/minio_to_snowflake.py
[2026-04-01T09:42:34.696+0000] {processor.py:830} INFO - Processing file /opt/airflow/dags/minio_to_snowflake.py for tasks to queue
[2026-04-01T09:42:34.697+0000] {logging_mixin.py:188} INFO - [2026-04-01T09:42:34.697+0000] {dagbag.py:545} INFO - Filling up the DagBag from /opt/airflow/dags/minio_to_snowflake.py
[2026-04-01T09:42:35.820+0000] {processor.py:840} INFO - DAG(s) 'minio_to_snowflake_pipeline' retrieved from /opt/airflow/dags/minio_to_snowflake.py
[2026-04-01T09:42:35.853+0000] {logging_mixin.py:188} INFO - [2026-04-01T09:42:35.852+0000] {dag.py:3089} INFO - Sync 1 DAGs
[2026-04-01T09:42:35.880+0000] {logging_mixin.py:188} INFO - [2026-04-01T09:42:35.879+0000] {dag.py:3947} INFO - Setting next_dagrun for minio_to_snowflake_pipeline to 2026-04-01 09:40:00+00:00, run_after=2026-04-01 09:50:00+00:00
[2026-04-01T09:42:35.908+0000] {processor.py:183} INFO - Processing /opt/airflow/dags/minio_to_snowflake.py took 1.221 seconds
[2026-04-01T09:43:06.597+0000] {processor.py:161} INFO - Started process (PID=1338) to work on /opt/airflow/dags/minio_to_snowflake.py
[2026-04-01T09:43:06.599+0000] {processor.py:830} INFO - Processing file /opt/airflow/dags/minio_to_snowflake.py for tasks to queue
[2026-04-01T09:43:06.604+0000] {logging_mixin.py:188} INFO - [2026-04-01T09:43:06.603+0000] {dagbag.py:545} INFO - Filling up the DagBag from /opt/airflow/dags/minio_to_snowflake.py
[2026-04-01T09:43:09.167+0000] {processor.py:840} INFO - DAG(s) 'minio_to_snowflake_pipeline' retrieved from /opt/airflow/dags/minio_to_snowflake.py
[2026-04-01T09:43:09.241+0000] {logging_mixin.py:188} INFO - [2026-04-01T09:43:09.241+0000] {dag.py:3089} INFO - Sync 1 DAGs
[2026-04-01T09:43:09.283+0000] {logging_mixin.py:188} INFO - [2026-04-01T09:43:09.281+0000] {dag.py:3947} INFO - Setting next_dagrun for minio_to_snowflake_pipeline to 2026-04-01 09:40:00+00:00, run_after=2026-04-01 09:50:00+00:00
[2026-04-01T09:43:09.327+0000] {processor.py:183} INFO - Processing /opt/airflow/dags/minio_to_snowflake.py took 2.750 seconds
[2026-04-01T09:43:39.646+0000] {processor.py:161} INFO - Started process (PID=1345) to work on /opt/airflow/dags/minio_to_snowflake.py
[2026-04-01T09:43:39.647+0000] {processor.py:830} INFO - Processing file /opt/airflow/dags/minio_to_snowflake.py for tasks to queue
[2026-04-01T09:43:39.649+0000] {logging_mixin.py:188} INFO - [2026-04-01T09:43:39.648+0000] {dagbag.py:545} INFO - Filling up the DagBag from /opt/airflow/dags/minio_to_snowflake.py
[2026-04-01T09:43:41.026+0000] {processor.py:840} INFO - DAG(s) 'minio_to_snowflake_pipeline' retrieved from /opt/airflow/dags/minio_to_snowflake.py
[2026-04-01T09:43:41.076+0000] {logging_mixin.py:188} INFO - [2026-04-01T09:43:41.075+0000] {dag.py:3089} INFO - Sync 1 DAGs
[2026-04-01T09:43:41.111+0000] {logging_mixin.py:188} INFO - [2026-04-01T09:43:41.111+0000] {dag.py:3947} INFO - Setting next_dagrun for minio_to_snowflake_pipeline to 2026-04-01 09:40:00+00:00, run_after=2026-04-01 09:50:00+00:00
[2026-04-01T09:43:41.156+0000] {processor.py:183} INFO - Processing /opt/airflow/dags/minio_to_snowflake.py took 1.527 seconds
[2026-04-01T09:44:11.683+0000] {processor.py:161} INFO - Started process (PID=1352) to work on /opt/airflow/dags/minio_to_snowflake.py
[2026-04-01T09:44:11.685+0000] {processor.py:830} INFO - Processing file /opt/airflow/dags/minio_to_snowflake.py for tasks to queue
[2026-04-01T09:44:11.688+0000] {logging_mixin.py:188} INFO - [2026-04-01T09:44:11.687+0000] {dagbag.py:545} INFO - Filling up the DagBag from /opt/airflow/dags/minio_to_snowflake.py
[2026-04-01T09:44:13.537+0000] {processor.py:840} INFO - DAG(s) 'minio_to_snowflake_pipeline' retrieved from /opt/airflow/dags/minio_to_snowflake.py
[2026-04-01T09:44:13.592+0000] {logging_mixin.py:188} INFO - [2026-04-01T09:44:13.591+0000] {dag.py:3089} INFO - Sync 1 DAGs
[2026-04-01T09:44:13.656+0000] {logging_mixin.py:188} INFO - [2026-04-01T09:44:13.656+0000] {dag.py:3947} INFO - Setting next_dagrun for minio_to_snowflake_pipeline to 2026-04-01 09:40:00+00:00, run_after=2026-04-01 09:50:00+00:00
[2026-04-01T09:44:13.702+0000] {processor.py:183} INFO - Processing /opt/airflow/dags/minio_to_snowflake.py took 2.030 seconds
[2026-04-01T09:44:43.944+0000] {processor.py:161} INFO - Started process (PID=1359) to work on /opt/airflow/dags/minio_to_snowflake.py
[2026-04-01T09:44:43.947+0000] {processor.py:830} INFO - Processing file /opt/airflow/dags/minio_to_snowflake.py for tasks to queue
[2026-04-01T09:44:43.950+0000] {logging_mixin.py:188} INFO - [2026-04-01T09:44:43.949+0000] {dagbag.py:545} INFO - Filling up the DagBag from /opt/airflow/dags/minio_to_snowflake.py
[2026-04-01T09:44:45.447+0000] {processor.py:840} INFO - DAG(s) 'minio_to_snowflake_pipeline' retrieved from /opt/airflow/dags/minio_to_snowflake.py
[2026-04-01T09:44:45.491+0000] {logging_mixin.py:188} INFO - [2026-04-01T09:44:45.490+0000] {dag.py:3089} INFO - Sync 1 DAGs
[2026-04-01T09:44:45.515+0000] {logging_mixin.py:188} INFO - [2026-04-01T09:44:45.515+0000] {dag.py:3947} INFO - Setting next_dagrun for minio_to_snowflake_pipeline to 2026-04-01 09:40:00+00:00, run_after=2026-04-01 09:50:00+00:00
[2026-04-01T09:44:45.540+0000] {processor.py:183} INFO - Processing /opt/airflow/dags/minio_to_snowflake.py took 1.613 seconds
[2026-04-01T09:45:15.903+0000] {processor.py:161} INFO - Started process (PID=1366) to work on /opt/airflow/dags/minio_to_snowflake.py
[2026-04-01T09:45:15.905+0000] {processor.py:830} INFO - Processing file /opt/airflow/dags/minio_to_snowflake.py for tasks to queue
[2026-04-01T09:45:15.907+0000] {logging_mixin.py:188} INFO - [2026-04-01T09:45:15.906+0000] {dagbag.py:545} INFO - Filling up the DagBag from /opt/airflow/dags/minio_to_snowflake.py
[2026-04-01T09:45:17.740+0000] {processor.py:840} INFO - DAG(s) 'minio_to_snowflake_pipeline' retrieved from /opt/airflow/dags/minio_to_snowflake.py
[2026-04-01T09:45:17.771+0000] {logging_mixin.py:188} INFO - [2026-04-01T09:45:17.769+0000] {dag.py:3089} INFO - Sync 1 DAGs
[2026-04-01T09:45:17.792+0000] {logging_mixin.py:188} INFO - [2026-04-01T09:45:17.792+0000] {dag.py:3947} INFO - Setting next_dagrun for minio_to_snowflake_pipeline to 2026-04-01 09:40:00+00:00, run_after=2026-04-01 09:50:00+00:00
[2026-04-01T09:45:17.829+0000] {processor.py:183} INFO - Processing /opt/airflow/dags/minio_to_snowflake.py took 1.935 seconds
[2026-04-01T09:45:48.121+0000] {processor.py:161} INFO - Started process (PID=1373) to work on /opt/airflow/dags/minio_to_snowflake.py
[2026-04-01T09:45:48.123+0000] {processor.py:830} INFO - Processing file /opt/airflow/dags/minio_to_snowflake.py for tasks to queue
[2026-04-01T09:45:48.125+0000] {logging_mixin.py:188} INFO - [2026-04-01T09:45:48.125+0000] {dagbag.py:545} INFO - Filling up the DagBag from /opt/airflow/dags/minio_to_snowflake.py
[2026-04-01T09:45:49.624+0000] {processor.py:840} INFO - DAG(s) 'minio_to_snowflake_pipeline' retrieved from /opt/airflow/dags/minio_to_snowflake.py
[2026-04-01T09:45:49.673+0000] {logging_mixin.py:188} INFO - [2026-04-01T09:45:49.672+0000] {dag.py:3089} INFO - Sync 1 DAGs
[2026-04-01T09:45:49.698+0000] {logging_mixin.py:188} INFO - [2026-04-01T09:45:49.698+0000] {dag.py:3947} INFO - Setting next_dagrun for minio_to_snowflake_pipeline to 2026-04-01 09:40:00+00:00, run_after=2026-04-01 09:50:00+00:00
[2026-04-01T09:45:49.723+0000] {processor.py:183} INFO - Processing /opt/airflow/dags/minio_to_snowflake.py took 1.613 seconds
[2026-04-01T09:46:20.329+0000] {processor.py:161} INFO - Started process (PID=1380) to work on /opt/airflow/dags/minio_to_snowflake.py
[2026-04-01T09:46:20.338+0000] {processor.py:830} INFO - Processing file /opt/airflow/dags/minio_to_snowflake.py for tasks to queue
[2026-04-01T09:46:20.341+0000] {logging_mixin.py:188} INFO - [2026-04-01T09:46:20.340+0000] {dagbag.py:545} INFO - Filling up the DagBag from /opt/airflow/dags/minio_to_snowflake.py
[2026-04-01T09:46:22.227+0000] {processor.py:840} INFO - DAG(s) 'minio_to_snowflake_pipeline' retrieved from /opt/airflow/dags/minio_to_snowflake.py
[2026-04-01T09:46:22.273+0000] {logging_mixin.py:188} INFO - [2026-04-01T09:46:22.272+0000] {dag.py:3089} INFO - Sync 1 DAGs
[2026-04-01T09:46:22.346+0000] {logging_mixin.py:188} INFO - [2026-04-01T09:46:22.346+0000] {dag.py:3947} INFO - Setting next_dagrun for minio_to_snowflake_pipeline to 2026-04-01 09:40:00+00:00, run_after=2026-04-01 09:50:00+00:00
[2026-04-01T09:46:22.473+0000] {processor.py:183} INFO - Processing /opt/airflow/dags/minio_to_snowflake.py took 2.164 seconds
[2026-04-01T09:46:52.993+0000] {processor.py:161} INFO - Started process (PID=1387) to work on /opt/airflow/dags/minio_to_snowflake.py
[2026-04-01T09:46:52.996+0000] {processor.py:830} INFO - Processing file /opt/airflow/dags/minio_to_snowflake.py for tasks to queue
[2026-04-01T09:46:53.002+0000] {logging_mixin.py:188} INFO - [2026-04-01T09:46:53.000+0000] {dagbag.py:545} INFO - Filling up the DagBag from /opt/airflow/dags/minio_to_snowflake.py
[2026-04-01T09:46:54.646+0000] {processor.py:840} INFO - DAG(s) 'minio_to_snowflake_pipeline' retrieved from /opt/airflow/dags/minio_to_snowflake.py
[2026-04-01T09:46:54.700+0000] {logging_mixin.py:188} INFO - [2026-04-01T09:46:54.698+0000] {dag.py:3089} INFO - Sync 1 DAGs
[2026-04-01T09:46:54.739+0000] {logging_mixin.py:188} INFO - [2026-04-01T09:46:54.739+0000] {dag.py:3947} INFO - Setting next_dagrun for minio_to_snowflake_pipeline to 2026-04-01 09:40:00+00:00, run_after=2026-04-01 09:50:00+00:00
[2026-04-01T09:46:54.947+0000] {processor.py:183} INFO - Processing /opt/airflow/dags/minio_to_snowflake.py took 1.970 seconds
[2026-04-01T09:47:25.587+0000] {processor.py:161} INFO - Started process (PID=1394) to work on /opt/airflow/dags/minio_to_snowflake.py
[2026-04-01T09:47:25.589+0000] {processor.py:830} INFO - Processing file /opt/airflow/dags/minio_to_snowflake.py for tasks to queue
[2026-04-01T09:47:25.590+0000] {logging_mixin.py:188} INFO - [2026-04-01T09:47:25.590+0000] {dagbag.py:545} INFO - Filling up the DagBag from /opt/airflow/dags/minio_to_snowflake.py
[2026-04-01T09:47:27.099+0000] {processor.py:840} INFO - DAG(s) 'minio_to_snowflake_pipeline' retrieved from /opt/airflow/dags/minio_to_snowflake.py
[2026-04-01T09:47:27.133+0000] {logging_mixin.py:188} INFO - [2026-04-01T09:47:27.132+0000] {dag.py:3089} INFO - Sync 1 DAGs
[2026-04-01T09:47:27.159+0000] {logging_mixin.py:188} INFO - [2026-04-01T09:47:27.159+0000] {dag.py:3947} INFO - Setting next_dagrun for minio_to_snowflake_pipeline to 2026-04-01 09:40:00+00:00, run_after=2026-04-01 09:50:00+00:00
[2026-04-01T09:47:27.189+0000] {processor.py:183} INFO - Processing /opt/airflow/dags/minio_to_snowflake.py took 1.618 seconds
[2026-04-01T09:47:57.608+0000] {processor.py:161} INFO - Started process (PID=1401) to work on /opt/airflow/dags/minio_to_snowflake.py
[2026-04-01T09:47:57.611+0000] {processor.py:830} INFO - Processing file /opt/airflow/dags/minio_to_snowflake.py for tasks to queue
[2026-04-01T09:47:57.614+0000] {logging_mixin.py:188} INFO - [2026-04-01T09:47:57.613+0000] {dagbag.py:545} INFO - Filling up the DagBag from /opt/airflow/dags/minio_to_snowflake.py
[2026-04-01T09:47:59.455+0000] {processor.py:840} INFO - DAG(s) 'minio_to_snowflake_pipeline' retrieved from /opt/airflow/dags/minio_to_snowflake.py
[2026-04-01T09:47:59.493+0000] {logging_mixin.py:188} INFO - [2026-04-01T09:47:59.492+0000] {dag.py:3089} INFO - Sync 1 DAGs
[2026-04-01T09:47:59.538+0000] {logging_mixin.py:188} INFO - [2026-04-01T09:47:59.537+0000] {dag.py:3947} INFO - Setting next_dagrun for minio_to_snowflake_pipeline to 2026-04-01 09:40:00+00:00, run_after=2026-04-01 09:50:00+00:00
[2026-04-01T09:47:59.571+0000] {processor.py:183} INFO - Processing /opt/airflow/dags/minio_to_snowflake.py took 1.993 seconds
[2026-04-01T09:48:29.856+0000] {processor.py:161} INFO - Started process (PID=1408) to work on /opt/airflow/dags/minio_to_snowflake.py
[2026-04-01T09:48:29.858+0000] {processor.py:830} INFO - Processing file /opt/airflow/dags/minio_to_snowflake.py for tasks to queue
[2026-04-01T09:48:29.860+0000] {logging_mixin.py:188} INFO - [2026-04-01T09:48:29.859+0000] {dagbag.py:545} INFO - Filling up the DagBag from /opt/airflow/dags/minio_to_snowflake.py
[2026-04-01T09:48:30.976+0000] {processor.py:840} INFO - DAG(s) 'minio_to_snowflake_pipeline' retrieved from /opt/airflow/dags/minio_to_snowflake.py
[2026-04-01T09:48:31.068+0000] {logging_mixin.py:188} INFO - [2026-04-01T09:48:31.067+0000] {dag.py:3089} INFO - Sync 1 DAGs
[2026-04-01T09:48:31.126+0000] {logging_mixin.py:188} INFO - [2026-04-01T09:48:31.125+0000] {dag.py:3947} INFO - Setting next_dagrun for minio_to_snowflake_pipeline to 2026-04-01 09:40:00+00:00, run_after=2026-04-01 09:50:00+00:00
[2026-04-01T09:48:31.209+0000] {processor.py:183} INFO - Processing /opt/airflow/dags/minio_to_snowflake.py took 1.362 seconds
[2026-04-01T09:49:01.577+0000] {processor.py:161} INFO - Started process (PID=1415) to work on /opt/airflow/dags/minio_to_snowflake.py
[2026-04-01T09:49:01.579+0000] {processor.py:830} INFO - Processing file /opt/airflow/dags/minio_to_snowflake.py for tasks to queue
[2026-04-01T09:49:01.581+0000] {logging_mixin.py:188} INFO - [2026-04-01T09:49:01.580+0000] {dagbag.py:545} INFO - Filling up the DagBag from /opt/airflow/dags/minio_to_snowflake.py
[2026-04-01T09:49:02.754+0000] {processor.py:840} INFO - DAG(s) 'minio_to_snowflake_pipeline' retrieved from /opt/airflow/dags/minio_to_snowflake.py
[2026-04-01T09:49:02.783+0000] {logging_mixin.py:188} INFO - [2026-04-01T09:49:02.782+0000] {dag.py:3089} INFO - Sync 1 DAGs
[2026-04-01T09:49:02.806+0000] {logging_mixin.py:188} INFO - [2026-04-01T09:49:02.805+0000] {dag.py:3947} INFO - Setting next_dagrun for minio_to_snowflake_pipeline to 2026-04-01 09:40:00+00:00, run_after=2026-04-01 09:50:00+00:00
[2026-04-01T09:49:02.832+0000] {processor.py:183} INFO - Processing /opt/airflow/dags/minio_to_snowflake.py took 1.263 seconds
[2026-04-01T09:49:33.124+0000] {processor.py:161} INFO - Started process (PID=1422) to work on /opt/airflow/dags/minio_to_snowflake.py
[2026-04-01T09:49:33.126+0000] {processor.py:830} INFO - Processing file /opt/airflow/dags/minio_to_snowflake.py for tasks to queue
[2026-04-01T09:49:33.127+0000] {logging_mixin.py:188} INFO - [2026-04-01T09:49:33.127+0000] {dagbag.py:545} INFO - Filling up the DagBag from /opt/airflow/dags/minio_to_snowflake.py
[2026-04-01T09:49:34.373+0000] {processor.py:840} INFO - DAG(s) 'minio_to_snowflake_pipeline' retrieved from /opt/airflow/dags/minio_to_snowflake.py
[2026-04-01T09:49:34.408+0000] {logging_mixin.py:188} INFO - [2026-04-01T09:49:34.407+0000] {dag.py:3089} INFO - Sync 1 DAGs
[2026-04-01T09:49:34.441+0000] {logging_mixin.py:188} INFO - [2026-04-01T09:49:34.441+0000] {dag.py:3947} INFO - Setting next_dagrun for minio_to_snowflake_pipeline to 2026-04-01 09:40:00+00:00, run_after=2026-04-01 09:50:00+00:00
[2026-04-01T09:49:34.469+0000] {processor.py:183} INFO - Processing /opt/airflow/dags/minio_to_snowflake.py took 1.357 seconds
[2026-04-01T09:50:04.752+0000] {processor.py:161} INFO - Started process (PID=1433) to work on /opt/airflow/dags/minio_to_snowflake.py
[2026-04-01T09:50:04.753+0000] {processor.py:830} INFO - Processing file /opt/airflow/dags/minio_to_snowflake.py for tasks to queue
[2026-04-01T09:50:04.755+0000] {logging_mixin.py:188} INFO - [2026-04-01T09:50:04.754+0000] {dagbag.py:545} INFO - Filling up the DagBag from /opt/airflow/dags/minio_to_snowflake.py
[2026-04-01T09:50:05.879+0000] {processor.py:840} INFO - DAG(s) 'minio_to_snowflake_pipeline' retrieved from /opt/airflow/dags/minio_to_snowflake.py
[2026-04-01T09:50:05.911+0000] {logging_mixin.py:188} INFO - [2026-04-01T09:50:05.910+0000] {dag.py:3089} INFO - Sync 1 DAGs
[2026-04-01T09:50:05.940+0000] {logging_mixin.py:188} INFO - [2026-04-01T09:50:05.940+0000] {dag.py:3947} INFO - Setting next_dagrun for minio_to_snowflake_pipeline to 2026-04-01 09:50:00+00:00, run_after=2026-04-01 10:00:00+00:00
[2026-04-01T09:50:05.974+0000] {processor.py:183} INFO - Processing /opt/airflow/dags/minio_to_snowflake.py took 1.233 seconds
[2026-04-01T09:50:36.311+0000] {processor.py:161} INFO - Started process (PID=1440) to work on /opt/airflow/dags/minio_to_snowflake.py
[2026-04-01T09:50:36.313+0000] {processor.py:830} INFO - Processing file /opt/airflow/dags/minio_to_snowflake.py for tasks to queue
[2026-04-01T09:50:36.316+0000] {logging_mixin.py:188} INFO - [2026-04-01T09:50:36.315+0000] {dagbag.py:545} INFO - Filling up the DagBag from /opt/airflow/dags/minio_to_snowflake.py
[2026-04-01T09:50:38.119+0000] {processor.py:840} INFO - DAG(s) 'minio_to_snowflake_pipeline' retrieved from /opt/airflow/dags/minio_to_snowflake.py
[2026-04-01T09:50:38.155+0000] {logging_mixin.py:188} INFO - [2026-04-01T09:50:38.154+0000] {dag.py:3089} INFO - Sync 1 DAGs
[2026-04-01T09:50:38.186+0000] {logging_mixin.py:188} INFO - [2026-04-01T09:50:38.185+0000] {dag.py:3947} INFO - Setting next_dagrun for minio_to_snowflake_pipeline to 2026-04-01 09:50:00+00:00, run_after=2026-04-01 10:00:00+00:00
[2026-04-01T09:50:38.227+0000] {processor.py:183} INFO - Processing /opt/airflow/dags/minio_to_snowflake.py took 1.930 seconds
[2026-04-01T09:51:08.525+0000] {processor.py:161} INFO - Started process (PID=1447) to work on /opt/airflow/dags/minio_to_snowflake.py
[2026-04-01T09:51:08.527+0000] {processor.py:830} INFO - Processing file /opt/airflow/dags/minio_to_snowflake.py for tasks to queue
[2026-04-01T09:51:08.529+0000] {logging_mixin.py:188} INFO - [2026-04-01T09:51:08.528+0000] {dagbag.py:545} INFO - Filling up the DagBag from /opt/airflow/dags/minio_to_snowflake.py
[2026-04-01T09:51:09.903+0000] {processor.py:840} INFO - DAG(s) 'minio_to_snowflake_pipeline' retrieved from /opt/airflow/dags/minio_to_snowflake.py
[2026-04-01T09:51:09.976+0000] {logging_mixin.py:188} INFO - [2026-04-01T09:51:09.975+0000] {dag.py:3089} INFO - Sync 1 DAGs
[2026-04-01T09:51:10.036+0000] {logging_mixin.py:188} INFO - [2026-04-01T09:51:10.036+0000] {dag.py:3947} INFO - Setting next_dagrun for minio_to_snowflake_pipeline to 2026-04-01 09:50:00+00:00, run_after=2026-04-01 10:00:00+00:00
[2026-04-01T09:51:10.094+0000] {processor.py:183} INFO - Processing /opt/airflow/dags/minio_to_snowflake.py took 1.580 seconds
[2026-04-01T09:51:40.498+0000] {processor.py:161} INFO - Started process (PID=1454) to work on /opt/airflow/dags/minio_to_snowflake.py
[2026-04-01T09:51:40.500+0000] {processor.py:830} INFO - Processing file /opt/airflow/dags/minio_to_snowflake.py for tasks to queue
[2026-04-01T09:51:40.503+0000] {logging_mixin.py:188} INFO - [2026-04-01T09:51:40.503+0000] {dagbag.py:545} INFO - Filling up the DagBag from /opt/airflow/dags/minio_to_snowflake.py
[2026-04-01T09:51:41.656+0000] {processor.py:840} INFO - DAG(s) 'minio_to_snowflake_pipeline' retrieved from /opt/airflow/dags/minio_to_snowflake.py
[2026-04-01T09:51:41.688+0000] {logging_mixin.py:188} INFO - [2026-04-01T09:51:41.688+0000] {dag.py:3089} INFO - Sync 1 DAGs
[2026-04-01T09:51:41.713+0000] {logging_mixin.py:188} INFO - [2026-04-01T09:51:41.713+0000] {dag.py:3947} INFO - Setting next_dagrun for minio_to_snowflake_pipeline to 2026-04-01 09:50:00+00:00, run_after=2026-04-01 10:00:00+00:00
[2026-04-01T09:51:41.737+0000] {processor.py:183} INFO - Processing /opt/airflow/dags/minio_to_snowflake.py took 1.256 seconds
[2026-04-01T09:52:11.971+0000] {processor.py:161} INFO - Started process (PID=1461) to work on /opt/airflow/dags/minio_to_snowflake.py
[2026-04-01T09:52:11.973+0000] {processor.py:830} INFO - Processing file /opt/airflow/dags/minio_to_snowflake.py for tasks to queue
[2026-04-01T09:52:11.974+0000] {logging_mixin.py:188} INFO - [2026-04-01T09:52:11.974+0000] {dagbag.py:545} INFO - Filling up the DagBag from /opt/airflow/dags/minio_to_snowflake.py
[2026-04-01T09:52:13.271+0000] {processor.py:840} INFO - DAG(s) 'minio_to_snowflake_pipeline' retrieved from /opt/airflow/dags/minio_to_snowflake.py
[2026-04-01T09:52:13.328+0000] {logging_mixin.py:188} INFO - [2026-04-01T09:52:13.327+0000] {dag.py:3089} INFO - Sync 1 DAGs
[2026-04-01T09:52:13.357+0000] {logging_mixin.py:188} INFO - [2026-04-01T09:52:13.357+0000] {dag.py:3947} INFO - Setting next_dagrun for minio_to_snowflake_pipeline to 2026-04-01 09:50:00+00:00, run_after=2026-04-01 10:00:00+00:00
[2026-04-01T09:52:13.384+0000] {processor.py:183} INFO - Processing /opt/airflow/dags/minio_to_snowflake.py took 1.423 seconds
[2026-04-01T09:52:43.746+0000] {processor.py:161} INFO - Started process (PID=1468) to work on /opt/airflow/dags/minio_to_snowflake.py
[2026-04-01T09:52:43.749+0000] {processor.py:830} INFO - Processing file /opt/airflow/dags/minio_to_snowflake.py for tasks to queue
[2026-04-01T09:52:43.751+0000] {logging_mixin.py:188} INFO - [2026-04-01T09:52:43.750+0000] {dagbag.py:545} INFO - Filling up the DagBag from /opt/airflow/dags/minio_to_snowflake.py
[2026-04-01T09:52:45.155+0000] {processor.py:840} INFO - DAG(s) 'minio_to_snowflake_pipeline' retrieved from /opt/airflow/dags/minio_to_snowflake.py
[2026-04-01T09:52:45.192+0000] {logging_mixin.py:188} INFO - [2026-04-01T09:52:45.191+0000] {dag.py:3089} INFO - Sync 1 DAGs
[2026-04-01T09:52:45.224+0000] {logging_mixin.py:188} INFO - [2026-04-01T09:52:45.224+0000] {dag.py:3947} INFO - Setting next_dagrun for minio_to_snowflake_pipeline to 2026-04-01 09:50:00+00:00, run_after=2026-04-01 10:00:00+00:00
[2026-04-01T09:52:45.253+0000] {processor.py:183} INFO - Processing /opt/airflow/dags/minio_to_snowflake.py took 1.514 seconds
[2026-04-01T09:53:15.525+0000] {processor.py:161} INFO - Started process (PID=1475) to work on /opt/airflow/dags/minio_to_snowflake.py
[2026-04-01T09:53:15.526+0000] {processor.py:830} INFO - Processing file /opt/airflow/dags/minio_to_snowflake.py for tasks to queue
[2026-04-01T09:53:15.528+0000] {logging_mixin.py:188} INFO - [2026-04-01T09:53:15.528+0000] {dagbag.py:545} INFO - Filling up the DagBag from /opt/airflow/dags/minio_to_snowflake.py
[2026-04-01T09:53:17.783+0000] {processor.py:840} INFO - DAG(s) 'minio_to_snowflake_pipeline' retrieved from /opt/airflow/dags/minio_to_snowflake.py
[2026-04-01T09:53:17.818+0000] {logging_mixin.py:188} INFO - [2026-04-01T09:53:17.817+0000] {dag.py:3089} INFO - Sync 1 DAGs
[2026-04-01T09:53:17.842+0000] {logging_mixin.py:188} INFO - [2026-04-01T09:53:17.842+0000] {dag.py:3947} INFO - Setting next_dagrun for minio_to_snowflake_pipeline to 2026-04-01 09:50:00+00:00, run_after=2026-04-01 10:00:00+00:00
[2026-04-01T09:53:17.869+0000] {processor.py:183} INFO - Processing /opt/airflow/dags/minio_to_snowflake.py took 2.357 seconds
[2026-04-01T09:53:48.159+0000] {processor.py:161} INFO - Started process (PID=1482) to work on /opt/airflow/dags/minio_to_snowflake.py
[2026-04-01T09:53:48.160+0000] {processor.py:830} INFO - Processing file /opt/airflow/dags/minio_to_snowflake.py for tasks to queue
[2026-04-01T09:53:48.162+0000] {logging_mixin.py:188} INFO - [2026-04-01T09:53:48.161+0000] {dagbag.py:545} INFO - Filling up the DagBag from /opt/airflow/dags/minio_to_snowflake.py
[2026-04-01T09:53:49.523+0000] {processor.py:840} INFO - DAG(s) 'minio_to_snowflake_pipeline' retrieved from /opt/airflow/dags/minio_to_snowflake.py
[2026-04-01T09:53:49.586+0000] {logging_mixin.py:188} INFO - [2026-04-01T09:53:49.584+0000] {dag.py:3089} INFO - Sync 1 DAGs
[2026-04-01T09:53:49.639+0000] {logging_mixin.py:188} INFO - [2026-04-01T09:53:49.638+0000] {dag.py:3947} INFO - Setting next_dagrun for minio_to_snowflake_pipeline to 2026-04-01 09:50:00+00:00, run_after=2026-04-01 10:00:00+00:00
[2026-04-01T09:53:49.715+0000] {processor.py:183} INFO - Processing /opt/airflow/dags/minio_to_snowflake.py took 1.567 seconds
[2026-04-01T09:54:20.037+0000] {processor.py:161} INFO - Started process (PID=1489) to work on /opt/airflow/dags/minio_to_snowflake.py
[2026-04-01T09:54:20.039+0000] {processor.py:830} INFO - Processing file /opt/airflow/dags/minio_to_snowflake.py for tasks to queue
[2026-04-01T09:54:20.041+0000] {logging_mixin.py:188} INFO - [2026-04-01T09:54:20.041+0000] {dagbag.py:545} INFO - Filling up the DagBag from /opt/airflow/dags/minio_to_snowflake.py
[2026-04-01T09:54:21.293+0000] {processor.py:840} INFO - DAG(s) 'minio_to_snowflake_pipeline' retrieved from /opt/airflow/dags/minio_to_snowflake.py
[2026-04-01T09:54:21.329+0000] {logging_mixin.py:188} INFO - [2026-04-01T09:54:21.329+0000] {dag.py:3089} INFO - Sync 1 DAGs
[2026-04-01T09:54:21.359+0000] {logging_mixin.py:188} INFO - [2026-04-01T09:54:21.359+0000] {dag.py:3947} INFO - Setting next_dagrun for minio_to_snowflake_pipeline to 2026-04-01 09:50:00+00:00, run_after=2026-04-01 10:00:00+00:00
[2026-04-01T09:54:21.388+0000] {processor.py:183} INFO - Processing /opt/airflow/dags/minio_to_snowflake.py took 1.360 seconds
[2026-04-01T09:54:51.706+0000] {processor.py:161} INFO - Started process (PID=1496) to work on /opt/airflow/dags/minio_to_snowflake.py
[2026-04-01T09:54:51.708+0000] {processor.py:830} INFO - Processing file /opt/airflow/dags/minio_to_snowflake.py for tasks to queue
[2026-04-01T09:54:51.709+0000] {logging_mixin.py:188} INFO - [2026-04-01T09:54:51.709+0000] {dagbag.py:545} INFO - Filling up the DagBag from /opt/airflow/dags/minio_to_snowflake.py
[2026-04-01T09:54:53.055+0000] {processor.py:840} INFO - DAG(s) 'minio_to_snowflake_pipeline' retrieved from /opt/airflow/dags/minio_to_snowflake.py
[2026-04-01T09:54:53.098+0000] {logging_mixin.py:188} INFO - [2026-04-01T09:54:53.097+0000] {dag.py:3089} INFO - Sync 1 DAGs
[2026-04-01T09:54:53.128+0000] {logging_mixin.py:188} INFO - [2026-04-01T09:54:53.128+0000] {dag.py:3947} INFO - Setting next_dagrun for minio_to_snowflake_pipeline to 2026-04-01 09:50:00+00:00, run_after=2026-04-01 10:00:00+00:00
[2026-04-01T09:54:53.159+0000] {processor.py:183} INFO - Processing /opt/airflow/dags/minio_to_snowflake.py took 1.460 seconds
[2026-04-01T09:55:23.521+0000] {processor.py:161} INFO - Started process (PID=1503) to work on /opt/airflow/dags/minio_to_snowflake.py
[2026-04-01T09:55:23.523+0000] {processor.py:830} INFO - Processing file /opt/airflow/dags/minio_to_snowflake.py for tasks to queue
[2026-04-01T09:55:23.525+0000] {logging_mixin.py:188} INFO - [2026-04-01T09:55:23.524+0000] {dagbag.py:545} INFO - Filling up the DagBag from /opt/airflow/dags/minio_to_snowflake.py
[2026-04-01T09:55:24.705+0000] {processor.py:840} INFO - DAG(s) 'minio_to_snowflake_pipeline' retrieved from /opt/airflow/dags/minio_to_snowflake.py
[2026-04-01T09:55:24.734+0000] {logging_mixin.py:188} INFO - [2026-04-01T09:55:24.734+0000] {dag.py:3089} INFO - Sync 1 DAGs
[2026-04-01T09:55:24.760+0000] {logging_mixin.py:188} INFO - [2026-04-01T09:55:24.760+0000] {dag.py:3947} INFO - Setting next_dagrun for minio_to_snowflake_pipeline to 2026-04-01 09:50:00+00:00, run_after=2026-04-01 10:00:00+00:00
[2026-04-01T09:55:24.785+0000] {processor.py:183} INFO - Processing /opt/airflow/dags/minio_to_snowflake.py took 1.275 seconds
[2026-04-01T09:55:55.049+0000] {processor.py:161} INFO - Started process (PID=1510) to work on /opt/airflow/dags/minio_to_snowflake.py
[2026-04-01T09:55:55.051+0000] {processor.py:830} INFO - Processing file /opt/airflow/dags/minio_to_snowflake.py for tasks to queue
[2026-04-01T09:55:55.055+0000] {logging_mixin.py:188} INFO - [2026-04-01T09:55:55.053+0000] {dagbag.py:545} INFO - Filling up the DagBag from /opt/airflow/dags/minio_to_snowflake.py
[2026-04-01T09:55:56.942+0000] {processor.py:840} INFO - DAG(s) 'minio_to_snowflake_pipeline' retrieved from /opt/airflow/dags/minio_to_snowflake.py
[2026-04-01T09:55:57.103+0000] {logging_mixin.py:188} INFO - [2026-04-01T09:55:57.097+0000] {dag.py:3089} INFO - Sync 1 DAGs
[2026-04-01T09:55:57.189+0000] {logging_mixin.py:188} INFO - [2026-04-01T09:55:57.188+0000] {dag.py:3947} INFO - Setting next_dagrun for minio_to_snowflake_pipeline to 2026-04-01 09:50:00+00:00, run_after=2026-04-01 10:00:00+00:00
[2026-04-01T09:55:57.265+0000] {processor.py:183} INFO - Processing /opt/airflow/dags/minio_to_snowflake.py took 2.228 seconds
[2026-04-01T09:56:27.641+0000] {processor.py:161} INFO - Started process (PID=1517) to work on /opt/airflow/dags/minio_to_snowflake.py
[2026-04-01T09:56:27.643+0000] {processor.py:830} INFO - Processing file /opt/airflow/dags/minio_to_snowflake.py for tasks to queue
[2026-04-01T09:56:27.644+0000] {logging_mixin.py:188} INFO - [2026-04-01T09:56:27.644+0000] {dagbag.py:545} INFO - Filling up the DagBag from /opt/airflow/dags/minio_to_snowflake.py
[2026-04-01T09:56:28.793+0000] {processor.py:840} INFO - DAG(s) 'minio_to_snowflake_pipeline' retrieved from /opt/airflow/dags/minio_to_snowflake.py
[2026-04-01T09:56:28.824+0000] {logging_mixin.py:188} INFO - [2026-04-01T09:56:28.823+0000] {dag.py:3089} INFO - Sync 1 DAGs
[2026-04-01T09:56:28.847+0000] {logging_mixin.py:188} INFO - [2026-04-01T09:56:28.846+0000] {dag.py:3947} INFO - Setting next_dagrun for minio_to_snowflake_pipeline to 2026-04-01 09:50:00+00:00, run_after=2026-04-01 10:00:00+00:00
[2026-04-01T09:56:28.871+0000] {processor.py:183} INFO - Processing /opt/airflow/dags/minio_to_snowflake.py took 1.241 seconds
[2026-04-01T09:56:59.159+0000] {processor.py:161} INFO - Started process (PID=1524) to work on /opt/airflow/dags/minio_to_snowflake.py
[2026-04-01T09:56:59.161+0000] {processor.py:830} INFO - Processing file /opt/airflow/dags/minio_to_snowflake.py for tasks to queue
[2026-04-01T09:56:59.162+0000] {logging_mixin.py:188} INFO - [2026-04-01T09:56:59.162+0000] {dagbag.py:545} INFO - Filling up the DagBag from /opt/airflow/dags/minio_to_snowflake.py
[2026-04-01T09:57:00.547+0000] {processor.py:840} INFO - DAG(s) 'minio_to_snowflake_pipeline' retrieved from /opt/airflow/dags/minio_to_snowflake.py
[2026-04-01T09:57:00.584+0000] {logging_mixin.py:188} INFO - [2026-04-01T09:57:00.582+0000] {dag.py:3089} INFO - Sync 1 DAGs
[2026-04-01T09:57:00.611+0000] {logging_mixin.py:188} INFO - [2026-04-01T09:57:00.611+0000] {dag.py:3947} INFO - Setting next_dagrun for minio_to_snowflake_pipeline to 2026-04-01 09:50:00+00:00, run_after=2026-04-01 10:00:00+00:00
[2026-04-01T09:57:00.640+0000] {processor.py:183} INFO - Processing /opt/airflow/dags/minio_to_snowflake.py took 1.493 seconds
[2026-04-01T09:57:30.891+0000] {processor.py:161} INFO - Started process (PID=1531) to work on /opt/airflow/dags/minio_to_snowflake.py
[2026-04-01T09:57:30.893+0000] {processor.py:830} INFO - Processing file /opt/airflow/dags/minio_to_snowflake.py for tasks to queue
[2026-04-01T09:57:30.894+0000] {logging_mixin.py:188} INFO - [2026-04-01T09:57:30.894+0000] {dagbag.py:545} INFO - Filling up the DagBag from /opt/airflow/dags/minio_to_snowflake.py
[2026-04-01T09:57:32.125+0000] {processor.py:840} INFO - DAG(s) 'minio_to_snowflake_pipeline' retrieved from /opt/airflow/dags/minio_to_snowflake.py
[2026-04-01T09:57:32.161+0000] {logging_mixin.py:188} INFO - [2026-04-01T09:57:32.160+0000] {dag.py:3089} INFO - Sync 1 DAGs
[2026-04-01T09:57:32.194+0000] {logging_mixin.py:188} INFO - [2026-04-01T09:57:32.193+0000] {dag.py:3947} INFO - Setting next_dagrun for minio_to_snowflake_pipeline to 2026-04-01 09:50:00+00:00, run_after=2026-04-01 10:00:00+00:00
[2026-04-01T09:57:32.224+0000] {processor.py:183} INFO - Processing /opt/airflow/dags/minio_to_snowflake.py took 1.343 seconds
[2026-04-01T09:58:02.596+0000] {processor.py:161} INFO - Started process (PID=1538) to work on /opt/airflow/dags/minio_to_snowflake.py
[2026-04-01T09:58:02.599+0000] {processor.py:830} INFO - Processing file /opt/airflow/dags/minio_to_snowflake.py for tasks to queue
[2026-04-01T09:58:02.604+0000] {logging_mixin.py:188} INFO - [2026-04-01T09:58:02.601+0000] {dagbag.py:545} INFO - Filling up the DagBag from /opt/airflow/dags/minio_to_snowflake.py
[2026-04-01T09:58:03.867+0000] {processor.py:840} INFO - DAG(s) 'minio_to_snowflake_pipeline' retrieved from /opt/airflow/dags/minio_to_snowflake.py
[2026-04-01T09:58:03.904+0000] {logging_mixin.py:188} INFO - [2026-04-01T09:58:03.903+0000] {dag.py:3089} INFO - Sync 1 DAGs
[2026-04-01T09:58:03.931+0000] {logging_mixin.py:188} INFO - [2026-04-01T09:58:03.931+0000] {dag.py:3947} INFO - Setting next_dagrun for minio_to_snowflake_pipeline to 2026-04-01 09:50:00+00:00, run_after=2026-04-01 10:00:00+00:00
[2026-04-01T09:58:03.959+0000] {processor.py:183} INFO - Processing /opt/airflow/dags/minio_to_snowflake.py took 1.380 seconds
[2026-04-01T09:58:34.255+0000] {processor.py:161} INFO - Started process (PID=1545) to work on /opt/airflow/dags/minio_to_snowflake.py
[2026-04-01T09:58:34.257+0000] {processor.py:830} INFO - Processing file /opt/airflow/dags/minio_to_snowflake.py for tasks to queue
[2026-04-01T09:58:34.259+0000] {logging_mixin.py:188} INFO - [2026-04-01T09:58:34.259+0000] {dagbag.py:545} INFO - Filling up the DagBag from /opt/airflow/dags/minio_to_snowflake.py
[2026-04-01T09:58:35.515+0000] {processor.py:840} INFO - DAG(s) 'minio_to_snowflake_pipeline' retrieved from /opt/airflow/dags/minio_to_snowflake.py
[2026-04-01T09:58:35.556+0000] {logging_mixin.py:188} INFO - [2026-04-01T09:58:35.555+0000] {dag.py:3089} INFO - Sync 1 DAGs
[2026-04-01T09:58:35.581+0000] {logging_mixin.py:188} INFO - [2026-04-01T09:58:35.581+0000] {dag.py:3947} INFO - Setting next_dagrun for minio_to_snowflake_pipeline to 2026-04-01 09:50:00+00:00, run_after=2026-04-01 10:00:00+00:00
[2026-04-01T09:58:35.612+0000] {processor.py:183} INFO - Processing /opt/airflow/dags/minio_to_snowflake.py took 1.367 seconds
[2026-04-01T09:59:05.909+0000] {processor.py:161} INFO - Started process (PID=1552) to work on /opt/airflow/dags/minio_to_snowflake.py
[2026-04-01T09:59:05.911+0000] {processor.py:830} INFO - Processing file /opt/airflow/dags/minio_to_snowflake.py for tasks to queue
[2026-04-01T09:59:05.912+0000] {logging_mixin.py:188} INFO - [2026-04-01T09:59:05.912+0000] {dagbag.py:545} INFO - Filling up the DagBag from /opt/airflow/dags/minio_to_snowflake.py
[2026-04-01T09:59:08.175+0000] {processor.py:840} INFO - DAG(s) 'minio_to_snowflake_pipeline' retrieved from /opt/airflow/dags/minio_to_snowflake.py
[2026-04-01T09:59:08.259+0000] {logging_mixin.py:188} INFO - [2026-04-01T09:59:08.258+0000] {dag.py:3089} INFO - Sync 1 DAGs
[2026-04-01T09:59:08.317+0000] {logging_mixin.py:188} INFO - [2026-04-01T09:59:08.316+0000] {dag.py:3947} INFO - Setting next_dagrun for minio_to_snowflake_pipeline to 2026-04-01 09:50:00+00:00, run_after=2026-04-01 10:00:00+00:00
[2026-04-01T09:59:08.362+0000] {processor.py:183} INFO - Processing /opt/airflow/dags/minio_to_snowflake.py took 2.460 seconds
[2026-04-01T09:59:38.812+0000] {processor.py:161} INFO - Started process (PID=1559) to work on /opt/airflow/dags/minio_to_snowflake.py
[2026-04-01T09:59:38.813+0000] {processor.py:830} INFO - Processing file /opt/airflow/dags/minio_to_snowflake.py for tasks to queue
[2026-04-01T09:59:38.815+0000] {logging_mixin.py:188} INFO - [2026-04-01T09:59:38.814+0000] {dagbag.py:545} INFO - Filling up the DagBag from /opt/airflow/dags/minio_to_snowflake.py
[2026-04-01T09:59:40.186+0000] {processor.py:840} INFO - DAG(s) 'minio_to_snowflake_pipeline' retrieved from /opt/airflow/dags/minio_to_snowflake.py
[2026-04-01T09:59:40.228+0000] {logging_mixin.py:188} INFO - [2026-04-01T09:59:40.227+0000] {dag.py:3089} INFO - Sync 1 DAGs
[2026-04-01T09:59:40.257+0000] {logging_mixin.py:188} INFO - [2026-04-01T09:59:40.257+0000] {dag.py:3947} INFO - Setting next_dagrun for minio_to_snowflake_pipeline to 2026-04-01 09:50:00+00:00, run_after=2026-04-01 10:00:00+00:00
[2026-04-01T09:59:40.288+0000] {processor.py:183} INFO - Processing /opt/airflow/dags/minio_to_snowflake.py took 1.484 seconds
[2026-04-01T10:00:10.598+0000] {processor.py:161} INFO - Started process (PID=1570) to work on /opt/airflow/dags/minio_to_snowflake.py
[2026-04-01T10:00:10.600+0000] {processor.py:830} INFO - Processing file /opt/airflow/dags/minio_to_snowflake.py for tasks to queue
[2026-04-01T10:00:10.603+0000] {logging_mixin.py:188} INFO - [2026-04-01T10:00:10.603+0000] {dagbag.py:545} INFO - Filling up the DagBag from /opt/airflow/dags/minio_to_snowflake.py
[2026-04-01T10:00:11.869+0000] {processor.py:840} INFO - DAG(s) 'minio_to_snowflake_pipeline' retrieved from /opt/airflow/dags/minio_to_snowflake.py
[2026-04-01T10:00:11.900+0000] {logging_mixin.py:188} INFO - [2026-04-01T10:00:11.897+0000] {dag.py:3089} INFO - Sync 1 DAGs
[2026-04-01T10:00:11.925+0000] {logging_mixin.py:188} INFO - [2026-04-01T10:00:11.925+0000] {dag.py:3947} INFO - Setting next_dagrun for minio_to_snowflake_pipeline to 2026-04-01 10:00:00+00:00, run_after=2026-04-01 10:10:00+00:00
[2026-04-01T10:00:11.955+0000] {processor.py:183} INFO - Processing /opt/airflow/dags/minio_to_snowflake.py took 1.365 seconds
[2026-04-01T10:00:42.240+0000] {processor.py:161} INFO - Started process (PID=1577) to work on /opt/airflow/dags/minio_to_snowflake.py
[2026-04-01T10:00:42.242+0000] {processor.py:830} INFO - Processing file /opt/airflow/dags/minio_to_snowflake.py for tasks to queue
[2026-04-01T10:00:42.243+0000] {logging_mixin.py:188} INFO - [2026-04-01T10:00:42.243+0000] {dagbag.py:545} INFO - Filling up the DagBag from /opt/airflow/dags/minio_to_snowflake.py
[2026-04-01T10:00:44.293+0000] {processor.py:840} INFO - DAG(s) 'minio_to_snowflake_pipeline' retrieved from /opt/airflow/dags/minio_to_snowflake.py
[2026-04-01T10:00:44.344+0000] {logging_mixin.py:188} INFO - [2026-04-01T10:00:44.344+0000] {dag.py:3089} INFO - Sync 1 DAGs
[2026-04-01T10:00:44.391+0000] {logging_mixin.py:188} INFO - [2026-04-01T10:00:44.390+0000] {dag.py:3947} INFO - Setting next_dagrun for minio_to_snowflake_pipeline to 2026-04-01 10:00:00+00:00, run_after=2026-04-01 10:10:00+00:00
[2026-04-01T10:00:44.431+0000] {processor.py:183} INFO - Processing /opt/airflow/dags/minio_to_snowflake.py took 2.201 seconds
[2026-04-01T10:01:14.736+0000] {processor.py:161} INFO - Started process (PID=1584) to work on /opt/airflow/dags/minio_to_snowflake.py
[2026-04-01T10:01:14.741+0000] {processor.py:830} INFO - Processing file /opt/airflow/dags/minio_to_snowflake.py for tasks to queue
[2026-04-01T10:01:14.746+0000] {logging_mixin.py:188} INFO - [2026-04-01T10:01:14.745+0000] {dagbag.py:545} INFO - Filling up the DagBag from /opt/airflow/dags/minio_to_snowflake.py
[2026-04-01T10:01:16.190+0000] {processor.py:840} INFO - DAG(s) 'minio_to_snowflake_pipeline' retrieved from /opt/airflow/dags/minio_to_snowflake.py
[2026-04-01T10:01:16.226+0000] {logging_mixin.py:188} INFO - [2026-04-01T10:01:16.226+0000] {dag.py:3089} INFO - Sync 1 DAGs
[2026-04-01T10:01:16.255+0000] {logging_mixin.py:188} INFO - [2026-04-01T10:01:16.255+0000] {dag.py:3947} INFO - Setting next_dagrun for minio_to_snowflake_pipeline to 2026-04-01 10:00:00+00:00, run_after=2026-04-01 10:10:00+00:00
[2026-04-01T10:01:16.306+0000] {processor.py:183} INFO - Processing /opt/airflow/dags/minio_to_snowflake.py took 1.578 seconds
[2026-04-01T10:01:46.622+0000] {processor.py:161} INFO - Started process (PID=1591) to work on /opt/airflow/dags/minio_to_snowflake.py
[2026-04-01T10:01:46.624+0000] {processor.py:830} INFO - Processing file /opt/airflow/dags/minio_to_snowflake.py for tasks to queue
[2026-04-01T10:01:46.626+0000] {logging_mixin.py:188} INFO - [2026-04-01T10:01:46.625+0000] {dagbag.py:545} INFO - Filling up the DagBag from /opt/airflow/dags/minio_to_snowflake.py
[2026-04-01T10:01:48.088+0000] {processor.py:840} INFO - DAG(s) 'minio_to_snowflake_pipeline' retrieved from /opt/airflow/dags/minio_to_snowflake.py
[2026-04-01T10:01:48.128+0000] {logging_mixin.py:188} INFO - [2026-04-01T10:01:48.127+0000] {dag.py:3089} INFO - Sync 1 DAGs
[2026-04-01T10:01:48.158+0000] {logging_mixin.py:188} INFO - [2026-04-01T10:01:48.158+0000] {dag.py:3947} INFO - Setting next_dagrun for minio_to_snowflake_pipeline to 2026-04-01 10:00:00+00:00, run_after=2026-04-01 10:10:00+00:00
[2026-04-01T10:01:48.188+0000] {processor.py:183} INFO - Processing /opt/airflow/dags/minio_to_snowflake.py took 1.577 seconds
[2026-04-01T10:02:18.496+0000] {processor.py:161} INFO - Started process (PID=1598) to work on /opt/airflow/dags/minio_to_snowflake.py
[2026-04-01T10:02:18.497+0000] {processor.py:830} INFO - Processing file /opt/airflow/dags/minio_to_snowflake.py for tasks to queue
[2026-04-01T10:02:18.499+0000] {logging_mixin.py:188} INFO - [2026-04-01T10:02:18.498+0000] {dagbag.py:545} INFO - Filling up the DagBag from /opt/airflow/dags/minio_to_snowflake.py
[2026-04-01T10:02:19.724+0000] {processor.py:840} INFO - DAG(s) 'minio_to_snowflake_pipeline' retrieved from /opt/airflow/dags/minio_to_snowflake.py
[2026-04-01T10:02:19.763+0000] {logging_mixin.py:188} INFO - [2026-04-01T10:02:19.762+0000] {dag.py:3089} INFO - Sync 1 DAGs
[2026-04-01T10:02:19.800+0000] {logging_mixin.py:188} INFO - [2026-04-01T10:02:19.799+0000] {dag.py:3947} INFO - Setting next_dagrun for minio_to_snowflake_pipeline to 2026-04-01 10:00:00+00:00, run_after=2026-04-01 10:10:00+00:00
[2026-04-01T10:02:19.829+0000] {processor.py:183} INFO - Processing /opt/airflow/dags/minio_to_snowflake.py took 1.343 seconds
[2026-04-01T10:02:50.122+0000] {processor.py:161} INFO - Started process (PID=1605) to work on /opt/airflow/dags/minio_to_snowflake.py
[2026-04-01T10:02:50.127+0000] {processor.py:830} INFO - Processing file /opt/airflow/dags/minio_to_snowflake.py for tasks to queue
[2026-04-01T10:02:50.130+0000] {logging_mixin.py:188} INFO - [2026-04-01T10:02:50.129+0000] {dagbag.py:545} INFO - Filling up the DagBag from /opt/airflow/dags/minio_to_snowflake.py
[2026-04-01T10:02:51.293+0000] {processor.py:840} INFO - DAG(s) 'minio_to_snowflake_pipeline' retrieved from /opt/airflow/dags/minio_to_snowflake.py
[2026-04-01T10:02:51.330+0000] {logging_mixin.py:188} INFO - [2026-04-01T10:02:51.330+0000] {dag.py:3089} INFO - Sync 1 DAGs
[2026-04-01T10:02:51.360+0000] {logging_mixin.py:188} INFO - [2026-04-01T10:02:51.359+0000] {dag.py:3947} INFO - Setting next_dagrun for minio_to_snowflake_pipeline to 2026-04-01 10:00:00+00:00, run_after=2026-04-01 10:10:00+00:00
[2026-04-01T10:02:51.388+0000] {processor.py:183} INFO - Processing /opt/airflow/dags/minio_to_snowflake.py took 1.283 seconds
[2026-04-01T10:03:21.738+0000] {processor.py:161} INFO - Started process (PID=1612) to work on /opt/airflow/dags/minio_to_snowflake.py
[2026-04-01T10:03:21.739+0000] {processor.py:830} INFO - Processing file /opt/airflow/dags/minio_to_snowflake.py for tasks to queue
[2026-04-01T10:03:21.741+0000] {logging_mixin.py:188} INFO - [2026-04-01T10:03:21.740+0000] {dagbag.py:545} INFO - Filling up the DagBag from /opt/airflow/dags/minio_to_snowflake.py
[2026-04-01T10:03:23.045+0000] {processor.py:840} INFO - DAG(s) 'minio_to_snowflake_pipeline' retrieved from /opt/airflow/dags/minio_to_snowflake.py
[2026-04-01T10:03:23.080+0000] {logging_mixin.py:188} INFO - [2026-04-01T10:03:23.079+0000] {dag.py:3089} INFO - Sync 1 DAGs
[2026-04-01T10:03:23.109+0000] {logging_mixin.py:188} INFO - [2026-04-01T10:03:23.109+0000] {dag.py:3947} INFO - Setting next_dagrun for minio_to_snowflake_pipeline to 2026-04-01 10:00:00+00:00, run_after=2026-04-01 10:10:00+00:00
[2026-04-01T10:03:23.138+0000] {processor.py:183} INFO - Processing /opt/airflow/dags/minio_to_snowflake.py took 1.408 seconds
[2026-04-01T10:03:53.466+0000] {processor.py:161} INFO - Started process (PID=1619) to work on /opt/airflow/dags/minio_to_snowflake.py
[2026-04-01T10:03:53.469+0000] {processor.py:830} INFO - Processing file /opt/airflow/dags/minio_to_snowflake.py for tasks to queue
[2026-04-01T10:03:53.471+0000] {logging_mixin.py:188} INFO - [2026-04-01T10:03:53.471+0000] {dagbag.py:545} INFO - Filling up the DagBag from /opt/airflow/dags/minio_to_snowflake.py
[2026-04-01T10:03:55.455+0000] {processor.py:840} INFO - DAG(s) 'minio_to_snowflake_pipeline' retrieved from /opt/airflow/dags/minio_to_snowflake.py
[2026-04-01T10:03:55.512+0000] {logging_mixin.py:188} INFO - [2026-04-01T10:03:55.511+0000] {dag.py:3089} INFO - Sync 1 DAGs
[2026-04-01T10:03:55.557+0000] {logging_mixin.py:188} INFO - [2026-04-01T10:03:55.556+0000] {dag.py:3947} INFO - Setting next_dagrun for minio_to_snowflake_pipeline to 2026-04-01 10:00:00+00:00, run_after=2026-04-01 10:10:00+00:00
[2026-04-01T10:03:55.595+0000] {processor.py:183} INFO - Processing /opt/airflow/dags/minio_to_snowflake.py took 2.138 seconds
[2026-04-01T10:04:25.753+0000] {processor.py:161} INFO - Started process (PID=1626) to work on /opt/airflow/dags/minio_to_snowflake.py
[2026-04-01T10:04:25.754+0000] {processor.py:830} INFO - Processing file /opt/airflow/dags/minio_to_snowflake.py for tasks to queue
[2026-04-01T10:04:25.756+0000] {logging_mixin.py:188} INFO - [2026-04-01T10:04:25.755+0000] {dagbag.py:545} INFO - Filling up the DagBag from /opt/airflow/dags/minio_to_snowflake.py
[2026-04-01T10:04:27.192+0000] {processor.py:840} INFO - DAG(s) 'minio_to_snowflake_pipeline' retrieved from /opt/airflow/dags/minio_to_snowflake.py
[2026-04-01T10:04:27.228+0000] {logging_mixin.py:188} INFO - [2026-04-01T10:04:27.227+0000] {dag.py:3089} INFO - Sync 1 DAGs
[2026-04-01T10:04:27.261+0000] {logging_mixin.py:188} INFO - [2026-04-01T10:04:27.261+0000] {dag.py:3947} INFO - Setting next_dagrun for minio_to_snowflake_pipeline to 2026-04-01 10:00:00+00:00, run_after=2026-04-01 10:10:00+00:00
[2026-04-01T10:04:27.295+0000] {processor.py:183} INFO - Processing /opt/airflow/dags/minio_to_snowflake.py took 1.552 seconds
[2026-04-01T10:04:57.688+0000] {processor.py:161} INFO - Started process (PID=1633) to work on /opt/airflow/dags/minio_to_snowflake.py
[2026-04-01T10:04:57.690+0000] {processor.py:830} INFO - Processing file /opt/airflow/dags/minio_to_snowflake.py for tasks to queue
[2026-04-01T10:04:57.693+0000] {logging_mixin.py:188} INFO - [2026-04-01T10:04:57.692+0000] {dagbag.py:545} INFO - Filling up the DagBag from /opt/airflow/dags/minio_to_snowflake.py
[2026-04-01T10:04:58.994+0000] {processor.py:840} INFO - DAG(s) 'minio_to_snowflake_pipeline' retrieved from /opt/airflow/dags/minio_to_snowflake.py
[2026-04-01T10:04:59.032+0000] {logging_mixin.py:188} INFO - [2026-04-01T10:04:59.031+0000] {dag.py:3089} INFO - Sync 1 DAGs
[2026-04-01T10:04:59.060+0000] {logging_mixin.py:188} INFO - [2026-04-01T10:04:59.060+0000] {dag.py:3947} INFO - Setting next_dagrun for minio_to_snowflake_pipeline to 2026-04-01 10:00:00+00:00, run_after=2026-04-01 10:10:00+00:00
[2026-04-01T10:04:59.083+0000] {processor.py:183} INFO - Processing /opt/airflow/dags/minio_to_snowflake.py took 1.410 seconds
[2026-04-01T10:05:29.441+0000] {processor.py:161} INFO - Started process (PID=1640) to work on /opt/airflow/dags/minio_to_snowflake.py
[2026-04-01T10:05:29.443+0000] {processor.py:830} INFO - Processing file /opt/airflow/dags/minio_to_snowflake.py for tasks to queue
[2026-04-01T10:05:29.445+0000] {logging_mixin.py:188} INFO - [2026-04-01T10:05:29.445+0000] {dagbag.py:545} INFO - Filling up the DagBag from /opt/airflow/dags/minio_to_snowflake.py
[2026-04-01T10:05:31.353+0000] {processor.py:840} INFO - DAG(s) 'minio_to_snowflake_pipeline' retrieved from /opt/airflow/dags/minio_to_snowflake.py
[2026-04-01T10:05:31.392+0000] {logging_mixin.py:188} INFO - [2026-04-01T10:05:31.392+0000] {dag.py:3089} INFO - Sync 1 DAGs
[2026-04-01T10:05:31.421+0000] {logging_mixin.py:188} INFO - [2026-04-01T10:05:31.420+0000] {dag.py:3947} INFO - Setting next_dagrun for minio_to_snowflake_pipeline to 2026-04-01 10:00:00+00:00, run_after=2026-04-01 10:10:00+00:00
[2026-04-01T10:05:31.449+0000] {processor.py:183} INFO - Processing /opt/airflow/dags/minio_to_snowflake.py took 2.027 seconds
[2026-04-01T10:06:01.676+0000] {processor.py:161} INFO - Started process (PID=1647) to work on /opt/airflow/dags/minio_to_snowflake.py
[2026-04-01T10:06:01.678+0000] {processor.py:830} INFO - Processing file /opt/airflow/dags/minio_to_snowflake.py for tasks to queue
[2026-04-01T10:06:01.679+0000] {logging_mixin.py:188} INFO - [2026-04-01T10:06:01.679+0000] {dagbag.py:545} INFO - Filling up the DagBag from /opt/airflow/dags/minio_to_snowflake.py
[2026-04-01T10:06:02.872+0000] {processor.py:840} INFO - DAG(s) 'minio_to_snowflake_pipeline' retrieved from /opt/airflow/dags/minio_to_snowflake.py
[2026-04-01T10:06:02.930+0000] {logging_mixin.py:188} INFO - [2026-04-01T10:06:02.929+0000] {dag.py:3089} INFO - Sync 1 DAGs
[2026-04-01T10:06:02.995+0000] {logging_mixin.py:188} INFO - [2026-04-01T10:06:02.995+0000] {dag.py:3947} INFO - Setting next_dagrun for minio_to_snowflake_pipeline to 2026-04-01 10:00:00+00:00, run_after=2026-04-01 10:10:00+00:00
[2026-04-01T10:06:03.061+0000] {processor.py:183} INFO - Processing /opt/airflow/dags/minio_to_snowflake.py took 1.394 seconds
[2026-04-01T10:06:33.426+0000] {processor.py:161} INFO - Started process (PID=1654) to work on /opt/airflow/dags/minio_to_snowflake.py
[2026-04-01T10:06:33.428+0000] {processor.py:830} INFO - Processing file /opt/airflow/dags/minio_to_snowflake.py for tasks to queue
[2026-04-01T10:06:33.429+0000] {logging_mixin.py:188} INFO - [2026-04-01T10:06:33.429+0000] {dagbag.py:545} INFO - Filling up the DagBag from /opt/airflow/dags/minio_to_snowflake.py
[2026-04-01T10:06:34.611+0000] {processor.py:840} INFO - DAG(s) 'minio_to_snowflake_pipeline' retrieved from /opt/airflow/dags/minio_to_snowflake.py
[2026-04-01T10:06:34.645+0000] {logging_mixin.py:188} INFO - [2026-04-01T10:06:34.645+0000] {dag.py:3089} INFO - Sync 1 DAGs
[2026-04-01T10:06:34.676+0000] {logging_mixin.py:188} INFO - [2026-04-01T10:06:34.676+0000] {dag.py:3947} INFO - Setting next_dagrun for minio_to_snowflake_pipeline to 2026-04-01 10:00:00+00:00, run_after=2026-04-01 10:10:00+00:00
[2026-04-01T10:06:34.699+0000] {processor.py:183} INFO - Processing /opt/airflow/dags/minio_to_snowflake.py took 1.284 seconds
[2026-04-01T10:07:04.977+0000] {processor.py:161} INFO - Started process (PID=1661) to work on /opt/airflow/dags/minio_to_snowflake.py
[2026-04-01T10:07:04.978+0000] {processor.py:830} INFO - Processing file /opt/airflow/dags/minio_to_snowflake.py for tasks to queue
[2026-04-01T10:07:04.980+0000] {logging_mixin.py:188} INFO - [2026-04-01T10:07:04.979+0000] {dagbag.py:545} INFO - Filling up the DagBag from /opt/airflow/dags/minio_to_snowflake.py
[2026-04-01T10:07:06.164+0000] {processor.py:840} INFO - DAG(s) 'minio_to_snowflake_pipeline' retrieved from /opt/airflow/dags/minio_to_snowflake.py
[2026-04-01T10:07:06.209+0000] {logging_mixin.py:188} INFO - [2026-04-01T10:07:06.208+0000] {dag.py:3089} INFO - Sync 1 DAGs
[2026-04-01T10:07:06.238+0000] {logging_mixin.py:188} INFO - [2026-04-01T10:07:06.238+0000] {dag.py:3947} INFO - Setting next_dagrun for minio_to_snowflake_pipeline to 2026-04-01 10:00:00+00:00, run_after=2026-04-01 10:10:00+00:00
[2026-04-01T10:07:06.264+0000] {processor.py:183} INFO - Processing /opt/airflow/dags/minio_to_snowflake.py took 1.298 seconds
[2026-04-01T10:07:36.629+0000] {processor.py:161} INFO - Started process (PID=1668) to work on /opt/airflow/dags/minio_to_snowflake.py
[2026-04-01T10:07:36.631+0000] {processor.py:830} INFO - Processing file /opt/airflow/dags/minio_to_snowflake.py for tasks to queue
[2026-04-01T10:07:36.632+0000] {logging_mixin.py:188} INFO - [2026-04-01T10:07:36.632+0000] {dagbag.py:545} INFO - Filling up the DagBag from /opt/airflow/dags/minio_to_snowflake.py
[2026-04-01T10:07:38.048+0000] {processor.py:840} INFO - DAG(s) 'minio_to_snowflake_pipeline' retrieved from /opt/airflow/dags/minio_to_snowflake.py
[2026-04-01T10:07:38.083+0000] {logging_mixin.py:188} INFO - [2026-04-01T10:07:38.082+0000] {dag.py:3089} INFO - Sync 1 DAGs
[2026-04-01T10:07:38.113+0000] {logging_mixin.py:188} INFO - [2026-04-01T10:07:38.112+0000] {dag.py:3947} INFO - Setting next_dagrun for minio_to_snowflake_pipeline to 2026-04-01 10:00:00+00:00, run_after=2026-04-01 10:10:00+00:00
[2026-04-01T10:07:38.149+0000] {processor.py:183} INFO - Processing /opt/airflow/dags/minio_to_snowflake.py took 1.530 seconds
[2026-04-01T10:08:09.094+0000] {processor.py:161} INFO - Started process (PID=1675) to work on /opt/airflow/dags/minio_to_snowflake.py
[2026-04-01T10:08:09.096+0000] {processor.py:830} INFO - Processing file /opt/airflow/dags/minio_to_snowflake.py for tasks to queue
[2026-04-01T10:08:09.098+0000] {logging_mixin.py:188} INFO - [2026-04-01T10:08:09.097+0000] {dagbag.py:545} INFO - Filling up the DagBag from /opt/airflow/dags/minio_to_snowflake.py
[2026-04-01T10:08:11.312+0000] {processor.py:840} INFO - DAG(s) 'minio_to_snowflake_pipeline' retrieved from /opt/airflow/dags/minio_to_snowflake.py
[2026-04-01T10:08:11.375+0000] {logging_mixin.py:188} INFO - [2026-04-01T10:08:11.374+0000] {dag.py:3089} INFO - Sync 1 DAGs
[2026-04-01T10:08:11.430+0000] {logging_mixin.py:188} INFO - [2026-04-01T10:08:11.430+0000] {dag.py:3947} INFO - Setting next_dagrun for minio_to_snowflake_pipeline to 2026-04-01 10:00:00+00:00, run_after=2026-04-01 10:10:00+00:00
[2026-04-01T10:08:11.481+0000] {processor.py:183} INFO - Processing /opt/airflow/dags/minio_to_snowflake.py took 2.405 seconds
[2026-04-01T10:08:41.793+0000] {processor.py:161} INFO - Started process (PID=1682) to work on /opt/airflow/dags/minio_to_snowflake.py
[2026-04-01T10:08:41.794+0000] {processor.py:830} INFO - Processing file /opt/airflow/dags/minio_to_snowflake.py for tasks to queue
[2026-04-01T10:08:41.796+0000] {logging_mixin.py:188} INFO - [2026-04-01T10:08:41.795+0000] {dagbag.py:545} INFO - Filling up the DagBag from /opt/airflow/dags/minio_to_snowflake.py
[2026-04-01T10:08:43.133+0000] {processor.py:840} INFO - DAG(s) 'minio_to_snowflake_pipeline' retrieved from /opt/airflow/dags/minio_to_snowflake.py
[2026-04-01T10:08:43.228+0000] {logging_mixin.py:188} INFO - [2026-04-01T10:08:43.222+0000] {dag.py:3089} INFO - Sync 1 DAGs
[2026-04-01T10:08:43.314+0000] {logging_mixin.py:188} INFO - [2026-04-01T10:08:43.312+0000] {dag.py:3947} INFO - Setting next_dagrun for minio_to_snowflake_pipeline to 2026-04-01 10:00:00+00:00, run_after=2026-04-01 10:10:00+00:00
[2026-04-01T10:08:43.360+0000] {processor.py:183} INFO - Processing /opt/airflow/dags/minio_to_snowflake.py took 1.576 seconds
[2026-04-01T10:09:13.577+0000] {processor.py:161} INFO - Started process (PID=1689) to work on /opt/airflow/dags/minio_to_snowflake.py
[2026-04-01T10:09:13.582+0000] {processor.py:830} INFO - Processing file /opt/airflow/dags/minio_to_snowflake.py for tasks to queue
[2026-04-01T10:09:13.590+0000] {logging_mixin.py:188} INFO - [2026-04-01T10:09:13.588+0000] {dagbag.py:545} INFO - Filling up the DagBag from /opt/airflow/dags/minio_to_snowflake.py
[2026-04-01T10:09:14.802+0000] {processor.py:840} INFO - DAG(s) 'minio_to_snowflake_pipeline' retrieved from /opt/airflow/dags/minio_to_snowflake.py
[2026-04-01T10:09:14.833+0000] {logging_mixin.py:188} INFO - [2026-04-01T10:09:14.832+0000] {dag.py:3089} INFO - Sync 1 DAGs
[2026-04-01T10:09:14.855+0000] {logging_mixin.py:188} INFO - [2026-04-01T10:09:14.855+0000] {dag.py:3947} INFO - Setting next_dagrun for minio_to_snowflake_pipeline to 2026-04-01 10:00:00+00:00, run_after=2026-04-01 10:10:00+00:00
[2026-04-01T10:09:14.879+0000] {processor.py:183} INFO - Processing /opt/airflow/dags/minio_to_snowflake.py took 1.312 seconds
[2026-04-01T10:09:45.165+0000] {processor.py:161} INFO - Started process (PID=1696) to work on /opt/airflow/dags/minio_to_snowflake.py
[2026-04-01T10:09:45.169+0000] {processor.py:830} INFO - Processing file /opt/airflow/dags/minio_to_snowflake.py for tasks to queue
[2026-04-01T10:09:45.171+0000] {logging_mixin.py:188} INFO - [2026-04-01T10:09:45.170+0000] {dagbag.py:545} INFO - Filling up the DagBag from /opt/airflow/dags/minio_to_snowflake.py
[2026-04-01T10:09:46.420+0000] {processor.py:840} INFO - DAG(s) 'minio_to_snowflake_pipeline' retrieved from /opt/airflow/dags/minio_to_snowflake.py
[2026-04-01T10:09:46.458+0000] {logging_mixin.py:188} INFO - [2026-04-01T10:09:46.458+0000] {dag.py:3089} INFO - Sync 1 DAGs
[2026-04-01T10:09:46.490+0000] {logging_mixin.py:188} INFO - [2026-04-01T10:09:46.489+0000] {dag.py:3947} INFO - Setting next_dagrun for minio_to_snowflake_pipeline to 2026-04-01 10:00:00+00:00, run_after=2026-04-01 10:10:00+00:00
[2026-04-01T10:09:46.517+0000] {processor.py:183} INFO - Processing /opt/airflow/dags/minio_to_snowflake.py took 1.362 seconds
[2026-04-01T10:10:16.862+0000] {processor.py:161} INFO - Started process (PID=1707) to work on /opt/airflow/dags/minio_to_snowflake.py
[2026-04-01T10:10:16.864+0000] {processor.py:830} INFO - Processing file /opt/airflow/dags/minio_to_snowflake.py for tasks to queue
[2026-04-01T10:10:16.865+0000] {logging_mixin.py:188} INFO - [2026-04-01T10:10:16.865+0000] {dagbag.py:545} INFO - Filling up the DagBag from /opt/airflow/dags/minio_to_snowflake.py
[2026-04-01T10:10:18.281+0000] {processor.py:840} INFO - DAG(s) 'minio_to_snowflake_pipeline' retrieved from /opt/airflow/dags/minio_to_snowflake.py
[2026-04-01T10:10:18.330+0000] {logging_mixin.py:188} INFO - [2026-04-01T10:10:18.330+0000] {dag.py:3089} INFO - Sync 1 DAGs
[2026-04-01T10:10:18.362+0000] {logging_mixin.py:188} INFO - [2026-04-01T10:10:18.362+0000] {dag.py:3947} INFO - Setting next_dagrun for minio_to_snowflake_pipeline to 2026-04-01 10:10:00+00:00, run_after=2026-04-01 10:20:00+00:00
[2026-04-01T10:10:18.395+0000] {processor.py:183} INFO - Processing /opt/airflow/dags/minio_to_snowflake.py took 1.541 seconds
[2026-04-01T10:10:48.709+0000] {processor.py:161} INFO - Started process (PID=1714) to work on /opt/airflow/dags/minio_to_snowflake.py
[2026-04-01T10:10:48.710+0000] {processor.py:830} INFO - Processing file /opt/airflow/dags/minio_to_snowflake.py for tasks to queue
[2026-04-01T10:10:48.712+0000] {logging_mixin.py:188} INFO - [2026-04-01T10:10:48.711+0000] {dagbag.py:545} INFO - Filling up the DagBag from /opt/airflow/dags/minio_to_snowflake.py
[2026-04-01T10:10:50.163+0000] {processor.py:840} INFO - DAG(s) 'minio_to_snowflake_pipeline' retrieved from /opt/airflow/dags/minio_to_snowflake.py
[2026-04-01T10:10:50.234+0000] {logging_mixin.py:188} INFO - [2026-04-01T10:10:50.233+0000] {dag.py:3089} INFO - Sync 1 DAGs
[2026-04-01T10:10:50.297+0000] {logging_mixin.py:188} INFO - [2026-04-01T10:10:50.297+0000] {dag.py:3947} INFO - Setting next_dagrun for minio_to_snowflake_pipeline to 2026-04-01 10:10:00+00:00, run_after=2026-04-01 10:20:00+00:00
[2026-04-01T10:10:50.381+0000] {processor.py:183} INFO - Processing /opt/airflow/dags/minio_to_snowflake.py took 1.680 seconds
[2026-04-01T10:11:20.729+0000] {processor.py:161} INFO - Started process (PID=1721) to work on /opt/airflow/dags/minio_to_snowflake.py
[2026-04-01T10:11:20.731+0000] {processor.py:830} INFO - Processing file /opt/airflow/dags/minio_to_snowflake.py for tasks to queue
[2026-04-01T10:11:20.732+0000] {logging_mixin.py:188} INFO - [2026-04-01T10:11:20.732+0000] {dagbag.py:545} INFO - Filling up the DagBag from /opt/airflow/dags/minio_to_snowflake.py
[2026-04-01T10:11:21.907+0000] {processor.py:840} INFO - DAG(s) 'minio_to_snowflake_pipeline' retrieved from /opt/airflow/dags/minio_to_snowflake.py
[2026-04-01T10:11:21.946+0000] {logging_mixin.py:188} INFO - [2026-04-01T10:11:21.945+0000] {dag.py:3089} INFO - Sync 1 DAGs
[2026-04-01T10:11:21.976+0000] {logging_mixin.py:188} INFO - [2026-04-01T10:11:21.975+0000] {dag.py:3947} INFO - Setting next_dagrun for minio_to_snowflake_pipeline to 2026-04-01 10:10:00+00:00, run_after=2026-04-01 10:20:00+00:00
[2026-04-01T10:11:22.009+0000] {processor.py:183} INFO - Processing /opt/airflow/dags/minio_to_snowflake.py took 1.288 seconds
[2026-04-01T10:11:52.330+0000] {processor.py:161} INFO - Started process (PID=1728) to work on /opt/airflow/dags/minio_to_snowflake.py
[2026-04-01T10:11:52.331+0000] {processor.py:830} INFO - Processing file /opt/airflow/dags/minio_to_snowflake.py for tasks to queue
[2026-04-01T10:11:52.333+0000] {logging_mixin.py:188} INFO - [2026-04-01T10:11:52.332+0000] {dagbag.py:545} INFO - Filling up the DagBag from /opt/airflow/dags/minio_to_snowflake.py
[2026-04-01T10:11:53.696+0000] {processor.py:840} INFO - DAG(s) 'minio_to_snowflake_pipeline' retrieved from /opt/airflow/dags/minio_to_snowflake.py
[2026-04-01T10:11:53.728+0000] {logging_mixin.py:188} INFO - [2026-04-01T10:11:53.728+0000] {dag.py:3089} INFO - Sync 1 DAGs
[2026-04-01T10:11:53.752+0000] {logging_mixin.py:188} INFO - [2026-04-01T10:11:53.752+0000] {dag.py:3947} INFO - Setting next_dagrun for minio_to_snowflake_pipeline to 2026-04-01 10:10:00+00:00, run_after=2026-04-01 10:20:00+00:00
[2026-04-01T10:11:53.775+0000] {processor.py:183} INFO - Processing /opt/airflow/dags/minio_to_snowflake.py took 1.456 seconds
[2026-04-01T10:12:24.096+0000] {processor.py:161} INFO - Started process (PID=1735) to work on /opt/airflow/dags/minio_to_snowflake.py
[2026-04-01T10:12:24.097+0000] {processor.py:830} INFO - Processing file /opt/airflow/dags/minio_to_snowflake.py for tasks to queue
[2026-04-01T10:12:24.099+0000] {logging_mixin.py:188} INFO - [2026-04-01T10:12:24.098+0000] {dagbag.py:545} INFO - Filling up the DagBag from /opt/airflow/dags/minio_to_snowflake.py
[2026-04-01T10:12:25.364+0000] {processor.py:840} INFO - DAG(s) 'minio_to_snowflake_pipeline' retrieved from /opt/airflow/dags/minio_to_snowflake.py
[2026-04-01T10:12:25.400+0000] {logging_mixin.py:188} INFO - [2026-04-01T10:12:25.399+0000] {dag.py:3089} INFO - Sync 1 DAGs
[2026-04-01T10:12:25.428+0000] {logging_mixin.py:188} INFO - [2026-04-01T10:12:25.428+0000] {dag.py:3947} INFO - Setting next_dagrun for minio_to_snowflake_pipeline to 2026-04-01 10:10:00+00:00, run_after=2026-04-01 10:20:00+00:00
[2026-04-01T10:12:25.458+0000] {processor.py:183} INFO - Processing /opt/airflow/dags/minio_to_snowflake.py took 1.377 seconds
[2026-04-01T10:12:55.774+0000] {processor.py:161} INFO - Started process (PID=1742) to work on /opt/airflow/dags/minio_to_snowflake.py
[2026-04-01T10:12:55.776+0000] {processor.py:830} INFO - Processing file /opt/airflow/dags/minio_to_snowflake.py for tasks to queue
[2026-04-01T10:12:55.779+0000] {logging_mixin.py:188} INFO - [2026-04-01T10:12:55.778+0000] {dagbag.py:545} INFO - Filling up the DagBag from /opt/airflow/dags/minio_to_snowflake.py
[2026-04-01T10:12:57.311+0000] {processor.py:840} INFO - DAG(s) 'minio_to_snowflake_pipeline' retrieved from /opt/airflow/dags/minio_to_snowflake.py
[2026-04-01T10:12:57.356+0000] {logging_mixin.py:188} INFO - [2026-04-01T10:12:57.356+0000] {dag.py:3089} INFO - Sync 1 DAGs
[2026-04-01T10:12:57.398+0000] {logging_mixin.py:188} INFO - [2026-04-01T10:12:57.398+0000] {dag.py:3947} INFO - Setting next_dagrun for minio_to_snowflake_pipeline to 2026-04-01 10:10:00+00:00, run_after=2026-04-01 10:20:00+00:00
[2026-04-01T10:12:57.433+0000] {processor.py:183} INFO - Processing /opt/airflow/dags/minio_to_snowflake.py took 1.675 seconds
[2026-04-01T10:13:27.696+0000] {processor.py:161} INFO - Started process (PID=1749) to work on /opt/airflow/dags/minio_to_snowflake.py
[2026-04-01T10:13:27.698+0000] {processor.py:830} INFO - Processing file /opt/airflow/dags/minio_to_snowflake.py for tasks to queue
[2026-04-01T10:13:27.699+0000] {logging_mixin.py:188} INFO - [2026-04-01T10:13:27.699+0000] {dagbag.py:545} INFO - Filling up the DagBag from /opt/airflow/dags/minio_to_snowflake.py
[2026-04-01T10:13:29.113+0000] {processor.py:840} INFO - DAG(s) 'minio_to_snowflake_pipeline' retrieved from /opt/airflow/dags/minio_to_snowflake.py
[2026-04-01T10:13:29.150+0000] {logging_mixin.py:188} INFO - [2026-04-01T10:13:29.149+0000] {dag.py:3089} INFO - Sync 1 DAGs
[2026-04-01T10:13:29.183+0000] {logging_mixin.py:188} INFO - [2026-04-01T10:13:29.182+0000] {dag.py:3947} INFO - Setting next_dagrun for minio_to_snowflake_pipeline to 2026-04-01 10:10:00+00:00, run_after=2026-04-01 10:20:00+00:00
[2026-04-01T10:13:29.273+0000] {processor.py:183} INFO - Processing /opt/airflow/dags/minio_to_snowflake.py took 1.584 seconds
[2026-04-01T10:13:59.657+0000] {processor.py:161} INFO - Started process (PID=1756) to work on /opt/airflow/dags/minio_to_snowflake.py
[2026-04-01T10:13:59.659+0000] {processor.py:830} INFO - Processing file /opt/airflow/dags/minio_to_snowflake.py for tasks to queue
[2026-04-01T10:13:59.661+0000] {logging_mixin.py:188} INFO - [2026-04-01T10:13:59.660+0000] {dagbag.py:545} INFO - Filling up the DagBag from /opt/airflow/dags/minio_to_snowflake.py
[2026-04-01T10:14:01.048+0000] {processor.py:840} INFO - DAG(s) 'minio_to_snowflake_pipeline' retrieved from /opt/airflow/dags/minio_to_snowflake.py
[2026-04-01T10:14:01.091+0000] {logging_mixin.py:188} INFO - [2026-04-01T10:14:01.090+0000] {dag.py:3089} INFO - Sync 1 DAGs
[2026-04-01T10:14:01.122+0000] {logging_mixin.py:188} INFO - [2026-04-01T10:14:01.121+0000] {dag.py:3947} INFO - Setting next_dagrun for minio_to_snowflake_pipeline to 2026-04-01 10:10:00+00:00, run_after=2026-04-01 10:20:00+00:00
[2026-04-01T10:14:01.148+0000] {processor.py:183} INFO - Processing /opt/airflow/dags/minio_to_snowflake.py took 1.504 seconds
[2026-04-01T10:14:31.522+0000] {processor.py:161} INFO - Started process (PID=1763) to work on /opt/airflow/dags/minio_to_snowflake.py
[2026-04-01T10:14:31.523+0000] {processor.py:830} INFO - Processing file /opt/airflow/dags/minio_to_snowflake.py for tasks to queue
[2026-04-01T10:14:31.525+0000] {logging_mixin.py:188} INFO - [2026-04-01T10:14:31.524+0000] {dagbag.py:545} INFO - Filling up the DagBag from /opt/airflow/dags/minio_to_snowflake.py
[2026-04-01T10:14:32.721+0000] {processor.py:840} INFO - DAG(s) 'minio_to_snowflake_pipeline' retrieved from /opt/airflow/dags/minio_to_snowflake.py
[2026-04-01T10:14:32.753+0000] {logging_mixin.py:188} INFO - [2026-04-01T10:14:32.752+0000] {dag.py:3089} INFO - Sync 1 DAGs
[2026-04-01T10:14:32.790+0000] {logging_mixin.py:188} INFO - [2026-04-01T10:14:32.789+0000] {dag.py:3947} INFO - Setting next_dagrun for minio_to_snowflake_pipeline to 2026-04-01 10:10:00+00:00, run_after=2026-04-01 10:20:00+00:00
[2026-04-01T10:14:32.815+0000] {processor.py:183} INFO - Processing /opt/airflow/dags/minio_to_snowflake.py took 1.305 seconds
[2026-04-01T10:15:03.131+0000] {processor.py:161} INFO - Started process (PID=1770) to work on /opt/airflow/dags/minio_to_snowflake.py
[2026-04-01T10:15:03.132+0000] {processor.py:830} INFO - Processing file /opt/airflow/dags/minio_to_snowflake.py for tasks to queue
[2026-04-01T10:15:03.134+0000] {logging_mixin.py:188} INFO - [2026-04-01T10:15:03.134+0000] {dagbag.py:545} INFO - Filling up the DagBag from /opt/airflow/dags/minio_to_snowflake.py
[2026-04-01T10:15:04.530+0000] {processor.py:840} INFO - DAG(s) 'minio_to_snowflake_pipeline' retrieved from /opt/airflow/dags/minio_to_snowflake.py
[2026-04-01T10:15:04.568+0000] {logging_mixin.py:188} INFO - [2026-04-01T10:15:04.566+0000] {dag.py:3089} INFO - Sync 1 DAGs
[2026-04-01T10:15:04.600+0000] {logging_mixin.py:188} INFO - [2026-04-01T10:15:04.599+0000] {dag.py:3947} INFO - Setting next_dagrun for minio_to_snowflake_pipeline to 2026-04-01 10:10:00+00:00, run_after=2026-04-01 10:20:00+00:00
[2026-04-01T10:15:04.629+0000] {processor.py:183} INFO - Processing /opt/airflow/dags/minio_to_snowflake.py took 1.510 seconds
[2026-04-01T10:15:34.891+0000] {processor.py:161} INFO - Started process (PID=1777) to work on /opt/airflow/dags/minio_to_snowflake.py
[2026-04-01T10:15:34.892+0000] {processor.py:830} INFO - Processing file /opt/airflow/dags/minio_to_snowflake.py for tasks to queue
[2026-04-01T10:15:34.899+0000] {logging_mixin.py:188} INFO - [2026-04-01T10:15:34.898+0000] {dagbag.py:545} INFO - Filling up the DagBag from /opt/airflow/dags/minio_to_snowflake.py
[2026-04-01T10:15:36.922+0000] {processor.py:840} INFO - DAG(s) 'minio_to_snowflake_pipeline' retrieved from /opt/airflow/dags/minio_to_snowflake.py
[2026-04-01T10:15:36.991+0000] {logging_mixin.py:188} INFO - [2026-04-01T10:15:36.990+0000] {dag.py:3089} INFO - Sync 1 DAGs
[2026-04-01T10:15:37.044+0000] {logging_mixin.py:188} INFO - [2026-04-01T10:15:37.043+0000] {dag.py:3947} INFO - Setting next_dagrun for minio_to_snowflake_pipeline to 2026-04-01 10:10:00+00:00, run_after=2026-04-01 10:20:00+00:00
[2026-04-01T10:15:37.094+0000] {processor.py:183} INFO - Processing /opt/airflow/dags/minio_to_snowflake.py took 2.216 seconds
[2026-04-01T10:16:07.446+0000] {processor.py:161} INFO - Started process (PID=1784) to work on /opt/airflow/dags/minio_to_snowflake.py
[2026-04-01T10:16:07.447+0000] {processor.py:830} INFO - Processing file /opt/airflow/dags/minio_to_snowflake.py for tasks to queue
[2026-04-01T10:16:07.449+0000] {logging_mixin.py:188} INFO - [2026-04-01T10:16:07.448+0000] {dagbag.py:545} INFO - Filling up the DagBag from /opt/airflow/dags/minio_to_snowflake.py
[2026-04-01T10:16:09.028+0000] {processor.py:840} INFO - DAG(s) 'minio_to_snowflake_pipeline' retrieved from /opt/airflow/dags/minio_to_snowflake.py
[2026-04-01T10:16:09.065+0000] {logging_mixin.py:188} INFO - [2026-04-01T10:16:09.064+0000] {dag.py:3089} INFO - Sync 1 DAGs
[2026-04-01T10:16:09.093+0000] {logging_mixin.py:188} INFO - [2026-04-01T10:16:09.093+0000] {dag.py:3947} INFO - Setting next_dagrun for minio_to_snowflake_pipeline to 2026-04-01 10:10:00+00:00, run_after=2026-04-01 10:20:00+00:00
[2026-04-01T10:16:09.123+0000] {processor.py:183} INFO - Processing /opt/airflow/dags/minio_to_snowflake.py took 1.687 seconds
[2026-04-01T10:16:39.478+0000] {processor.py:161} INFO - Started process (PID=1791) to work on /opt/airflow/dags/minio_to_snowflake.py
[2026-04-01T10:16:39.480+0000] {processor.py:830} INFO - Processing file /opt/airflow/dags/minio_to_snowflake.py for tasks to queue
[2026-04-01T10:16:39.482+0000] {logging_mixin.py:188} INFO - [2026-04-01T10:16:39.481+0000] {dagbag.py:545} INFO - Filling up the DagBag from /opt/airflow/dags/minio_to_snowflake.py
[2026-04-01T10:16:40.856+0000] {processor.py:840} INFO - DAG(s) 'minio_to_snowflake_pipeline' retrieved from /opt/airflow/dags/minio_to_snowflake.py
[2026-04-01T10:16:40.885+0000] {logging_mixin.py:188} INFO - [2026-04-01T10:16:40.884+0000] {dag.py:3089} INFO - Sync 1 DAGs
[2026-04-01T10:16:40.908+0000] {logging_mixin.py:188} INFO - [2026-04-01T10:16:40.908+0000] {dag.py:3947} INFO - Setting next_dagrun for minio_to_snowflake_pipeline to 2026-04-01 10:10:00+00:00, run_after=2026-04-01 10:20:00+00:00
[2026-04-01T10:16:40.936+0000] {processor.py:183} INFO - Processing /opt/airflow/dags/minio_to_snowflake.py took 1.467 seconds
[2026-04-01T10:17:11.243+0000] {processor.py:161} INFO - Started process (PID=1798) to work on /opt/airflow/dags/minio_to_snowflake.py
[2026-04-01T10:17:11.245+0000] {processor.py:830} INFO - Processing file /opt/airflow/dags/minio_to_snowflake.py for tasks to queue
[2026-04-01T10:17:11.247+0000] {logging_mixin.py:188} INFO - [2026-04-01T10:17:11.246+0000] {dagbag.py:545} INFO - Filling up the DagBag from /opt/airflow/dags/minio_to_snowflake.py
[2026-04-01T10:17:12.508+0000] {processor.py:840} INFO - DAG(s) 'minio_to_snowflake_pipeline' retrieved from /opt/airflow/dags/minio_to_snowflake.py
[2026-04-01T10:17:12.544+0000] {logging_mixin.py:188} INFO - [2026-04-01T10:17:12.543+0000] {dag.py:3089} INFO - Sync 1 DAGs
[2026-04-01T10:17:12.579+0000] {logging_mixin.py:188} INFO - [2026-04-01T10:17:12.578+0000] {dag.py:3947} INFO - Setting next_dagrun for minio_to_snowflake_pipeline to 2026-04-01 10:10:00+00:00, run_after=2026-04-01 10:20:00+00:00
[2026-04-01T10:17:12.607+0000] {processor.py:183} INFO - Processing /opt/airflow/dags/minio_to_snowflake.py took 1.375 seconds
[2026-04-01T10:17:42.887+0000] {processor.py:161} INFO - Started process (PID=1805) to work on /opt/airflow/dags/minio_to_snowflake.py
[2026-04-01T10:17:42.889+0000] {processor.py:830} INFO - Processing file /opt/airflow/dags/minio_to_snowflake.py for tasks to queue
[2026-04-01T10:17:42.891+0000] {logging_mixin.py:188} INFO - [2026-04-01T10:17:42.890+0000] {dagbag.py:545} INFO - Filling up the DagBag from /opt/airflow/dags/minio_to_snowflake.py
[2026-04-01T10:17:44.505+0000] {processor.py:840} INFO - DAG(s) 'minio_to_snowflake_pipeline' retrieved from /opt/airflow/dags/minio_to_snowflake.py
[2026-04-01T10:17:44.543+0000] {logging_mixin.py:188} INFO - [2026-04-01T10:17:44.542+0000] {dag.py:3089} INFO - Sync 1 DAGs
[2026-04-01T10:17:44.572+0000] {logging_mixin.py:188} INFO - [2026-04-01T10:17:44.572+0000] {dag.py:3947} INFO - Setting next_dagrun for minio_to_snowflake_pipeline to 2026-04-01 10:10:00+00:00, run_after=2026-04-01 10:20:00+00:00
[2026-04-01T10:17:44.598+0000] {processor.py:183} INFO - Processing /opt/airflow/dags/minio_to_snowflake.py took 1.719 seconds
[2026-04-01T10:18:14.885+0000] {processor.py:161} INFO - Started process (PID=1812) to work on /opt/airflow/dags/minio_to_snowflake.py
[2026-04-01T10:18:14.887+0000] {processor.py:830} INFO - Processing file /opt/airflow/dags/minio_to_snowflake.py for tasks to queue
[2026-04-01T10:18:14.889+0000] {logging_mixin.py:188} INFO - [2026-04-01T10:18:14.888+0000] {dagbag.py:545} INFO - Filling up the DagBag from /opt/airflow/dags/minio_to_snowflake.py
[2026-04-01T10:18:16.973+0000] {processor.py:840} INFO - DAG(s) 'minio_to_snowflake_pipeline' retrieved from /opt/airflow/dags/minio_to_snowflake.py
[2026-04-01T10:18:17.024+0000] {logging_mixin.py:188} INFO - [2026-04-01T10:18:17.024+0000] {dag.py:3089} INFO - Sync 1 DAGs
[2026-04-01T10:18:17.078+0000] {logging_mixin.py:188} INFO - [2026-04-01T10:18:17.078+0000] {dag.py:3947} INFO - Setting next_dagrun for minio_to_snowflake_pipeline to 2026-04-01 10:10:00+00:00, run_after=2026-04-01 10:20:00+00:00
[2026-04-01T10:18:17.148+0000] {processor.py:183} INFO - Processing /opt/airflow/dags/minio_to_snowflake.py took 2.274 seconds
[2026-04-01T10:18:47.480+0000] {processor.py:161} INFO - Started process (PID=1819) to work on /opt/airflow/dags/minio_to_snowflake.py
[2026-04-01T10:18:47.482+0000] {processor.py:830} INFO - Processing file /opt/airflow/dags/minio_to_snowflake.py for tasks to queue
[2026-04-01T10:18:47.483+0000] {logging_mixin.py:188} INFO - [2026-04-01T10:18:47.483+0000] {dagbag.py:545} INFO - Filling up the DagBag from /opt/airflow/dags/minio_to_snowflake.py
[2026-04-01T10:18:48.897+0000] {processor.py:840} INFO - DAG(s) 'minio_to_snowflake_pipeline' retrieved from /opt/airflow/dags/minio_to_snowflake.py
[2026-04-01T10:18:48.929+0000] {logging_mixin.py:188} INFO - [2026-04-01T10:18:48.929+0000] {dag.py:3089} INFO - Sync 1 DAGs
[2026-04-01T10:18:48.959+0000] {logging_mixin.py:188} INFO - [2026-04-01T10:18:48.958+0000] {dag.py:3947} INFO - Setting next_dagrun for minio_to_snowflake_pipeline to 2026-04-01 10:10:00+00:00, run_after=2026-04-01 10:20:00+00:00
[2026-04-01T10:18:48.989+0000] {processor.py:183} INFO - Processing /opt/airflow/dags/minio_to_snowflake.py took 1.518 seconds
[2026-04-01T10:19:19.312+0000] {processor.py:161} INFO - Started process (PID=1826) to work on /opt/airflow/dags/minio_to_snowflake.py
[2026-04-01T10:19:19.314+0000] {processor.py:830} INFO - Processing file /opt/airflow/dags/minio_to_snowflake.py for tasks to queue
[2026-04-01T10:19:19.315+0000] {logging_mixin.py:188} INFO - [2026-04-01T10:19:19.315+0000] {dagbag.py:545} INFO - Filling up the DagBag from /opt/airflow/dags/minio_to_snowflake.py
[2026-04-01T10:19:20.630+0000] {processor.py:840} INFO - DAG(s) 'minio_to_snowflake_pipeline' retrieved from /opt/airflow/dags/minio_to_snowflake.py
[2026-04-01T10:19:20.677+0000] {logging_mixin.py:188} INFO - [2026-04-01T10:19:20.676+0000] {dag.py:3089} INFO - Sync 1 DAGs
[2026-04-01T10:19:20.716+0000] {logging_mixin.py:188} INFO - [2026-04-01T10:19:20.715+0000] {dag.py:3947} INFO - Setting next_dagrun for minio_to_snowflake_pipeline to 2026-04-01 10:10:00+00:00, run_after=2026-04-01 10:20:00+00:00
[2026-04-01T10:19:20.743+0000] {processor.py:183} INFO - Processing /opt/airflow/dags/minio_to_snowflake.py took 1.441 seconds
[2026-04-01T10:19:50.966+0000] {processor.py:161} INFO - Started process (PID=1833) to work on /opt/airflow/dags/minio_to_snowflake.py
[2026-04-01T10:19:50.967+0000] {processor.py:830} INFO - Processing file /opt/airflow/dags/minio_to_snowflake.py for tasks to queue
[2026-04-01T10:19:50.970+0000] {logging_mixin.py:188} INFO - [2026-04-01T10:19:50.969+0000] {dagbag.py:545} INFO - Filling up the DagBag from /opt/airflow/dags/minio_to_snowflake.py
[2026-04-01T10:19:52.134+0000] {processor.py:840} INFO - DAG(s) 'minio_to_snowflake_pipeline' retrieved from /opt/airflow/dags/minio_to_snowflake.py
[2026-04-01T10:19:52.174+0000] {logging_mixin.py:188} INFO - [2026-04-01T10:19:52.173+0000] {dag.py:3089} INFO - Sync 1 DAGs
[2026-04-01T10:19:52.203+0000] {logging_mixin.py:188} INFO - [2026-04-01T10:19:52.202+0000] {dag.py:3947} INFO - Setting next_dagrun for minio_to_snowflake_pipeline to 2026-04-01 10:10:00+00:00, run_after=2026-04-01 10:20:00+00:00
[2026-04-01T10:19:52.232+0000] {processor.py:183} INFO - Processing /opt/airflow/dags/minio_to_snowflake.py took 1.274 seconds
[2026-04-01T10:20:22.815+0000] {processor.py:161} INFO - Started process (PID=1844) to work on /opt/airflow/dags/minio_to_snowflake.py
[2026-04-01T10:20:22.816+0000] {processor.py:830} INFO - Processing file /opt/airflow/dags/minio_to_snowflake.py for tasks to queue
[2026-04-01T10:20:22.818+0000] {logging_mixin.py:188} INFO - [2026-04-01T10:20:22.817+0000] {dagbag.py:545} INFO - Filling up the DagBag from /opt/airflow/dags/minio_to_snowflake.py
[2026-04-01T10:20:24.275+0000] {processor.py:840} INFO - DAG(s) 'minio_to_snowflake_pipeline' retrieved from /opt/airflow/dags/minio_to_snowflake.py
[2026-04-01T10:20:24.314+0000] {logging_mixin.py:188} INFO - [2026-04-01T10:20:24.313+0000] {dag.py:3089} INFO - Sync 1 DAGs
[2026-04-01T10:20:24.344+0000] {logging_mixin.py:188} INFO - [2026-04-01T10:20:24.344+0000] {dag.py:3947} INFO - Setting next_dagrun for minio_to_snowflake_pipeline to 2026-04-01 10:20:00+00:00, run_after=2026-04-01 10:30:00+00:00
[2026-04-01T10:20:24.373+0000] {processor.py:183} INFO - Processing /opt/airflow/dags/minio_to_snowflake.py took 1.565 seconds
[2026-04-01T10:20:54.583+0000] {processor.py:161} INFO - Started process (PID=1851) to work on /opt/airflow/dags/minio_to_snowflake.py
[2026-04-01T10:20:54.585+0000] {processor.py:830} INFO - Processing file /opt/airflow/dags/minio_to_snowflake.py for tasks to queue
[2026-04-01T10:20:54.587+0000] {logging_mixin.py:188} INFO - [2026-04-01T10:20:54.587+0000] {dagbag.py:545} INFO - Filling up the DagBag from /opt/airflow/dags/minio_to_snowflake.py
[2026-04-01T10:20:55.812+0000] {processor.py:840} INFO - DAG(s) 'minio_to_snowflake_pipeline' retrieved from /opt/airflow/dags/minio_to_snowflake.py
[2026-04-01T10:20:55.840+0000] {logging_mixin.py:188} INFO - [2026-04-01T10:20:55.839+0000] {dag.py:3089} INFO - Sync 1 DAGs
[2026-04-01T10:20:55.862+0000] {logging_mixin.py:188} INFO - [2026-04-01T10:20:55.862+0000] {dag.py:3947} INFO - Setting next_dagrun for minio_to_snowflake_pipeline to 2026-04-01 10:20:00+00:00, run_after=2026-04-01 10:30:00+00:00
[2026-04-01T10:20:55.888+0000] {processor.py:183} INFO - Processing /opt/airflow/dags/minio_to_snowflake.py took 1.315 seconds
[2026-04-01T10:21:26.180+0000] {processor.py:161} INFO - Started process (PID=1858) to work on /opt/airflow/dags/minio_to_snowflake.py
[2026-04-01T10:21:26.181+0000] {processor.py:830} INFO - Processing file /opt/airflow/dags/minio_to_snowflake.py for tasks to queue
[2026-04-01T10:21:26.183+0000] {logging_mixin.py:188} INFO - [2026-04-01T10:21:26.183+0000] {dagbag.py:545} INFO - Filling up the DagBag from /opt/airflow/dags/minio_to_snowflake.py
[2026-04-01T10:21:27.382+0000] {processor.py:840} INFO - DAG(s) 'minio_to_snowflake_pipeline' retrieved from /opt/airflow/dags/minio_to_snowflake.py
[2026-04-01T10:21:27.417+0000] {logging_mixin.py:188} INFO - [2026-04-01T10:21:27.417+0000] {dag.py:3089} INFO - Sync 1 DAGs
[2026-04-01T10:21:27.448+0000] {logging_mixin.py:188} INFO - [2026-04-01T10:21:27.448+0000] {dag.py:3947} INFO - Setting next_dagrun for minio_to_snowflake_pipeline to 2026-04-01 10:20:00+00:00, run_after=2026-04-01 10:30:00+00:00
[2026-04-01T10:21:27.479+0000] {processor.py:183} INFO - Processing /opt/airflow/dags/minio_to_snowflake.py took 1.309 seconds
[2026-04-01T10:21:57.814+0000] {processor.py:161} INFO - Started process (PID=1865) to work on /opt/airflow/dags/minio_to_snowflake.py
[2026-04-01T10:21:57.816+0000] {processor.py:830} INFO - Processing file /opt/airflow/dags/minio_to_snowflake.py for tasks to queue
[2026-04-01T10:21:57.817+0000] {logging_mixin.py:188} INFO - [2026-04-01T10:21:57.817+0000] {dagbag.py:545} INFO - Filling up the DagBag from /opt/airflow/dags/minio_to_snowflake.py
[2026-04-01T10:21:59.243+0000] {processor.py:840} INFO - DAG(s) 'minio_to_snowflake_pipeline' retrieved from /opt/airflow/dags/minio_to_snowflake.py
[2026-04-01T10:21:59.284+0000] {logging_mixin.py:188} INFO - [2026-04-01T10:21:59.283+0000] {dag.py:3089} INFO - Sync 1 DAGs
[2026-04-01T10:21:59.315+0000] {logging_mixin.py:188} INFO - [2026-04-01T10:21:59.314+0000] {dag.py:3947} INFO - Setting next_dagrun for minio_to_snowflake_pipeline to 2026-04-01 10:20:00+00:00, run_after=2026-04-01 10:30:00+00:00
[2026-04-01T10:21:59.345+0000] {processor.py:183} INFO - Processing /opt/airflow/dags/minio_to_snowflake.py took 1.539 seconds
[2026-04-01T10:22:29.694+0000] {processor.py:161} INFO - Started process (PID=1872) to work on /opt/airflow/dags/minio_to_snowflake.py
[2026-04-01T10:22:29.696+0000] {processor.py:830} INFO - Processing file /opt/airflow/dags/minio_to_snowflake.py for tasks to queue
[2026-04-01T10:22:29.698+0000] {logging_mixin.py:188} INFO - [2026-04-01T10:22:29.697+0000] {dagbag.py:545} INFO - Filling up the DagBag from /opt/airflow/dags/minio_to_snowflake.py
[2026-04-01T10:22:31.205+0000] {processor.py:840} INFO - DAG(s) 'minio_to_snowflake_pipeline' retrieved from /opt/airflow/dags/minio_to_snowflake.py
[2026-04-01T10:22:31.245+0000] {logging_mixin.py:188} INFO - [2026-04-01T10:22:31.245+0000] {dag.py:3089} INFO - Sync 1 DAGs
[2026-04-01T10:22:31.275+0000] {logging_mixin.py:188} INFO - [2026-04-01T10:22:31.275+0000] {dag.py:3947} INFO - Setting next_dagrun for minio_to_snowflake_pipeline to 2026-04-01 10:20:00+00:00, run_after=2026-04-01 10:30:00+00:00
[2026-04-01T10:22:31.305+0000] {processor.py:183} INFO - Processing /opt/airflow/dags/minio_to_snowflake.py took 1.630 seconds
[2026-04-01T10:23:01.713+0000] {processor.py:161} INFO - Started process (PID=1879) to work on /opt/airflow/dags/minio_to_snowflake.py
[2026-04-01T10:23:01.715+0000] {processor.py:830} INFO - Processing file /opt/airflow/dags/minio_to_snowflake.py for tasks to queue
[2026-04-01T10:23:01.746+0000] {logging_mixin.py:188} INFO - [2026-04-01T10:23:01.745+0000] {dagbag.py:545} INFO - Filling up the DagBag from /opt/airflow/dags/minio_to_snowflake.py
[2026-04-01T10:23:05.146+0000] {processor.py:840} INFO - DAG(s) 'minio_to_snowflake_pipeline' retrieved from /opt/airflow/dags/minio_to_snowflake.py
[2026-04-01T10:23:05.212+0000] {logging_mixin.py:188} INFO - [2026-04-01T10:23:05.211+0000] {dag.py:3089} INFO - Sync 1 DAGs
[2026-04-01T10:23:05.291+0000] {logging_mixin.py:188} INFO - [2026-04-01T10:23:05.291+0000] {dag.py:3947} INFO - Setting next_dagrun for minio_to_snowflake_pipeline to 2026-04-01 10:20:00+00:00, run_after=2026-04-01 10:30:00+00:00
[2026-04-01T10:23:05.370+0000] {processor.py:183} INFO - Processing /opt/airflow/dags/minio_to_snowflake.py took 3.672 seconds
[2026-04-01T10:23:35.716+0000] {processor.py:161} INFO - Started process (PID=1886) to work on /opt/airflow/dags/minio_to_snowflake.py
[2026-04-01T10:23:35.718+0000] {processor.py:830} INFO - Processing file /opt/airflow/dags/minio_to_snowflake.py for tasks to queue
[2026-04-01T10:23:35.719+0000] {logging_mixin.py:188} INFO - [2026-04-01T10:23:35.719+0000] {dagbag.py:545} INFO - Filling up the DagBag from /opt/airflow/dags/minio_to_snowflake.py
[2026-04-01T10:23:36.939+0000] {processor.py:840} INFO - DAG(s) 'minio_to_snowflake_pipeline' retrieved from /opt/airflow/dags/minio_to_snowflake.py
[2026-04-01T10:23:36.993+0000] {logging_mixin.py:188} INFO - [2026-04-01T10:23:36.992+0000] {dag.py:3089} INFO - Sync 1 DAGs
[2026-04-01T10:23:37.053+0000] {logging_mixin.py:188} INFO - [2026-04-01T10:23:37.052+0000] {dag.py:3947} INFO - Setting next_dagrun for minio_to_snowflake_pipeline to 2026-04-01 10:20:00+00:00, run_after=2026-04-01 10:30:00+00:00
[2026-04-01T10:23:37.090+0000] {processor.py:183} INFO - Processing /opt/airflow/dags/minio_to_snowflake.py took 1.382 seconds
[2026-04-01T10:24:07.523+0000] {processor.py:161} INFO - Started process (PID=1893) to work on /opt/airflow/dags/minio_to_snowflake.py
[2026-04-01T10:24:07.524+0000] {processor.py:830} INFO - Processing file /opt/airflow/dags/minio_to_snowflake.py for tasks to queue
[2026-04-01T10:24:07.526+0000] {logging_mixin.py:188} INFO - [2026-04-01T10:24:07.526+0000] {dagbag.py:545} INFO - Filling up the DagBag from /opt/airflow/dags/minio_to_snowflake.py
[2026-04-01T10:24:09.787+0000] {processor.py:840} INFO - DAG(s) 'minio_to_snowflake_pipeline' retrieved from /opt/airflow/dags/minio_to_snowflake.py
[2026-04-01T10:24:09.865+0000] {logging_mixin.py:188} INFO - [2026-04-01T10:24:09.863+0000] {dag.py:3089} INFO - Sync 1 DAGs
[2026-04-01T10:24:09.956+0000] {logging_mixin.py:188} INFO - [2026-04-01T10:24:09.955+0000] {dag.py:3947} INFO - Setting next_dagrun for minio_to_snowflake_pipeline to 2026-04-01 10:20:00+00:00, run_after=2026-04-01 10:30:00+00:00
[2026-04-01T10:24:10.035+0000] {processor.py:183} INFO - Processing /opt/airflow/dags/minio_to_snowflake.py took 2.521 seconds
[2026-04-01T10:24:40.537+0000] {processor.py:161} INFO - Started process (PID=1900) to work on /opt/airflow/dags/minio_to_snowflake.py
[2026-04-01T10:24:40.538+0000] {processor.py:830} INFO - Processing file /opt/airflow/dags/minio_to_snowflake.py for tasks to queue
[2026-04-01T10:24:40.540+0000] {logging_mixin.py:188} INFO - [2026-04-01T10:24:40.539+0000] {dagbag.py:545} INFO - Filling up the DagBag from /opt/airflow/dags/minio_to_snowflake.py
[2026-04-01T10:24:42.745+0000] {processor.py:840} INFO - DAG(s) 'minio_to_snowflake_pipeline' retrieved from /opt/airflow/dags/minio_to_snowflake.py
[2026-04-01T10:24:42.794+0000] {logging_mixin.py:188} INFO - [2026-04-01T10:24:42.793+0000] {dag.py:3089} INFO - Sync 1 DAGs
[2026-04-01T10:24:42.826+0000] {logging_mixin.py:188} INFO - [2026-04-01T10:24:42.825+0000] {dag.py:3947} INFO - Setting next_dagrun for minio_to_snowflake_pipeline to 2026-04-01 10:20:00+00:00, run_after=2026-04-01 10:30:00+00:00
[2026-04-01T10:24:42.853+0000] {processor.py:183} INFO - Processing /opt/airflow/dags/minio_to_snowflake.py took 2.325 seconds
[2026-04-01T10:25:12.995+0000] {processor.py:161} INFO - Started process (PID=1907) to work on /opt/airflow/dags/minio_to_snowflake.py
[2026-04-01T10:25:12.997+0000] {processor.py:830} INFO - Processing file /opt/airflow/dags/minio_to_snowflake.py for tasks to queue
[2026-04-01T10:25:12.999+0000] {logging_mixin.py:188} INFO - [2026-04-01T10:25:12.999+0000] {dagbag.py:545} INFO - Filling up the DagBag from /opt/airflow/dags/minio_to_snowflake.py
[2026-04-01T10:25:17.173+0000] {processor.py:840} INFO - DAG(s) 'minio_to_snowflake_pipeline' retrieved from /opt/airflow/dags/minio_to_snowflake.py
[2026-04-01T10:25:17.243+0000] {logging_mixin.py:188} INFO - [2026-04-01T10:25:17.243+0000] {dag.py:3089} INFO - Sync 1 DAGs
[2026-04-01T10:25:17.324+0000] {logging_mixin.py:188} INFO - [2026-04-01T10:25:17.322+0000] {dag.py:3947} INFO - Setting next_dagrun for minio_to_snowflake_pipeline to 2026-04-01 10:20:00+00:00, run_after=2026-04-01 10:30:00+00:00
[2026-04-01T10:25:17.510+0000] {processor.py:183} INFO - Processing /opt/airflow/dags/minio_to_snowflake.py took 4.530 seconds
[2026-04-01T10:25:48.467+0000] {processor.py:161} INFO - Started process (PID=1914) to work on /opt/airflow/dags/minio_to_snowflake.py
[2026-04-01T10:25:48.471+0000] {processor.py:830} INFO - Processing file /opt/airflow/dags/minio_to_snowflake.py for tasks to queue
[2026-04-01T10:25:48.476+0000] {logging_mixin.py:188} INFO - [2026-04-01T10:25:48.475+0000] {dagbag.py:545} INFO - Filling up the DagBag from /opt/airflow/dags/minio_to_snowflake.py
[2026-04-01T10:25:50.964+0000] {processor.py:840} INFO - DAG(s) 'minio_to_snowflake_pipeline' retrieved from /opt/airflow/dags/minio_to_snowflake.py
[2026-04-01T10:25:51.035+0000] {logging_mixin.py:188} INFO - [2026-04-01T10:25:51.023+0000] {dag.py:3089} INFO - Sync 1 DAGs
[2026-04-01T10:25:51.068+0000] {logging_mixin.py:188} INFO - [2026-04-01T10:25:51.068+0000] {dag.py:3947} INFO - Setting next_dagrun for minio_to_snowflake_pipeline to 2026-04-01 10:20:00+00:00, run_after=2026-04-01 10:30:00+00:00
[2026-04-01T10:25:51.094+0000] {processor.py:183} INFO - Processing /opt/airflow/dags/minio_to_snowflake.py took 2.665 seconds
[2026-04-01T10:26:21.442+0000] {processor.py:161} INFO - Started process (PID=1921) to work on /opt/airflow/dags/minio_to_snowflake.py
[2026-04-01T10:26:21.448+0000] {processor.py:830} INFO - Processing file /opt/airflow/dags/minio_to_snowflake.py for tasks to queue
[2026-04-01T10:26:21.461+0000] {logging_mixin.py:188} INFO - [2026-04-01T10:26:21.454+0000] {dagbag.py:545} INFO - Filling up the DagBag from /opt/airflow/dags/minio_to_snowflake.py
[2026-04-01T10:26:23.246+0000] {processor.py:840} INFO - DAG(s) 'minio_to_snowflake_pipeline' retrieved from /opt/airflow/dags/minio_to_snowflake.py
[2026-04-01T10:26:23.287+0000] {logging_mixin.py:188} INFO - [2026-04-01T10:26:23.285+0000] {dag.py:3089} INFO - Sync 1 DAGs
[2026-04-01T10:26:23.321+0000] {logging_mixin.py:188} INFO - [2026-04-01T10:26:23.320+0000] {dag.py:3947} INFO - Setting next_dagrun for minio_to_snowflake_pipeline to 2026-04-01 10:20:00+00:00, run_after=2026-04-01 10:30:00+00:00
[2026-04-01T10:26:23.344+0000] {processor.py:183} INFO - Processing /opt/airflow/dags/minio_to_snowflake.py took 1.916 seconds
[2026-04-01T10:26:53.703+0000] {processor.py:161} INFO - Started process (PID=1928) to work on /opt/airflow/dags/minio_to_snowflake.py
[2026-04-01T10:26:53.705+0000] {processor.py:830} INFO - Processing file /opt/airflow/dags/minio_to_snowflake.py for tasks to queue
[2026-04-01T10:26:53.707+0000] {logging_mixin.py:188} INFO - [2026-04-01T10:26:53.706+0000] {dagbag.py:545} INFO - Filling up the DagBag from /opt/airflow/dags/minio_to_snowflake.py
[2026-04-01T10:26:55.044+0000] {processor.py:840} INFO - DAG(s) 'minio_to_snowflake_pipeline' retrieved from /opt/airflow/dags/minio_to_snowflake.py
[2026-04-01T10:26:55.091+0000] {logging_mixin.py:188} INFO - [2026-04-01T10:26:55.090+0000] {dag.py:3089} INFO - Sync 1 DAGs
[2026-04-01T10:26:55.119+0000] {logging_mixin.py:188} INFO - [2026-04-01T10:26:55.119+0000] {dag.py:3947} INFO - Setting next_dagrun for minio_to_snowflake_pipeline to 2026-04-01 10:20:00+00:00, run_after=2026-04-01 10:30:00+00:00
[2026-04-01T10:26:55.143+0000] {processor.py:183} INFO - Processing /opt/airflow/dags/minio_to_snowflake.py took 1.449 seconds
[2026-04-01T10:27:25.505+0000] {processor.py:161} INFO - Started process (PID=1935) to work on /opt/airflow/dags/minio_to_snowflake.py
[2026-04-01T10:27:25.506+0000] {processor.py:830} INFO - Processing file /opt/airflow/dags/minio_to_snowflake.py for tasks to queue
[2026-04-01T10:27:25.508+0000] {logging_mixin.py:188} INFO - [2026-04-01T10:27:25.508+0000] {dagbag.py:545} INFO - Filling up the DagBag from /opt/airflow/dags/minio_to_snowflake.py
[2026-04-01T10:27:26.918+0000] {processor.py:840} INFO - DAG(s) 'minio_to_snowflake_pipeline' retrieved from /opt/airflow/dags/minio_to_snowflake.py
[2026-04-01T10:27:26.954+0000] {logging_mixin.py:188} INFO - [2026-04-01T10:27:26.954+0000] {dag.py:3089} INFO - Sync 1 DAGs
[2026-04-01T10:27:26.979+0000] {logging_mixin.py:188} INFO - [2026-04-01T10:27:26.979+0000] {dag.py:3947} INFO - Setting next_dagrun for minio_to_snowflake_pipeline to 2026-04-01 10:20:00+00:00, run_after=2026-04-01 10:30:00+00:00
[2026-04-01T10:27:27.008+0000] {processor.py:183} INFO - Processing /opt/airflow/dags/minio_to_snowflake.py took 1.514 seconds
[2026-04-01T10:27:57.410+0000] {processor.py:161} INFO - Started process (PID=1942) to work on /opt/airflow/dags/minio_to_snowflake.py
[2026-04-01T10:27:57.412+0000] {processor.py:830} INFO - Processing file /opt/airflow/dags/minio_to_snowflake.py for tasks to queue
[2026-04-01T10:27:57.415+0000] {logging_mixin.py:188} INFO - [2026-04-01T10:27:57.414+0000] {dagbag.py:545} INFO - Filling up the DagBag from /opt/airflow/dags/minio_to_snowflake.py
[2026-04-01T10:28:00.091+0000] {processor.py:840} INFO - DAG(s) 'minio_to_snowflake_pipeline' retrieved from /opt/airflow/dags/minio_to_snowflake.py
[2026-04-01T10:28:00.144+0000] {logging_mixin.py:188} INFO - [2026-04-01T10:28:00.143+0000] {dag.py:3089} INFO - Sync 1 DAGs
[2026-04-01T10:28:00.179+0000] {logging_mixin.py:188} INFO - [2026-04-01T10:28:00.179+0000] {dag.py:3947} INFO - Setting next_dagrun for minio_to_snowflake_pipeline to 2026-04-01 10:20:00+00:00, run_after=2026-04-01 10:30:00+00:00
[2026-04-01T10:28:00.209+0000] {processor.py:183} INFO - Processing /opt/airflow/dags/minio_to_snowflake.py took 2.835 seconds
[2026-04-01T10:28:30.746+0000] {processor.py:161} INFO - Started process (PID=1949) to work on /opt/airflow/dags/minio_to_snowflake.py
[2026-04-01T10:28:30.748+0000] {processor.py:830} INFO - Processing file /opt/airflow/dags/minio_to_snowflake.py for tasks to queue
[2026-04-01T10:28:30.750+0000] {logging_mixin.py:188} INFO - [2026-04-01T10:28:30.749+0000] {dagbag.py:545} INFO - Filling up the DagBag from /opt/airflow/dags/minio_to_snowflake.py
[2026-04-01T10:28:32.407+0000] {processor.py:840} INFO - DAG(s) 'minio_to_snowflake_pipeline' retrieved from /opt/airflow/dags/minio_to_snowflake.py
[2026-04-01T10:28:32.469+0000] {logging_mixin.py:188} INFO - [2026-04-01T10:28:32.467+0000] {dag.py:3089} INFO - Sync 1 DAGs
[2026-04-01T10:28:32.514+0000] {logging_mixin.py:188} INFO - [2026-04-01T10:28:32.513+0000] {dag.py:3947} INFO - Setting next_dagrun for minio_to_snowflake_pipeline to 2026-04-01 10:20:00+00:00, run_after=2026-04-01 10:30:00+00:00
[2026-04-01T10:28:32.552+0000] {processor.py:183} INFO - Processing /opt/airflow/dags/minio_to_snowflake.py took 1.813 seconds
[2026-04-01T10:29:03.087+0000] {processor.py:161} INFO - Started process (PID=1956) to work on /opt/airflow/dags/minio_to_snowflake.py
[2026-04-01T10:29:03.089+0000] {processor.py:830} INFO - Processing file /opt/airflow/dags/minio_to_snowflake.py for tasks to queue
[2026-04-01T10:29:03.090+0000] {logging_mixin.py:188} INFO - [2026-04-01T10:29:03.090+0000] {dagbag.py:545} INFO - Filling up the DagBag from /opt/airflow/dags/minio_to_snowflake.py
[2026-04-01T10:29:04.451+0000] {processor.py:840} INFO - DAG(s) 'minio_to_snowflake_pipeline' retrieved from /opt/airflow/dags/minio_to_snowflake.py
[2026-04-01T10:29:04.492+0000] {logging_mixin.py:188} INFO - [2026-04-01T10:29:04.491+0000] {dag.py:3089} INFO - Sync 1 DAGs
[2026-04-01T10:29:04.519+0000] {logging_mixin.py:188} INFO - [2026-04-01T10:29:04.519+0000] {dag.py:3947} INFO - Setting next_dagrun for minio_to_snowflake_pipeline to 2026-04-01 10:20:00+00:00, run_after=2026-04-01 10:30:00+00:00
[2026-04-01T10:29:04.543+0000] {processor.py:183} INFO - Processing /opt/airflow/dags/minio_to_snowflake.py took 1.467 seconds
[2026-04-01T10:29:35.179+0000] {processor.py:161} INFO - Started process (PID=1963) to work on /opt/airflow/dags/minio_to_snowflake.py
[2026-04-01T10:29:35.185+0000] {processor.py:830} INFO - Processing file /opt/airflow/dags/minio_to_snowflake.py for tasks to queue
[2026-04-01T10:29:35.190+0000] {logging_mixin.py:188} INFO - [2026-04-01T10:29:35.189+0000] {dagbag.py:545} INFO - Filling up the DagBag from /opt/airflow/dags/minio_to_snowflake.py
[2026-04-01T10:29:36.659+0000] {processor.py:840} INFO - DAG(s) 'minio_to_snowflake_pipeline' retrieved from /opt/airflow/dags/minio_to_snowflake.py
[2026-04-01T10:29:36.694+0000] {logging_mixin.py:188} INFO - [2026-04-01T10:29:36.693+0000] {dag.py:3089} INFO - Sync 1 DAGs
[2026-04-01T10:29:36.726+0000] {logging_mixin.py:188} INFO - [2026-04-01T10:29:36.725+0000] {dag.py:3947} INFO - Setting next_dagrun for minio_to_snowflake_pipeline to 2026-04-01 10:20:00+00:00, run_after=2026-04-01 10:30:00+00:00
[2026-04-01T10:29:36.754+0000] {processor.py:183} INFO - Processing /opt/airflow/dags/minio_to_snowflake.py took 1.598 seconds
[2026-04-01T10:30:07.184+0000] {processor.py:161} INFO - Started process (PID=1974) to work on /opt/airflow/dags/minio_to_snowflake.py
[2026-04-01T10:30:07.185+0000] {processor.py:830} INFO - Processing file /opt/airflow/dags/minio_to_snowflake.py for tasks to queue
[2026-04-01T10:30:07.190+0000] {logging_mixin.py:188} INFO - [2026-04-01T10:30:07.186+0000] {dagbag.py:545} INFO - Filling up the DagBag from /opt/airflow/dags/minio_to_snowflake.py
[2026-04-01T10:30:08.990+0000] {processor.py:840} INFO - DAG(s) 'minio_to_snowflake_pipeline' retrieved from /opt/airflow/dags/minio_to_snowflake.py
[2026-04-01T10:30:09.053+0000] {logging_mixin.py:188} INFO - [2026-04-01T10:30:09.053+0000] {dag.py:3089} INFO - Sync 1 DAGs
[2026-04-01T10:30:09.082+0000] {logging_mixin.py:188} INFO - [2026-04-01T10:30:09.082+0000] {dag.py:3947} INFO - Setting next_dagrun for minio_to_snowflake_pipeline to 2026-04-01 10:30:00+00:00, run_after=2026-04-01 10:40:00+00:00
[2026-04-01T10:30:09.118+0000] {processor.py:183} INFO - Processing /opt/airflow/dags/minio_to_snowflake.py took 1.943 seconds
[2026-04-01T10:30:39.598+0000] {processor.py:161} INFO - Started process (PID=1981) to work on /opt/airflow/dags/minio_to_snowflake.py
[2026-04-01T10:30:39.601+0000] {processor.py:830} INFO - Processing file /opt/airflow/dags/minio_to_snowflake.py for tasks to queue
[2026-04-01T10:30:39.603+0000] {logging_mixin.py:188} INFO - [2026-04-01T10:30:39.603+0000] {dagbag.py:545} INFO - Filling up the DagBag from /opt/airflow/dags/minio_to_snowflake.py
[2026-04-01T10:30:41.534+0000] {processor.py:840} INFO - DAG(s) 'minio_to_snowflake_pipeline' retrieved from /opt/airflow/dags/minio_to_snowflake.py
[2026-04-01T10:30:41.568+0000] {logging_mixin.py:188} INFO - [2026-04-01T10:30:41.568+0000] {dag.py:3089} INFO - Sync 1 DAGs
[2026-04-01T10:30:41.593+0000] {logging_mixin.py:188} INFO - [2026-04-01T10:30:41.593+0000] {dag.py:3947} INFO - Setting next_dagrun for minio_to_snowflake_pipeline to 2026-04-01 10:30:00+00:00, run_after=2026-04-01 10:40:00+00:00
[2026-04-01T10:30:41.616+0000] {processor.py:183} INFO - Processing /opt/airflow/dags/minio_to_snowflake.py took 2.043 seconds
[2026-04-01T10:31:11.978+0000] {processor.py:161} INFO - Started process (PID=1988) to work on /opt/airflow/dags/minio_to_snowflake.py
[2026-04-01T10:31:11.982+0000] {processor.py:830} INFO - Processing file /opt/airflow/dags/minio_to_snowflake.py for tasks to queue
[2026-04-01T10:31:11.985+0000] {logging_mixin.py:188} INFO - [2026-04-01T10:31:11.984+0000] {dagbag.py:545} INFO - Filling up the DagBag from /opt/airflow/dags/minio_to_snowflake.py
[2026-04-01T10:31:13.927+0000] {processor.py:840} INFO - DAG(s) 'minio_to_snowflake_pipeline' retrieved from /opt/airflow/dags/minio_to_snowflake.py
[2026-04-01T10:31:14.051+0000] {logging_mixin.py:188} INFO - [2026-04-01T10:31:14.050+0000] {dag.py:3089} INFO - Sync 1 DAGs
[2026-04-01T10:31:14.122+0000] {logging_mixin.py:188} INFO - [2026-04-01T10:31:14.120+0000] {dag.py:3947} INFO - Setting next_dagrun for minio_to_snowflake_pipeline to 2026-04-01 10:30:00+00:00, run_after=2026-04-01 10:40:00+00:00
[2026-04-01T10:31:14.172+0000] {processor.py:183} INFO - Processing /opt/airflow/dags/minio_to_snowflake.py took 2.208 seconds
[2026-04-01T10:31:44.372+0000] {processor.py:161} INFO - Started process (PID=1995) to work on /opt/airflow/dags/minio_to_snowflake.py
[2026-04-01T10:31:44.374+0000] {processor.py:830} INFO - Processing file /opt/airflow/dags/minio_to_snowflake.py for tasks to queue
[2026-04-01T10:31:44.375+0000] {logging_mixin.py:188} INFO - [2026-04-01T10:31:44.375+0000] {dagbag.py:545} INFO - Filling up the DagBag from /opt/airflow/dags/minio_to_snowflake.py
[2026-04-01T10:31:45.604+0000] {processor.py:840} INFO - DAG(s) 'minio_to_snowflake_pipeline' retrieved from /opt/airflow/dags/minio_to_snowflake.py
[2026-04-01T10:31:45.638+0000] {logging_mixin.py:188} INFO - [2026-04-01T10:31:45.637+0000] {dag.py:3089} INFO - Sync 1 DAGs
[2026-04-01T10:31:45.665+0000] {logging_mixin.py:188} INFO - [2026-04-01T10:31:45.664+0000] {dag.py:3947} INFO - Setting next_dagrun for minio_to_snowflake_pipeline to 2026-04-01 10:30:00+00:00, run_after=2026-04-01 10:40:00+00:00
[2026-04-01T10:31:45.692+0000] {processor.py:183} INFO - Processing /opt/airflow/dags/minio_to_snowflake.py took 1.329 seconds
[2026-04-01T10:32:15.908+0000] {processor.py:161} INFO - Started process (PID=2002) to work on /opt/airflow/dags/minio_to_snowflake.py
[2026-04-01T10:32:15.910+0000] {processor.py:830} INFO - Processing file /opt/airflow/dags/minio_to_snowflake.py for tasks to queue
[2026-04-01T10:32:15.911+0000] {logging_mixin.py:188} INFO - [2026-04-01T10:32:15.911+0000] {dagbag.py:545} INFO - Filling up the DagBag from /opt/airflow/dags/minio_to_snowflake.py
[2026-04-01T10:32:18.104+0000] {processor.py:840} INFO - DAG(s) 'minio_to_snowflake_pipeline' retrieved from /opt/airflow/dags/minio_to_snowflake.py
[2026-04-01T10:32:18.143+0000] {logging_mixin.py:188} INFO - [2026-04-01T10:32:18.142+0000] {dag.py:3089} INFO - Sync 1 DAGs
[2026-04-01T10:32:18.188+0000] {logging_mixin.py:188} INFO - [2026-04-01T10:32:18.187+0000] {dag.py:3947} INFO - Setting next_dagrun for minio_to_snowflake_pipeline to 2026-04-01 10:30:00+00:00, run_after=2026-04-01 10:40:00+00:00
[2026-04-01T10:32:18.223+0000] {processor.py:183} INFO - Processing /opt/airflow/dags/minio_to_snowflake.py took 2.324 seconds
[2026-04-01T10:32:48.821+0000] {processor.py:161} INFO - Started process (PID=2009) to work on /opt/airflow/dags/minio_to_snowflake.py
[2026-04-01T10:32:48.823+0000] {processor.py:830} INFO - Processing file /opt/airflow/dags/minio_to_snowflake.py for tasks to queue
[2026-04-01T10:32:48.826+0000] {logging_mixin.py:188} INFO - [2026-04-01T10:32:48.825+0000] {dagbag.py:545} INFO - Filling up the DagBag from /opt/airflow/dags/minio_to_snowflake.py
[2026-04-01T10:32:50.489+0000] {processor.py:840} INFO - DAG(s) 'minio_to_snowflake_pipeline' retrieved from /opt/airflow/dags/minio_to_snowflake.py
[2026-04-01T10:32:50.524+0000] {logging_mixin.py:188} INFO - [2026-04-01T10:32:50.524+0000] {dag.py:3089} INFO - Sync 1 DAGs
[2026-04-01T10:32:50.552+0000] {logging_mixin.py:188} INFO - [2026-04-01T10:32:50.551+0000] {dag.py:3947} INFO - Setting next_dagrun for minio_to_snowflake_pipeline to 2026-04-01 10:30:00+00:00, run_after=2026-04-01 10:40:00+00:00
[2026-04-01T10:32:50.577+0000] {processor.py:183} INFO - Processing /opt/airflow/dags/minio_to_snowflake.py took 1.778 seconds
[2026-04-01T10:33:21.639+0000] {processor.py:161} INFO - Started process (PID=2016) to work on /opt/airflow/dags/minio_to_snowflake.py
[2026-04-01T10:33:21.641+0000] {processor.py:830} INFO - Processing file /opt/airflow/dags/minio_to_snowflake.py for tasks to queue
[2026-04-01T10:33:21.644+0000] {logging_mixin.py:188} INFO - [2026-04-01T10:33:21.643+0000] {dagbag.py:545} INFO - Filling up the DagBag from /opt/airflow/dags/minio_to_snowflake.py
[2026-04-01T10:33:23.590+0000] {processor.py:840} INFO - DAG(s) 'minio_to_snowflake_pipeline' retrieved from /opt/airflow/dags/minio_to_snowflake.py
[2026-04-01T10:33:23.660+0000] {logging_mixin.py:188} INFO - [2026-04-01T10:33:23.659+0000] {dag.py:3089} INFO - Sync 1 DAGs
[2026-04-01T10:33:23.720+0000] {logging_mixin.py:188} INFO - [2026-04-01T10:33:23.720+0000] {dag.py:3947} INFO - Setting next_dagrun for minio_to_snowflake_pipeline to 2026-04-01 10:30:00+00:00, run_after=2026-04-01 10:40:00+00:00
[2026-04-01T10:33:23.760+0000] {processor.py:183} INFO - Processing /opt/airflow/dags/minio_to_snowflake.py took 2.137 seconds
[2026-04-01T10:33:53.923+0000] {processor.py:161} INFO - Started process (PID=2023) to work on /opt/airflow/dags/minio_to_snowflake.py
[2026-04-01T10:33:53.924+0000] {processor.py:830} INFO - Processing file /opt/airflow/dags/minio_to_snowflake.py for tasks to queue
[2026-04-01T10:33:53.926+0000] {logging_mixin.py:188} INFO - [2026-04-01T10:33:53.925+0000] {dagbag.py:545} INFO - Filling up the DagBag from /opt/airflow/dags/minio_to_snowflake.py
[2026-04-01T10:33:55.444+0000] {processor.py:840} INFO - DAG(s) 'minio_to_snowflake_pipeline' retrieved from /opt/airflow/dags/minio_to_snowflake.py
[2026-04-01T10:33:55.493+0000] {logging_mixin.py:188} INFO - [2026-04-01T10:33:55.492+0000] {dag.py:3089} INFO - Sync 1 DAGs
[2026-04-01T10:33:55.521+0000] {logging_mixin.py:188} INFO - [2026-04-01T10:33:55.520+0000] {dag.py:3947} INFO - Setting next_dagrun for minio_to_snowflake_pipeline to 2026-04-01 10:30:00+00:00, run_after=2026-04-01 10:40:00+00:00
[2026-04-01T10:33:55.559+0000] {processor.py:183} INFO - Processing /opt/airflow/dags/minio_to_snowflake.py took 1.644 seconds
[2026-04-01T10:34:25.895+0000] {processor.py:161} INFO - Started process (PID=2030) to work on /opt/airflow/dags/minio_to_snowflake.py
[2026-04-01T10:34:25.898+0000] {processor.py:830} INFO - Processing file /opt/airflow/dags/minio_to_snowflake.py for tasks to queue
[2026-04-01T10:34:25.900+0000] {logging_mixin.py:188} INFO - [2026-04-01T10:34:25.900+0000] {dagbag.py:545} INFO - Filling up the DagBag from /opt/airflow/dags/minio_to_snowflake.py
[2026-04-01T10:34:27.752+0000] {processor.py:840} INFO - DAG(s) 'minio_to_snowflake_pipeline' retrieved from /opt/airflow/dags/minio_to_snowflake.py
[2026-04-01T10:34:27.780+0000] {logging_mixin.py:188} INFO - [2026-04-01T10:34:27.779+0000] {dag.py:3089} INFO - Sync 1 DAGs
[2026-04-01T10:34:27.807+0000] {logging_mixin.py:188} INFO - [2026-04-01T10:34:27.806+0000] {dag.py:3947} INFO - Setting next_dagrun for minio_to_snowflake_pipeline to 2026-04-01 10:30:00+00:00, run_after=2026-04-01 10:40:00+00:00
[2026-04-01T10:34:27.828+0000] {processor.py:183} INFO - Processing /opt/airflow/dags/minio_to_snowflake.py took 1.945 seconds
[2026-04-01T10:34:58.298+0000] {processor.py:161} INFO - Started process (PID=2037) to work on /opt/airflow/dags/minio_to_snowflake.py
[2026-04-01T10:34:58.300+0000] {processor.py:830} INFO - Processing file /opt/airflow/dags/minio_to_snowflake.py for tasks to queue
[2026-04-01T10:34:58.303+0000] {logging_mixin.py:188} INFO - [2026-04-01T10:34:58.302+0000] {dagbag.py:545} INFO - Filling up the DagBag from /opt/airflow/dags/minio_to_snowflake.py
[2026-04-01T10:35:00.183+0000] {processor.py:840} INFO - DAG(s) 'minio_to_snowflake_pipeline' retrieved from /opt/airflow/dags/minio_to_snowflake.py
[2026-04-01T10:35:00.236+0000] {logging_mixin.py:188} INFO - [2026-04-01T10:35:00.235+0000] {dag.py:3089} INFO - Sync 1 DAGs
[2026-04-01T10:35:00.278+0000] {logging_mixin.py:188} INFO - [2026-04-01T10:35:00.277+0000] {dag.py:3947} INFO - Setting next_dagrun for minio_to_snowflake_pipeline to 2026-04-01 10:30:00+00:00, run_after=2026-04-01 10:40:00+00:00
[2026-04-01T10:35:00.329+0000] {processor.py:183} INFO - Processing /opt/airflow/dags/minio_to_snowflake.py took 2.041 seconds
[2026-04-01T10:35:30.649+0000] {processor.py:161} INFO - Started process (PID=2044) to work on /opt/airflow/dags/minio_to_snowflake.py
[2026-04-01T10:35:30.651+0000] {processor.py:830} INFO - Processing file /opt/airflow/dags/minio_to_snowflake.py for tasks to queue
[2026-04-01T10:35:30.653+0000] {logging_mixin.py:188} INFO - [2026-04-01T10:35:30.652+0000] {dagbag.py:545} INFO - Filling up the DagBag from /opt/airflow/dags/minio_to_snowflake.py
[2026-04-01T10:35:32.050+0000] {processor.py:840} INFO - DAG(s) 'minio_to_snowflake_pipeline' retrieved from /opt/airflow/dags/minio_to_snowflake.py
[2026-04-01T10:35:32.080+0000] {logging_mixin.py:188} INFO - [2026-04-01T10:35:32.079+0000] {dag.py:3089} INFO - Sync 1 DAGs
[2026-04-01T10:35:32.108+0000] {logging_mixin.py:188} INFO - [2026-04-01T10:35:32.107+0000] {dag.py:3947} INFO - Setting next_dagrun for minio_to_snowflake_pipeline to 2026-04-01 10:30:00+00:00, run_after=2026-04-01 10:40:00+00:00
[2026-04-01T10:35:32.136+0000] {processor.py:183} INFO - Processing /opt/airflow/dags/minio_to_snowflake.py took 1.497 seconds
[2026-04-01T10:36:02.431+0000] {processor.py:161} INFO - Started process (PID=2051) to work on /opt/airflow/dags/minio_to_snowflake.py
[2026-04-01T10:36:02.435+0000] {processor.py:830} INFO - Processing file /opt/airflow/dags/minio_to_snowflake.py for tasks to queue
[2026-04-01T10:36:02.440+0000] {logging_mixin.py:188} INFO - [2026-04-01T10:36:02.439+0000] {dagbag.py:545} INFO - Filling up the DagBag from /opt/airflow/dags/minio_to_snowflake.py
[2026-04-01T10:36:03.900+0000] {processor.py:840} INFO - DAG(s) 'minio_to_snowflake_pipeline' retrieved from /opt/airflow/dags/minio_to_snowflake.py
[2026-04-01T10:36:03.937+0000] {logging_mixin.py:188} INFO - [2026-04-01T10:36:03.936+0000] {dag.py:3089} INFO - Sync 1 DAGs
[2026-04-01T10:36:03.963+0000] {logging_mixin.py:188} INFO - [2026-04-01T10:36:03.963+0000] {dag.py:3947} INFO - Setting next_dagrun for minio_to_snowflake_pipeline to 2026-04-01 10:30:00+00:00, run_after=2026-04-01 10:40:00+00:00
[2026-04-01T10:36:03.988+0000] {processor.py:183} INFO - Processing /opt/airflow/dags/minio_to_snowflake.py took 1.574 seconds
[2026-04-01T10:36:34.473+0000] {processor.py:161} INFO - Started process (PID=2058) to work on /opt/airflow/dags/minio_to_snowflake.py
[2026-04-01T10:36:34.474+0000] {processor.py:830} INFO - Processing file /opt/airflow/dags/minio_to_snowflake.py for tasks to queue
[2026-04-01T10:36:34.476+0000] {logging_mixin.py:188} INFO - [2026-04-01T10:36:34.475+0000] {dagbag.py:545} INFO - Filling up the DagBag from /opt/airflow/dags/minio_to_snowflake.py
[2026-04-01T10:36:35.573+0000] {processor.py:840} INFO - DAG(s) 'minio_to_snowflake_pipeline' retrieved from /opt/airflow/dags/minio_to_snowflake.py
[2026-04-01T10:36:35.605+0000] {logging_mixin.py:188} INFO - [2026-04-01T10:36:35.605+0000] {dag.py:3089} INFO - Sync 1 DAGs
[2026-04-01T10:36:35.633+0000] {logging_mixin.py:188} INFO - [2026-04-01T10:36:35.633+0000] {dag.py:3947} INFO - Setting next_dagrun for minio_to_snowflake_pipeline to 2026-04-01 10:30:00+00:00, run_after=2026-04-01 10:40:00+00:00
[2026-04-01T10:36:35.661+0000] {processor.py:183} INFO - Processing /opt/airflow/dags/minio_to_snowflake.py took 1.197 seconds
[2026-04-01T10:37:05.977+0000] {processor.py:161} INFO - Started process (PID=2065) to work on /opt/airflow/dags/minio_to_snowflake.py
[2026-04-01T10:37:05.983+0000] {processor.py:830} INFO - Processing file /opt/airflow/dags/minio_to_snowflake.py for tasks to queue
[2026-04-01T10:37:05.986+0000] {logging_mixin.py:188} INFO - [2026-04-01T10:37:05.985+0000] {dagbag.py:545} INFO - Filling up the DagBag from /opt/airflow/dags/minio_to_snowflake.py
[2026-04-01T10:37:07.719+0000] {processor.py:840} INFO - DAG(s) 'minio_to_snowflake_pipeline' retrieved from /opt/airflow/dags/minio_to_snowflake.py
[2026-04-01T10:37:07.763+0000] {logging_mixin.py:188} INFO - [2026-04-01T10:37:07.762+0000] {dag.py:3089} INFO - Sync 1 DAGs
[2026-04-01T10:37:07.793+0000] {logging_mixin.py:188} INFO - [2026-04-01T10:37:07.793+0000] {dag.py:3947} INFO - Setting next_dagrun for minio_to_snowflake_pipeline to 2026-04-01 10:30:00+00:00, run_after=2026-04-01 10:40:00+00:00
[2026-04-01T10:37:07.823+0000] {processor.py:183} INFO - Processing /opt/airflow/dags/minio_to_snowflake.py took 1.855 seconds
[2026-04-01T10:37:38.166+0000] {processor.py:161} INFO - Started process (PID=2072) to work on /opt/airflow/dags/minio_to_snowflake.py
[2026-04-01T10:37:38.168+0000] {processor.py:830} INFO - Processing file /opt/airflow/dags/minio_to_snowflake.py for tasks to queue
[2026-04-01T10:37:38.169+0000] {logging_mixin.py:188} INFO - [2026-04-01T10:37:38.169+0000] {dagbag.py:545} INFO - Filling up the DagBag from /opt/airflow/dags/minio_to_snowflake.py
[2026-04-01T10:37:40.167+0000] {processor.py:840} INFO - DAG(s) 'minio_to_snowflake_pipeline' retrieved from /opt/airflow/dags/minio_to_snowflake.py
[2026-04-01T10:37:40.200+0000] {logging_mixin.py:188} INFO - [2026-04-01T10:37:40.200+0000] {dag.py:3089} INFO - Sync 1 DAGs
[2026-04-01T10:37:40.226+0000] {logging_mixin.py:188} INFO - [2026-04-01T10:37:40.225+0000] {dag.py:3947} INFO - Setting next_dagrun for minio_to_snowflake_pipeline to 2026-04-01 10:30:00+00:00, run_after=2026-04-01 10:40:00+00:00
[2026-04-01T10:37:40.256+0000] {processor.py:183} INFO - Processing /opt/airflow/dags/minio_to_snowflake.py took 2.099 seconds
[2026-04-01T10:38:10.476+0000] {processor.py:161} INFO - Started process (PID=2079) to work on /opt/airflow/dags/minio_to_snowflake.py
[2026-04-01T10:38:10.480+0000] {processor.py:830} INFO - Processing file /opt/airflow/dags/minio_to_snowflake.py for tasks to queue
[2026-04-01T10:38:10.482+0000] {logging_mixin.py:188} INFO - [2026-04-01T10:38:10.481+0000] {dagbag.py:545} INFO - Filling up the DagBag from /opt/airflow/dags/minio_to_snowflake.py
[2026-04-01T10:38:12.648+0000] {processor.py:840} INFO - DAG(s) 'minio_to_snowflake_pipeline' retrieved from /opt/airflow/dags/minio_to_snowflake.py
[2026-04-01T10:38:12.682+0000] {logging_mixin.py:188} INFO - [2026-04-01T10:38:12.682+0000] {dag.py:3089} INFO - Sync 1 DAGs
[2026-04-01T10:38:12.707+0000] {logging_mixin.py:188} INFO - [2026-04-01T10:38:12.706+0000] {dag.py:3947} INFO - Setting next_dagrun for minio_to_snowflake_pipeline to 2026-04-01 10:30:00+00:00, run_after=2026-04-01 10:40:00+00:00
[2026-04-01T10:38:12.734+0000] {processor.py:183} INFO - Processing /opt/airflow/dags/minio_to_snowflake.py took 2.265 seconds
[2026-04-01T10:38:42.864+0000] {processor.py:161} INFO - Started process (PID=2086) to work on /opt/airflow/dags/minio_to_snowflake.py
[2026-04-01T10:38:42.866+0000] {processor.py:830} INFO - Processing file /opt/airflow/dags/minio_to_snowflake.py for tasks to queue
[2026-04-01T10:38:42.868+0000] {logging_mixin.py:188} INFO - [2026-04-01T10:38:42.868+0000] {dagbag.py:545} INFO - Filling up the DagBag from /opt/airflow/dags/minio_to_snowflake.py
[2026-04-01T10:38:44.617+0000] {processor.py:840} INFO - DAG(s) 'minio_to_snowflake_pipeline' retrieved from /opt/airflow/dags/minio_to_snowflake.py
[2026-04-01T10:38:44.651+0000] {logging_mixin.py:188} INFO - [2026-04-01T10:38:44.650+0000] {dag.py:3089} INFO - Sync 1 DAGs
[2026-04-01T10:38:44.679+0000] {logging_mixin.py:188} INFO - [2026-04-01T10:38:44.679+0000] {dag.py:3947} INFO - Setting next_dagrun for minio_to_snowflake_pipeline to 2026-04-01 10:30:00+00:00, run_after=2026-04-01 10:40:00+00:00
[2026-04-01T10:38:44.700+0000] {processor.py:183} INFO - Processing /opt/airflow/dags/minio_to_snowflake.py took 1.847 seconds
[2026-04-01T10:39:14.981+0000] {processor.py:161} INFO - Started process (PID=2093) to work on /opt/airflow/dags/minio_to_snowflake.py
[2026-04-01T10:39:14.983+0000] {processor.py:830} INFO - Processing file /opt/airflow/dags/minio_to_snowflake.py for tasks to queue
[2026-04-01T10:39:14.984+0000] {logging_mixin.py:188} INFO - [2026-04-01T10:39:14.984+0000] {dagbag.py:545} INFO - Filling up the DagBag from /opt/airflow/dags/minio_to_snowflake.py
[2026-04-01T10:39:16.329+0000] {processor.py:840} INFO - DAG(s) 'minio_to_snowflake_pipeline' retrieved from /opt/airflow/dags/minio_to_snowflake.py
[2026-04-01T10:39:16.363+0000] {logging_mixin.py:188} INFO - [2026-04-01T10:39:16.363+0000] {dag.py:3089} INFO - Sync 1 DAGs
[2026-04-01T10:39:16.388+0000] {logging_mixin.py:188} INFO - [2026-04-01T10:39:16.388+0000] {dag.py:3947} INFO - Setting next_dagrun for minio_to_snowflake_pipeline to 2026-04-01 10:30:00+00:00, run_after=2026-04-01 10:40:00+00:00
[2026-04-01T10:39:16.411+0000] {processor.py:183} INFO - Processing /opt/airflow/dags/minio_to_snowflake.py took 1.439 seconds
[2026-04-01T10:39:46.623+0000] {processor.py:161} INFO - Started process (PID=2100) to work on /opt/airflow/dags/minio_to_snowflake.py
[2026-04-01T10:39:46.625+0000] {processor.py:830} INFO - Processing file /opt/airflow/dags/minio_to_snowflake.py for tasks to queue
[2026-04-01T10:39:46.626+0000] {logging_mixin.py:188} INFO - [2026-04-01T10:39:46.626+0000] {dagbag.py:545} INFO - Filling up the DagBag from /opt/airflow/dags/minio_to_snowflake.py
[2026-04-01T10:39:47.771+0000] {processor.py:840} INFO - DAG(s) 'minio_to_snowflake_pipeline' retrieved from /opt/airflow/dags/minio_to_snowflake.py
[2026-04-01T10:39:47.802+0000] {logging_mixin.py:188} INFO - [2026-04-01T10:39:47.801+0000] {dag.py:3089} INFO - Sync 1 DAGs
[2026-04-01T10:39:47.824+0000] {logging_mixin.py:188} INFO - [2026-04-01T10:39:47.824+0000] {dag.py:3947} INFO - Setting next_dagrun for minio_to_snowflake_pipeline to 2026-04-01 10:30:00+00:00, run_after=2026-04-01 10:40:00+00:00
[2026-04-01T10:39:47.848+0000] {processor.py:183} INFO - Processing /opt/airflow/dags/minio_to_snowflake.py took 1.241 seconds
[2026-04-01T10:40:18.166+0000] {processor.py:161} INFO - Started process (PID=2111) to work on /opt/airflow/dags/minio_to_snowflake.py
[2026-04-01T10:40:18.168+0000] {processor.py:830} INFO - Processing file /opt/airflow/dags/minio_to_snowflake.py for tasks to queue
[2026-04-01T10:40:18.169+0000] {logging_mixin.py:188} INFO - [2026-04-01T10:40:18.169+0000] {dagbag.py:545} INFO - Filling up the DagBag from /opt/airflow/dags/minio_to_snowflake.py
[2026-04-01T10:40:19.565+0000] {processor.py:840} INFO - DAG(s) 'minio_to_snowflake_pipeline' retrieved from /opt/airflow/dags/minio_to_snowflake.py
[2026-04-01T10:40:19.597+0000] {logging_mixin.py:188} INFO - [2026-04-01T10:40:19.596+0000] {dag.py:3089} INFO - Sync 1 DAGs
[2026-04-01T10:40:19.626+0000] {logging_mixin.py:188} INFO - [2026-04-01T10:40:19.626+0000] {dag.py:3947} INFO - Setting next_dagrun for minio_to_snowflake_pipeline to 2026-04-01 10:40:00+00:00, run_after=2026-04-01 10:50:00+00:00
[2026-04-01T10:40:19.652+0000] {processor.py:183} INFO - Processing /opt/airflow/dags/minio_to_snowflake.py took 1.494 seconds
[2026-04-01T10:40:49.999+0000] {processor.py:161} INFO - Started process (PID=2118) to work on /opt/airflow/dags/minio_to_snowflake.py
[2026-04-01T10:40:50.001+0000] {processor.py:830} INFO - Processing file /opt/airflow/dags/minio_to_snowflake.py for tasks to queue
[2026-04-01T10:40:50.002+0000] {logging_mixin.py:188} INFO - [2026-04-01T10:40:50.002+0000] {dagbag.py:545} INFO - Filling up the DagBag from /opt/airflow/dags/minio_to_snowflake.py
[2026-04-01T10:40:51.160+0000] {processor.py:840} INFO - DAG(s) 'minio_to_snowflake_pipeline' retrieved from /opt/airflow/dags/minio_to_snowflake.py
[2026-04-01T10:40:51.192+0000] {logging_mixin.py:188} INFO - [2026-04-01T10:40:51.192+0000] {dag.py:3089} INFO - Sync 1 DAGs
[2026-04-01T10:40:51.220+0000] {logging_mixin.py:188} INFO - [2026-04-01T10:40:51.220+0000] {dag.py:3947} INFO - Setting next_dagrun for minio_to_snowflake_pipeline to 2026-04-01 10:40:00+00:00, run_after=2026-04-01 10:50:00+00:00
[2026-04-01T10:40:51.247+0000] {processor.py:183} INFO - Processing /opt/airflow/dags/minio_to_snowflake.py took 1.257 seconds
[2026-04-01T10:41:21.344+0000] {processor.py:161} INFO - Started process (PID=2125) to work on /opt/airflow/dags/minio_to_snowflake.py
[2026-04-01T10:41:21.345+0000] {processor.py:830} INFO - Processing file /opt/airflow/dags/minio_to_snowflake.py for tasks to queue
[2026-04-01T10:41:21.349+0000] {logging_mixin.py:188} INFO - [2026-04-01T10:41:21.348+0000] {dagbag.py:545} INFO - Filling up the DagBag from /opt/airflow/dags/minio_to_snowflake.py
[2026-04-01T10:41:23.468+0000] {processor.py:840} INFO - DAG(s) 'minio_to_snowflake_pipeline' retrieved from /opt/airflow/dags/minio_to_snowflake.py
[2026-04-01T10:41:23.527+0000] {logging_mixin.py:188} INFO - [2026-04-01T10:41:23.526+0000] {dag.py:3089} INFO - Sync 1 DAGs
[2026-04-01T10:41:23.583+0000] {logging_mixin.py:188} INFO - [2026-04-01T10:41:23.582+0000] {dag.py:3947} INFO - Setting next_dagrun for minio_to_snowflake_pipeline to 2026-04-01 10:40:00+00:00, run_after=2026-04-01 10:50:00+00:00
[2026-04-01T10:41:23.626+0000] {processor.py:183} INFO - Processing /opt/airflow/dags/minio_to_snowflake.py took 2.290 seconds
[2026-04-01T10:41:54.074+0000] {processor.py:161} INFO - Started process (PID=2132) to work on /opt/airflow/dags/minio_to_snowflake.py
[2026-04-01T10:41:54.075+0000] {processor.py:830} INFO - Processing file /opt/airflow/dags/minio_to_snowflake.py for tasks to queue
[2026-04-01T10:41:54.077+0000] {logging_mixin.py:188} INFO - [2026-04-01T10:41:54.076+0000] {dagbag.py:545} INFO - Filling up the DagBag from /opt/airflow/dags/minio_to_snowflake.py
[2026-04-01T10:41:55.454+0000] {processor.py:840} INFO - DAG(s) 'minio_to_snowflake_pipeline' retrieved from /opt/airflow/dags/minio_to_snowflake.py
[2026-04-01T10:41:55.487+0000] {logging_mixin.py:188} INFO - [2026-04-01T10:41:55.486+0000] {dag.py:3089} INFO - Sync 1 DAGs
[2026-04-01T10:41:55.525+0000] {logging_mixin.py:188} INFO - [2026-04-01T10:41:55.525+0000] {dag.py:3947} INFO - Setting next_dagrun for minio_to_snowflake_pipeline to 2026-04-01 10:40:00+00:00, run_after=2026-04-01 10:50:00+00:00
[2026-04-01T10:41:55.559+0000] {processor.py:183} INFO - Processing /opt/airflow/dags/minio_to_snowflake.py took 1.495 seconds
[2026-04-01T10:42:25.912+0000] {processor.py:161} INFO - Started process (PID=2139) to work on /opt/airflow/dags/minio_to_snowflake.py
[2026-04-01T10:42:25.916+0000] {processor.py:830} INFO - Processing file /opt/airflow/dags/minio_to_snowflake.py for tasks to queue
[2026-04-01T10:42:25.918+0000] {logging_mixin.py:188} INFO - [2026-04-01T10:42:25.917+0000] {dagbag.py:545} INFO - Filling up the DagBag from /opt/airflow/dags/minio_to_snowflake.py
[2026-04-01T10:42:27.726+0000] {processor.py:840} INFO - DAG(s) 'minio_to_snowflake_pipeline' retrieved from /opt/airflow/dags/minio_to_snowflake.py
[2026-04-01T10:42:27.768+0000] {logging_mixin.py:188} INFO - [2026-04-01T10:42:27.768+0000] {dag.py:3089} INFO - Sync 1 DAGs
[2026-04-01T10:42:27.801+0000] {logging_mixin.py:188} INFO - [2026-04-01T10:42:27.800+0000] {dag.py:3947} INFO - Setting next_dagrun for minio_to_snowflake_pipeline to 2026-04-01 10:40:00+00:00, run_after=2026-04-01 10:50:00+00:00
[2026-04-01T10:42:27.860+0000] {processor.py:183} INFO - Processing /opt/airflow/dags/minio_to_snowflake.py took 1.958 seconds
[2026-04-01T10:42:58.323+0000] {processor.py:161} INFO - Started process (PID=2146) to work on /opt/airflow/dags/minio_to_snowflake.py
[2026-04-01T10:42:58.326+0000] {processor.py:830} INFO - Processing file /opt/airflow/dags/minio_to_snowflake.py for tasks to queue
[2026-04-01T10:42:58.328+0000] {logging_mixin.py:188} INFO - [2026-04-01T10:42:58.328+0000] {dagbag.py:545} INFO - Filling up the DagBag from /opt/airflow/dags/minio_to_snowflake.py
[2026-04-01T10:43:00.330+0000] {processor.py:840} INFO - DAG(s) 'minio_to_snowflake_pipeline' retrieved from /opt/airflow/dags/minio_to_snowflake.py
[2026-04-01T10:43:00.361+0000] {logging_mixin.py:188} INFO - [2026-04-01T10:43:00.360+0000] {dag.py:3089} INFO - Sync 1 DAGs
[2026-04-01T10:43:00.386+0000] {logging_mixin.py:188} INFO - [2026-04-01T10:43:00.385+0000] {dag.py:3947} INFO - Setting next_dagrun for minio_to_snowflake_pipeline to 2026-04-01 10:40:00+00:00, run_after=2026-04-01 10:50:00+00:00
[2026-04-01T10:43:00.406+0000] {processor.py:183} INFO - Processing /opt/airflow/dags/minio_to_snowflake.py took 2.103 seconds
[2026-04-01T10:43:30.736+0000] {processor.py:161} INFO - Started process (PID=2153) to work on /opt/airflow/dags/minio_to_snowflake.py
[2026-04-01T10:43:30.737+0000] {processor.py:830} INFO - Processing file /opt/airflow/dags/minio_to_snowflake.py for tasks to queue
[2026-04-01T10:43:30.739+0000] {logging_mixin.py:188} INFO - [2026-04-01T10:43:30.738+0000] {dagbag.py:545} INFO - Filling up the DagBag from /opt/airflow/dags/minio_to_snowflake.py
[2026-04-01T10:43:32.122+0000] {processor.py:840} INFO - DAG(s) 'minio_to_snowflake_pipeline' retrieved from /opt/airflow/dags/minio_to_snowflake.py
[2026-04-01T10:43:32.175+0000] {logging_mixin.py:188} INFO - [2026-04-01T10:43:32.174+0000] {dag.py:3089} INFO - Sync 1 DAGs
[2026-04-01T10:43:32.202+0000] {logging_mixin.py:188} INFO - [2026-04-01T10:43:32.202+0000] {dag.py:3947} INFO - Setting next_dagrun for minio_to_snowflake_pipeline to 2026-04-01 10:40:00+00:00, run_after=2026-04-01 10:50:00+00:00
[2026-04-01T10:43:32.228+0000] {processor.py:183} INFO - Processing /opt/airflow/dags/minio_to_snowflake.py took 1.501 seconds
[2026-04-01T10:44:02.645+0000] {processor.py:161} INFO - Started process (PID=2160) to work on /opt/airflow/dags/minio_to_snowflake.py
[2026-04-01T10:44:02.648+0000] {processor.py:830} INFO - Processing file /opt/airflow/dags/minio_to_snowflake.py for tasks to queue
[2026-04-01T10:44:02.650+0000] {logging_mixin.py:188} INFO - [2026-04-01T10:44:02.649+0000] {dagbag.py:545} INFO - Filling up the DagBag from /opt/airflow/dags/minio_to_snowflake.py
[2026-04-01T10:44:04.106+0000] {processor.py:840} INFO - DAG(s) 'minio_to_snowflake_pipeline' retrieved from /opt/airflow/dags/minio_to_snowflake.py
[2026-04-01T10:44:04.155+0000] {logging_mixin.py:188} INFO - [2026-04-01T10:44:04.154+0000] {dag.py:3089} INFO - Sync 1 DAGs
[2026-04-01T10:44:04.200+0000] {logging_mixin.py:188} INFO - [2026-04-01T10:44:04.199+0000] {dag.py:3947} INFO - Setting next_dagrun for minio_to_snowflake_pipeline to 2026-04-01 10:40:00+00:00, run_after=2026-04-01 10:50:00+00:00
[2026-04-01T10:44:04.235+0000] {processor.py:183} INFO - Processing /opt/airflow/dags/minio_to_snowflake.py took 1.602 seconds
[2026-04-01T10:44:35.145+0000] {processor.py:161} INFO - Started process (PID=2167) to work on /opt/airflow/dags/minio_to_snowflake.py
[2026-04-01T10:44:35.147+0000] {processor.py:830} INFO - Processing file /opt/airflow/dags/minio_to_snowflake.py for tasks to queue
[2026-04-01T10:44:35.150+0000] {logging_mixin.py:188} INFO - [2026-04-01T10:44:35.149+0000] {dagbag.py:545} INFO - Filling up the DagBag from /opt/airflow/dags/minio_to_snowflake.py
[2026-04-01T10:44:36.892+0000] {processor.py:840} INFO - DAG(s) 'minio_to_snowflake_pipeline' retrieved from /opt/airflow/dags/minio_to_snowflake.py
[2026-04-01T10:44:36.922+0000] {logging_mixin.py:188} INFO - [2026-04-01T10:44:36.922+0000] {dag.py:3089} INFO - Sync 1 DAGs
[2026-04-01T10:44:36.955+0000] {logging_mixin.py:188} INFO - [2026-04-01T10:44:36.954+0000] {dag.py:3947} INFO - Setting next_dagrun for minio_to_snowflake_pipeline to 2026-04-01 10:40:00+00:00, run_after=2026-04-01 10:50:00+00:00
[2026-04-01T10:44:36.991+0000] {processor.py:183} INFO - Processing /opt/airflow/dags/minio_to_snowflake.py took 1.856 seconds
[2026-04-01T10:45:07.358+0000] {processor.py:161} INFO - Started process (PID=2174) to work on /opt/airflow/dags/minio_to_snowflake.py
[2026-04-01T10:45:07.360+0000] {processor.py:830} INFO - Processing file /opt/airflow/dags/minio_to_snowflake.py for tasks to queue
[2026-04-01T10:45:07.362+0000] {logging_mixin.py:188} INFO - [2026-04-01T10:45:07.362+0000] {dagbag.py:545} INFO - Filling up the DagBag from /opt/airflow/dags/minio_to_snowflake.py
[2026-04-01T10:45:09.011+0000] {processor.py:840} INFO - DAG(s) 'minio_to_snowflake_pipeline' retrieved from /opt/airflow/dags/minio_to_snowflake.py
[2026-04-01T10:45:09.080+0000] {logging_mixin.py:188} INFO - [2026-04-01T10:45:09.079+0000] {dag.py:3089} INFO - Sync 1 DAGs
[2026-04-01T10:45:09.123+0000] {logging_mixin.py:188} INFO - [2026-04-01T10:45:09.123+0000] {dag.py:3947} INFO - Setting next_dagrun for minio_to_snowflake_pipeline to 2026-04-01 10:40:00+00:00, run_after=2026-04-01 10:50:00+00:00
[2026-04-01T10:45:09.162+0000] {processor.py:183} INFO - Processing /opt/airflow/dags/minio_to_snowflake.py took 1.812 seconds
[2026-04-01T10:45:39.640+0000] {processor.py:161} INFO - Started process (PID=2181) to work on /opt/airflow/dags/minio_to_snowflake.py
[2026-04-01T10:45:39.642+0000] {processor.py:830} INFO - Processing file /opt/airflow/dags/minio_to_snowflake.py for tasks to queue
[2026-04-01T10:45:39.655+0000] {logging_mixin.py:188} INFO - [2026-04-01T10:45:39.651+0000] {dagbag.py:545} INFO - Filling up the DagBag from /opt/airflow/dags/minio_to_snowflake.py
[2026-04-01T10:45:41.068+0000] {processor.py:840} INFO - DAG(s) 'minio_to_snowflake_pipeline' retrieved from /opt/airflow/dags/minio_to_snowflake.py
[2026-04-01T10:45:41.102+0000] {logging_mixin.py:188} INFO - [2026-04-01T10:45:41.101+0000] {dag.py:3089} INFO - Sync 1 DAGs
[2026-04-01T10:45:41.132+0000] {logging_mixin.py:188} INFO - [2026-04-01T10:45:41.132+0000] {dag.py:3947} INFO - Setting next_dagrun for minio_to_snowflake_pipeline to 2026-04-01 10:40:00+00:00, run_after=2026-04-01 10:50:00+00:00
[2026-04-01T10:45:41.154+0000] {processor.py:183} INFO - Processing /opt/airflow/dags/minio_to_snowflake.py took 1.532 seconds
[2026-04-01T10:46:11.346+0000] {processor.py:161} INFO - Started process (PID=2188) to work on /opt/airflow/dags/minio_to_snowflake.py
[2026-04-01T10:46:11.348+0000] {processor.py:830} INFO - Processing file /opt/airflow/dags/minio_to_snowflake.py for tasks to queue
[2026-04-01T10:46:11.350+0000] {logging_mixin.py:188} INFO - [2026-04-01T10:46:11.349+0000] {dagbag.py:545} INFO - Filling up the DagBag from /opt/airflow/dags/minio_to_snowflake.py
[2026-04-01T10:46:12.638+0000] {processor.py:840} INFO - DAG(s) 'minio_to_snowflake_pipeline' retrieved from /opt/airflow/dags/minio_to_snowflake.py
[2026-04-01T10:46:12.671+0000] {logging_mixin.py:188} INFO - [2026-04-01T10:46:12.670+0000] {dag.py:3089} INFO - Sync 1 DAGs
[2026-04-01T10:46:12.695+0000] {logging_mixin.py:188} INFO - [2026-04-01T10:46:12.695+0000] {dag.py:3947} INFO - Setting next_dagrun for minio_to_snowflake_pipeline to 2026-04-01 10:40:00+00:00, run_after=2026-04-01 10:50:00+00:00
[2026-04-01T10:46:12.757+0000] {processor.py:183} INFO - Processing /opt/airflow/dags/minio_to_snowflake.py took 1.420 seconds
[2026-04-01T10:46:43.426+0000] {processor.py:161} INFO - Started process (PID=2195) to work on /opt/airflow/dags/minio_to_snowflake.py
[2026-04-01T10:46:43.440+0000] {processor.py:830} INFO - Processing file /opt/airflow/dags/minio_to_snowflake.py for tasks to queue
[2026-04-01T10:46:43.456+0000] {logging_mixin.py:188} INFO - [2026-04-01T10:46:43.455+0000] {dagbag.py:545} INFO - Filling up the DagBag from /opt/airflow/dags/minio_to_snowflake.py
[2026-04-01T10:46:45.697+0000] {processor.py:840} INFO - DAG(s) 'minio_to_snowflake_pipeline' retrieved from /opt/airflow/dags/minio_to_snowflake.py
[2026-04-01T10:46:45.725+0000] {logging_mixin.py:188} INFO - [2026-04-01T10:46:45.725+0000] {dag.py:3089} INFO - Sync 1 DAGs
[2026-04-01T10:46:45.748+0000] {logging_mixin.py:188} INFO - [2026-04-01T10:46:45.747+0000] {dag.py:3947} INFO - Setting next_dagrun for minio_to_snowflake_pipeline to 2026-04-01 10:40:00+00:00, run_after=2026-04-01 10:50:00+00:00
[2026-04-01T10:46:45.809+0000] {processor.py:183} INFO - Processing /opt/airflow/dags/minio_to_snowflake.py took 2.403 seconds
[2026-04-01T10:47:16.355+0000] {processor.py:161} INFO - Started process (PID=2202) to work on /opt/airflow/dags/minio_to_snowflake.py
[2026-04-01T10:47:16.357+0000] {processor.py:830} INFO - Processing file /opt/airflow/dags/minio_to_snowflake.py for tasks to queue
[2026-04-01T10:47:16.359+0000] {logging_mixin.py:188} INFO - [2026-04-01T10:47:16.358+0000] {dagbag.py:545} INFO - Filling up the DagBag from /opt/airflow/dags/minio_to_snowflake.py
[2026-04-01T10:47:19.230+0000] {processor.py:840} INFO - DAG(s) 'minio_to_snowflake_pipeline' retrieved from /opt/airflow/dags/minio_to_snowflake.py
[2026-04-01T10:47:19.300+0000] {logging_mixin.py:188} INFO - [2026-04-01T10:47:19.299+0000] {dag.py:3089} INFO - Sync 1 DAGs
[2026-04-01T10:47:19.331+0000] {logging_mixin.py:188} INFO - [2026-04-01T10:47:19.331+0000] {dag.py:3947} INFO - Setting next_dagrun for minio_to_snowflake_pipeline to 2026-04-01 10:40:00+00:00, run_after=2026-04-01 10:50:00+00:00
[2026-04-01T10:47:19.358+0000] {processor.py:183} INFO - Processing /opt/airflow/dags/minio_to_snowflake.py took 3.019 seconds
[2026-04-01T10:47:49.913+0000] {processor.py:161} INFO - Started process (PID=2209) to work on /opt/airflow/dags/minio_to_snowflake.py
[2026-04-01T10:47:49.915+0000] {processor.py:830} INFO - Processing file /opt/airflow/dags/minio_to_snowflake.py for tasks to queue
[2026-04-01T10:47:49.916+0000] {logging_mixin.py:188} INFO - [2026-04-01T10:47:49.916+0000] {dagbag.py:545} INFO - Filling up the DagBag from /opt/airflow/dags/minio_to_snowflake.py
[2026-04-01T10:47:51.058+0000] {processor.py:840} INFO - DAG(s) 'minio_to_snowflake_pipeline' retrieved from /opt/airflow/dags/minio_to_snowflake.py
[2026-04-01T10:47:51.098+0000] {logging_mixin.py:188} INFO - [2026-04-01T10:47:51.097+0000] {dag.py:3089} INFO - Sync 1 DAGs
[2026-04-01T10:47:51.125+0000] {logging_mixin.py:188} INFO - [2026-04-01T10:47:51.124+0000] {dag.py:3947} INFO - Setting next_dagrun for minio_to_snowflake_pipeline to 2026-04-01 10:40:00+00:00, run_after=2026-04-01 10:50:00+00:00
[2026-04-01T10:47:51.150+0000] {processor.py:183} INFO - Processing /opt/airflow/dags/minio_to_snowflake.py took 1.250 seconds
[2026-04-01T10:48:21.406+0000] {processor.py:161} INFO - Started process (PID=2216) to work on /opt/airflow/dags/minio_to_snowflake.py
[2026-04-01T10:48:21.407+0000] {processor.py:830} INFO - Processing file /opt/airflow/dags/minio_to_snowflake.py for tasks to queue
[2026-04-01T10:48:21.410+0000] {logging_mixin.py:188} INFO - [2026-04-01T10:48:21.409+0000] {dagbag.py:545} INFO - Filling up the DagBag from /opt/airflow/dags/minio_to_snowflake.py
[2026-04-01T10:48:22.644+0000] {processor.py:840} INFO - DAG(s) 'minio_to_snowflake_pipeline' retrieved from /opt/airflow/dags/minio_to_snowflake.py
[2026-04-01T10:48:22.675+0000] {logging_mixin.py:188} INFO - [2026-04-01T10:48:22.674+0000] {dag.py:3089} INFO - Sync 1 DAGs
[2026-04-01T10:48:22.702+0000] {logging_mixin.py:188} INFO - [2026-04-01T10:48:22.702+0000] {dag.py:3947} INFO - Setting next_dagrun for minio_to_snowflake_pipeline to 2026-04-01 10:40:00+00:00, run_after=2026-04-01 10:50:00+00:00
[2026-04-01T10:48:22.729+0000] {processor.py:183} INFO - Processing /opt/airflow/dags/minio_to_snowflake.py took 1.331 seconds
[2026-04-01T10:48:53.100+0000] {processor.py:161} INFO - Started process (PID=2223) to work on /opt/airflow/dags/minio_to_snowflake.py
[2026-04-01T10:48:53.101+0000] {processor.py:830} INFO - Processing file /opt/airflow/dags/minio_to_snowflake.py for tasks to queue
[2026-04-01T10:48:53.103+0000] {logging_mixin.py:188} INFO - [2026-04-01T10:48:53.102+0000] {dagbag.py:545} INFO - Filling up the DagBag from /opt/airflow/dags/minio_to_snowflake.py
[2026-04-01T10:48:54.214+0000] {processor.py:840} INFO - DAG(s) 'minio_to_snowflake_pipeline' retrieved from /opt/airflow/dags/minio_to_snowflake.py
[2026-04-01T10:48:54.244+0000] {logging_mixin.py:188} INFO - [2026-04-01T10:48:54.243+0000] {dag.py:3089} INFO - Sync 1 DAGs
[2026-04-01T10:48:54.269+0000] {logging_mixin.py:188} INFO - [2026-04-01T10:48:54.269+0000] {dag.py:3947} INFO - Setting next_dagrun for minio_to_snowflake_pipeline to 2026-04-01 10:40:00+00:00, run_after=2026-04-01 10:50:00+00:00
[2026-04-01T10:48:54.294+0000] {processor.py:183} INFO - Processing /opt/airflow/dags/minio_to_snowflake.py took 1.203 seconds
[2026-04-01T10:49:24.525+0000] {processor.py:161} INFO - Started process (PID=2230) to work on /opt/airflow/dags/minio_to_snowflake.py
[2026-04-01T10:49:24.527+0000] {processor.py:830} INFO - Processing file /opt/airflow/dags/minio_to_snowflake.py for tasks to queue
[2026-04-01T10:49:24.531+0000] {logging_mixin.py:188} INFO - [2026-04-01T10:49:24.527+0000] {dagbag.py:545} INFO - Filling up the DagBag from /opt/airflow/dags/minio_to_snowflake.py
[2026-04-01T10:49:26.207+0000] {processor.py:840} INFO - DAG(s) 'minio_to_snowflake_pipeline' retrieved from /opt/airflow/dags/minio_to_snowflake.py
[2026-04-01T10:49:26.240+0000] {logging_mixin.py:188} INFO - [2026-04-01T10:49:26.240+0000] {dag.py:3089} INFO - Sync 1 DAGs
[2026-04-01T10:49:26.269+0000] {logging_mixin.py:188} INFO - [2026-04-01T10:49:26.269+0000] {dag.py:3947} INFO - Setting next_dagrun for minio_to_snowflake_pipeline to 2026-04-01 10:40:00+00:00, run_after=2026-04-01 10:50:00+00:00
[2026-04-01T10:49:26.297+0000] {processor.py:183} INFO - Processing /opt/airflow/dags/minio_to_snowflake.py took 1.781 seconds
[2026-04-01T10:49:56.752+0000] {processor.py:161} INFO - Started process (PID=2237) to work on /opt/airflow/dags/minio_to_snowflake.py
[2026-04-01T10:49:56.754+0000] {processor.py:830} INFO - Processing file /opt/airflow/dags/minio_to_snowflake.py for tasks to queue
[2026-04-01T10:49:56.755+0000] {logging_mixin.py:188} INFO - [2026-04-01T10:49:56.755+0000] {dagbag.py:545} INFO - Filling up the DagBag from /opt/airflow/dags/minio_to_snowflake.py
[2026-04-01T10:49:58.835+0000] {processor.py:840} INFO - DAG(s) 'minio_to_snowflake_pipeline' retrieved from /opt/airflow/dags/minio_to_snowflake.py
[2026-04-01T10:49:58.903+0000] {logging_mixin.py:188} INFO - [2026-04-01T10:49:58.902+0000] {dag.py:3089} INFO - Sync 1 DAGs
[2026-04-01T10:49:58.948+0000] {logging_mixin.py:188} INFO - [2026-04-01T10:49:58.948+0000] {dag.py:3947} INFO - Setting next_dagrun for minio_to_snowflake_pipeline to 2026-04-01 10:40:00+00:00, run_after=2026-04-01 10:50:00+00:00
[2026-04-01T10:49:58.976+0000] {processor.py:183} INFO - Processing /opt/airflow/dags/minio_to_snowflake.py took 2.233 seconds
[2026-04-01T10:50:29.269+0000] {processor.py:161} INFO - Started process (PID=2248) to work on /opt/airflow/dags/minio_to_snowflake.py
[2026-04-01T10:50:29.271+0000] {processor.py:830} INFO - Processing file /opt/airflow/dags/minio_to_snowflake.py for tasks to queue
[2026-04-01T10:50:29.273+0000] {logging_mixin.py:188} INFO - [2026-04-01T10:50:29.272+0000] {dagbag.py:545} INFO - Filling up the DagBag from /opt/airflow/dags/minio_to_snowflake.py
[2026-04-01T10:50:30.446+0000] {processor.py:840} INFO - DAG(s) 'minio_to_snowflake_pipeline' retrieved from /opt/airflow/dags/minio_to_snowflake.py
[2026-04-01T10:50:30.476+0000] {logging_mixin.py:188} INFO - [2026-04-01T10:50:30.476+0000] {dag.py:3089} INFO - Sync 1 DAGs
[2026-04-01T10:50:30.507+0000] {logging_mixin.py:188} INFO - [2026-04-01T10:50:30.507+0000] {dag.py:3947} INFO - Setting next_dagrun for minio_to_snowflake_pipeline to 2026-04-01 10:50:00+00:00, run_after=2026-04-01 11:00:00+00:00
[2026-04-01T10:50:30.535+0000] {processor.py:183} INFO - Processing /opt/airflow/dags/minio_to_snowflake.py took 1.276 seconds
[2026-04-01T10:51:00.955+0000] {processor.py:161} INFO - Started process (PID=2255) to work on /opt/airflow/dags/minio_to_snowflake.py
[2026-04-01T10:51:00.957+0000] {processor.py:830} INFO - Processing file /opt/airflow/dags/minio_to_snowflake.py for tasks to queue
[2026-04-01T10:51:00.962+0000] {logging_mixin.py:188} INFO - [2026-04-01T10:51:00.961+0000] {dagbag.py:545} INFO - Filling up the DagBag from /opt/airflow/dags/minio_to_snowflake.py
[2026-04-01T10:51:02.274+0000] {processor.py:840} INFO - DAG(s) 'minio_to_snowflake_pipeline' retrieved from /opt/airflow/dags/minio_to_snowflake.py
[2026-04-01T10:51:02.317+0000] {logging_mixin.py:188} INFO - [2026-04-01T10:51:02.316+0000] {dag.py:3089} INFO - Sync 1 DAGs
[2026-04-01T10:51:02.355+0000] {logging_mixin.py:188} INFO - [2026-04-01T10:51:02.355+0000] {dag.py:3947} INFO - Setting next_dagrun for minio_to_snowflake_pipeline to 2026-04-01 10:50:00+00:00, run_after=2026-04-01 11:00:00+00:00
[2026-04-01T10:51:02.401+0000] {processor.py:183} INFO - Processing /opt/airflow/dags/minio_to_snowflake.py took 1.456 seconds
[2026-04-01T10:51:32.834+0000] {processor.py:161} INFO - Started process (PID=2262) to work on /opt/airflow/dags/minio_to_snowflake.py
[2026-04-01T10:51:32.836+0000] {processor.py:830} INFO - Processing file /opt/airflow/dags/minio_to_snowflake.py for tasks to queue
[2026-04-01T10:51:32.837+0000] {logging_mixin.py:188} INFO - [2026-04-01T10:51:32.837+0000] {dagbag.py:545} INFO - Filling up the DagBag from /opt/airflow/dags/minio_to_snowflake.py
[2026-04-01T10:51:35.532+0000] {processor.py:840} INFO - DAG(s) 'minio_to_snowflake_pipeline' retrieved from /opt/airflow/dags/minio_to_snowflake.py
[2026-04-01T10:51:35.583+0000] {logging_mixin.py:188} INFO - [2026-04-01T10:51:35.583+0000] {dag.py:3089} INFO - Sync 1 DAGs
[2026-04-01T10:51:35.629+0000] {logging_mixin.py:188} INFO - [2026-04-01T10:51:35.628+0000] {dag.py:3947} INFO - Setting next_dagrun for minio_to_snowflake_pipeline to 2026-04-01 10:50:00+00:00, run_after=2026-04-01 11:00:00+00:00
[2026-04-01T10:51:35.663+0000] {processor.py:183} INFO - Processing /opt/airflow/dags/minio_to_snowflake.py took 2.841 seconds
[2026-04-01T10:52:06.191+0000] {processor.py:161} INFO - Started process (PID=2269) to work on /opt/airflow/dags/minio_to_snowflake.py
[2026-04-01T10:52:06.193+0000] {processor.py:830} INFO - Processing file /opt/airflow/dags/minio_to_snowflake.py for tasks to queue
[2026-04-01T10:52:06.197+0000] {logging_mixin.py:188} INFO - [2026-04-01T10:52:06.194+0000] {dagbag.py:545} INFO - Filling up the DagBag from /opt/airflow/dags/minio_to_snowflake.py
[2026-04-01T10:52:07.413+0000] {processor.py:840} INFO - DAG(s) 'minio_to_snowflake_pipeline' retrieved from /opt/airflow/dags/minio_to_snowflake.py
[2026-04-01T10:52:07.486+0000] {logging_mixin.py:188} INFO - [2026-04-01T10:52:07.486+0000] {dag.py:3089} INFO - Sync 1 DAGs
[2026-04-01T10:52:07.511+0000] {logging_mixin.py:188} INFO - [2026-04-01T10:52:07.511+0000] {dag.py:3947} INFO - Setting next_dagrun for minio_to_snowflake_pipeline to 2026-04-01 10:50:00+00:00, run_after=2026-04-01 11:00:00+00:00
[2026-04-01T10:52:07.539+0000] {processor.py:183} INFO - Processing /opt/airflow/dags/minio_to_snowflake.py took 1.356 seconds
[2026-04-01T10:52:37.888+0000] {processor.py:161} INFO - Started process (PID=2276) to work on /opt/airflow/dags/minio_to_snowflake.py
[2026-04-01T10:52:37.889+0000] {processor.py:830} INFO - Processing file /opt/airflow/dags/minio_to_snowflake.py for tasks to queue
[2026-04-01T10:52:37.890+0000] {logging_mixin.py:188} INFO - [2026-04-01T10:52:37.890+0000] {dagbag.py:545} INFO - Filling up the DagBag from /opt/airflow/dags/minio_to_snowflake.py
[2026-04-01T10:52:38.963+0000] {processor.py:840} INFO - DAG(s) 'minio_to_snowflake_pipeline' retrieved from /opt/airflow/dags/minio_to_snowflake.py
[2026-04-01T10:52:39.000+0000] {logging_mixin.py:188} INFO - [2026-04-01T10:52:38.999+0000] {dag.py:3089} INFO - Sync 1 DAGs
[2026-04-01T10:52:39.035+0000] {logging_mixin.py:188} INFO - [2026-04-01T10:52:39.035+0000] {dag.py:3947} INFO - Setting next_dagrun for minio_to_snowflake_pipeline to 2026-04-01 10:50:00+00:00, run_after=2026-04-01 11:00:00+00:00
[2026-04-01T10:52:39.065+0000] {processor.py:183} INFO - Processing /opt/airflow/dags/minio_to_snowflake.py took 1.185 seconds
[2026-04-01T10:53:09.334+0000] {processor.py:161} INFO - Started process (PID=2283) to work on /opt/airflow/dags/minio_to_snowflake.py
[2026-04-01T10:53:09.335+0000] {processor.py:830} INFO - Processing file /opt/airflow/dags/minio_to_snowflake.py for tasks to queue
[2026-04-01T10:53:09.337+0000] {logging_mixin.py:188} INFO - [2026-04-01T10:53:09.337+0000] {dagbag.py:545} INFO - Filling up the DagBag from /opt/airflow/dags/minio_to_snowflake.py
[2026-04-01T10:53:10.510+0000] {processor.py:840} INFO - DAG(s) 'minio_to_snowflake_pipeline' retrieved from /opt/airflow/dags/minio_to_snowflake.py
[2026-04-01T10:53:10.541+0000] {logging_mixin.py:188} INFO - [2026-04-01T10:53:10.540+0000] {dag.py:3089} INFO - Sync 1 DAGs
[2026-04-01T10:53:10.567+0000] {logging_mixin.py:188} INFO - [2026-04-01T10:53:10.567+0000] {dag.py:3947} INFO - Setting next_dagrun for minio_to_snowflake_pipeline to 2026-04-01 10:50:00+00:00, run_after=2026-04-01 11:00:00+00:00
[2026-04-01T10:53:10.592+0000] {processor.py:183} INFO - Processing /opt/airflow/dags/minio_to_snowflake.py took 1.267 seconds
[2026-04-01T10:53:40.711+0000] {processor.py:161} INFO - Started process (PID=2290) to work on /opt/airflow/dags/minio_to_snowflake.py
[2026-04-01T10:53:40.713+0000] {processor.py:830} INFO - Processing file /opt/airflow/dags/minio_to_snowflake.py for tasks to queue
[2026-04-01T10:53:40.714+0000] {logging_mixin.py:188} INFO - [2026-04-01T10:53:40.714+0000] {dagbag.py:545} INFO - Filling up the DagBag from /opt/airflow/dags/minio_to_snowflake.py
[2026-04-01T10:53:42.046+0000] {processor.py:840} INFO - DAG(s) 'minio_to_snowflake_pipeline' retrieved from /opt/airflow/dags/minio_to_snowflake.py
[2026-04-01T10:53:42.089+0000] {logging_mixin.py:188} INFO - [2026-04-01T10:53:42.088+0000] {dag.py:3089} INFO - Sync 1 DAGs
[2026-04-01T10:53:42.133+0000] {logging_mixin.py:188} INFO - [2026-04-01T10:53:42.133+0000] {dag.py:3947} INFO - Setting next_dagrun for minio_to_snowflake_pipeline to 2026-04-01 10:50:00+00:00, run_after=2026-04-01 11:00:00+00:00
[2026-04-01T10:53:42.161+0000] {processor.py:183} INFO - Processing /opt/airflow/dags/minio_to_snowflake.py took 1.459 seconds
[2026-04-01T10:54:12.677+0000] {processor.py:161} INFO - Started process (PID=2297) to work on /opt/airflow/dags/minio_to_snowflake.py
[2026-04-01T10:54:12.679+0000] {processor.py:830} INFO - Processing file /opt/airflow/dags/minio_to_snowflake.py for tasks to queue
[2026-04-01T10:54:12.681+0000] {logging_mixin.py:188} INFO - [2026-04-01T10:54:12.680+0000] {dagbag.py:545} INFO - Filling up the DagBag from /opt/airflow/dags/minio_to_snowflake.py
[2026-04-01T10:54:13.680+0000] {processor.py:840} INFO - DAG(s) 'minio_to_snowflake_pipeline' retrieved from /opt/airflow/dags/minio_to_snowflake.py
[2026-04-01T10:54:13.712+0000] {logging_mixin.py:188} INFO - [2026-04-01T10:54:13.711+0000] {dag.py:3089} INFO - Sync 1 DAGs
[2026-04-01T10:54:13.736+0000] {logging_mixin.py:188} INFO - [2026-04-01T10:54:13.736+0000] {dag.py:3947} INFO - Setting next_dagrun for minio_to_snowflake_pipeline to 2026-04-01 10:50:00+00:00, run_after=2026-04-01 11:00:00+00:00
[2026-04-01T10:54:13.759+0000] {processor.py:183} INFO - Processing /opt/airflow/dags/minio_to_snowflake.py took 1.091 seconds
[2026-04-01T10:54:43.922+0000] {processor.py:161} INFO - Started process (PID=2304) to work on /opt/airflow/dags/minio_to_snowflake.py
[2026-04-01T10:54:43.924+0000] {processor.py:830} INFO - Processing file /opt/airflow/dags/minio_to_snowflake.py for tasks to queue
[2026-04-01T10:54:43.926+0000] {logging_mixin.py:188} INFO - [2026-04-01T10:54:43.925+0000] {dagbag.py:545} INFO - Filling up the DagBag from /opt/airflow/dags/minio_to_snowflake.py
[2026-04-01T10:54:45.821+0000] {processor.py:840} INFO - DAG(s) 'minio_to_snowflake_pipeline' retrieved from /opt/airflow/dags/minio_to_snowflake.py
[2026-04-01T10:54:45.849+0000] {logging_mixin.py:188} INFO - [2026-04-01T10:54:45.848+0000] {dag.py:3089} INFO - Sync 1 DAGs
[2026-04-01T10:54:45.871+0000] {logging_mixin.py:188} INFO - [2026-04-01T10:54:45.871+0000] {dag.py:3947} INFO - Setting next_dagrun for minio_to_snowflake_pipeline to 2026-04-01 10:50:00+00:00, run_after=2026-04-01 11:00:00+00:00
[2026-04-01T10:54:45.893+0000] {processor.py:183} INFO - Processing /opt/airflow/dags/minio_to_snowflake.py took 1.986 seconds
[2026-04-01T10:55:16.193+0000] {processor.py:161} INFO - Started process (PID=2311) to work on /opt/airflow/dags/minio_to_snowflake.py
[2026-04-01T10:55:16.195+0000] {processor.py:830} INFO - Processing file /opt/airflow/dags/minio_to_snowflake.py for tasks to queue
[2026-04-01T10:55:16.197+0000] {logging_mixin.py:188} INFO - [2026-04-01T10:55:16.196+0000] {dagbag.py:545} INFO - Filling up the DagBag from /opt/airflow/dags/minio_to_snowflake.py
[2026-04-01T10:55:17.596+0000] {processor.py:840} INFO - DAG(s) 'minio_to_snowflake_pipeline' retrieved from /opt/airflow/dags/minio_to_snowflake.py
[2026-04-01T10:55:17.630+0000] {logging_mixin.py:188} INFO - [2026-04-01T10:55:17.630+0000] {dag.py:3089} INFO - Sync 1 DAGs
[2026-04-01T10:55:17.658+0000] {logging_mixin.py:188} INFO - [2026-04-01T10:55:17.658+0000] {dag.py:3947} INFO - Setting next_dagrun for minio_to_snowflake_pipeline to 2026-04-01 10:50:00+00:00, run_after=2026-04-01 11:00:00+00:00
[2026-04-01T10:55:17.681+0000] {processor.py:183} INFO - Processing /opt/airflow/dags/minio_to_snowflake.py took 1.495 seconds
[2026-04-01T10:55:47.996+0000] {processor.py:161} INFO - Started process (PID=2318) to work on /opt/airflow/dags/minio_to_snowflake.py
[2026-04-01T10:55:47.998+0000] {processor.py:830} INFO - Processing file /opt/airflow/dags/minio_to_snowflake.py for tasks to queue
[2026-04-01T10:55:48.000+0000] {logging_mixin.py:188} INFO - [2026-04-01T10:55:47.999+0000] {dagbag.py:545} INFO - Filling up the DagBag from /opt/airflow/dags/minio_to_snowflake.py
[2026-04-01T10:55:49.067+0000] {processor.py:840} INFO - DAG(s) 'minio_to_snowflake_pipeline' retrieved from /opt/airflow/dags/minio_to_snowflake.py
[2026-04-01T10:55:49.104+0000] {logging_mixin.py:188} INFO - [2026-04-01T10:55:49.104+0000] {dag.py:3089} INFO - Sync 1 DAGs
[2026-04-01T10:55:49.147+0000] {logging_mixin.py:188} INFO - [2026-04-01T10:55:49.147+0000] {dag.py:3947} INFO - Setting next_dagrun for minio_to_snowflake_pipeline to 2026-04-01 10:50:00+00:00, run_after=2026-04-01 11:00:00+00:00
[2026-04-01T10:55:49.171+0000] {processor.py:183} INFO - Processing /opt/airflow/dags/minio_to_snowflake.py took 1.183 seconds
[2026-04-01T10:56:19.365+0000] {processor.py:161} INFO - Started process (PID=2325) to work on /opt/airflow/dags/minio_to_snowflake.py
[2026-04-01T10:56:19.367+0000] {processor.py:830} INFO - Processing file /opt/airflow/dags/minio_to_snowflake.py for tasks to queue
[2026-04-01T10:56:19.370+0000] {logging_mixin.py:188} INFO - [2026-04-01T10:56:19.369+0000] {dagbag.py:545} INFO - Filling up the DagBag from /opt/airflow/dags/minio_to_snowflake.py
[2026-04-01T10:56:20.543+0000] {processor.py:840} INFO - DAG(s) 'minio_to_snowflake_pipeline' retrieved from /opt/airflow/dags/minio_to_snowflake.py
[2026-04-01T10:56:20.577+0000] {logging_mixin.py:188} INFO - [2026-04-01T10:56:20.576+0000] {dag.py:3089} INFO - Sync 1 DAGs
[2026-04-01T10:56:20.601+0000] {logging_mixin.py:188} INFO - [2026-04-01T10:56:20.601+0000] {dag.py:3947} INFO - Setting next_dagrun for minio_to_snowflake_pipeline to 2026-04-01 10:50:00+00:00, run_after=2026-04-01 11:00:00+00:00
[2026-04-01T10:56:20.624+0000] {processor.py:183} INFO - Processing /opt/airflow/dags/minio_to_snowflake.py took 1.268 seconds
[2026-04-01T10:56:50.882+0000] {processor.py:161} INFO - Started process (PID=2332) to work on /opt/airflow/dags/minio_to_snowflake.py
[2026-04-01T10:56:50.883+0000] {processor.py:830} INFO - Processing file /opt/airflow/dags/minio_to_snowflake.py for tasks to queue
[2026-04-01T10:56:50.885+0000] {logging_mixin.py:188} INFO - [2026-04-01T10:56:50.884+0000] {dagbag.py:545} INFO - Filling up the DagBag from /opt/airflow/dags/minio_to_snowflake.py
[2026-04-01T10:56:51.911+0000] {processor.py:840} INFO - DAG(s) 'minio_to_snowflake_pipeline' retrieved from /opt/airflow/dags/minio_to_snowflake.py
[2026-04-01T10:56:51.940+0000] {logging_mixin.py:188} INFO - [2026-04-01T10:56:51.939+0000] {dag.py:3089} INFO - Sync 1 DAGs
[2026-04-01T10:56:51.965+0000] {logging_mixin.py:188} INFO - [2026-04-01T10:56:51.965+0000] {dag.py:3947} INFO - Setting next_dagrun for minio_to_snowflake_pipeline to 2026-04-01 10:50:00+00:00, run_after=2026-04-01 11:00:00+00:00
[2026-04-01T10:56:51.988+0000] {processor.py:183} INFO - Processing /opt/airflow/dags/minio_to_snowflake.py took 1.115 seconds
[2026-04-01T10:57:22.316+0000] {processor.py:161} INFO - Started process (PID=2339) to work on /opt/airflow/dags/minio_to_snowflake.py
[2026-04-01T10:57:22.319+0000] {processor.py:830} INFO - Processing file /opt/airflow/dags/minio_to_snowflake.py for tasks to queue
[2026-04-01T10:57:22.334+0000] {logging_mixin.py:188} INFO - [2026-04-01T10:57:22.325+0000] {dagbag.py:545} INFO - Filling up the DagBag from /opt/airflow/dags/minio_to_snowflake.py
[2026-04-01T10:57:24.143+0000] {processor.py:840} INFO - DAG(s) 'minio_to_snowflake_pipeline' retrieved from /opt/airflow/dags/minio_to_snowflake.py
[2026-04-01T10:57:24.172+0000] {logging_mixin.py:188} INFO - [2026-04-01T10:57:24.171+0000] {dag.py:3089} INFO - Sync 1 DAGs
[2026-04-01T10:57:24.197+0000] {logging_mixin.py:188} INFO - [2026-04-01T10:57:24.197+0000] {dag.py:3947} INFO - Setting next_dagrun for minio_to_snowflake_pipeline to 2026-04-01 10:50:00+00:00, run_after=2026-04-01 11:00:00+00:00
[2026-04-01T10:57:24.221+0000] {processor.py:183} INFO - Processing /opt/airflow/dags/minio_to_snowflake.py took 1.931 seconds
[2026-04-01T10:57:54.757+0000] {processor.py:161} INFO - Started process (PID=2346) to work on /opt/airflow/dags/minio_to_snowflake.py
[2026-04-01T10:57:54.760+0000] {processor.py:830} INFO - Processing file /opt/airflow/dags/minio_to_snowflake.py for tasks to queue
[2026-04-01T10:57:54.762+0000] {logging_mixin.py:188} INFO - [2026-04-01T10:57:54.761+0000] {dagbag.py:545} INFO - Filling up the DagBag from /opt/airflow/dags/minio_to_snowflake.py
[2026-04-01T10:57:56.282+0000] {processor.py:840} INFO - DAG(s) 'minio_to_snowflake_pipeline' retrieved from /opt/airflow/dags/minio_to_snowflake.py
[2026-04-01T10:57:56.316+0000] {logging_mixin.py:188} INFO - [2026-04-01T10:57:56.316+0000] {dag.py:3089} INFO - Sync 1 DAGs
[2026-04-01T10:57:56.368+0000] {logging_mixin.py:188} INFO - [2026-04-01T10:57:56.368+0000] {dag.py:3947} INFO - Setting next_dagrun for minio_to_snowflake_pipeline to 2026-04-01 10:50:00+00:00, run_after=2026-04-01 11:00:00+00:00
[2026-04-01T10:57:56.394+0000] {processor.py:183} INFO - Processing /opt/airflow/dags/minio_to_snowflake.py took 1.648 seconds
[2026-04-01T10:58:26.813+0000] {processor.py:161} INFO - Started process (PID=2353) to work on /opt/airflow/dags/minio_to_snowflake.py
[2026-04-01T10:58:26.815+0000] {processor.py:830} INFO - Processing file /opt/airflow/dags/minio_to_snowflake.py for tasks to queue
[2026-04-01T10:58:26.816+0000] {logging_mixin.py:188} INFO - [2026-04-01T10:58:26.816+0000] {dagbag.py:545} INFO - Filling up the DagBag from /opt/airflow/dags/minio_to_snowflake.py
[2026-04-01T10:58:27.892+0000] {processor.py:840} INFO - DAG(s) 'minio_to_snowflake_pipeline' retrieved from /opt/airflow/dags/minio_to_snowflake.py
[2026-04-01T10:58:27.923+0000] {logging_mixin.py:188} INFO - [2026-04-01T10:58:27.923+0000] {dag.py:3089} INFO - Sync 1 DAGs
[2026-04-01T10:58:27.950+0000] {logging_mixin.py:188} INFO - [2026-04-01T10:58:27.950+0000] {dag.py:3947} INFO - Setting next_dagrun for minio_to_snowflake_pipeline to 2026-04-01 10:50:00+00:00, run_after=2026-04-01 11:00:00+00:00
[2026-04-01T10:58:27.974+0000] {processor.py:183} INFO - Processing /opt/airflow/dags/minio_to_snowflake.py took 1.169 seconds
[2026-04-01T10:58:58.172+0000] {processor.py:161} INFO - Started process (PID=2360) to work on /opt/airflow/dags/minio_to_snowflake.py
[2026-04-01T10:58:58.173+0000] {processor.py:830} INFO - Processing file /opt/airflow/dags/minio_to_snowflake.py for tasks to queue
[2026-04-01T10:58:58.175+0000] {logging_mixin.py:188} INFO - [2026-04-01T10:58:58.174+0000] {dagbag.py:545} INFO - Filling up the DagBag from /opt/airflow/dags/minio_to_snowflake.py
[2026-04-01T10:58:59.993+0000] {processor.py:840} INFO - DAG(s) 'minio_to_snowflake_pipeline' retrieved from /opt/airflow/dags/minio_to_snowflake.py
[2026-04-01T10:59:00.055+0000] {logging_mixin.py:188} INFO - [2026-04-01T10:59:00.054+0000] {dag.py:3089} INFO - Sync 1 DAGs
[2026-04-01T10:59:00.094+0000] {logging_mixin.py:188} INFO - [2026-04-01T10:59:00.094+0000] {dag.py:3947} INFO - Setting next_dagrun for minio_to_snowflake_pipeline to 2026-04-01 10:50:00+00:00, run_after=2026-04-01 11:00:00+00:00
[2026-04-01T10:59:00.161+0000] {processor.py:183} INFO - Processing /opt/airflow/dags/minio_to_snowflake.py took 2.001 seconds
[2026-04-01T10:59:30.425+0000] {processor.py:161} INFO - Started process (PID=2367) to work on /opt/airflow/dags/minio_to_snowflake.py
[2026-04-01T10:59:30.427+0000] {processor.py:830} INFO - Processing file /opt/airflow/dags/minio_to_snowflake.py for tasks to queue
[2026-04-01T10:59:30.429+0000] {logging_mixin.py:188} INFO - [2026-04-01T10:59:30.428+0000] {dagbag.py:545} INFO - Filling up the DagBag from /opt/airflow/dags/minio_to_snowflake.py
[2026-04-01T10:59:31.572+0000] {processor.py:840} INFO - DAG(s) 'minio_to_snowflake_pipeline' retrieved from /opt/airflow/dags/minio_to_snowflake.py
[2026-04-01T10:59:31.602+0000] {logging_mixin.py:188} INFO - [2026-04-01T10:59:31.601+0000] {dag.py:3089} INFO - Sync 1 DAGs
[2026-04-01T10:59:31.625+0000] {logging_mixin.py:188} INFO - [2026-04-01T10:59:31.624+0000] {dag.py:3947} INFO - Setting next_dagrun for minio_to_snowflake_pipeline to 2026-04-01 10:50:00+00:00, run_after=2026-04-01 11:00:00+00:00
[2026-04-01T10:59:31.655+0000] {processor.py:183} INFO - Processing /opt/airflow/dags/minio_to_snowflake.py took 1.240 seconds
[2026-04-01T11:00:02.016+0000] {processor.py:161} INFO - Started process (PID=2376) to work on /opt/airflow/dags/minio_to_snowflake.py
[2026-04-01T11:00:02.019+0000] {processor.py:830} INFO - Processing file /opt/airflow/dags/minio_to_snowflake.py for tasks to queue
[2026-04-01T11:00:02.022+0000] {logging_mixin.py:188} INFO - [2026-04-01T11:00:02.022+0000] {dagbag.py:545} INFO - Filling up the DagBag from /opt/airflow/dags/minio_to_snowflake.py
[2026-04-01T11:00:06.012+0000] {processor.py:840} INFO - DAG(s) 'minio_to_snowflake_pipeline' retrieved from /opt/airflow/dags/minio_to_snowflake.py
[2026-04-01T11:00:06.043+0000] {logging_mixin.py:188} INFO - [2026-04-01T11:00:06.042+0000] {dag.py:3089} INFO - Sync 1 DAGs
[2026-04-01T11:00:06.068+0000] {logging_mixin.py:188} INFO - [2026-04-01T11:00:06.068+0000] {dag.py:3947} INFO - Setting next_dagrun for minio_to_snowflake_pipeline to 2026-04-01 11:00:00+00:00, run_after=2026-04-01 11:10:00+00:00
[2026-04-01T11:00:06.090+0000] {processor.py:183} INFO - Processing /opt/airflow/dags/minio_to_snowflake.py took 4.086 seconds
[2026-04-01T11:00:36.468+0000] {processor.py:161} INFO - Started process (PID=2385) to work on /opt/airflow/dags/minio_to_snowflake.py
[2026-04-01T11:00:36.469+0000] {processor.py:830} INFO - Processing file /opt/airflow/dags/minio_to_snowflake.py for tasks to queue
[2026-04-01T11:00:36.470+0000] {logging_mixin.py:188} INFO - [2026-04-01T11:00:36.470+0000] {dagbag.py:545} INFO - Filling up the DagBag from /opt/airflow/dags/minio_to_snowflake.py
[2026-04-01T11:00:37.883+0000] {processor.py:840} INFO - DAG(s) 'minio_to_snowflake_pipeline' retrieved from /opt/airflow/dags/minio_to_snowflake.py
[2026-04-01T11:00:37.953+0000] {logging_mixin.py:188} INFO - [2026-04-01T11:00:37.952+0000] {dag.py:3089} INFO - Sync 1 DAGs
[2026-04-01T11:00:37.990+0000] {logging_mixin.py:188} INFO - [2026-04-01T11:00:37.989+0000] {dag.py:3947} INFO - Setting next_dagrun for minio_to_snowflake_pipeline to 2026-04-01 11:00:00+00:00, run_after=2026-04-01 11:10:00+00:00
[2026-04-01T11:00:38.026+0000] {processor.py:183} INFO - Processing /opt/airflow/dags/minio_to_snowflake.py took 1.567 seconds
[2026-04-01T11:01:08.317+0000] {processor.py:161} INFO - Started process (PID=2392) to work on /opt/airflow/dags/minio_to_snowflake.py
[2026-04-01T11:01:08.318+0000] {processor.py:830} INFO - Processing file /opt/airflow/dags/minio_to_snowflake.py for tasks to queue
[2026-04-01T11:01:08.320+0000] {logging_mixin.py:188} INFO - [2026-04-01T11:01:08.320+0000] {dagbag.py:545} INFO - Filling up the DagBag from /opt/airflow/dags/minio_to_snowflake.py
[2026-04-01T11:01:09.347+0000] {processor.py:840} INFO - DAG(s) 'minio_to_snowflake_pipeline' retrieved from /opt/airflow/dags/minio_to_snowflake.py
[2026-04-01T11:01:09.378+0000] {logging_mixin.py:188} INFO - [2026-04-01T11:01:09.377+0000] {dag.py:3089} INFO - Sync 1 DAGs
[2026-04-01T11:01:09.403+0000] {logging_mixin.py:188} INFO - [2026-04-01T11:01:09.402+0000] {dag.py:3947} INFO - Setting next_dagrun for minio_to_snowflake_pipeline to 2026-04-01 11:00:00+00:00, run_after=2026-04-01 11:10:00+00:00
[2026-04-01T11:01:09.429+0000] {processor.py:183} INFO - Processing /opt/airflow/dags/minio_to_snowflake.py took 1.126 seconds
[2026-04-01T11:01:39.536+0000] {processor.py:161} INFO - Started process (PID=2399) to work on /opt/airflow/dags/minio_to_snowflake.py
[2026-04-01T11:01:39.537+0000] {processor.py:830} INFO - Processing file /opt/airflow/dags/minio_to_snowflake.py for tasks to queue
[2026-04-01T11:01:39.539+0000] {logging_mixin.py:188} INFO - [2026-04-01T11:01:39.538+0000] {dagbag.py:545} INFO - Filling up the DagBag from /opt/airflow/dags/minio_to_snowflake.py
[2026-04-01T11:01:40.682+0000] {processor.py:840} INFO - DAG(s) 'minio_to_snowflake_pipeline' retrieved from /opt/airflow/dags/minio_to_snowflake.py
[2026-04-01T11:01:40.715+0000] {logging_mixin.py:188} INFO - [2026-04-01T11:01:40.714+0000] {dag.py:3089} INFO - Sync 1 DAGs
[2026-04-01T11:01:40.740+0000] {logging_mixin.py:188} INFO - [2026-04-01T11:01:40.739+0000] {dag.py:3947} INFO - Setting next_dagrun for minio_to_snowflake_pipeline to 2026-04-01 11:00:00+00:00, run_after=2026-04-01 11:10:00+00:00
[2026-04-01T11:01:40.768+0000] {processor.py:183} INFO - Processing /opt/airflow/dags/minio_to_snowflake.py took 1.241 seconds
[2026-04-01T11:02:10.958+0000] {processor.py:161} INFO - Started process (PID=2406) to work on /opt/airflow/dags/minio_to_snowflake.py
[2026-04-01T11:02:10.959+0000] {processor.py:830} INFO - Processing file /opt/airflow/dags/minio_to_snowflake.py for tasks to queue
[2026-04-01T11:02:10.962+0000] {logging_mixin.py:188} INFO - [2026-04-01T11:02:10.960+0000] {dagbag.py:545} INFO - Filling up the DagBag from /opt/airflow/dags/minio_to_snowflake.py
[2026-04-01T11:02:12.116+0000] {processor.py:840} INFO - DAG(s) 'minio_to_snowflake_pipeline' retrieved from /opt/airflow/dags/minio_to_snowflake.py
[2026-04-01T11:02:12.158+0000] {logging_mixin.py:188} INFO - [2026-04-01T11:02:12.155+0000] {dag.py:3089} INFO - Sync 1 DAGs
[2026-04-01T11:02:12.183+0000] {logging_mixin.py:188} INFO - [2026-04-01T11:02:12.183+0000] {dag.py:3947} INFO - Setting next_dagrun for minio_to_snowflake_pipeline to 2026-04-01 11:00:00+00:00, run_after=2026-04-01 11:10:00+00:00
[2026-04-01T11:02:12.206+0000] {processor.py:183} INFO - Processing /opt/airflow/dags/minio_to_snowflake.py took 1.256 seconds
[2026-04-01T11:02:42.309+0000] {processor.py:161} INFO - Started process (PID=2413) to work on /opt/airflow/dags/minio_to_snowflake.py
[2026-04-01T11:02:42.311+0000] {processor.py:830} INFO - Processing file /opt/airflow/dags/minio_to_snowflake.py for tasks to queue
[2026-04-01T11:02:42.313+0000] {logging_mixin.py:188} INFO - [2026-04-01T11:02:42.312+0000] {dagbag.py:545} INFO - Filling up the DagBag from /opt/airflow/dags/minio_to_snowflake.py
[2026-04-01T11:02:43.444+0000] {processor.py:840} INFO - DAG(s) 'minio_to_snowflake_pipeline' retrieved from /opt/airflow/dags/minio_to_snowflake.py
[2026-04-01T11:02:43.485+0000] {logging_mixin.py:188} INFO - [2026-04-01T11:02:43.484+0000] {dag.py:3089} INFO - Sync 1 DAGs
[2026-04-01T11:02:43.512+0000] {logging_mixin.py:188} INFO - [2026-04-01T11:02:43.512+0000] {dag.py:3947} INFO - Setting next_dagrun for minio_to_snowflake_pipeline to 2026-04-01 11:00:00+00:00, run_after=2026-04-01 11:10:00+00:00
[2026-04-01T11:02:43.537+0000] {processor.py:183} INFO - Processing /opt/airflow/dags/minio_to_snowflake.py took 1.238 seconds
