[2026-03-31T09:18:31.522+0000] {processor.py:161} INFO - Started process (PID=160) to work on /opt/airflow/dags/minio_to_snowflake.py
[2026-03-31T09:18:31.605+0000] {processor.py:830} INFO - Processing file /opt/airflow/dags/minio_to_snowflake.py for tasks to queue
[2026-03-31T09:18:31.708+0000] {logging_mixin.py:188} INFO - [2026-03-31T09:18:31.686+0000] {dagbag.py:545} INFO - Filling up the DagBag from /opt/airflow/dags/minio_to_snowflake.py
[2026-03-31T09:18:31.890+0000] {logging_mixin.py:188} INFO - [2026-03-31T09:18:31.815+0000] {dagbag.py:355} ERROR - Failed to import: /opt/airflow/dags/minio_to_snowflake.py
Traceback (most recent call last):
  File "/home/airflow/.local/lib/python3.12/site-packages/airflow/models/dagbag.py", line 351, in parse
    loader.exec_module(new_module)
  File "<frozen importlib._bootstrap_external>", line 995, in exec_module
  File "<frozen importlib._bootstrap>", line 488, in _call_with_frames_removed
  File "/opt/airflow/dags/minio_to_snowflake.py", line 4, in <module>
    from minio import Minio
ModuleNotFoundError: No module named 'minio'
[2026-03-31T09:18:31.907+0000] {processor.py:842} WARNING - No viable dags retrieved from /opt/airflow/dags/minio_to_snowflake.py
[2026-03-31T09:18:32.583+0000] {processor.py:183} INFO - Processing /opt/airflow/dags/minio_to_snowflake.py took 1.320 seconds
[2026-03-31T09:19:03.674+0000] {processor.py:161} INFO - Started process (PID=165) to work on /opt/airflow/dags/minio_to_snowflake.py
[2026-03-31T09:19:03.678+0000] {processor.py:830} INFO - Processing file /opt/airflow/dags/minio_to_snowflake.py for tasks to queue
[2026-03-31T09:19:03.693+0000] {logging_mixin.py:188} INFO - [2026-03-31T09:19:03.685+0000] {dagbag.py:545} INFO - Filling up the DagBag from /opt/airflow/dags/minio_to_snowflake.py
[2026-03-31T09:19:03.740+0000] {logging_mixin.py:188} INFO - [2026-03-31T09:19:03.729+0000] {dagbag.py:355} ERROR - Failed to import: /opt/airflow/dags/minio_to_snowflake.py
Traceback (most recent call last):
  File "/home/airflow/.local/lib/python3.12/site-packages/airflow/models/dagbag.py", line 351, in parse
    loader.exec_module(new_module)
  File "<frozen importlib._bootstrap_external>", line 995, in exec_module
  File "<frozen importlib._bootstrap>", line 488, in _call_with_frames_removed
  File "/opt/airflow/dags/minio_to_snowflake.py", line 4, in <module>
    from minio import Minio
ModuleNotFoundError: No module named 'minio'
[2026-03-31T09:19:03.743+0000] {processor.py:842} WARNING - No viable dags retrieved from /opt/airflow/dags/minio_to_snowflake.py
[2026-03-31T09:19:03.830+0000] {processor.py:183} INFO - Processing /opt/airflow/dags/minio_to_snowflake.py took 0.194 seconds
[2026-03-31T09:19:06.788+0000] {processor.py:161} INFO - Started process (PID=170) to work on /opt/airflow/dags/minio_to_snowflake.py
[2026-03-31T09:19:06.791+0000] {processor.py:830} INFO - Processing file /opt/airflow/dags/minio_to_snowflake.py for tasks to queue
[2026-03-31T09:19:06.802+0000] {logging_mixin.py:188} INFO - [2026-03-31T09:19:06.795+0000] {dagbag.py:545} INFO - Filling up the DagBag from /opt/airflow/dags/minio_to_snowflake.py
[2026-03-31T09:19:07.041+0000] {logging_mixin.py:188} INFO - [2026-03-31T09:19:06.990+0000] {dagbag.py:355} ERROR - Failed to import: /opt/airflow/dags/minio_to_snowflake.py
Traceback (most recent call last):
  File "/home/airflow/.local/lib/python3.12/site-packages/airflow/models/dagbag.py", line 351, in parse
    loader.exec_module(new_module)
  File "<frozen importlib._bootstrap_external>", line 995, in exec_module
  File "<frozen importlib._bootstrap>", line 488, in _call_with_frames_removed
  File "/opt/airflow/dags/minio_to_snowflake.py", line 4, in <module>
    from minio import Minio
ModuleNotFoundError: No module named 'minio'
[2026-03-31T09:19:07.052+0000] {processor.py:842} WARNING - No viable dags retrieved from /opt/airflow/dags/minio_to_snowflake.py
[2026-03-31T09:19:07.135+0000] {processor.py:183} INFO - Processing /opt/airflow/dags/minio_to_snowflake.py took 0.369 seconds
[2026-03-31T09:19:37.755+0000] {processor.py:161} INFO - Started process (PID=175) to work on /opt/airflow/dags/minio_to_snowflake.py
[2026-03-31T09:19:37.756+0000] {processor.py:830} INFO - Processing file /opt/airflow/dags/minio_to_snowflake.py for tasks to queue
[2026-03-31T09:19:37.760+0000] {logging_mixin.py:188} INFO - [2026-03-31T09:19:37.759+0000] {dagbag.py:545} INFO - Filling up the DagBag from /opt/airflow/dags/minio_to_snowflake.py
[2026-03-31T09:19:37.796+0000] {logging_mixin.py:188} INFO - [2026-03-31T09:19:37.789+0000] {dagbag.py:355} ERROR - Failed to import: /opt/airflow/dags/minio_to_snowflake.py
Traceback (most recent call last):
  File "/home/airflow/.local/lib/python3.12/site-packages/airflow/models/dagbag.py", line 351, in parse
    loader.exec_module(new_module)
  File "<frozen importlib._bootstrap_external>", line 995, in exec_module
  File "<frozen importlib._bootstrap>", line 488, in _call_with_frames_removed
  File "/opt/airflow/dags/minio_to_snowflake.py", line 4, in <module>
    from minio import Minio
ModuleNotFoundError: No module named 'minio'
[2026-03-31T09:19:37.798+0000] {processor.py:842} WARNING - No viable dags retrieved from /opt/airflow/dags/minio_to_snowflake.py
[2026-03-31T09:19:37.855+0000] {processor.py:183} INFO - Processing /opt/airflow/dags/minio_to_snowflake.py took 0.111 seconds
[2026-03-31T09:20:08.744+0000] {processor.py:161} INFO - Started process (PID=180) to work on /opt/airflow/dags/minio_to_snowflake.py
[2026-03-31T09:20:08.753+0000] {processor.py:830} INFO - Processing file /opt/airflow/dags/minio_to_snowflake.py for tasks to queue
[2026-03-31T09:20:08.767+0000] {logging_mixin.py:188} INFO - [2026-03-31T09:20:08.764+0000] {dagbag.py:545} INFO - Filling up the DagBag from /opt/airflow/dags/minio_to_snowflake.py
[2026-03-31T09:20:08.883+0000] {logging_mixin.py:188} INFO - [2026-03-31T09:20:08.859+0000] {dagbag.py:355} ERROR - Failed to import: /opt/airflow/dags/minio_to_snowflake.py
Traceback (most recent call last):
  File "/home/airflow/.local/lib/python3.12/site-packages/airflow/models/dagbag.py", line 351, in parse
    loader.exec_module(new_module)
  File "<frozen importlib._bootstrap_external>", line 995, in exec_module
  File "<frozen importlib._bootstrap>", line 488, in _call_with_frames_removed
  File "/opt/airflow/dags/minio_to_snowflake.py", line 4, in <module>
    from minio import Minio
ModuleNotFoundError: No module named 'minio'
[2026-03-31T09:20:08.891+0000] {processor.py:842} WARNING - No viable dags retrieved from /opt/airflow/dags/minio_to_snowflake.py
[2026-03-31T09:20:09.050+0000] {processor.py:183} INFO - Processing /opt/airflow/dags/minio_to_snowflake.py took 0.352 seconds
[2026-03-31T09:20:39.377+0000] {processor.py:161} INFO - Started process (PID=185) to work on /opt/airflow/dags/minio_to_snowflake.py
[2026-03-31T09:20:39.385+0000] {processor.py:830} INFO - Processing file /opt/airflow/dags/minio_to_snowflake.py for tasks to queue
[2026-03-31T09:20:39.399+0000] {logging_mixin.py:188} INFO - [2026-03-31T09:20:39.396+0000] {dagbag.py:545} INFO - Filling up the DagBag from /opt/airflow/dags/minio_to_snowflake.py
[2026-03-31T09:20:39.540+0000] {logging_mixin.py:188} INFO - [2026-03-31T09:20:39.509+0000] {dagbag.py:355} ERROR - Failed to import: /opt/airflow/dags/minio_to_snowflake.py
Traceback (most recent call last):
  File "/home/airflow/.local/lib/python3.12/site-packages/airflow/models/dagbag.py", line 351, in parse
    loader.exec_module(new_module)
  File "<frozen importlib._bootstrap_external>", line 995, in exec_module
  File "<frozen importlib._bootstrap>", line 488, in _call_with_frames_removed
  File "/opt/airflow/dags/minio_to_snowflake.py", line 4, in <module>
    from minio import Minio
ModuleNotFoundError: No module named 'minio'
[2026-03-31T09:20:39.551+0000] {processor.py:842} WARNING - No viable dags retrieved from /opt/airflow/dags/minio_to_snowflake.py
[2026-03-31T09:20:39.736+0000] {processor.py:183} INFO - Processing /opt/airflow/dags/minio_to_snowflake.py took 0.404 seconds
[2026-03-31T09:21:10.498+0000] {processor.py:161} INFO - Started process (PID=190) to work on /opt/airflow/dags/minio_to_snowflake.py
[2026-03-31T09:21:10.502+0000] {processor.py:830} INFO - Processing file /opt/airflow/dags/minio_to_snowflake.py for tasks to queue
[2026-03-31T09:21:10.508+0000] {logging_mixin.py:188} INFO - [2026-03-31T09:21:10.507+0000] {dagbag.py:545} INFO - Filling up the DagBag from /opt/airflow/dags/minio_to_snowflake.py
[2026-03-31T09:21:10.591+0000] {logging_mixin.py:188} INFO - [2026-03-31T09:21:10.584+0000] {dagbag.py:355} ERROR - Failed to import: /opt/airflow/dags/minio_to_snowflake.py
Traceback (most recent call last):
  File "/home/airflow/.local/lib/python3.12/site-packages/airflow/models/dagbag.py", line 351, in parse
    loader.exec_module(new_module)
  File "<frozen importlib._bootstrap_external>", line 995, in exec_module
  File "<frozen importlib._bootstrap>", line 488, in _call_with_frames_removed
  File "/opt/airflow/dags/minio_to_snowflake.py", line 4, in <module>
    from minio import Minio
ModuleNotFoundError: No module named 'minio'
[2026-03-31T09:21:10.594+0000] {processor.py:842} WARNING - No viable dags retrieved from /opt/airflow/dags/minio_to_snowflake.py
[2026-03-31T09:21:10.635+0000] {processor.py:183} INFO - Processing /opt/airflow/dags/minio_to_snowflake.py took 0.160 seconds
[2026-03-31T09:28:48.094+0000] {processor.py:161} INFO - Started process (PID=178) to work on /opt/airflow/dags/minio_to_snowflake.py
[2026-03-31T09:28:48.105+0000] {processor.py:830} INFO - Processing file /opt/airflow/dags/minio_to_snowflake.py for tasks to queue
[2026-03-31T09:28:48.171+0000] {logging_mixin.py:188} INFO - [2026-03-31T09:28:48.169+0000] {dagbag.py:545} INFO - Filling up the DagBag from /opt/airflow/dags/minio_to_snowflake.py
[2026-03-31T09:28:54.949+0000] {processor.py:840} INFO - DAG(s) 'minio_to_snowflake_pipeline' retrieved from /opt/airflow/dags/minio_to_snowflake.py
[2026-03-31T09:28:55.527+0000] {logging_mixin.py:188} INFO - [2026-03-31T09:28:55.526+0000] {override.py:1858} INFO - Created Permission View: can edit on DAG:minio_to_snowflake_pipeline
[2026-03-31T09:28:55.543+0000] {logging_mixin.py:188} INFO - [2026-03-31T09:28:55.543+0000] {override.py:1858} INFO - Created Permission View: can read on DAG:minio_to_snowflake_pipeline
[2026-03-31T09:28:55.569+0000] {logging_mixin.py:188} INFO - [2026-03-31T09:28:55.568+0000] {override.py:1858} INFO - Created Permission View: can delete on DAG:minio_to_snowflake_pipeline
[2026-03-31T09:28:55.570+0000] {logging_mixin.py:188} INFO - [2026-03-31T09:28:55.569+0000] {dag.py:3089} INFO - Sync 1 DAGs
[2026-03-31T09:28:55.601+0000] {logging_mixin.py:188} INFO - [2026-03-31T09:28:55.599+0000] {dag.py:3111} INFO - Creating ORM DAG for minio_to_snowflake_pipeline
[2026-03-31T09:28:55.641+0000] {logging_mixin.py:188} INFO - [2026-03-31T09:28:55.640+0000] {dag.py:3947} INFO - Setting next_dagrun for minio_to_snowflake_pipeline to 2026-03-31 09:10:00+00:00, run_after=2026-03-31 09:20:00+00:00
[2026-03-31T09:28:55.697+0000] {processor.py:183} INFO - Processing /opt/airflow/dags/minio_to_snowflake.py took 7.645 seconds
[2026-03-31T09:29:26.181+0000] {processor.py:161} INFO - Started process (PID=185) to work on /opt/airflow/dags/minio_to_snowflake.py
[2026-03-31T09:29:26.194+0000] {processor.py:830} INFO - Processing file /opt/airflow/dags/minio_to_snowflake.py for tasks to queue
[2026-03-31T09:29:26.214+0000] {logging_mixin.py:188} INFO - [2026-03-31T09:29:26.211+0000] {dagbag.py:545} INFO - Filling up the DagBag from /opt/airflow/dags/minio_to_snowflake.py
[2026-03-31T09:29:40.798+0000] {processor.py:840} INFO - DAG(s) 'minio_to_snowflake_pipeline' retrieved from /opt/airflow/dags/minio_to_snowflake.py
[2026-03-31T09:29:41.370+0000] {logging_mixin.py:188} INFO - [2026-03-31T09:29:41.369+0000] {dag.py:3089} INFO - Sync 1 DAGs
[2026-03-31T09:29:41.897+0000] {logging_mixin.py:188} INFO - [2026-03-31T09:29:41.896+0000] {dag.py:3947} INFO - Setting next_dagrun for minio_to_snowflake_pipeline to 2026-03-31 09:10:00+00:00, run_after=2026-03-31 09:20:00+00:00
[2026-03-31T09:29:42.449+0000] {processor.py:183} INFO - Processing /opt/airflow/dags/minio_to_snowflake.py took 16.394 seconds
[2026-03-31T09:30:13.982+0000] {processor.py:161} INFO - Started process (PID=192) to work on /opt/airflow/dags/minio_to_snowflake.py
[2026-03-31T09:30:13.996+0000] {processor.py:830} INFO - Processing file /opt/airflow/dags/minio_to_snowflake.py for tasks to queue
[2026-03-31T09:30:14.036+0000] {logging_mixin.py:188} INFO - [2026-03-31T09:30:14.025+0000] {dagbag.py:545} INFO - Filling up the DagBag from /opt/airflow/dags/minio_to_snowflake.py
[2026-03-31T09:30:29.423+0000] {processor.py:840} INFO - DAG(s) 'minio_to_snowflake_pipeline' retrieved from /opt/airflow/dags/minio_to_snowflake.py
[2026-03-31T09:30:29.505+0000] {logging_mixin.py:188} INFO - [2026-03-31T09:30:29.505+0000] {dag.py:3089} INFO - Sync 1 DAGs
[2026-03-31T09:30:29.586+0000] {logging_mixin.py:188} INFO - [2026-03-31T09:30:29.586+0000] {dag.py:3947} INFO - Setting next_dagrun for minio_to_snowflake_pipeline to 2026-03-31 09:20:00+00:00, run_after=2026-03-31 09:30:00+00:00
[2026-03-31T09:30:29.694+0000] {processor.py:183} INFO - Processing /opt/airflow/dags/minio_to_snowflake.py took 15.981 seconds
[2026-03-31T09:31:00.830+0000] {processor.py:161} INFO - Started process (PID=199) to work on /opt/airflow/dags/minio_to_snowflake.py
[2026-03-31T09:31:00.845+0000] {processor.py:830} INFO - Processing file /opt/airflow/dags/minio_to_snowflake.py for tasks to queue
[2026-03-31T09:31:00.879+0000] {logging_mixin.py:188} INFO - [2026-03-31T09:31:00.877+0000] {dagbag.py:545} INFO - Filling up the DagBag from /opt/airflow/dags/minio_to_snowflake.py
[2026-03-31T09:31:07.131+0000] {processor.py:840} INFO - DAG(s) 'minio_to_snowflake_pipeline' retrieved from /opt/airflow/dags/minio_to_snowflake.py
[2026-03-31T09:31:07.210+0000] {logging_mixin.py:188} INFO - [2026-03-31T09:31:07.209+0000] {dag.py:3089} INFO - Sync 1 DAGs
[2026-03-31T09:31:07.284+0000] {logging_mixin.py:188} INFO - [2026-03-31T09:31:07.284+0000] {dag.py:3947} INFO - Setting next_dagrun for minio_to_snowflake_pipeline to 2026-03-31 09:20:00+00:00, run_after=2026-03-31 09:30:00+00:00
[2026-03-31T09:31:07.322+0000] {processor.py:183} INFO - Processing /opt/airflow/dags/minio_to_snowflake.py took 6.606 seconds
[2026-03-31T09:31:37.920+0000] {processor.py:161} INFO - Started process (PID=206) to work on /opt/airflow/dags/minio_to_snowflake.py
[2026-03-31T09:31:37.923+0000] {processor.py:830} INFO - Processing file /opt/airflow/dags/minio_to_snowflake.py for tasks to queue
[2026-03-31T09:31:37.926+0000] {logging_mixin.py:188} INFO - [2026-03-31T09:31:37.926+0000] {dagbag.py:545} INFO - Filling up the DagBag from /opt/airflow/dags/minio_to_snowflake.py
[2026-03-31T09:31:39.297+0000] {processor.py:840} INFO - DAG(s) 'minio_to_snowflake_pipeline' retrieved from /opt/airflow/dags/minio_to_snowflake.py
[2026-03-31T09:31:39.338+0000] {logging_mixin.py:188} INFO - [2026-03-31T09:31:39.337+0000] {dag.py:3089} INFO - Sync 1 DAGs
[2026-03-31T09:31:39.381+0000] {logging_mixin.py:188} INFO - [2026-03-31T09:31:39.381+0000] {dag.py:3947} INFO - Setting next_dagrun for minio_to_snowflake_pipeline to 2026-03-31 09:20:00+00:00, run_after=2026-03-31 09:30:00+00:00
[2026-03-31T09:31:39.460+0000] {processor.py:183} INFO - Processing /opt/airflow/dags/minio_to_snowflake.py took 1.549 seconds
[2026-03-31T09:32:09.715+0000] {processor.py:161} INFO - Started process (PID=213) to work on /opt/airflow/dags/minio_to_snowflake.py
[2026-03-31T09:32:09.717+0000] {processor.py:830} INFO - Processing file /opt/airflow/dags/minio_to_snowflake.py for tasks to queue
[2026-03-31T09:32:09.720+0000] {logging_mixin.py:188} INFO - [2026-03-31T09:32:09.719+0000] {dagbag.py:545} INFO - Filling up the DagBag from /opt/airflow/dags/minio_to_snowflake.py
[2026-03-31T09:32:11.052+0000] {processor.py:840} INFO - DAG(s) 'minio_to_snowflake_pipeline' retrieved from /opt/airflow/dags/minio_to_snowflake.py
[2026-03-31T09:32:11.165+0000] {logging_mixin.py:188} INFO - [2026-03-31T09:32:11.164+0000] {dag.py:3089} INFO - Sync 1 DAGs
[2026-03-31T09:32:11.220+0000] {logging_mixin.py:188} INFO - [2026-03-31T09:32:11.220+0000] {dag.py:3947} INFO - Setting next_dagrun for minio_to_snowflake_pipeline to 2026-03-31 09:20:00+00:00, run_after=2026-03-31 09:30:00+00:00
[2026-03-31T09:32:11.271+0000] {processor.py:183} INFO - Processing /opt/airflow/dags/minio_to_snowflake.py took 1.564 seconds
[2026-03-31T09:32:41.635+0000] {processor.py:161} INFO - Started process (PID=220) to work on /opt/airflow/dags/minio_to_snowflake.py
[2026-03-31T09:32:41.637+0000] {processor.py:830} INFO - Processing file /opt/airflow/dags/minio_to_snowflake.py for tasks to queue
[2026-03-31T09:32:41.650+0000] {logging_mixin.py:188} INFO - [2026-03-31T09:32:41.649+0000] {dagbag.py:545} INFO - Filling up the DagBag from /opt/airflow/dags/minio_to_snowflake.py
[2026-03-31T09:32:42.944+0000] {processor.py:840} INFO - DAG(s) 'minio_to_snowflake_pipeline' retrieved from /opt/airflow/dags/minio_to_snowflake.py
[2026-03-31T09:32:42.983+0000] {logging_mixin.py:188} INFO - [2026-03-31T09:32:42.982+0000] {dag.py:3089} INFO - Sync 1 DAGs
[2026-03-31T09:32:43.018+0000] {logging_mixin.py:188} INFO - [2026-03-31T09:32:43.017+0000] {dag.py:3947} INFO - Setting next_dagrun for minio_to_snowflake_pipeline to 2026-03-31 09:20:00+00:00, run_after=2026-03-31 09:30:00+00:00
[2026-03-31T09:32:43.058+0000] {processor.py:183} INFO - Processing /opt/airflow/dags/minio_to_snowflake.py took 1.448 seconds
[2026-03-31T09:33:13.594+0000] {processor.py:161} INFO - Started process (PID=227) to work on /opt/airflow/dags/minio_to_snowflake.py
[2026-03-31T09:33:13.596+0000] {processor.py:830} INFO - Processing file /opt/airflow/dags/minio_to_snowflake.py for tasks to queue
[2026-03-31T09:33:13.599+0000] {logging_mixin.py:188} INFO - [2026-03-31T09:33:13.598+0000] {dagbag.py:545} INFO - Filling up the DagBag from /opt/airflow/dags/minio_to_snowflake.py
[2026-03-31T09:33:14.766+0000] {processor.py:840} INFO - DAG(s) 'minio_to_snowflake_pipeline' retrieved from /opt/airflow/dags/minio_to_snowflake.py
[2026-03-31T09:33:14.838+0000] {logging_mixin.py:188} INFO - [2026-03-31T09:33:14.836+0000] {dag.py:3089} INFO - Sync 1 DAGs
[2026-03-31T09:33:14.887+0000] {logging_mixin.py:188} INFO - [2026-03-31T09:33:14.887+0000] {dag.py:3947} INFO - Setting next_dagrun for minio_to_snowflake_pipeline to 2026-03-31 09:20:00+00:00, run_after=2026-03-31 09:30:00+00:00
[2026-03-31T09:33:14.917+0000] {processor.py:183} INFO - Processing /opt/airflow/dags/minio_to_snowflake.py took 1.331 seconds
[2026-03-31T09:33:45.910+0000] {processor.py:161} INFO - Started process (PID=234) to work on /opt/airflow/dags/minio_to_snowflake.py
[2026-03-31T09:33:45.918+0000] {processor.py:830} INFO - Processing file /opt/airflow/dags/minio_to_snowflake.py for tasks to queue
[2026-03-31T09:33:45.936+0000] {logging_mixin.py:188} INFO - [2026-03-31T09:33:45.933+0000] {dagbag.py:545} INFO - Filling up the DagBag from /opt/airflow/dags/minio_to_snowflake.py
[2026-03-31T09:33:51.923+0000] {processor.py:840} INFO - DAG(s) 'minio_to_snowflake_pipeline' retrieved from /opt/airflow/dags/minio_to_snowflake.py
[2026-03-31T09:33:52.069+0000] {logging_mixin.py:188} INFO - [2026-03-31T09:33:52.059+0000] {dag.py:3089} INFO - Sync 1 DAGs
[2026-03-31T09:33:52.204+0000] {logging_mixin.py:188} INFO - [2026-03-31T09:33:52.204+0000] {dag.py:3947} INFO - Setting next_dagrun for minio_to_snowflake_pipeline to 2026-03-31 09:20:00+00:00, run_after=2026-03-31 09:30:00+00:00
[2026-03-31T09:33:52.301+0000] {processor.py:183} INFO - Processing /opt/airflow/dags/minio_to_snowflake.py took 6.422 seconds
[2026-03-31T09:34:29.137+0000] {processor.py:161} INFO - Started process (PID=241) to work on /opt/airflow/dags/minio_to_snowflake.py
[2026-03-31T09:34:29.146+0000] {processor.py:830} INFO - Processing file /opt/airflow/dags/minio_to_snowflake.py for tasks to queue
[2026-03-31T09:34:29.158+0000] {logging_mixin.py:188} INFO - [2026-03-31T09:34:29.156+0000] {dagbag.py:545} INFO - Filling up the DagBag from /opt/airflow/dags/minio_to_snowflake.py
[2026-03-31T09:34:35.091+0000] {processor.py:840} INFO - DAG(s) 'minio_to_snowflake_pipeline' retrieved from /opt/airflow/dags/minio_to_snowflake.py
[2026-03-31T09:34:35.555+0000] {logging_mixin.py:188} INFO - [2026-03-31T09:34:35.553+0000] {dag.py:3089} INFO - Sync 1 DAGs
[2026-03-31T09:34:35.766+0000] {logging_mixin.py:188} INFO - [2026-03-31T09:34:35.766+0000] {dag.py:3947} INFO - Setting next_dagrun for minio_to_snowflake_pipeline to 2026-03-31 09:20:00+00:00, run_after=2026-03-31 09:30:00+00:00
[2026-03-31T09:34:35.920+0000] {processor.py:183} INFO - Processing /opt/airflow/dags/minio_to_snowflake.py took 6.809 seconds
[2026-03-31T09:35:06.452+0000] {processor.py:161} INFO - Started process (PID=248) to work on /opt/airflow/dags/minio_to_snowflake.py
[2026-03-31T09:35:06.454+0000] {processor.py:830} INFO - Processing file /opt/airflow/dags/minio_to_snowflake.py for tasks to queue
[2026-03-31T09:35:06.457+0000] {logging_mixin.py:188} INFO - [2026-03-31T09:35:06.457+0000] {dagbag.py:545} INFO - Filling up the DagBag from /opt/airflow/dags/minio_to_snowflake.py
[2026-03-31T09:35:07.894+0000] {processor.py:840} INFO - DAG(s) 'minio_to_snowflake_pipeline' retrieved from /opt/airflow/dags/minio_to_snowflake.py
[2026-03-31T09:35:07.941+0000] {logging_mixin.py:188} INFO - [2026-03-31T09:35:07.940+0000] {dag.py:3089} INFO - Sync 1 DAGs
[2026-03-31T09:35:07.980+0000] {logging_mixin.py:188} INFO - [2026-03-31T09:35:07.980+0000] {dag.py:3947} INFO - Setting next_dagrun for minio_to_snowflake_pipeline to 2026-03-31 09:20:00+00:00, run_after=2026-03-31 09:30:00+00:00
[2026-03-31T09:35:08.008+0000] {processor.py:183} INFO - Processing /opt/airflow/dags/minio_to_snowflake.py took 1.566 seconds
[2026-03-31T09:35:38.326+0000] {processor.py:161} INFO - Started process (PID=255) to work on /opt/airflow/dags/minio_to_snowflake.py
[2026-03-31T09:35:38.327+0000] {processor.py:830} INFO - Processing file /opt/airflow/dags/minio_to_snowflake.py for tasks to queue
[2026-03-31T09:35:38.330+0000] {logging_mixin.py:188} INFO - [2026-03-31T09:35:38.330+0000] {dagbag.py:545} INFO - Filling up the DagBag from /opt/airflow/dags/minio_to_snowflake.py
[2026-03-31T09:35:39.477+0000] {processor.py:840} INFO - DAG(s) 'minio_to_snowflake_pipeline' retrieved from /opt/airflow/dags/minio_to_snowflake.py
[2026-03-31T09:35:39.506+0000] {logging_mixin.py:188} INFO - [2026-03-31T09:35:39.505+0000] {dag.py:3089} INFO - Sync 1 DAGs
[2026-03-31T09:35:39.529+0000] {logging_mixin.py:188} INFO - [2026-03-31T09:35:39.528+0000] {dag.py:3947} INFO - Setting next_dagrun for minio_to_snowflake_pipeline to 2026-03-31 09:20:00+00:00, run_after=2026-03-31 09:30:00+00:00
[2026-03-31T09:35:39.552+0000] {processor.py:183} INFO - Processing /opt/airflow/dags/minio_to_snowflake.py took 1.234 seconds
[2026-03-31T09:36:09.864+0000] {processor.py:161} INFO - Started process (PID=262) to work on /opt/airflow/dags/minio_to_snowflake.py
[2026-03-31T09:36:09.866+0000] {processor.py:830} INFO - Processing file /opt/airflow/dags/minio_to_snowflake.py for tasks to queue
[2026-03-31T09:36:09.870+0000] {logging_mixin.py:188} INFO - [2026-03-31T09:36:09.870+0000] {dagbag.py:545} INFO - Filling up the DagBag from /opt/airflow/dags/minio_to_snowflake.py
[2026-03-31T09:36:11.000+0000] {processor.py:840} INFO - DAG(s) 'minio_to_snowflake_pipeline' retrieved from /opt/airflow/dags/minio_to_snowflake.py
[2026-03-31T09:36:11.032+0000] {logging_mixin.py:188} INFO - [2026-03-31T09:36:11.031+0000] {dag.py:3089} INFO - Sync 1 DAGs
[2026-03-31T09:36:11.055+0000] {logging_mixin.py:188} INFO - [2026-03-31T09:36:11.055+0000] {dag.py:3947} INFO - Setting next_dagrun for minio_to_snowflake_pipeline to 2026-03-31 09:20:00+00:00, run_after=2026-03-31 09:30:00+00:00
[2026-03-31T09:36:11.076+0000] {processor.py:183} INFO - Processing /opt/airflow/dags/minio_to_snowflake.py took 1.226 seconds
[2026-03-31T09:36:41.727+0000] {processor.py:161} INFO - Started process (PID=269) to work on /opt/airflow/dags/minio_to_snowflake.py
[2026-03-31T09:36:41.740+0000] {processor.py:830} INFO - Processing file /opt/airflow/dags/minio_to_snowflake.py for tasks to queue
[2026-03-31T09:36:41.745+0000] {logging_mixin.py:188} INFO - [2026-03-31T09:36:41.745+0000] {dagbag.py:545} INFO - Filling up the DagBag from /opt/airflow/dags/minio_to_snowflake.py
[2026-03-31T09:36:45.411+0000] {processor.py:840} INFO - DAG(s) 'minio_to_snowflake_pipeline' retrieved from /opt/airflow/dags/minio_to_snowflake.py
[2026-03-31T09:36:45.771+0000] {logging_mixin.py:188} INFO - [2026-03-31T09:36:45.766+0000] {dag.py:3089} INFO - Sync 1 DAGs
[2026-03-31T09:36:45.854+0000] {logging_mixin.py:188} INFO - [2026-03-31T09:36:45.854+0000] {dag.py:3947} INFO - Setting next_dagrun for minio_to_snowflake_pipeline to 2026-03-31 09:20:00+00:00, run_after=2026-03-31 09:30:00+00:00
[2026-03-31T09:36:45.904+0000] {processor.py:183} INFO - Processing /opt/airflow/dags/minio_to_snowflake.py took 4.209 seconds
[2026-03-31T09:37:16.705+0000] {processor.py:161} INFO - Started process (PID=276) to work on /opt/airflow/dags/minio_to_snowflake.py
[2026-03-31T09:37:16.707+0000] {processor.py:830} INFO - Processing file /opt/airflow/dags/minio_to_snowflake.py for tasks to queue
[2026-03-31T09:37:16.710+0000] {logging_mixin.py:188} INFO - [2026-03-31T09:37:16.710+0000] {dagbag.py:545} INFO - Filling up the DagBag from /opt/airflow/dags/minio_to_snowflake.py
[2026-03-31T09:37:19.276+0000] {processor.py:840} INFO - DAG(s) 'minio_to_snowflake_pipeline' retrieved from /opt/airflow/dags/minio_to_snowflake.py
[2026-03-31T09:37:19.453+0000] {logging_mixin.py:188} INFO - [2026-03-31T09:37:19.450+0000] {dag.py:3089} INFO - Sync 1 DAGs
[2026-03-31T09:37:19.655+0000] {logging_mixin.py:188} INFO - [2026-03-31T09:37:19.654+0000] {dag.py:3947} INFO - Setting next_dagrun for minio_to_snowflake_pipeline to 2026-03-31 09:20:00+00:00, run_after=2026-03-31 09:30:00+00:00
[2026-03-31T09:37:19.724+0000] {processor.py:183} INFO - Processing /opt/airflow/dags/minio_to_snowflake.py took 3.045 seconds
[2026-03-31T09:37:50.171+0000] {processor.py:161} INFO - Started process (PID=283) to work on /opt/airflow/dags/minio_to_snowflake.py
[2026-03-31T09:37:50.172+0000] {processor.py:830} INFO - Processing file /opt/airflow/dags/minio_to_snowflake.py for tasks to queue
[2026-03-31T09:37:50.175+0000] {logging_mixin.py:188} INFO - [2026-03-31T09:37:50.175+0000] {dagbag.py:545} INFO - Filling up the DagBag from /opt/airflow/dags/minio_to_snowflake.py
[2026-03-31T09:37:51.169+0000] {processor.py:840} INFO - DAG(s) 'minio_to_snowflake_pipeline' retrieved from /opt/airflow/dags/minio_to_snowflake.py
[2026-03-31T09:37:51.201+0000] {logging_mixin.py:188} INFO - [2026-03-31T09:37:51.200+0000] {dag.py:3089} INFO - Sync 1 DAGs
[2026-03-31T09:37:51.224+0000] {logging_mixin.py:188} INFO - [2026-03-31T09:37:51.224+0000] {dag.py:3947} INFO - Setting next_dagrun for minio_to_snowflake_pipeline to 2026-03-31 09:20:00+00:00, run_after=2026-03-31 09:30:00+00:00
[2026-03-31T09:37:51.249+0000] {processor.py:183} INFO - Processing /opt/airflow/dags/minio_to_snowflake.py took 1.087 seconds
[2026-03-31T09:38:22.261+0000] {processor.py:161} INFO - Started process (PID=290) to work on /opt/airflow/dags/minio_to_snowflake.py
[2026-03-31T09:38:22.276+0000] {processor.py:830} INFO - Processing file /opt/airflow/dags/minio_to_snowflake.py for tasks to queue
[2026-03-31T09:38:22.304+0000] {logging_mixin.py:188} INFO - [2026-03-31T09:38:22.301+0000] {dagbag.py:545} INFO - Filling up the DagBag from /opt/airflow/dags/minio_to_snowflake.py
[2026-03-31T09:38:27.322+0000] {processor.py:840} INFO - DAG(s) 'minio_to_snowflake_pipeline' retrieved from /opt/airflow/dags/minio_to_snowflake.py
[2026-03-31T09:38:27.383+0000] {logging_mixin.py:188} INFO - [2026-03-31T09:38:27.382+0000] {dag.py:3089} INFO - Sync 1 DAGs
[2026-03-31T09:38:27.433+0000] {logging_mixin.py:188} INFO - [2026-03-31T09:38:27.433+0000] {dag.py:3947} INFO - Setting next_dagrun for minio_to_snowflake_pipeline to 2026-03-31 09:20:00+00:00, run_after=2026-03-31 09:30:00+00:00
[2026-03-31T09:38:27.500+0000] {processor.py:183} INFO - Processing /opt/airflow/dags/minio_to_snowflake.py took 5.292 seconds
[2026-03-31T09:38:39.642+0000] {processor.py:161} INFO - Started process (PID=297) to work on /opt/airflow/dags/minio_to_snowflake.py
[2026-03-31T09:38:39.646+0000] {processor.py:830} INFO - Processing file /opt/airflow/dags/minio_to_snowflake.py for tasks to queue
[2026-03-31T09:38:39.656+0000] {logging_mixin.py:188} INFO - [2026-03-31T09:38:39.652+0000] {dagbag.py:545} INFO - Filling up the DagBag from /opt/airflow/dags/minio_to_snowflake.py
[2026-03-31T09:38:44.230+0000] {processor.py:840} INFO - DAG(s) 'minio_to_snowflake_pipeline' retrieved from /opt/airflow/dags/minio_to_snowflake.py
[2026-03-31T09:38:44.296+0000] {logging_mixin.py:188} INFO - [2026-03-31T09:38:44.296+0000] {dag.py:3089} INFO - Sync 1 DAGs
[2026-03-31T09:38:44.357+0000] {logging_mixin.py:188} INFO - [2026-03-31T09:38:44.357+0000] {dag.py:3947} INFO - Setting next_dagrun for minio_to_snowflake_pipeline to 2026-03-31 09:20:00+00:00, run_after=2026-03-31 09:30:00+00:00
[2026-03-31T09:38:44.412+0000] {processor.py:183} INFO - Processing /opt/airflow/dags/minio_to_snowflake.py took 4.813 seconds
[2026-03-31T09:39:15.029+0000] {processor.py:161} INFO - Started process (PID=304) to work on /opt/airflow/dags/minio_to_snowflake.py
[2026-03-31T09:39:15.034+0000] {processor.py:830} INFO - Processing file /opt/airflow/dags/minio_to_snowflake.py for tasks to queue
[2026-03-31T09:39:15.039+0000] {logging_mixin.py:188} INFO - [2026-03-31T09:39:15.038+0000] {dagbag.py:545} INFO - Filling up the DagBag from /opt/airflow/dags/minio_to_snowflake.py
[2026-03-31T09:39:19.222+0000] {processor.py:840} INFO - DAG(s) 'minio_to_snowflake_pipeline' retrieved from /opt/airflow/dags/minio_to_snowflake.py
[2026-03-31T09:39:19.672+0000] {logging_mixin.py:188} INFO - [2026-03-31T09:39:19.592+0000] {dag.py:3089} INFO - Sync 1 DAGs
[2026-03-31T09:39:20.234+0000] {logging_mixin.py:188} INFO - [2026-03-31T09:39:20.233+0000] {dag.py:3947} INFO - Setting next_dagrun for minio_to_snowflake_pipeline to 2026-03-31 09:20:00+00:00, run_after=2026-03-31 09:30:00+00:00
[2026-03-31T09:39:20.389+0000] {processor.py:183} INFO - Processing /opt/airflow/dags/minio_to_snowflake.py took 5.380 seconds
[2026-03-31T09:39:50.522+0000] {processor.py:161} INFO - Started process (PID=311) to work on /opt/airflow/dags/minio_to_snowflake.py
[2026-03-31T09:39:50.524+0000] {processor.py:830} INFO - Processing file /opt/airflow/dags/minio_to_snowflake.py for tasks to queue
[2026-03-31T09:39:50.526+0000] {logging_mixin.py:188} INFO - [2026-03-31T09:39:50.526+0000] {dagbag.py:545} INFO - Filling up the DagBag from /opt/airflow/dags/minio_to_snowflake.py
[2026-03-31T09:39:51.877+0000] {processor.py:840} INFO - DAG(s) 'minio_to_snowflake_pipeline' retrieved from /opt/airflow/dags/minio_to_snowflake.py
[2026-03-31T09:39:51.907+0000] {logging_mixin.py:188} INFO - [2026-03-31T09:39:51.906+0000] {dag.py:3089} INFO - Sync 1 DAGs
[2026-03-31T09:39:51.929+0000] {logging_mixin.py:188} INFO - [2026-03-31T09:39:51.929+0000] {dag.py:3947} INFO - Setting next_dagrun for minio_to_snowflake_pipeline to 2026-03-31 09:20:00+00:00, run_after=2026-03-31 09:30:00+00:00
[2026-03-31T09:39:51.953+0000] {processor.py:183} INFO - Processing /opt/airflow/dags/minio_to_snowflake.py took 1.440 seconds
[2026-03-31T09:40:22.036+0000] {processor.py:161} INFO - Started process (PID=318) to work on /opt/airflow/dags/minio_to_snowflake.py
[2026-03-31T09:40:22.037+0000] {processor.py:830} INFO - Processing file /opt/airflow/dags/minio_to_snowflake.py for tasks to queue
[2026-03-31T09:40:22.040+0000] {logging_mixin.py:188} INFO - [2026-03-31T09:40:22.040+0000] {dagbag.py:545} INFO - Filling up the DagBag from /opt/airflow/dags/minio_to_snowflake.py
[2026-03-31T09:40:23.042+0000] {processor.py:840} INFO - DAG(s) 'minio_to_snowflake_pipeline' retrieved from /opt/airflow/dags/minio_to_snowflake.py
[2026-03-31T09:40:23.071+0000] {logging_mixin.py:188} INFO - [2026-03-31T09:40:23.070+0000] {dag.py:3089} INFO - Sync 1 DAGs
[2026-03-31T09:40:23.095+0000] {logging_mixin.py:188} INFO - [2026-03-31T09:40:23.095+0000] {dag.py:3947} INFO - Setting next_dagrun for minio_to_snowflake_pipeline to 2026-03-31 09:30:00+00:00, run_after=2026-03-31 09:40:00+00:00
[2026-03-31T09:40:23.116+0000] {processor.py:183} INFO - Processing /opt/airflow/dags/minio_to_snowflake.py took 1.088 seconds
[2026-03-31T09:40:53.499+0000] {processor.py:161} INFO - Started process (PID=325) to work on /opt/airflow/dags/minio_to_snowflake.py
[2026-03-31T09:40:53.502+0000] {processor.py:830} INFO - Processing file /opt/airflow/dags/minio_to_snowflake.py for tasks to queue
[2026-03-31T09:40:53.511+0000] {logging_mixin.py:188} INFO - [2026-03-31T09:40:53.509+0000] {dagbag.py:545} INFO - Filling up the DagBag from /opt/airflow/dags/minio_to_snowflake.py
[2026-03-31T09:40:56.257+0000] {processor.py:840} INFO - DAG(s) 'minio_to_snowflake_pipeline' retrieved from /opt/airflow/dags/minio_to_snowflake.py
[2026-03-31T09:40:56.293+0000] {logging_mixin.py:188} INFO - [2026-03-31T09:40:56.292+0000] {dag.py:3089} INFO - Sync 1 DAGs
[2026-03-31T09:40:56.320+0000] {logging_mixin.py:188} INFO - [2026-03-31T09:40:56.320+0000] {dag.py:3947} INFO - Setting next_dagrun for minio_to_snowflake_pipeline to 2026-03-31 09:30:00+00:00, run_after=2026-03-31 09:40:00+00:00
[2026-03-31T09:40:56.341+0000] {processor.py:183} INFO - Processing /opt/airflow/dags/minio_to_snowflake.py took 2.863 seconds
[2026-03-31T09:41:26.917+0000] {processor.py:161} INFO - Started process (PID=332) to work on /opt/airflow/dags/minio_to_snowflake.py
[2026-03-31T09:41:26.919+0000] {processor.py:830} INFO - Processing file /opt/airflow/dags/minio_to_snowflake.py for tasks to queue
[2026-03-31T09:41:26.922+0000] {logging_mixin.py:188} INFO - [2026-03-31T09:41:26.921+0000] {dagbag.py:545} INFO - Filling up the DagBag from /opt/airflow/dags/minio_to_snowflake.py
[2026-03-31T09:41:28.987+0000] {processor.py:840} INFO - DAG(s) 'minio_to_snowflake_pipeline' retrieved from /opt/airflow/dags/minio_to_snowflake.py
[2026-03-31T09:41:29.048+0000] {logging_mixin.py:188} INFO - [2026-03-31T09:41:29.047+0000] {dag.py:3089} INFO - Sync 1 DAGs
[2026-03-31T09:41:29.096+0000] {logging_mixin.py:188} INFO - [2026-03-31T09:41:29.095+0000] {dag.py:3947} INFO - Setting next_dagrun for minio_to_snowflake_pipeline to 2026-03-31 09:30:00+00:00, run_after=2026-03-31 09:40:00+00:00
[2026-03-31T09:41:29.129+0000] {processor.py:183} INFO - Processing /opt/airflow/dags/minio_to_snowflake.py took 2.222 seconds
[2026-03-31T09:41:59.486+0000] {processor.py:161} INFO - Started process (PID=339) to work on /opt/airflow/dags/minio_to_snowflake.py
[2026-03-31T09:41:59.487+0000] {processor.py:830} INFO - Processing file /opt/airflow/dags/minio_to_snowflake.py for tasks to queue
[2026-03-31T09:41:59.490+0000] {logging_mixin.py:188} INFO - [2026-03-31T09:41:59.490+0000] {dagbag.py:545} INFO - Filling up the DagBag from /opt/airflow/dags/minio_to_snowflake.py
[2026-03-31T09:42:00.600+0000] {processor.py:840} INFO - DAG(s) 'minio_to_snowflake_pipeline' retrieved from /opt/airflow/dags/minio_to_snowflake.py
[2026-03-31T09:42:00.629+0000] {logging_mixin.py:188} INFO - [2026-03-31T09:42:00.629+0000] {dag.py:3089} INFO - Sync 1 DAGs
[2026-03-31T09:42:00.651+0000] {logging_mixin.py:188} INFO - [2026-03-31T09:42:00.651+0000] {dag.py:3947} INFO - Setting next_dagrun for minio_to_snowflake_pipeline to 2026-03-31 09:30:00+00:00, run_after=2026-03-31 09:40:00+00:00
[2026-03-31T09:42:00.674+0000] {processor.py:183} INFO - Processing /opt/airflow/dags/minio_to_snowflake.py took 1.205 seconds
[2026-03-31T09:42:30.801+0000] {processor.py:161} INFO - Started process (PID=346) to work on /opt/airflow/dags/minio_to_snowflake.py
[2026-03-31T09:42:30.803+0000] {processor.py:830} INFO - Processing file /opt/airflow/dags/minio_to_snowflake.py for tasks to queue
[2026-03-31T09:42:30.806+0000] {logging_mixin.py:188} INFO - [2026-03-31T09:42:30.805+0000] {dagbag.py:545} INFO - Filling up the DagBag from /opt/airflow/dags/minio_to_snowflake.py
[2026-03-31T09:42:32.165+0000] {processor.py:840} INFO - DAG(s) 'minio_to_snowflake_pipeline' retrieved from /opt/airflow/dags/minio_to_snowflake.py
[2026-03-31T09:42:32.194+0000] {logging_mixin.py:188} INFO - [2026-03-31T09:42:32.193+0000] {dag.py:3089} INFO - Sync 1 DAGs
[2026-03-31T09:42:32.217+0000] {logging_mixin.py:188} INFO - [2026-03-31T09:42:32.216+0000] {dag.py:3947} INFO - Setting next_dagrun for minio_to_snowflake_pipeline to 2026-03-31 09:30:00+00:00, run_after=2026-03-31 09:40:00+00:00
[2026-03-31T09:42:32.239+0000] {processor.py:183} INFO - Processing /opt/airflow/dags/minio_to_snowflake.py took 1.448 seconds
[2026-03-31T09:43:02.497+0000] {processor.py:161} INFO - Started process (PID=353) to work on /opt/airflow/dags/minio_to_snowflake.py
[2026-03-31T09:43:02.500+0000] {processor.py:830} INFO - Processing file /opt/airflow/dags/minio_to_snowflake.py for tasks to queue
[2026-03-31T09:43:02.503+0000] {logging_mixin.py:188} INFO - [2026-03-31T09:43:02.502+0000] {dagbag.py:545} INFO - Filling up the DagBag from /opt/airflow/dags/minio_to_snowflake.py
[2026-03-31T09:43:03.544+0000] {processor.py:840} INFO - DAG(s) 'minio_to_snowflake_pipeline' retrieved from /opt/airflow/dags/minio_to_snowflake.py
[2026-03-31T09:43:03.576+0000] {logging_mixin.py:188} INFO - [2026-03-31T09:43:03.575+0000] {dag.py:3089} INFO - Sync 1 DAGs
[2026-03-31T09:43:03.601+0000] {logging_mixin.py:188} INFO - [2026-03-31T09:43:03.601+0000] {dag.py:3947} INFO - Setting next_dagrun for minio_to_snowflake_pipeline to 2026-03-31 09:30:00+00:00, run_after=2026-03-31 09:40:00+00:00
[2026-03-31T09:43:03.627+0000] {processor.py:183} INFO - Processing /opt/airflow/dags/minio_to_snowflake.py took 1.138 seconds
[2026-03-31T09:43:36.452+0000] {processor.py:161} INFO - Started process (PID=360) to work on /opt/airflow/dags/minio_to_snowflake.py
[2026-03-31T09:43:36.471+0000] {processor.py:830} INFO - Processing file /opt/airflow/dags/minio_to_snowflake.py for tasks to queue
[2026-03-31T09:43:36.476+0000] {logging_mixin.py:188} INFO - [2026-03-31T09:43:36.475+0000] {dagbag.py:545} INFO - Filling up the DagBag from /opt/airflow/dags/minio_to_snowflake.py
[2026-03-31T09:43:42.988+0000] {processor.py:840} INFO - DAG(s) 'minio_to_snowflake_pipeline' retrieved from /opt/airflow/dags/minio_to_snowflake.py
[2026-03-31T09:43:43.113+0000] {logging_mixin.py:188} INFO - [2026-03-31T09:43:43.112+0000] {dag.py:3089} INFO - Sync 1 DAGs
[2026-03-31T09:43:43.283+0000] {logging_mixin.py:188} INFO - [2026-03-31T09:43:43.279+0000] {dag.py:3947} INFO - Setting next_dagrun for minio_to_snowflake_pipeline to 2026-03-31 09:30:00+00:00, run_after=2026-03-31 09:40:00+00:00
[2026-03-31T09:43:43.350+0000] {processor.py:183} INFO - Processing /opt/airflow/dags/minio_to_snowflake.py took 6.955 seconds
[2026-03-31T09:44:13.753+0000] {processor.py:161} INFO - Started process (PID=367) to work on /opt/airflow/dags/minio_to_snowflake.py
[2026-03-31T09:44:13.755+0000] {processor.py:830} INFO - Processing file /opt/airflow/dags/minio_to_snowflake.py for tasks to queue
[2026-03-31T09:44:13.757+0000] {logging_mixin.py:188} INFO - [2026-03-31T09:44:13.757+0000] {dagbag.py:545} INFO - Filling up the DagBag from /opt/airflow/dags/minio_to_snowflake.py
[2026-03-31T09:44:15.006+0000] {processor.py:840} INFO - DAG(s) 'minio_to_snowflake_pipeline' retrieved from /opt/airflow/dags/minio_to_snowflake.py
[2026-03-31T09:44:15.038+0000] {logging_mixin.py:188} INFO - [2026-03-31T09:44:15.038+0000] {dag.py:3089} INFO - Sync 1 DAGs
[2026-03-31T09:44:15.067+0000] {logging_mixin.py:188} INFO - [2026-03-31T09:44:15.067+0000] {dag.py:3947} INFO - Setting next_dagrun for minio_to_snowflake_pipeline to 2026-03-31 09:30:00+00:00, run_after=2026-03-31 09:40:00+00:00
[2026-03-31T09:44:15.094+0000] {processor.py:183} INFO - Processing /opt/airflow/dags/minio_to_snowflake.py took 1.349 seconds
[2026-03-31T09:44:45.333+0000] {processor.py:161} INFO - Started process (PID=374) to work on /opt/airflow/dags/minio_to_snowflake.py
[2026-03-31T09:44:45.335+0000] {processor.py:830} INFO - Processing file /opt/airflow/dags/minio_to_snowflake.py for tasks to queue
[2026-03-31T09:44:45.338+0000] {logging_mixin.py:188} INFO - [2026-03-31T09:44:45.337+0000] {dagbag.py:545} INFO - Filling up the DagBag from /opt/airflow/dags/minio_to_snowflake.py
[2026-03-31T09:44:46.293+0000] {processor.py:840} INFO - DAG(s) 'minio_to_snowflake_pipeline' retrieved from /opt/airflow/dags/minio_to_snowflake.py
[2026-03-31T09:44:46.330+0000] {logging_mixin.py:188} INFO - [2026-03-31T09:44:46.329+0000] {dag.py:3089} INFO - Sync 1 DAGs
[2026-03-31T09:44:46.354+0000] {logging_mixin.py:188} INFO - [2026-03-31T09:44:46.354+0000] {dag.py:3947} INFO - Setting next_dagrun for minio_to_snowflake_pipeline to 2026-03-31 09:30:00+00:00, run_after=2026-03-31 09:40:00+00:00
[2026-03-31T09:44:46.375+0000] {processor.py:183} INFO - Processing /opt/airflow/dags/minio_to_snowflake.py took 1.051 seconds
[2026-03-31T09:45:17.184+0000] {processor.py:161} INFO - Started process (PID=381) to work on /opt/airflow/dags/minio_to_snowflake.py
[2026-03-31T09:45:17.205+0000] {processor.py:830} INFO - Processing file /opt/airflow/dags/minio_to_snowflake.py for tasks to queue
[2026-03-31T09:45:17.231+0000] {logging_mixin.py:188} INFO - [2026-03-31T09:45:17.227+0000] {dagbag.py:545} INFO - Filling up the DagBag from /opt/airflow/dags/minio_to_snowflake.py
[2026-03-31T09:45:25.342+0000] {processor.py:840} INFO - DAG(s) 'minio_to_snowflake_pipeline' retrieved from /opt/airflow/dags/minio_to_snowflake.py
[2026-03-31T09:45:25.730+0000] {logging_mixin.py:188} INFO - [2026-03-31T09:45:25.723+0000] {dag.py:3089} INFO - Sync 1 DAGs
[2026-03-31T09:49:24.667+0000] {processor.py:161} INFO - Started process (PID=179) to work on /opt/airflow/dags/minio_to_snowflake.py
[2026-03-31T09:49:24.669+0000] {processor.py:830} INFO - Processing file /opt/airflow/dags/minio_to_snowflake.py for tasks to queue
[2026-03-31T09:49:24.673+0000] {logging_mixin.py:188} INFO - [2026-03-31T09:49:24.672+0000] {dagbag.py:545} INFO - Filling up the DagBag from /opt/airflow/dags/minio_to_snowflake.py
[2026-03-31T09:49:34.464+0000] {processor.py:840} INFO - DAG(s) 'minio_to_snowflake_pipeline' retrieved from /opt/airflow/dags/minio_to_snowflake.py
[2026-03-31T09:49:35.139+0000] {logging_mixin.py:188} INFO - [2026-03-31T09:49:35.137+0000] {override.py:1858} INFO - Created Permission View: can edit on DAG:minio_to_snowflake_pipeline
[2026-03-31T09:49:35.162+0000] {logging_mixin.py:188} INFO - [2026-03-31T09:49:35.161+0000] {override.py:1858} INFO - Created Permission View: can delete on DAG:minio_to_snowflake_pipeline
[2026-03-31T09:49:35.180+0000] {logging_mixin.py:188} INFO - [2026-03-31T09:49:35.180+0000] {override.py:1858} INFO - Created Permission View: can read on DAG:minio_to_snowflake_pipeline
[2026-03-31T09:49:35.185+0000] {logging_mixin.py:188} INFO - [2026-03-31T09:49:35.183+0000] {dag.py:3089} INFO - Sync 1 DAGs
[2026-03-31T09:49:35.246+0000] {logging_mixin.py:188} INFO - [2026-03-31T09:49:35.245+0000] {dag.py:3111} INFO - Creating ORM DAG for minio_to_snowflake_pipeline
[2026-03-31T09:49:35.277+0000] {logging_mixin.py:188} INFO - [2026-03-31T09:49:35.277+0000] {dag.py:3947} INFO - Setting next_dagrun for minio_to_snowflake_pipeline to 2026-03-31 09:30:00+00:00, run_after=2026-03-31 09:40:00+00:00
[2026-03-31T09:49:35.314+0000] {processor.py:183} INFO - Processing /opt/airflow/dags/minio_to_snowflake.py took 10.669 seconds
[2026-03-31T09:50:06.240+0000] {processor.py:161} INFO - Started process (PID=186) to work on /opt/airflow/dags/minio_to_snowflake.py
[2026-03-31T09:50:06.250+0000] {processor.py:830} INFO - Processing file /opt/airflow/dags/minio_to_snowflake.py for tasks to queue
[2026-03-31T09:50:06.269+0000] {logging_mixin.py:188} INFO - [2026-03-31T09:50:06.267+0000] {dagbag.py:545} INFO - Filling up the DagBag from /opt/airflow/dags/minio_to_snowflake.py
[2026-03-31T09:50:20.181+0000] {processor.py:840} INFO - DAG(s) 'minio_to_snowflake_pipeline' retrieved from /opt/airflow/dags/minio_to_snowflake.py
[2026-03-31T09:50:20.980+0000] {logging_mixin.py:188} INFO - [2026-03-31T09:50:20.978+0000] {dag.py:3089} INFO - Sync 1 DAGs
[2026-03-31T09:50:21.409+0000] {logging_mixin.py:188} INFO - [2026-03-31T09:50:21.409+0000] {dag.py:3947} INFO - Setting next_dagrun for minio_to_snowflake_pipeline to 2026-03-31 09:40:00+00:00, run_after=2026-03-31 09:50:00+00:00
[2026-03-31T09:50:21.652+0000] {processor.py:183} INFO - Processing /opt/airflow/dags/minio_to_snowflake.py took 15.500 seconds
[2026-03-31T09:50:59.431+0000] {processor.py:161} INFO - Started process (PID=193) to work on /opt/airflow/dags/minio_to_snowflake.py
[2026-03-31T09:50:59.498+0000] {processor.py:830} INFO - Processing file /opt/airflow/dags/minio_to_snowflake.py for tasks to queue
[2026-03-31T09:50:59.631+0000] {logging_mixin.py:188} INFO - [2026-03-31T09:50:59.630+0000] {dagbag.py:545} INFO - Filling up the DagBag from /opt/airflow/dags/minio_to_snowflake.py
[2026-03-31T09:51:16.104+0000] {processor.py:840} INFO - DAG(s) 'minio_to_snowflake_pipeline' retrieved from /opt/airflow/dags/minio_to_snowflake.py
[2026-03-31T09:51:16.296+0000] {logging_mixin.py:188} INFO - [2026-03-31T09:51:16.294+0000] {dag.py:3089} INFO - Sync 1 DAGs
[2026-03-31T09:51:16.422+0000] {logging_mixin.py:188} INFO - [2026-03-31T09:51:16.422+0000] {dag.py:3947} INFO - Setting next_dagrun for minio_to_snowflake_pipeline to 2026-03-31 09:40:00+00:00, run_after=2026-03-31 09:50:00+00:00
[2026-03-31T09:51:16.518+0000] {processor.py:183} INFO - Processing /opt/airflow/dags/minio_to_snowflake.py took 18.287 seconds
[2026-03-31T09:51:37.431+0000] {processor.py:161} INFO - Started process (PID=200) to work on /opt/airflow/dags/minio_to_snowflake.py
[2026-03-31T09:51:37.436+0000] {processor.py:830} INFO - Processing file /opt/airflow/dags/minio_to_snowflake.py for tasks to queue
[2026-03-31T09:51:37.442+0000] {logging_mixin.py:188} INFO - [2026-03-31T09:51:37.441+0000] {dagbag.py:545} INFO - Filling up the DagBag from /opt/airflow/dags/minio_to_snowflake.py
[2026-03-31T09:51:37.462+0000] {logging_mixin.py:188} INFO - [2026-03-31T09:51:37.461+0000] {dagbag.py:334} INFO - File /opt/airflow/dags/minio_to_snowflake.py assumed to contain no DAGs. Skipping.
[2026-03-31T09:51:37.463+0000] {processor.py:842} WARNING - No viable dags retrieved from /opt/airflow/dags/minio_to_snowflake.py
[2026-03-31T09:51:37.541+0000] {processor.py:183} INFO - Processing /opt/airflow/dags/minio_to_snowflake.py took 0.127 seconds
[2026-03-31T09:51:40.408+0000] {processor.py:161} INFO - Started process (PID=205) to work on /opt/airflow/dags/minio_to_snowflake.py
[2026-03-31T09:51:40.413+0000] {processor.py:830} INFO - Processing file /opt/airflow/dags/minio_to_snowflake.py for tasks to queue
[2026-03-31T09:51:40.425+0000] {logging_mixin.py:188} INFO - [2026-03-31T09:51:40.424+0000] {dagbag.py:545} INFO - Filling up the DagBag from /opt/airflow/dags/minio_to_snowflake.py
[2026-03-31T09:51:52.196+0000] {processor.py:840} INFO - DAG(s) 'minio_to_snowflake_pipeline' retrieved from /opt/airflow/dags/minio_to_snowflake.py
[2026-03-31T09:51:52.407+0000] {logging_mixin.py:188} INFO - [2026-03-31T09:51:52.405+0000] {dag.py:3089} INFO - Sync 1 DAGs
[2026-03-31T09:51:52.609+0000] {logging_mixin.py:188} INFO - [2026-03-31T09:51:52.609+0000] {dag.py:3947} INFO - Setting next_dagrun for minio_to_snowflake_pipeline to 2026-03-31 09:40:00+00:00, run_after=2026-03-31 09:50:00+00:00
[2026-03-31T09:51:52.788+0000] {processor.py:183} INFO - Processing /opt/airflow/dags/minio_to_snowflake.py took 12.425 seconds
[2026-03-31T09:52:23.375+0000] {processor.py:161} INFO - Started process (PID=212) to work on /opt/airflow/dags/minio_to_snowflake.py
[2026-03-31T09:52:23.403+0000] {processor.py:830} INFO - Processing file /opt/airflow/dags/minio_to_snowflake.py for tasks to queue
[2026-03-31T09:52:23.676+0000] {logging_mixin.py:188} INFO - [2026-03-31T09:52:23.473+0000] {dagbag.py:545} INFO - Filling up the DagBag from /opt/airflow/dags/minio_to_snowflake.py
[2026-03-31T09:52:34.651+0000] {processor.py:840} INFO - DAG(s) 'minio_to_snowflake_pipeline' retrieved from /opt/airflow/dags/minio_to_snowflake.py
[2026-03-31T09:52:34.826+0000] {logging_mixin.py:188} INFO - [2026-03-31T09:52:34.824+0000] {dag.py:3089} INFO - Sync 1 DAGs
[2026-03-31T09:52:34.942+0000] {logging_mixin.py:188} INFO - [2026-03-31T09:52:34.941+0000] {dag.py:3947} INFO - Setting next_dagrun for minio_to_snowflake_pipeline to 2026-03-31 09:40:00+00:00, run_after=2026-03-31 09:50:00+00:00
[2026-03-31T09:52:35.028+0000] {processor.py:183} INFO - Processing /opt/airflow/dags/minio_to_snowflake.py took 11.767 seconds
[2026-03-31T09:53:06.781+0000] {processor.py:161} INFO - Started process (PID=219) to work on /opt/airflow/dags/minio_to_snowflake.py
[2026-03-31T09:53:06.788+0000] {processor.py:830} INFO - Processing file /opt/airflow/dags/minio_to_snowflake.py for tasks to queue
[2026-03-31T09:53:06.818+0000] {logging_mixin.py:188} INFO - [2026-03-31T09:53:06.803+0000] {dagbag.py:545} INFO - Filling up the DagBag from /opt/airflow/dags/minio_to_snowflake.py
[2026-03-31T09:53:19.433+0000] {processor.py:840} INFO - DAG(s) 'minio_to_snowflake_pipeline' retrieved from /opt/airflow/dags/minio_to_snowflake.py
[2026-03-31T09:53:20.022+0000] {logging_mixin.py:188} INFO - [2026-03-31T09:53:20.016+0000] {dag.py:3089} INFO - Sync 1 DAGs
[2026-03-31T09:53:20.314+0000] {logging_mixin.py:188} INFO - [2026-03-31T09:53:20.312+0000] {dag.py:3947} INFO - Setting next_dagrun for minio_to_snowflake_pipeline to 2026-03-31 09:40:00+00:00, run_after=2026-03-31 09:50:00+00:00
[2026-03-31T09:53:20.559+0000] {processor.py:183} INFO - Processing /opt/airflow/dags/minio_to_snowflake.py took 14.140 seconds
[2026-03-31T09:53:51.585+0000] {processor.py:161} INFO - Started process (PID=226) to work on /opt/airflow/dags/minio_to_snowflake.py
[2026-03-31T09:53:51.617+0000] {processor.py:830} INFO - Processing file /opt/airflow/dags/minio_to_snowflake.py for tasks to queue
[2026-03-31T09:53:51.711+0000] {logging_mixin.py:188} INFO - [2026-03-31T09:53:51.678+0000] {dagbag.py:545} INFO - Filling up the DagBag from /opt/airflow/dags/minio_to_snowflake.py
[2026-03-31T09:54:03.731+0000] {processor.py:840} INFO - DAG(s) 'minio_to_snowflake_pipeline' retrieved from /opt/airflow/dags/minio_to_snowflake.py
[2026-03-31T09:54:03.817+0000] {logging_mixin.py:188} INFO - [2026-03-31T09:54:03.816+0000] {dag.py:3089} INFO - Sync 1 DAGs
[2026-03-31T09:54:03.849+0000] {logging_mixin.py:188} INFO - [2026-03-31T09:54:03.848+0000] {dag.py:3947} INFO - Setting next_dagrun for minio_to_snowflake_pipeline to 2026-03-31 09:40:00+00:00, run_after=2026-03-31 09:50:00+00:00
[2026-03-31T09:54:03.882+0000] {processor.py:183} INFO - Processing /opt/airflow/dags/minio_to_snowflake.py took 12.635 seconds
[2026-03-31T09:54:34.381+0000] {processor.py:161} INFO - Started process (PID=233) to work on /opt/airflow/dags/minio_to_snowflake.py
[2026-03-31T09:54:34.383+0000] {processor.py:830} INFO - Processing file /opt/airflow/dags/minio_to_snowflake.py for tasks to queue
[2026-03-31T09:54:34.387+0000] {logging_mixin.py:188} INFO - [2026-03-31T09:54:34.386+0000] {dagbag.py:545} INFO - Filling up the DagBag from /opt/airflow/dags/minio_to_snowflake.py
[2026-03-31T09:54:39.093+0000] {processor.py:840} INFO - DAG(s) 'minio_to_snowflake_pipeline' retrieved from /opt/airflow/dags/minio_to_snowflake.py
[2026-03-31T09:54:39.194+0000] {logging_mixin.py:188} INFO - [2026-03-31T09:54:39.192+0000] {dag.py:3089} INFO - Sync 1 DAGs
[2026-03-31T09:54:39.255+0000] {logging_mixin.py:188} INFO - [2026-03-31T09:54:39.254+0000] {dag.py:3947} INFO - Setting next_dagrun for minio_to_snowflake_pipeline to 2026-03-31 09:40:00+00:00, run_after=2026-03-31 09:50:00+00:00
[2026-03-31T09:54:39.307+0000] {processor.py:183} INFO - Processing /opt/airflow/dags/minio_to_snowflake.py took 4.940 seconds
[2026-03-31T09:55:10.200+0000] {processor.py:161} INFO - Started process (PID=240) to work on /opt/airflow/dags/minio_to_snowflake.py
[2026-03-31T09:55:10.202+0000] {processor.py:830} INFO - Processing file /opt/airflow/dags/minio_to_snowflake.py for tasks to queue
[2026-03-31T09:55:10.208+0000] {logging_mixin.py:188} INFO - [2026-03-31T09:55:10.206+0000] {dagbag.py:545} INFO - Filling up the DagBag from /opt/airflow/dags/minio_to_snowflake.py
[2026-03-31T09:55:16.719+0000] {processor.py:840} INFO - DAG(s) 'minio_to_snowflake_pipeline' retrieved from /opt/airflow/dags/minio_to_snowflake.py
[2026-03-31T09:55:17.815+0000] {logging_mixin.py:188} INFO - [2026-03-31T09:55:17.813+0000] {dag.py:3089} INFO - Sync 1 DAGs
[2026-03-31T09:55:18.018+0000] {logging_mixin.py:188} INFO - [2026-03-31T09:55:18.017+0000] {dag.py:3947} INFO - Setting next_dagrun for minio_to_snowflake_pipeline to 2026-03-31 09:40:00+00:00, run_after=2026-03-31 09:50:00+00:00
[2026-03-31T09:55:18.408+0000] {processor.py:183} INFO - Processing /opt/airflow/dags/minio_to_snowflake.py took 8.225 seconds
[2026-03-31T09:55:49.038+0000] {processor.py:161} INFO - Started process (PID=247) to work on /opt/airflow/dags/minio_to_snowflake.py
[2026-03-31T09:55:49.137+0000] {processor.py:830} INFO - Processing file /opt/airflow/dags/minio_to_snowflake.py for tasks to queue
[2026-03-31T09:55:49.182+0000] {logging_mixin.py:188} INFO - [2026-03-31T09:55:49.181+0000] {dagbag.py:545} INFO - Filling up the DagBag from /opt/airflow/dags/minio_to_snowflake.py
[2026-03-31T09:56:05.183+0000] {processor.py:840} INFO - DAG(s) 'minio_to_snowflake_pipeline' retrieved from /opt/airflow/dags/minio_to_snowflake.py
[2026-03-31T09:56:05.384+0000] {logging_mixin.py:188} INFO - [2026-03-31T09:56:05.383+0000] {dag.py:3089} INFO - Sync 1 DAGs
[2026-03-31T09:56:05.589+0000] {logging_mixin.py:188} INFO - [2026-03-31T09:56:05.589+0000] {dag.py:3947} INFO - Setting next_dagrun for minio_to_snowflake_pipeline to 2026-03-31 09:40:00+00:00, run_after=2026-03-31 09:50:00+00:00
[2026-03-31T09:56:05.755+0000] {processor.py:183} INFO - Processing /opt/airflow/dags/minio_to_snowflake.py took 16.815 seconds
[2026-03-31T09:56:36.130+0000] {processor.py:161} INFO - Started process (PID=254) to work on /opt/airflow/dags/minio_to_snowflake.py
[2026-03-31T09:56:36.132+0000] {processor.py:830} INFO - Processing file /opt/airflow/dags/minio_to_snowflake.py for tasks to queue
[2026-03-31T09:56:36.135+0000] {logging_mixin.py:188} INFO - [2026-03-31T09:56:36.134+0000] {dagbag.py:545} INFO - Filling up the DagBag from /opt/airflow/dags/minio_to_snowflake.py
[2026-03-31T09:56:42.412+0000] {processor.py:840} INFO - DAG(s) 'minio_to_snowflake_pipeline' retrieved from /opt/airflow/dags/minio_to_snowflake.py
[2026-03-31T09:56:42.494+0000] {logging_mixin.py:188} INFO - [2026-03-31T09:56:42.493+0000] {dag.py:3089} INFO - Sync 1 DAGs
[2026-03-31T09:56:42.630+0000] {logging_mixin.py:188} INFO - [2026-03-31T09:56:42.630+0000] {dag.py:3947} INFO - Setting next_dagrun for minio_to_snowflake_pipeline to 2026-03-31 09:40:00+00:00, run_after=2026-03-31 09:50:00+00:00
[2026-03-31T09:56:42.701+0000] {processor.py:183} INFO - Processing /opt/airflow/dags/minio_to_snowflake.py took 6.579 seconds
[2026-03-31T09:57:13.685+0000] {processor.py:161} INFO - Started process (PID=261) to work on /opt/airflow/dags/minio_to_snowflake.py
[2026-03-31T09:57:13.697+0000] {processor.py:830} INFO - Processing file /opt/airflow/dags/minio_to_snowflake.py for tasks to queue
[2026-03-31T09:57:13.702+0000] {logging_mixin.py:188} INFO - [2026-03-31T09:57:13.701+0000] {dagbag.py:545} INFO - Filling up the DagBag from /opt/airflow/dags/minio_to_snowflake.py
[2026-03-31T09:57:27.027+0000] {processor.py:840} INFO - DAG(s) 'minio_to_snowflake_pipeline' retrieved from /opt/airflow/dags/minio_to_snowflake.py
[2026-03-31T09:57:27.206+0000] {logging_mixin.py:188} INFO - [2026-03-31T09:57:27.194+0000] {dag.py:3089} INFO - Sync 1 DAGs
[2026-03-31T09:57:27.378+0000] {logging_mixin.py:188} INFO - [2026-03-31T09:57:27.377+0000] {dag.py:3947} INFO - Setting next_dagrun for minio_to_snowflake_pipeline to 2026-03-31 09:40:00+00:00, run_after=2026-03-31 09:50:00+00:00
[2026-03-31T09:57:27.487+0000] {processor.py:183} INFO - Processing /opt/airflow/dags/minio_to_snowflake.py took 13.833 seconds
[2026-03-31T09:57:58.359+0000] {processor.py:161} INFO - Started process (PID=268) to work on /opt/airflow/dags/minio_to_snowflake.py
[2026-03-31T09:57:58.361+0000] {processor.py:830} INFO - Processing file /opt/airflow/dags/minio_to_snowflake.py for tasks to queue
[2026-03-31T09:57:58.374+0000] {logging_mixin.py:188} INFO - [2026-03-31T09:57:58.372+0000] {dagbag.py:545} INFO - Filling up the DagBag from /opt/airflow/dags/minio_to_snowflake.py
[2026-03-31T09:58:00.233+0000] {processor.py:840} INFO - DAG(s) 'minio_to_snowflake_pipeline' retrieved from /opt/airflow/dags/minio_to_snowflake.py
[2026-03-31T09:58:00.266+0000] {logging_mixin.py:188} INFO - [2026-03-31T09:58:00.265+0000] {dag.py:3089} INFO - Sync 1 DAGs
[2026-03-31T09:58:00.309+0000] {logging_mixin.py:188} INFO - [2026-03-31T09:58:00.309+0000] {dag.py:3947} INFO - Setting next_dagrun for minio_to_snowflake_pipeline to 2026-03-31 09:40:00+00:00, run_after=2026-03-31 09:50:00+00:00
[2026-03-31T09:58:00.337+0000] {processor.py:183} INFO - Processing /opt/airflow/dags/minio_to_snowflake.py took 1.999 seconds
[2026-03-31T09:58:31.318+0000] {processor.py:161} INFO - Started process (PID=275) to work on /opt/airflow/dags/minio_to_snowflake.py
[2026-03-31T09:58:31.391+0000] {processor.py:830} INFO - Processing file /opt/airflow/dags/minio_to_snowflake.py for tasks to queue
[2026-03-31T09:58:31.456+0000] {logging_mixin.py:188} INFO - [2026-03-31T09:58:31.455+0000] {dagbag.py:545} INFO - Filling up the DagBag from /opt/airflow/dags/minio_to_snowflake.py
[2026-03-31T09:58:34.230+0000] {processor.py:840} INFO - DAG(s) 'minio_to_snowflake_pipeline' retrieved from /opt/airflow/dags/minio_to_snowflake.py
[2026-03-31T09:58:34.265+0000] {logging_mixin.py:188} INFO - [2026-03-31T09:58:34.265+0000] {dag.py:3089} INFO - Sync 1 DAGs
[2026-03-31T09:58:34.289+0000] {logging_mixin.py:188} INFO - [2026-03-31T09:58:34.289+0000] {dag.py:3947} INFO - Setting next_dagrun for minio_to_snowflake_pipeline to 2026-03-31 09:40:00+00:00, run_after=2026-03-31 09:50:00+00:00
[2026-03-31T09:58:34.318+0000] {processor.py:183} INFO - Processing /opt/airflow/dags/minio_to_snowflake.py took 3.069 seconds
[2026-03-31T09:59:05.140+0000] {processor.py:161} INFO - Started process (PID=282) to work on /opt/airflow/dags/minio_to_snowflake.py
[2026-03-31T09:59:05.142+0000] {processor.py:830} INFO - Processing file /opt/airflow/dags/minio_to_snowflake.py for tasks to queue
[2026-03-31T09:59:05.153+0000] {logging_mixin.py:188} INFO - [2026-03-31T09:59:05.146+0000] {dagbag.py:545} INFO - Filling up the DagBag from /opt/airflow/dags/minio_to_snowflake.py
[2026-03-31T09:59:06.688+0000] {processor.py:840} INFO - DAG(s) 'minio_to_snowflake_pipeline' retrieved from /opt/airflow/dags/minio_to_snowflake.py
[2026-03-31T09:59:06.726+0000] {logging_mixin.py:188} INFO - [2026-03-31T09:59:06.725+0000] {dag.py:3089} INFO - Sync 1 DAGs
[2026-03-31T09:59:06.751+0000] {logging_mixin.py:188} INFO - [2026-03-31T09:59:06.751+0000] {dag.py:3947} INFO - Setting next_dagrun for minio_to_snowflake_pipeline to 2026-03-31 09:40:00+00:00, run_after=2026-03-31 09:50:00+00:00
[2026-03-31T09:59:06.778+0000] {processor.py:183} INFO - Processing /opt/airflow/dags/minio_to_snowflake.py took 1.660 seconds
[2026-03-31T09:59:37.215+0000] {processor.py:161} INFO - Started process (PID=289) to work on /opt/airflow/dags/minio_to_snowflake.py
[2026-03-31T09:59:37.216+0000] {processor.py:830} INFO - Processing file /opt/airflow/dags/minio_to_snowflake.py for tasks to queue
[2026-03-31T09:59:37.219+0000] {logging_mixin.py:188} INFO - [2026-03-31T09:59:37.218+0000] {dagbag.py:545} INFO - Filling up the DagBag from /opt/airflow/dags/minio_to_snowflake.py
[2026-03-31T09:59:38.226+0000] {processor.py:840} INFO - DAG(s) 'minio_to_snowflake_pipeline' retrieved from /opt/airflow/dags/minio_to_snowflake.py
[2026-03-31T09:59:38.260+0000] {logging_mixin.py:188} INFO - [2026-03-31T09:59:38.260+0000] {dag.py:3089} INFO - Sync 1 DAGs
[2026-03-31T09:59:38.284+0000] {logging_mixin.py:188} INFO - [2026-03-31T09:59:38.284+0000] {dag.py:3947} INFO - Setting next_dagrun for minio_to_snowflake_pipeline to 2026-03-31 09:40:00+00:00, run_after=2026-03-31 09:50:00+00:00
[2026-03-31T09:59:38.317+0000] {processor.py:183} INFO - Processing /opt/airflow/dags/minio_to_snowflake.py took 1.111 seconds
[2026-03-31T10:00:08.639+0000] {processor.py:161} INFO - Started process (PID=296) to work on /opt/airflow/dags/minio_to_snowflake.py
[2026-03-31T10:00:08.641+0000] {processor.py:830} INFO - Processing file /opt/airflow/dags/minio_to_snowflake.py for tasks to queue
[2026-03-31T10:00:08.644+0000] {logging_mixin.py:188} INFO - [2026-03-31T10:00:08.644+0000] {dagbag.py:545} INFO - Filling up the DagBag from /opt/airflow/dags/minio_to_snowflake.py
[2026-03-31T10:00:10.573+0000] {processor.py:840} INFO - DAG(s) 'minio_to_snowflake_pipeline' retrieved from /opt/airflow/dags/minio_to_snowflake.py
[2026-03-31T10:00:10.743+0000] {logging_mixin.py:188} INFO - [2026-03-31T10:00:10.733+0000] {dag.py:3089} INFO - Sync 1 DAGs
[2026-03-31T10:00:10.943+0000] {logging_mixin.py:188} INFO - [2026-03-31T10:00:10.943+0000] {dag.py:3947} INFO - Setting next_dagrun for minio_to_snowflake_pipeline to 2026-03-31 09:50:00+00:00, run_after=2026-03-31 10:00:00+00:00
[2026-03-31T10:00:11.061+0000] {processor.py:183} INFO - Processing /opt/airflow/dags/minio_to_snowflake.py took 2.434 seconds
[2026-03-31T10:00:41.505+0000] {processor.py:161} INFO - Started process (PID=303) to work on /opt/airflow/dags/minio_to_snowflake.py
[2026-03-31T10:00:41.510+0000] {processor.py:830} INFO - Processing file /opt/airflow/dags/minio_to_snowflake.py for tasks to queue
[2026-03-31T10:00:41.517+0000] {logging_mixin.py:188} INFO - [2026-03-31T10:00:41.516+0000] {dagbag.py:545} INFO - Filling up the DagBag from /opt/airflow/dags/minio_to_snowflake.py
[2026-03-31T10:00:44.588+0000] {processor.py:840} INFO - DAG(s) 'minio_to_snowflake_pipeline' retrieved from /opt/airflow/dags/minio_to_snowflake.py
[2026-03-31T10:00:44.793+0000] {logging_mixin.py:188} INFO - [2026-03-31T10:00:44.791+0000] {dag.py:3089} INFO - Sync 1 DAGs
[2026-03-31T10:00:44.919+0000] {logging_mixin.py:188} INFO - [2026-03-31T10:00:44.918+0000] {dag.py:3947} INFO - Setting next_dagrun for minio_to_snowflake_pipeline to 2026-03-31 09:50:00+00:00, run_after=2026-03-31 10:00:00+00:00
[2026-03-31T10:00:44.991+0000] {processor.py:183} INFO - Processing /opt/airflow/dags/minio_to_snowflake.py took 3.534 seconds
[2026-03-31T10:01:15.649+0000] {processor.py:161} INFO - Started process (PID=310) to work on /opt/airflow/dags/minio_to_snowflake.py
[2026-03-31T10:01:15.666+0000] {processor.py:830} INFO - Processing file /opt/airflow/dags/minio_to_snowflake.py for tasks to queue
[2026-03-31T10:01:15.704+0000] {logging_mixin.py:188} INFO - [2026-03-31T10:01:15.699+0000] {dagbag.py:545} INFO - Filling up the DagBag from /opt/airflow/dags/minio_to_snowflake.py
[2026-03-31T10:01:21.871+0000] {processor.py:840} INFO - DAG(s) 'minio_to_snowflake_pipeline' retrieved from /opt/airflow/dags/minio_to_snowflake.py
[2026-03-31T10:01:21.936+0000] {logging_mixin.py:188} INFO - [2026-03-31T10:01:21.933+0000] {dag.py:3089} INFO - Sync 1 DAGs
[2026-03-31T10:01:21.988+0000] {logging_mixin.py:188} INFO - [2026-03-31T10:01:21.988+0000] {dag.py:3947} INFO - Setting next_dagrun for minio_to_snowflake_pipeline to 2026-03-31 09:50:00+00:00, run_after=2026-03-31 10:00:00+00:00
[2026-03-31T10:01:22.034+0000] {processor.py:183} INFO - Processing /opt/airflow/dags/minio_to_snowflake.py took 6.545 seconds
[2026-03-31T10:01:52.391+0000] {processor.py:161} INFO - Started process (PID=317) to work on /opt/airflow/dags/minio_to_snowflake.py
[2026-03-31T10:01:52.393+0000] {processor.py:830} INFO - Processing file /opt/airflow/dags/minio_to_snowflake.py for tasks to queue
[2026-03-31T10:01:52.396+0000] {logging_mixin.py:188} INFO - [2026-03-31T10:01:52.395+0000] {dagbag.py:545} INFO - Filling up the DagBag from /opt/airflow/dags/minio_to_snowflake.py
[2026-03-31T10:01:53.653+0000] {processor.py:840} INFO - DAG(s) 'minio_to_snowflake_pipeline' retrieved from /opt/airflow/dags/minio_to_snowflake.py
[2026-03-31T10:01:53.684+0000] {logging_mixin.py:188} INFO - [2026-03-31T10:01:53.681+0000] {dag.py:3089} INFO - Sync 1 DAGs
[2026-03-31T10:01:53.705+0000] {logging_mixin.py:188} INFO - [2026-03-31T10:01:53.705+0000] {dag.py:3947} INFO - Setting next_dagrun for minio_to_snowflake_pipeline to 2026-03-31 09:50:00+00:00, run_after=2026-03-31 10:00:00+00:00
[2026-03-31T10:01:53.728+0000] {processor.py:183} INFO - Processing /opt/airflow/dags/minio_to_snowflake.py took 1.344 seconds
[2026-03-31T10:02:24.179+0000] {processor.py:161} INFO - Started process (PID=324) to work on /opt/airflow/dags/minio_to_snowflake.py
[2026-03-31T10:02:24.180+0000] {processor.py:830} INFO - Processing file /opt/airflow/dags/minio_to_snowflake.py for tasks to queue
[2026-03-31T10:02:24.183+0000] {logging_mixin.py:188} INFO - [2026-03-31T10:02:24.182+0000] {dagbag.py:545} INFO - Filling up the DagBag from /opt/airflow/dags/minio_to_snowflake.py
[2026-03-31T10:02:25.201+0000] {processor.py:840} INFO - DAG(s) 'minio_to_snowflake_pipeline' retrieved from /opt/airflow/dags/minio_to_snowflake.py
[2026-03-31T10:02:25.233+0000] {logging_mixin.py:188} INFO - [2026-03-31T10:02:25.232+0000] {dag.py:3089} INFO - Sync 1 DAGs
[2026-03-31T10:02:25.255+0000] {logging_mixin.py:188} INFO - [2026-03-31T10:02:25.255+0000] {dag.py:3947} INFO - Setting next_dagrun for minio_to_snowflake_pipeline to 2026-03-31 09:50:00+00:00, run_after=2026-03-31 10:00:00+00:00
[2026-03-31T10:02:25.277+0000] {processor.py:183} INFO - Processing /opt/airflow/dags/minio_to_snowflake.py took 1.107 seconds
[2026-03-31T10:02:45.349+0000] {processor.py:161} INFO - Started process (PID=331) to work on /opt/airflow/dags/minio_to_snowflake.py
[2026-03-31T10:02:45.361+0000] {processor.py:830} INFO - Processing file /opt/airflow/dags/minio_to_snowflake.py for tasks to queue
[2026-03-31T10:02:45.380+0000] {logging_mixin.py:188} INFO - [2026-03-31T10:02:45.379+0000] {dagbag.py:545} INFO - Filling up the DagBag from /opt/airflow/dags/minio_to_snowflake.py
[2026-03-31T10:02:47.658+0000] {processor.py:840} INFO - DAG(s) 'minio_to_snowflake_pipeline' retrieved from /opt/airflow/dags/minio_to_snowflake.py
[2026-03-31T10:02:47.694+0000] {logging_mixin.py:188} INFO - [2026-03-31T10:02:47.693+0000] {dag.py:3089} INFO - Sync 1 DAGs
[2026-03-31T10:02:47.720+0000] {logging_mixin.py:188} INFO - [2026-03-31T10:02:47.720+0000] {dag.py:3947} INFO - Setting next_dagrun for minio_to_snowflake_pipeline to 2026-03-31 09:50:00+00:00, run_after=2026-03-31 10:00:00+00:00
[2026-03-31T10:02:47.748+0000] {processor.py:183} INFO - Processing /opt/airflow/dags/minio_to_snowflake.py took 2.424 seconds
[2026-03-31T10:03:18.062+0000] {processor.py:161} INFO - Started process (PID=338) to work on /opt/airflow/dags/minio_to_snowflake.py
[2026-03-31T10:03:18.064+0000] {processor.py:830} INFO - Processing file /opt/airflow/dags/minio_to_snowflake.py for tasks to queue
[2026-03-31T10:03:18.068+0000] {logging_mixin.py:188} INFO - [2026-03-31T10:03:18.068+0000] {dagbag.py:545} INFO - Filling up the DagBag from /opt/airflow/dags/minio_to_snowflake.py
[2026-03-31T10:03:19.059+0000] {processor.py:840} INFO - DAG(s) 'minio_to_snowflake_pipeline' retrieved from /opt/airflow/dags/minio_to_snowflake.py
[2026-03-31T10:03:19.094+0000] {logging_mixin.py:188} INFO - [2026-03-31T10:03:19.093+0000] {dag.py:3089} INFO - Sync 1 DAGs
[2026-03-31T10:03:19.118+0000] {logging_mixin.py:188} INFO - [2026-03-31T10:03:19.117+0000] {dag.py:3947} INFO - Setting next_dagrun for minio_to_snowflake_pipeline to 2026-03-31 09:50:00+00:00, run_after=2026-03-31 10:00:00+00:00
[2026-03-31T10:03:19.142+0000] {processor.py:183} INFO - Processing /opt/airflow/dags/minio_to_snowflake.py took 1.088 seconds
[2026-03-31T10:03:49.792+0000] {processor.py:161} INFO - Started process (PID=345) to work on /opt/airflow/dags/minio_to_snowflake.py
[2026-03-31T10:03:49.793+0000] {processor.py:830} INFO - Processing file /opt/airflow/dags/minio_to_snowflake.py for tasks to queue
[2026-03-31T10:03:49.796+0000] {logging_mixin.py:188} INFO - [2026-03-31T10:03:49.796+0000] {dagbag.py:545} INFO - Filling up the DagBag from /opt/airflow/dags/minio_to_snowflake.py
[2026-03-31T10:03:50.927+0000] {processor.py:840} INFO - DAG(s) 'minio_to_snowflake_pipeline' retrieved from /opt/airflow/dags/minio_to_snowflake.py
[2026-03-31T10:03:50.990+0000] {logging_mixin.py:188} INFO - [2026-03-31T10:03:50.987+0000] {dag.py:3089} INFO - Sync 1 DAGs
[2026-03-31T10:03:51.050+0000] {logging_mixin.py:188} INFO - [2026-03-31T10:03:51.049+0000] {dag.py:3947} INFO - Setting next_dagrun for minio_to_snowflake_pipeline to 2026-03-31 09:50:00+00:00, run_after=2026-03-31 10:00:00+00:00
[2026-03-31T10:03:51.075+0000] {processor.py:183} INFO - Processing /opt/airflow/dags/minio_to_snowflake.py took 1.293 seconds
[2026-03-31T10:04:22.035+0000] {processor.py:161} INFO - Started process (PID=352) to work on /opt/airflow/dags/minio_to_snowflake.py
[2026-03-31T10:04:22.037+0000] {processor.py:830} INFO - Processing file /opt/airflow/dags/minio_to_snowflake.py for tasks to queue
[2026-03-31T10:04:22.042+0000] {logging_mixin.py:188} INFO - [2026-03-31T10:04:22.041+0000] {dagbag.py:545} INFO - Filling up the DagBag from /opt/airflow/dags/minio_to_snowflake.py
[2026-03-31T10:04:24.121+0000] {processor.py:840} INFO - DAG(s) 'minio_to_snowflake_pipeline' retrieved from /opt/airflow/dags/minio_to_snowflake.py
[2026-03-31T10:04:24.198+0000] {logging_mixin.py:188} INFO - [2026-03-31T10:04:24.194+0000] {dag.py:3089} INFO - Sync 1 DAGs
[2026-03-31T10:04:24.259+0000] {logging_mixin.py:188} INFO - [2026-03-31T10:04:24.258+0000] {dag.py:3947} INFO - Setting next_dagrun for minio_to_snowflake_pipeline to 2026-03-31 09:50:00+00:00, run_after=2026-03-31 10:00:00+00:00
[2026-03-31T10:04:24.297+0000] {processor.py:183} INFO - Processing /opt/airflow/dags/minio_to_snowflake.py took 2.300 seconds
[2026-03-31T10:04:54.586+0000] {processor.py:161} INFO - Started process (PID=359) to work on /opt/airflow/dags/minio_to_snowflake.py
[2026-03-31T10:04:54.588+0000] {processor.py:830} INFO - Processing file /opt/airflow/dags/minio_to_snowflake.py for tasks to queue
[2026-03-31T10:04:54.591+0000] {logging_mixin.py:188} INFO - [2026-03-31T10:04:54.590+0000] {dagbag.py:545} INFO - Filling up the DagBag from /opt/airflow/dags/minio_to_snowflake.py
[2026-03-31T10:04:55.828+0000] {processor.py:840} INFO - DAG(s) 'minio_to_snowflake_pipeline' retrieved from /opt/airflow/dags/minio_to_snowflake.py
[2026-03-31T10:04:55.863+0000] {logging_mixin.py:188} INFO - [2026-03-31T10:04:55.862+0000] {dag.py:3089} INFO - Sync 1 DAGs
[2026-03-31T10:04:55.895+0000] {logging_mixin.py:188} INFO - [2026-03-31T10:04:55.895+0000] {dag.py:3947} INFO - Setting next_dagrun for minio_to_snowflake_pipeline to 2026-03-31 09:50:00+00:00, run_after=2026-03-31 10:00:00+00:00
[2026-03-31T10:04:55.922+0000] {processor.py:183} INFO - Processing /opt/airflow/dags/minio_to_snowflake.py took 1.344 seconds
[2026-03-31T10:05:26.205+0000] {processor.py:161} INFO - Started process (PID=366) to work on /opt/airflow/dags/minio_to_snowflake.py
[2026-03-31T10:05:26.206+0000] {processor.py:830} INFO - Processing file /opt/airflow/dags/minio_to_snowflake.py for tasks to queue
[2026-03-31T10:05:26.209+0000] {logging_mixin.py:188} INFO - [2026-03-31T10:05:26.209+0000] {dagbag.py:545} INFO - Filling up the DagBag from /opt/airflow/dags/minio_to_snowflake.py
[2026-03-31T10:05:27.181+0000] {processor.py:840} INFO - DAG(s) 'minio_to_snowflake_pipeline' retrieved from /opt/airflow/dags/minio_to_snowflake.py
[2026-03-31T10:05:27.210+0000] {logging_mixin.py:188} INFO - [2026-03-31T10:05:27.210+0000] {dag.py:3089} INFO - Sync 1 DAGs
[2026-03-31T10:05:27.232+0000] {logging_mixin.py:188} INFO - [2026-03-31T10:05:27.232+0000] {dag.py:3947} INFO - Setting next_dagrun for minio_to_snowflake_pipeline to 2026-03-31 09:50:00+00:00, run_after=2026-03-31 10:00:00+00:00
[2026-03-31T10:05:27.255+0000] {processor.py:183} INFO - Processing /opt/airflow/dags/minio_to_snowflake.py took 1.059 seconds
[2026-03-31T10:05:57.399+0000] {processor.py:161} INFO - Started process (PID=373) to work on /opt/airflow/dags/minio_to_snowflake.py
[2026-03-31T10:05:57.401+0000] {processor.py:830} INFO - Processing file /opt/airflow/dags/minio_to_snowflake.py for tasks to queue
[2026-03-31T10:05:57.404+0000] {logging_mixin.py:188} INFO - [2026-03-31T10:05:57.403+0000] {dagbag.py:545} INFO - Filling up the DagBag from /opt/airflow/dags/minio_to_snowflake.py
[2026-03-31T10:05:58.520+0000] {processor.py:840} INFO - DAG(s) 'minio_to_snowflake_pipeline' retrieved from /opt/airflow/dags/minio_to_snowflake.py
[2026-03-31T10:05:58.549+0000] {logging_mixin.py:188} INFO - [2026-03-31T10:05:58.549+0000] {dag.py:3089} INFO - Sync 1 DAGs
[2026-03-31T10:05:58.575+0000] {logging_mixin.py:188} INFO - [2026-03-31T10:05:58.575+0000] {dag.py:3947} INFO - Setting next_dagrun for minio_to_snowflake_pipeline to 2026-03-31 09:50:00+00:00, run_after=2026-03-31 10:00:00+00:00
[2026-03-31T10:05:58.598+0000] {processor.py:183} INFO - Processing /opt/airflow/dags/minio_to_snowflake.py took 1.206 seconds
[2026-03-31T10:06:28.692+0000] {processor.py:161} INFO - Started process (PID=380) to work on /opt/airflow/dags/minio_to_snowflake.py
[2026-03-31T10:06:28.693+0000] {processor.py:830} INFO - Processing file /opt/airflow/dags/minio_to_snowflake.py for tasks to queue
[2026-03-31T10:06:28.697+0000] {logging_mixin.py:188} INFO - [2026-03-31T10:06:28.696+0000] {dagbag.py:545} INFO - Filling up the DagBag from /opt/airflow/dags/minio_to_snowflake.py
[2026-03-31T10:06:30.015+0000] {processor.py:840} INFO - DAG(s) 'minio_to_snowflake_pipeline' retrieved from /opt/airflow/dags/minio_to_snowflake.py
[2026-03-31T10:06:30.046+0000] {logging_mixin.py:188} INFO - [2026-03-31T10:06:30.044+0000] {dag.py:3089} INFO - Sync 1 DAGs
[2026-03-31T10:06:30.069+0000] {logging_mixin.py:188} INFO - [2026-03-31T10:06:30.069+0000] {dag.py:3947} INFO - Setting next_dagrun for minio_to_snowflake_pipeline to 2026-03-31 09:50:00+00:00, run_after=2026-03-31 10:00:00+00:00
[2026-03-31T10:06:30.094+0000] {processor.py:183} INFO - Processing /opt/airflow/dags/minio_to_snowflake.py took 1.415 seconds
[2026-03-31T10:07:00.343+0000] {processor.py:161} INFO - Started process (PID=387) to work on /opt/airflow/dags/minio_to_snowflake.py
[2026-03-31T10:07:00.344+0000] {processor.py:830} INFO - Processing file /opt/airflow/dags/minio_to_snowflake.py for tasks to queue
[2026-03-31T10:07:00.347+0000] {logging_mixin.py:188} INFO - [2026-03-31T10:07:00.346+0000] {dagbag.py:545} INFO - Filling up the DagBag from /opt/airflow/dags/minio_to_snowflake.py
[2026-03-31T10:07:01.451+0000] {processor.py:840} INFO - DAG(s) 'minio_to_snowflake_pipeline' retrieved from /opt/airflow/dags/minio_to_snowflake.py
[2026-03-31T10:07:01.505+0000] {logging_mixin.py:188} INFO - [2026-03-31T10:07:01.504+0000] {dag.py:3089} INFO - Sync 1 DAGs
[2026-03-31T10:07:01.551+0000] {logging_mixin.py:188} INFO - [2026-03-31T10:07:01.550+0000] {dag.py:3947} INFO - Setting next_dagrun for minio_to_snowflake_pipeline to 2026-03-31 09:50:00+00:00, run_after=2026-03-31 10:00:00+00:00
[2026-03-31T10:07:01.608+0000] {processor.py:183} INFO - Processing /opt/airflow/dags/minio_to_snowflake.py took 1.274 seconds
[2026-03-31T10:07:31.877+0000] {processor.py:161} INFO - Started process (PID=394) to work on /opt/airflow/dags/minio_to_snowflake.py
[2026-03-31T10:07:31.878+0000] {processor.py:830} INFO - Processing file /opt/airflow/dags/minio_to_snowflake.py for tasks to queue
[2026-03-31T10:07:31.881+0000] {logging_mixin.py:188} INFO - [2026-03-31T10:07:31.880+0000] {dagbag.py:545} INFO - Filling up the DagBag from /opt/airflow/dags/minio_to_snowflake.py
[2026-03-31T10:07:32.928+0000] {processor.py:840} INFO - DAG(s) 'minio_to_snowflake_pipeline' retrieved from /opt/airflow/dags/minio_to_snowflake.py
[2026-03-31T10:07:32.966+0000] {logging_mixin.py:188} INFO - [2026-03-31T10:07:32.965+0000] {dag.py:3089} INFO - Sync 1 DAGs
[2026-03-31T10:07:32.990+0000] {logging_mixin.py:188} INFO - [2026-03-31T10:07:32.990+0000] {dag.py:3947} INFO - Setting next_dagrun for minio_to_snowflake_pipeline to 2026-03-31 09:50:00+00:00, run_after=2026-03-31 10:00:00+00:00
[2026-03-31T10:07:33.015+0000] {processor.py:183} INFO - Processing /opt/airflow/dags/minio_to_snowflake.py took 1.146 seconds
[2026-03-31T10:08:03.270+0000] {processor.py:161} INFO - Started process (PID=401) to work on /opt/airflow/dags/minio_to_snowflake.py
[2026-03-31T10:08:03.273+0000] {processor.py:830} INFO - Processing file /opt/airflow/dags/minio_to_snowflake.py for tasks to queue
[2026-03-31T10:08:03.286+0000] {logging_mixin.py:188} INFO - [2026-03-31T10:08:03.285+0000] {dagbag.py:545} INFO - Filling up the DagBag from /opt/airflow/dags/minio_to_snowflake.py
[2026-03-31T10:08:04.517+0000] {processor.py:840} INFO - DAG(s) 'minio_to_snowflake_pipeline' retrieved from /opt/airflow/dags/minio_to_snowflake.py
[2026-03-31T10:08:04.561+0000] {logging_mixin.py:188} INFO - [2026-03-31T10:08:04.560+0000] {dag.py:3089} INFO - Sync 1 DAGs
[2026-03-31T10:08:04.594+0000] {logging_mixin.py:188} INFO - [2026-03-31T10:08:04.593+0000] {dag.py:3947} INFO - Setting next_dagrun for minio_to_snowflake_pipeline to 2026-03-31 09:50:00+00:00, run_after=2026-03-31 10:00:00+00:00
[2026-03-31T10:08:04.614+0000] {processor.py:183} INFO - Processing /opt/airflow/dags/minio_to_snowflake.py took 1.366 seconds
[2026-03-31T10:08:34.930+0000] {processor.py:161} INFO - Started process (PID=408) to work on /opt/airflow/dags/minio_to_snowflake.py
[2026-03-31T10:08:34.932+0000] {processor.py:830} INFO - Processing file /opt/airflow/dags/minio_to_snowflake.py for tasks to queue
[2026-03-31T10:08:34.935+0000] {logging_mixin.py:188} INFO - [2026-03-31T10:08:34.934+0000] {dagbag.py:545} INFO - Filling up the DagBag from /opt/airflow/dags/minio_to_snowflake.py
[2026-03-31T10:08:35.933+0000] {processor.py:840} INFO - DAG(s) 'minio_to_snowflake_pipeline' retrieved from /opt/airflow/dags/minio_to_snowflake.py
[2026-03-31T10:08:35.964+0000] {logging_mixin.py:188} INFO - [2026-03-31T10:08:35.963+0000] {dag.py:3089} INFO - Sync 1 DAGs
[2026-03-31T10:08:35.988+0000] {logging_mixin.py:188} INFO - [2026-03-31T10:08:35.988+0000] {dag.py:3947} INFO - Setting next_dagrun for minio_to_snowflake_pipeline to 2026-03-31 09:50:00+00:00, run_after=2026-03-31 10:00:00+00:00
[2026-03-31T10:08:36.010+0000] {processor.py:183} INFO - Processing /opt/airflow/dags/minio_to_snowflake.py took 1.089 seconds
[2026-03-31T10:09:06.185+0000] {processor.py:161} INFO - Started process (PID=415) to work on /opt/airflow/dags/minio_to_snowflake.py
[2026-03-31T10:09:06.187+0000] {processor.py:830} INFO - Processing file /opt/airflow/dags/minio_to_snowflake.py for tasks to queue
[2026-03-31T10:09:06.190+0000] {logging_mixin.py:188} INFO - [2026-03-31T10:09:06.190+0000] {dagbag.py:545} INFO - Filling up the DagBag from /opt/airflow/dags/minio_to_snowflake.py
[2026-03-31T10:09:07.497+0000] {processor.py:840} INFO - DAG(s) 'minio_to_snowflake_pipeline' retrieved from /opt/airflow/dags/minio_to_snowflake.py
[2026-03-31T10:09:07.529+0000] {logging_mixin.py:188} INFO - [2026-03-31T10:09:07.528+0000] {dag.py:3089} INFO - Sync 1 DAGs
[2026-03-31T10:09:07.551+0000] {logging_mixin.py:188} INFO - [2026-03-31T10:09:07.551+0000] {dag.py:3947} INFO - Setting next_dagrun for minio_to_snowflake_pipeline to 2026-03-31 09:50:00+00:00, run_after=2026-03-31 10:00:00+00:00
[2026-03-31T10:09:07.817+0000] {processor.py:183} INFO - Processing /opt/airflow/dags/minio_to_snowflake.py took 1.645 seconds
[2026-03-31T10:09:38.172+0000] {processor.py:161} INFO - Started process (PID=422) to work on /opt/airflow/dags/minio_to_snowflake.py
[2026-03-31T10:09:38.173+0000] {processor.py:830} INFO - Processing file /opt/airflow/dags/minio_to_snowflake.py for tasks to queue
[2026-03-31T10:09:38.176+0000] {logging_mixin.py:188} INFO - [2026-03-31T10:09:38.175+0000] {dagbag.py:545} INFO - Filling up the DagBag from /opt/airflow/dags/minio_to_snowflake.py
[2026-03-31T10:09:44.231+0000] {processor.py:840} INFO - DAG(s) 'minio_to_snowflake_pipeline' retrieved from /opt/airflow/dags/minio_to_snowflake.py
[2026-03-31T10:09:44.417+0000] {logging_mixin.py:188} INFO - [2026-03-31T10:09:44.416+0000] {dag.py:3089} INFO - Sync 1 DAGs
[2026-03-31T10:09:44.661+0000] {logging_mixin.py:188} INFO - [2026-03-31T10:09:44.660+0000] {dag.py:3947} INFO - Setting next_dagrun for minio_to_snowflake_pipeline to 2026-03-31 09:50:00+00:00, run_after=2026-03-31 10:00:00+00:00
[2026-03-31T10:09:44.840+0000] {processor.py:183} INFO - Processing /opt/airflow/dags/minio_to_snowflake.py took 6.676 seconds
[2026-03-31T10:10:15.108+0000] {processor.py:161} INFO - Started process (PID=429) to work on /opt/airflow/dags/minio_to_snowflake.py
[2026-03-31T10:10:15.110+0000] {processor.py:830} INFO - Processing file /opt/airflow/dags/minio_to_snowflake.py for tasks to queue
[2026-03-31T10:10:15.113+0000] {logging_mixin.py:188} INFO - [2026-03-31T10:10:15.112+0000] {dagbag.py:545} INFO - Filling up the DagBag from /opt/airflow/dags/minio_to_snowflake.py
[2026-03-31T10:10:16.244+0000] {processor.py:840} INFO - DAG(s) 'minio_to_snowflake_pipeline' retrieved from /opt/airflow/dags/minio_to_snowflake.py
[2026-03-31T10:10:16.274+0000] {logging_mixin.py:188} INFO - [2026-03-31T10:10:16.273+0000] {dag.py:3089} INFO - Sync 1 DAGs
[2026-03-31T10:10:16.298+0000] {logging_mixin.py:188} INFO - [2026-03-31T10:10:16.297+0000] {dag.py:3947} INFO - Setting next_dagrun for minio_to_snowflake_pipeline to 2026-03-31 10:00:00+00:00, run_after=2026-03-31 10:10:00+00:00
[2026-03-31T10:10:16.324+0000] {processor.py:183} INFO - Processing /opt/airflow/dags/minio_to_snowflake.py took 1.226 seconds
[2026-03-31T10:10:46.433+0000] {processor.py:161} INFO - Started process (PID=436) to work on /opt/airflow/dags/minio_to_snowflake.py
[2026-03-31T10:10:46.435+0000] {processor.py:830} INFO - Processing file /opt/airflow/dags/minio_to_snowflake.py for tasks to queue
[2026-03-31T10:10:46.438+0000] {logging_mixin.py:188} INFO - [2026-03-31T10:10:46.437+0000] {dagbag.py:545} INFO - Filling up the DagBag from /opt/airflow/dags/minio_to_snowflake.py
[2026-03-31T10:10:47.914+0000] {processor.py:840} INFO - DAG(s) 'minio_to_snowflake_pipeline' retrieved from /opt/airflow/dags/minio_to_snowflake.py
[2026-03-31T10:10:47.946+0000] {logging_mixin.py:188} INFO - [2026-03-31T10:10:47.946+0000] {dag.py:3089} INFO - Sync 1 DAGs
[2026-03-31T10:10:47.974+0000] {logging_mixin.py:188} INFO - [2026-03-31T10:10:47.973+0000] {dag.py:3947} INFO - Setting next_dagrun for minio_to_snowflake_pipeline to 2026-03-31 10:00:00+00:00, run_after=2026-03-31 10:10:00+00:00
[2026-03-31T10:10:48.015+0000] {processor.py:183} INFO - Processing /opt/airflow/dags/minio_to_snowflake.py took 1.594 seconds
[2026-03-31T10:11:18.336+0000] {processor.py:161} INFO - Started process (PID=443) to work on /opt/airflow/dags/minio_to_snowflake.py
[2026-03-31T10:11:18.338+0000] {processor.py:830} INFO - Processing file /opt/airflow/dags/minio_to_snowflake.py for tasks to queue
[2026-03-31T10:11:18.340+0000] {logging_mixin.py:188} INFO - [2026-03-31T10:11:18.340+0000] {dagbag.py:545} INFO - Filling up the DagBag from /opt/airflow/dags/minio_to_snowflake.py
[2026-03-31T10:11:19.393+0000] {processor.py:840} INFO - DAG(s) 'minio_to_snowflake_pipeline' retrieved from /opt/airflow/dags/minio_to_snowflake.py
[2026-03-31T10:11:19.443+0000] {logging_mixin.py:188} INFO - [2026-03-31T10:11:19.442+0000] {dag.py:3089} INFO - Sync 1 DAGs
[2026-03-31T10:11:19.482+0000] {logging_mixin.py:188} INFO - [2026-03-31T10:11:19.481+0000] {dag.py:3947} INFO - Setting next_dagrun for minio_to_snowflake_pipeline to 2026-03-31 10:00:00+00:00, run_after=2026-03-31 10:10:00+00:00
[2026-03-31T10:11:19.510+0000] {processor.py:183} INFO - Processing /opt/airflow/dags/minio_to_snowflake.py took 1.182 seconds
[2026-03-31T10:11:49.730+0000] {processor.py:161} INFO - Started process (PID=450) to work on /opt/airflow/dags/minio_to_snowflake.py
[2026-03-31T10:11:49.731+0000] {processor.py:830} INFO - Processing file /opt/airflow/dags/minio_to_snowflake.py for tasks to queue
[2026-03-31T10:11:49.734+0000] {logging_mixin.py:188} INFO - [2026-03-31T10:11:49.734+0000] {dagbag.py:545} INFO - Filling up the DagBag from /opt/airflow/dags/minio_to_snowflake.py
[2026-03-31T10:11:50.675+0000] {processor.py:840} INFO - DAG(s) 'minio_to_snowflake_pipeline' retrieved from /opt/airflow/dags/minio_to_snowflake.py
[2026-03-31T10:11:50.715+0000] {logging_mixin.py:188} INFO - [2026-03-31T10:11:50.714+0000] {dag.py:3089} INFO - Sync 1 DAGs
[2026-03-31T10:11:50.745+0000] {logging_mixin.py:188} INFO - [2026-03-31T10:11:50.744+0000] {dag.py:3947} INFO - Setting next_dagrun for minio_to_snowflake_pipeline to 2026-03-31 10:00:00+00:00, run_after=2026-03-31 10:10:00+00:00
[2026-03-31T10:11:50.775+0000] {processor.py:183} INFO - Processing /opt/airflow/dags/minio_to_snowflake.py took 1.053 seconds
[2026-03-31T10:12:20.937+0000] {processor.py:161} INFO - Started process (PID=457) to work on /opt/airflow/dags/minio_to_snowflake.py
[2026-03-31T10:12:20.938+0000] {processor.py:830} INFO - Processing file /opt/airflow/dags/minio_to_snowflake.py for tasks to queue
[2026-03-31T10:12:20.941+0000] {logging_mixin.py:188} INFO - [2026-03-31T10:12:20.940+0000] {dagbag.py:545} INFO - Filling up the DagBag from /opt/airflow/dags/minio_to_snowflake.py
[2026-03-31T10:12:22.807+0000] {processor.py:840} INFO - DAG(s) 'minio_to_snowflake_pipeline' retrieved from /opt/airflow/dags/minio_to_snowflake.py
[2026-03-31T10:12:22.850+0000] {logging_mixin.py:188} INFO - [2026-03-31T10:12:22.848+0000] {dag.py:3089} INFO - Sync 1 DAGs
[2026-03-31T10:12:22.904+0000] {logging_mixin.py:188} INFO - [2026-03-31T10:12:22.904+0000] {dag.py:3947} INFO - Setting next_dagrun for minio_to_snowflake_pipeline to 2026-03-31 10:00:00+00:00, run_after=2026-03-31 10:10:00+00:00
[2026-03-31T10:12:22.955+0000] {processor.py:183} INFO - Processing /opt/airflow/dags/minio_to_snowflake.py took 2.026 seconds
[2026-03-31T10:12:53.150+0000] {processor.py:161} INFO - Started process (PID=464) to work on /opt/airflow/dags/minio_to_snowflake.py
[2026-03-31T10:12:53.152+0000] {processor.py:830} INFO - Processing file /opt/airflow/dags/minio_to_snowflake.py for tasks to queue
[2026-03-31T10:12:53.154+0000] {logging_mixin.py:188} INFO - [2026-03-31T10:12:53.154+0000] {dagbag.py:545} INFO - Filling up the DagBag from /opt/airflow/dags/minio_to_snowflake.py
[2026-03-31T10:12:54.292+0000] {processor.py:840} INFO - DAG(s) 'minio_to_snowflake_pipeline' retrieved from /opt/airflow/dags/minio_to_snowflake.py
[2026-03-31T10:12:54.322+0000] {logging_mixin.py:188} INFO - [2026-03-31T10:12:54.321+0000] {dag.py:3089} INFO - Sync 1 DAGs
[2026-03-31T10:12:54.344+0000] {logging_mixin.py:188} INFO - [2026-03-31T10:12:54.343+0000] {dag.py:3947} INFO - Setting next_dagrun for minio_to_snowflake_pipeline to 2026-03-31 10:00:00+00:00, run_after=2026-03-31 10:10:00+00:00
[2026-03-31T10:12:54.366+0000] {processor.py:183} INFO - Processing /opt/airflow/dags/minio_to_snowflake.py took 1.224 seconds
[2026-03-31T10:13:24.622+0000] {processor.py:161} INFO - Started process (PID=471) to work on /opt/airflow/dags/minio_to_snowflake.py
[2026-03-31T10:13:24.624+0000] {processor.py:830} INFO - Processing file /opt/airflow/dags/minio_to_snowflake.py for tasks to queue
[2026-03-31T10:13:24.627+0000] {logging_mixin.py:188} INFO - [2026-03-31T10:13:24.626+0000] {dagbag.py:545} INFO - Filling up the DagBag from /opt/airflow/dags/minio_to_snowflake.py
[2026-03-31T10:13:25.762+0000] {processor.py:840} INFO - DAG(s) 'minio_to_snowflake_pipeline' retrieved from /opt/airflow/dags/minio_to_snowflake.py
[2026-03-31T10:13:25.793+0000] {logging_mixin.py:188} INFO - [2026-03-31T10:13:25.792+0000] {dag.py:3089} INFO - Sync 1 DAGs
[2026-03-31T10:13:25.815+0000] {logging_mixin.py:188} INFO - [2026-03-31T10:13:25.815+0000] {dag.py:3947} INFO - Setting next_dagrun for minio_to_snowflake_pipeline to 2026-03-31 10:00:00+00:00, run_after=2026-03-31 10:10:00+00:00
[2026-03-31T10:13:25.837+0000] {processor.py:183} INFO - Processing /opt/airflow/dags/minio_to_snowflake.py took 1.224 seconds
[2026-03-31T10:13:55.939+0000] {processor.py:161} INFO - Started process (PID=478) to work on /opt/airflow/dags/minio_to_snowflake.py
[2026-03-31T10:13:55.940+0000] {processor.py:830} INFO - Processing file /opt/airflow/dags/minio_to_snowflake.py for tasks to queue
[2026-03-31T10:13:55.943+0000] {logging_mixin.py:188} INFO - [2026-03-31T10:13:55.943+0000] {dagbag.py:545} INFO - Filling up the DagBag from /opt/airflow/dags/minio_to_snowflake.py
[2026-03-31T10:13:56.981+0000] {processor.py:840} INFO - DAG(s) 'minio_to_snowflake_pipeline' retrieved from /opt/airflow/dags/minio_to_snowflake.py
[2026-03-31T10:13:57.017+0000] {logging_mixin.py:188} INFO - [2026-03-31T10:13:57.016+0000] {dag.py:3089} INFO - Sync 1 DAGs
[2026-03-31T10:13:57.038+0000] {logging_mixin.py:188} INFO - [2026-03-31T10:13:57.038+0000] {dag.py:3947} INFO - Setting next_dagrun for minio_to_snowflake_pipeline to 2026-03-31 10:00:00+00:00, run_after=2026-03-31 10:10:00+00:00
[2026-03-31T10:13:57.059+0000] {processor.py:183} INFO - Processing /opt/airflow/dags/minio_to_snowflake.py took 1.129 seconds
[2026-03-31T10:14:27.239+0000] {processor.py:161} INFO - Started process (PID=485) to work on /opt/airflow/dags/minio_to_snowflake.py
[2026-03-31T10:14:27.240+0000] {processor.py:830} INFO - Processing file /opt/airflow/dags/minio_to_snowflake.py for tasks to queue
[2026-03-31T10:14:27.244+0000] {logging_mixin.py:188} INFO - [2026-03-31T10:14:27.244+0000] {dagbag.py:545} INFO - Filling up the DagBag from /opt/airflow/dags/minio_to_snowflake.py
[2026-03-31T10:14:28.732+0000] {processor.py:840} INFO - DAG(s) 'minio_to_snowflake_pipeline' retrieved from /opt/airflow/dags/minio_to_snowflake.py
[2026-03-31T10:14:28.773+0000] {logging_mixin.py:188} INFO - [2026-03-31T10:14:28.772+0000] {dag.py:3089} INFO - Sync 1 DAGs
[2026-03-31T10:14:28.810+0000] {logging_mixin.py:188} INFO - [2026-03-31T10:14:28.809+0000] {dag.py:3947} INFO - Setting next_dagrun for minio_to_snowflake_pipeline to 2026-03-31 10:00:00+00:00, run_after=2026-03-31 10:10:00+00:00
[2026-03-31T10:14:28.837+0000] {processor.py:183} INFO - Processing /opt/airflow/dags/minio_to_snowflake.py took 1.615 seconds
[2026-03-31T10:14:59.144+0000] {processor.py:161} INFO - Started process (PID=492) to work on /opt/airflow/dags/minio_to_snowflake.py
[2026-03-31T10:14:59.146+0000] {processor.py:830} INFO - Processing file /opt/airflow/dags/minio_to_snowflake.py for tasks to queue
[2026-03-31T10:14:59.150+0000] {logging_mixin.py:188} INFO - [2026-03-31T10:14:59.149+0000] {dagbag.py:545} INFO - Filling up the DagBag from /opt/airflow/dags/minio_to_snowflake.py
[2026-03-31T10:15:00.754+0000] {processor.py:840} INFO - DAG(s) 'minio_to_snowflake_pipeline' retrieved from /opt/airflow/dags/minio_to_snowflake.py
[2026-03-31T10:15:00.804+0000] {logging_mixin.py:188} INFO - [2026-03-31T10:15:00.801+0000] {dag.py:3089} INFO - Sync 1 DAGs
[2026-03-31T10:15:00.830+0000] {logging_mixin.py:188} INFO - [2026-03-31T10:15:00.830+0000] {dag.py:3947} INFO - Setting next_dagrun for minio_to_snowflake_pipeline to 2026-03-31 10:00:00+00:00, run_after=2026-03-31 10:10:00+00:00
[2026-03-31T10:15:00.857+0000] {processor.py:183} INFO - Processing /opt/airflow/dags/minio_to_snowflake.py took 1.724 seconds
[2026-03-31T10:15:31.176+0000] {processor.py:161} INFO - Started process (PID=499) to work on /opt/airflow/dags/minio_to_snowflake.py
[2026-03-31T10:15:31.178+0000] {processor.py:830} INFO - Processing file /opt/airflow/dags/minio_to_snowflake.py for tasks to queue
[2026-03-31T10:15:31.184+0000] {logging_mixin.py:188} INFO - [2026-03-31T10:15:31.184+0000] {dagbag.py:545} INFO - Filling up the DagBag from /opt/airflow/dags/minio_to_snowflake.py
[2026-03-31T10:15:33.244+0000] {processor.py:840} INFO - DAG(s) 'minio_to_snowflake_pipeline' retrieved from /opt/airflow/dags/minio_to_snowflake.py
[2026-03-31T10:15:33.290+0000] {logging_mixin.py:188} INFO - [2026-03-31T10:15:33.288+0000] {dag.py:3089} INFO - Sync 1 DAGs
[2026-03-31T10:15:33.356+0000] {logging_mixin.py:188} INFO - [2026-03-31T10:15:33.355+0000] {dag.py:3947} INFO - Setting next_dagrun for minio_to_snowflake_pipeline to 2026-03-31 10:00:00+00:00, run_after=2026-03-31 10:10:00+00:00
[2026-03-31T10:15:33.397+0000] {processor.py:183} INFO - Processing /opt/airflow/dags/minio_to_snowflake.py took 2.233 seconds
[2026-03-31T10:16:03.729+0000] {processor.py:161} INFO - Started process (PID=506) to work on /opt/airflow/dags/minio_to_snowflake.py
[2026-03-31T10:16:03.731+0000] {processor.py:830} INFO - Processing file /opt/airflow/dags/minio_to_snowflake.py for tasks to queue
[2026-03-31T10:16:03.734+0000] {logging_mixin.py:188} INFO - [2026-03-31T10:16:03.733+0000] {dagbag.py:545} INFO - Filling up the DagBag from /opt/airflow/dags/minio_to_snowflake.py
[2026-03-31T10:16:05.389+0000] {processor.py:840} INFO - DAG(s) 'minio_to_snowflake_pipeline' retrieved from /opt/airflow/dags/minio_to_snowflake.py
[2026-03-31T10:16:05.416+0000] {logging_mixin.py:188} INFO - [2026-03-31T10:16:05.416+0000] {dag.py:3089} INFO - Sync 1 DAGs
[2026-03-31T10:16:05.439+0000] {logging_mixin.py:188} INFO - [2026-03-31T10:16:05.438+0000] {dag.py:3947} INFO - Setting next_dagrun for minio_to_snowflake_pipeline to 2026-03-31 10:00:00+00:00, run_after=2026-03-31 10:10:00+00:00
[2026-03-31T10:16:05.460+0000] {processor.py:183} INFO - Processing /opt/airflow/dags/minio_to_snowflake.py took 1.745 seconds
[2026-03-31T10:16:35.735+0000] {processor.py:161} INFO - Started process (PID=513) to work on /opt/airflow/dags/minio_to_snowflake.py
[2026-03-31T10:16:35.736+0000] {processor.py:830} INFO - Processing file /opt/airflow/dags/minio_to_snowflake.py for tasks to queue
[2026-03-31T10:16:35.739+0000] {logging_mixin.py:188} INFO - [2026-03-31T10:16:35.739+0000] {dagbag.py:545} INFO - Filling up the DagBag from /opt/airflow/dags/minio_to_snowflake.py
[2026-03-31T10:16:36.910+0000] {processor.py:840} INFO - DAG(s) 'minio_to_snowflake_pipeline' retrieved from /opt/airflow/dags/minio_to_snowflake.py
[2026-03-31T10:16:36.938+0000] {logging_mixin.py:188} INFO - [2026-03-31T10:16:36.937+0000] {dag.py:3089} INFO - Sync 1 DAGs
[2026-03-31T10:16:36.960+0000] {logging_mixin.py:188} INFO - [2026-03-31T10:16:36.960+0000] {dag.py:3947} INFO - Setting next_dagrun for minio_to_snowflake_pipeline to 2026-03-31 10:00:00+00:00, run_after=2026-03-31 10:10:00+00:00
[2026-03-31T10:16:36.979+0000] {processor.py:183} INFO - Processing /opt/airflow/dags/minio_to_snowflake.py took 1.252 seconds
[2026-03-31T10:17:07.531+0000] {processor.py:161} INFO - Started process (PID=520) to work on /opt/airflow/dags/minio_to_snowflake.py
[2026-03-31T10:17:07.549+0000] {processor.py:830} INFO - Processing file /opt/airflow/dags/minio_to_snowflake.py for tasks to queue
[2026-03-31T10:17:07.553+0000] {logging_mixin.py:188} INFO - [2026-03-31T10:17:07.552+0000] {dagbag.py:545} INFO - Filling up the DagBag from /opt/airflow/dags/minio_to_snowflake.py
[2026-03-31T10:17:11.192+0000] {processor.py:840} INFO - DAG(s) 'minio_to_snowflake_pipeline' retrieved from /opt/airflow/dags/minio_to_snowflake.py
[2026-03-31T10:17:11.228+0000] {logging_mixin.py:188} INFO - [2026-03-31T10:17:11.224+0000] {dag.py:3089} INFO - Sync 1 DAGs
[2026-03-31T10:17:11.256+0000] {logging_mixin.py:188} INFO - [2026-03-31T10:17:11.256+0000] {dag.py:3947} INFO - Setting next_dagrun for minio_to_snowflake_pipeline to 2026-03-31 10:00:00+00:00, run_after=2026-03-31 10:10:00+00:00
[2026-03-31T10:17:11.288+0000] {processor.py:183} INFO - Processing /opt/airflow/dags/minio_to_snowflake.py took 3.830 seconds
[2026-03-31T10:17:41.732+0000] {processor.py:161} INFO - Started process (PID=527) to work on /opt/airflow/dags/minio_to_snowflake.py
[2026-03-31T10:17:41.734+0000] {processor.py:830} INFO - Processing file /opt/airflow/dags/minio_to_snowflake.py for tasks to queue
[2026-03-31T10:17:41.737+0000] {logging_mixin.py:188} INFO - [2026-03-31T10:17:41.736+0000] {dagbag.py:545} INFO - Filling up the DagBag from /opt/airflow/dags/minio_to_snowflake.py
[2026-03-31T10:17:43.181+0000] {processor.py:840} INFO - DAG(s) 'minio_to_snowflake_pipeline' retrieved from /opt/airflow/dags/minio_to_snowflake.py
[2026-03-31T10:17:43.254+0000] {logging_mixin.py:188} INFO - [2026-03-31T10:17:43.253+0000] {dag.py:3089} INFO - Sync 1 DAGs
[2026-03-31T10:17:43.326+0000] {logging_mixin.py:188} INFO - [2026-03-31T10:17:43.324+0000] {dag.py:3947} INFO - Setting next_dagrun for minio_to_snowflake_pipeline to 2026-03-31 10:00:00+00:00, run_after=2026-03-31 10:10:00+00:00
[2026-03-31T10:17:43.421+0000] {processor.py:183} INFO - Processing /opt/airflow/dags/minio_to_snowflake.py took 1.697 seconds
[2026-03-31T10:18:13.892+0000] {processor.py:161} INFO - Started process (PID=534) to work on /opt/airflow/dags/minio_to_snowflake.py
[2026-03-31T10:18:13.894+0000] {processor.py:830} INFO - Processing file /opt/airflow/dags/minio_to_snowflake.py for tasks to queue
[2026-03-31T10:18:13.897+0000] {logging_mixin.py:188} INFO - [2026-03-31T10:18:13.896+0000] {dagbag.py:545} INFO - Filling up the DagBag from /opt/airflow/dags/minio_to_snowflake.py
[2026-03-31T10:18:18.119+0000] {processor.py:840} INFO - DAG(s) 'minio_to_snowflake_pipeline' retrieved from /opt/airflow/dags/minio_to_snowflake.py
[2026-03-31T10:18:18.180+0000] {logging_mixin.py:188} INFO - [2026-03-31T10:18:18.180+0000] {dag.py:3089} INFO - Sync 1 DAGs
[2026-03-31T10:18:18.355+0000] {logging_mixin.py:188} INFO - [2026-03-31T10:18:18.343+0000] {dag.py:3947} INFO - Setting next_dagrun for minio_to_snowflake_pipeline to 2026-03-31 10:00:00+00:00, run_after=2026-03-31 10:10:00+00:00
[2026-03-31T10:18:18.529+0000] {processor.py:183} INFO - Processing /opt/airflow/dags/minio_to_snowflake.py took 4.678 seconds
[2026-03-31T10:18:48.840+0000] {processor.py:161} INFO - Started process (PID=541) to work on /opt/airflow/dags/minio_to_snowflake.py
[2026-03-31T10:18:48.841+0000] {processor.py:830} INFO - Processing file /opt/airflow/dags/minio_to_snowflake.py for tasks to queue
[2026-03-31T10:18:48.844+0000] {logging_mixin.py:188} INFO - [2026-03-31T10:18:48.844+0000] {dagbag.py:545} INFO - Filling up the DagBag from /opt/airflow/dags/minio_to_snowflake.py
[2026-03-31T10:18:50.456+0000] {processor.py:840} INFO - DAG(s) 'minio_to_snowflake_pipeline' retrieved from /opt/airflow/dags/minio_to_snowflake.py
[2026-03-31T10:18:50.492+0000] {logging_mixin.py:188} INFO - [2026-03-31T10:18:50.492+0000] {dag.py:3089} INFO - Sync 1 DAGs
[2026-03-31T10:18:50.520+0000] {logging_mixin.py:188} INFO - [2026-03-31T10:18:50.520+0000] {dag.py:3947} INFO - Setting next_dagrun for minio_to_snowflake_pipeline to 2026-03-31 10:00:00+00:00, run_after=2026-03-31 10:10:00+00:00
[2026-03-31T10:18:50.543+0000] {processor.py:183} INFO - Processing /opt/airflow/dags/minio_to_snowflake.py took 1.715 seconds
[2026-03-31T10:19:21.296+0000] {processor.py:161} INFO - Started process (PID=548) to work on /opt/airflow/dags/minio_to_snowflake.py
[2026-03-31T10:19:21.299+0000] {processor.py:830} INFO - Processing file /opt/airflow/dags/minio_to_snowflake.py for tasks to queue
[2026-03-31T10:19:21.304+0000] {logging_mixin.py:188} INFO - [2026-03-31T10:19:21.303+0000] {dagbag.py:545} INFO - Filling up the DagBag from /opt/airflow/dags/minio_to_snowflake.py
[2026-03-31T10:19:23.491+0000] {processor.py:840} INFO - DAG(s) 'minio_to_snowflake_pipeline' retrieved from /opt/airflow/dags/minio_to_snowflake.py
[2026-03-31T10:19:23.524+0000] {logging_mixin.py:188} INFO - [2026-03-31T10:19:23.522+0000] {dag.py:3089} INFO - Sync 1 DAGs
[2026-03-31T10:19:23.548+0000] {logging_mixin.py:188} INFO - [2026-03-31T10:19:23.548+0000] {dag.py:3947} INFO - Setting next_dagrun for minio_to_snowflake_pipeline to 2026-03-31 10:00:00+00:00, run_after=2026-03-31 10:10:00+00:00
[2026-03-31T10:19:23.574+0000] {processor.py:183} INFO - Processing /opt/airflow/dags/minio_to_snowflake.py took 2.297 seconds
[2026-03-31T10:19:54.081+0000] {processor.py:161} INFO - Started process (PID=555) to work on /opt/airflow/dags/minio_to_snowflake.py
[2026-03-31T10:19:54.083+0000] {processor.py:830} INFO - Processing file /opt/airflow/dags/minio_to_snowflake.py for tasks to queue
[2026-03-31T10:19:54.086+0000] {logging_mixin.py:188} INFO - [2026-03-31T10:19:54.086+0000] {dagbag.py:545} INFO - Filling up the DagBag from /opt/airflow/dags/minio_to_snowflake.py
[2026-03-31T10:19:55.491+0000] {processor.py:840} INFO - DAG(s) 'minio_to_snowflake_pipeline' retrieved from /opt/airflow/dags/minio_to_snowflake.py
[2026-03-31T10:19:55.533+0000] {logging_mixin.py:188} INFO - [2026-03-31T10:19:55.532+0000] {dag.py:3089} INFO - Sync 1 DAGs
[2026-03-31T10:19:55.571+0000] {logging_mixin.py:188} INFO - [2026-03-31T10:19:55.570+0000] {dag.py:3947} INFO - Setting next_dagrun for minio_to_snowflake_pipeline to 2026-03-31 10:00:00+00:00, run_after=2026-03-31 10:10:00+00:00
[2026-03-31T10:19:55.654+0000] {processor.py:183} INFO - Processing /opt/airflow/dags/minio_to_snowflake.py took 1.582 seconds
[2026-03-31T10:20:26.170+0000] {processor.py:161} INFO - Started process (PID=562) to work on /opt/airflow/dags/minio_to_snowflake.py
[2026-03-31T10:20:26.173+0000] {processor.py:830} INFO - Processing file /opt/airflow/dags/minio_to_snowflake.py for tasks to queue
[2026-03-31T10:20:26.177+0000] {logging_mixin.py:188} INFO - [2026-03-31T10:20:26.176+0000] {dagbag.py:545} INFO - Filling up the DagBag from /opt/airflow/dags/minio_to_snowflake.py
[2026-03-31T10:20:29.676+0000] {processor.py:840} INFO - DAG(s) 'minio_to_snowflake_pipeline' retrieved from /opt/airflow/dags/minio_to_snowflake.py
[2026-03-31T10:20:29.780+0000] {logging_mixin.py:188} INFO - [2026-03-31T10:20:29.780+0000] {dag.py:3089} INFO - Sync 1 DAGs
[2026-03-31T10:20:29.853+0000] {logging_mixin.py:188} INFO - [2026-03-31T10:20:29.852+0000] {dag.py:3947} INFO - Setting next_dagrun for minio_to_snowflake_pipeline to 2026-03-31 10:10:00+00:00, run_after=2026-03-31 10:20:00+00:00
[2026-03-31T10:20:29.897+0000] {processor.py:183} INFO - Processing /opt/airflow/dags/minio_to_snowflake.py took 3.742 seconds
[2026-03-31T10:21:00.277+0000] {processor.py:161} INFO - Started process (PID=569) to work on /opt/airflow/dags/minio_to_snowflake.py
[2026-03-31T10:21:00.279+0000] {processor.py:830} INFO - Processing file /opt/airflow/dags/minio_to_snowflake.py for tasks to queue
[2026-03-31T10:21:00.282+0000] {logging_mixin.py:188} INFO - [2026-03-31T10:21:00.282+0000] {dagbag.py:545} INFO - Filling up the DagBag from /opt/airflow/dags/minio_to_snowflake.py
[2026-03-31T10:21:01.352+0000] {processor.py:840} INFO - DAG(s) 'minio_to_snowflake_pipeline' retrieved from /opt/airflow/dags/minio_to_snowflake.py
[2026-03-31T10:21:01.389+0000] {logging_mixin.py:188} INFO - [2026-03-31T10:21:01.388+0000] {dag.py:3089} INFO - Sync 1 DAGs
[2026-03-31T10:21:01.414+0000] {logging_mixin.py:188} INFO - [2026-03-31T10:21:01.413+0000] {dag.py:3947} INFO - Setting next_dagrun for minio_to_snowflake_pipeline to 2026-03-31 10:10:00+00:00, run_after=2026-03-31 10:20:00+00:00
[2026-03-31T10:21:01.435+0000] {processor.py:183} INFO - Processing /opt/airflow/dags/minio_to_snowflake.py took 1.166 seconds
[2026-03-31T10:21:31.524+0000] {processor.py:161} INFO - Started process (PID=576) to work on /opt/airflow/dags/minio_to_snowflake.py
[2026-03-31T10:21:31.526+0000] {processor.py:830} INFO - Processing file /opt/airflow/dags/minio_to_snowflake.py for tasks to queue
[2026-03-31T10:21:31.529+0000] {logging_mixin.py:188} INFO - [2026-03-31T10:21:31.528+0000] {dagbag.py:545} INFO - Filling up the DagBag from /opt/airflow/dags/minio_to_snowflake.py
[2026-03-31T10:21:32.830+0000] {processor.py:840} INFO - DAG(s) 'minio_to_snowflake_pipeline' retrieved from /opt/airflow/dags/minio_to_snowflake.py
[2026-03-31T10:21:32.868+0000] {logging_mixin.py:188} INFO - [2026-03-31T10:21:32.866+0000] {dag.py:3089} INFO - Sync 1 DAGs
[2026-03-31T10:21:32.892+0000] {logging_mixin.py:188} INFO - [2026-03-31T10:21:32.892+0000] {dag.py:3947} INFO - Setting next_dagrun for minio_to_snowflake_pipeline to 2026-03-31 10:10:00+00:00, run_after=2026-03-31 10:20:00+00:00
[2026-03-31T10:21:32.915+0000] {processor.py:183} INFO - Processing /opt/airflow/dags/minio_to_snowflake.py took 1.398 seconds
[2026-03-31T10:22:03.344+0000] {processor.py:161} INFO - Started process (PID=583) to work on /opt/airflow/dags/minio_to_snowflake.py
[2026-03-31T10:22:03.346+0000] {processor.py:830} INFO - Processing file /opt/airflow/dags/minio_to_snowflake.py for tasks to queue
[2026-03-31T10:22:03.350+0000] {logging_mixin.py:188} INFO - [2026-03-31T10:22:03.349+0000] {dagbag.py:545} INFO - Filling up the DagBag from /opt/airflow/dags/minio_to_snowflake.py
[2026-03-31T10:22:07.813+0000] {processor.py:840} INFO - DAG(s) 'minio_to_snowflake_pipeline' retrieved from /opt/airflow/dags/minio_to_snowflake.py
[2026-03-31T10:22:07.960+0000] {logging_mixin.py:188} INFO - [2026-03-31T10:22:07.959+0000] {dag.py:3089} INFO - Sync 1 DAGs
[2026-03-31T10:22:08.175+0000] {logging_mixin.py:188} INFO - [2026-03-31T10:22:08.174+0000] {dag.py:3947} INFO - Setting next_dagrun for minio_to_snowflake_pipeline to 2026-03-31 10:10:00+00:00, run_after=2026-03-31 10:20:00+00:00
[2026-03-31T10:22:08.315+0000] {processor.py:183} INFO - Processing /opt/airflow/dags/minio_to_snowflake.py took 4.986 seconds
[2026-03-31T10:22:38.763+0000] {processor.py:161} INFO - Started process (PID=590) to work on /opt/airflow/dags/minio_to_snowflake.py
[2026-03-31T10:22:38.766+0000] {processor.py:830} INFO - Processing file /opt/airflow/dags/minio_to_snowflake.py for tasks to queue
[2026-03-31T10:22:38.770+0000] {logging_mixin.py:188} INFO - [2026-03-31T10:22:38.770+0000] {dagbag.py:545} INFO - Filling up the DagBag from /opt/airflow/dags/minio_to_snowflake.py
[2026-03-31T10:22:40.031+0000] {processor.py:840} INFO - DAG(s) 'minio_to_snowflake_pipeline' retrieved from /opt/airflow/dags/minio_to_snowflake.py
[2026-03-31T10:22:40.070+0000] {logging_mixin.py:188} INFO - [2026-03-31T10:22:40.069+0000] {dag.py:3089} INFO - Sync 1 DAGs
[2026-03-31T10:22:40.105+0000] {logging_mixin.py:188} INFO - [2026-03-31T10:22:40.104+0000] {dag.py:3947} INFO - Setting next_dagrun for minio_to_snowflake_pipeline to 2026-03-31 10:10:00+00:00, run_after=2026-03-31 10:20:00+00:00
[2026-03-31T10:22:40.130+0000] {processor.py:183} INFO - Processing /opt/airflow/dags/minio_to_snowflake.py took 1.378 seconds
[2026-03-31T10:23:10.725+0000] {processor.py:161} INFO - Started process (PID=597) to work on /opt/airflow/dags/minio_to_snowflake.py
[2026-03-31T10:23:10.728+0000] {processor.py:830} INFO - Processing file /opt/airflow/dags/minio_to_snowflake.py for tasks to queue
[2026-03-31T10:23:10.731+0000] {logging_mixin.py:188} INFO - [2026-03-31T10:23:10.731+0000] {dagbag.py:545} INFO - Filling up the DagBag from /opt/airflow/dags/minio_to_snowflake.py
[2026-03-31T10:23:13.833+0000] {processor.py:840} INFO - DAG(s) 'minio_to_snowflake_pipeline' retrieved from /opt/airflow/dags/minio_to_snowflake.py
[2026-03-31T10:23:14.341+0000] {logging_mixin.py:188} INFO - [2026-03-31T10:23:14.340+0000] {dag.py:3089} INFO - Sync 1 DAGs
[2026-03-31T10:23:15.750+0000] {logging_mixin.py:188} INFO - [2026-03-31T10:23:15.750+0000] {dag.py:3947} INFO - Setting next_dagrun for minio_to_snowflake_pipeline to 2026-03-31 10:10:00+00:00, run_after=2026-03-31 10:20:00+00:00
[2026-03-31T10:23:15.931+0000] {processor.py:183} INFO - Processing /opt/airflow/dags/minio_to_snowflake.py took 5.214 seconds
[2026-03-31T10:23:46.289+0000] {processor.py:161} INFO - Started process (PID=604) to work on /opt/airflow/dags/minio_to_snowflake.py
[2026-03-31T10:23:46.291+0000] {processor.py:830} INFO - Processing file /opt/airflow/dags/minio_to_snowflake.py for tasks to queue
[2026-03-31T10:23:46.294+0000] {logging_mixin.py:188} INFO - [2026-03-31T10:23:46.294+0000] {dagbag.py:545} INFO - Filling up the DagBag from /opt/airflow/dags/minio_to_snowflake.py
[2026-03-31T10:23:47.629+0000] {processor.py:840} INFO - DAG(s) 'minio_to_snowflake_pipeline' retrieved from /opt/airflow/dags/minio_to_snowflake.py
[2026-03-31T10:23:47.663+0000] {logging_mixin.py:188} INFO - [2026-03-31T10:23:47.661+0000] {dag.py:3089} INFO - Sync 1 DAGs
[2026-03-31T10:23:47.687+0000] {logging_mixin.py:188} INFO - [2026-03-31T10:23:47.686+0000] {dag.py:3947} INFO - Setting next_dagrun for minio_to_snowflake_pipeline to 2026-03-31 10:10:00+00:00, run_after=2026-03-31 10:20:00+00:00
[2026-03-31T10:23:47.714+0000] {processor.py:183} INFO - Processing /opt/airflow/dags/minio_to_snowflake.py took 1.437 seconds
[2026-03-31T10:24:18.041+0000] {processor.py:161} INFO - Started process (PID=611) to work on /opt/airflow/dags/minio_to_snowflake.py
[2026-03-31T10:24:18.043+0000] {processor.py:830} INFO - Processing file /opt/airflow/dags/minio_to_snowflake.py for tasks to queue
[2026-03-31T10:24:18.050+0000] {logging_mixin.py:188} INFO - [2026-03-31T10:24:18.047+0000] {dagbag.py:545} INFO - Filling up the DagBag from /opt/airflow/dags/minio_to_snowflake.py
[2026-03-31T10:24:20.965+0000] {processor.py:840} INFO - DAG(s) 'minio_to_snowflake_pipeline' retrieved from /opt/airflow/dags/minio_to_snowflake.py
[2026-03-31T10:24:21.066+0000] {logging_mixin.py:188} INFO - [2026-03-31T10:24:21.066+0000] {dag.py:3089} INFO - Sync 1 DAGs
[2026-03-31T10:24:21.140+0000] {logging_mixin.py:188} INFO - [2026-03-31T10:24:21.140+0000] {dag.py:3947} INFO - Setting next_dagrun for minio_to_snowflake_pipeline to 2026-03-31 10:10:00+00:00, run_after=2026-03-31 10:20:00+00:00
[2026-03-31T10:24:21.226+0000] {processor.py:183} INFO - Processing /opt/airflow/dags/minio_to_snowflake.py took 3.222 seconds
[2026-03-31T10:24:51.779+0000] {processor.py:161} INFO - Started process (PID=618) to work on /opt/airflow/dags/minio_to_snowflake.py
[2026-03-31T10:24:51.780+0000] {processor.py:830} INFO - Processing file /opt/airflow/dags/minio_to_snowflake.py for tasks to queue
[2026-03-31T10:24:51.783+0000] {logging_mixin.py:188} INFO - [2026-03-31T10:24:51.783+0000] {dagbag.py:545} INFO - Filling up the DagBag from /opt/airflow/dags/minio_to_snowflake.py
[2026-03-31T10:24:53.608+0000] {processor.py:840} INFO - DAG(s) 'minio_to_snowflake_pipeline' retrieved from /opt/airflow/dags/minio_to_snowflake.py
[2026-03-31T10:24:53.652+0000] {logging_mixin.py:188} INFO - [2026-03-31T10:24:53.651+0000] {dag.py:3089} INFO - Sync 1 DAGs
[2026-03-31T10:24:53.696+0000] {logging_mixin.py:188} INFO - [2026-03-31T10:24:53.696+0000] {dag.py:3947} INFO - Setting next_dagrun for minio_to_snowflake_pipeline to 2026-03-31 10:10:00+00:00, run_after=2026-03-31 10:20:00+00:00
[2026-03-31T10:24:53.730+0000] {processor.py:183} INFO - Processing /opt/airflow/dags/minio_to_snowflake.py took 1.960 seconds
[2026-03-31T10:25:24.336+0000] {processor.py:161} INFO - Started process (PID=625) to work on /opt/airflow/dags/minio_to_snowflake.py
[2026-03-31T10:25:24.338+0000] {processor.py:830} INFO - Processing file /opt/airflow/dags/minio_to_snowflake.py for tasks to queue
[2026-03-31T10:25:24.344+0000] {logging_mixin.py:188} INFO - [2026-03-31T10:25:24.343+0000] {dagbag.py:545} INFO - Filling up the DagBag from /opt/airflow/dags/minio_to_snowflake.py
[2026-03-31T10:25:27.901+0000] {processor.py:840} INFO - DAG(s) 'minio_to_snowflake_pipeline' retrieved from /opt/airflow/dags/minio_to_snowflake.py
[2026-03-31T10:25:28.118+0000] {logging_mixin.py:188} INFO - [2026-03-31T10:25:28.117+0000] {dag.py:3089} INFO - Sync 1 DAGs
[2026-03-31T10:25:28.509+0000] {logging_mixin.py:188} INFO - [2026-03-31T10:25:28.508+0000] {dag.py:3947} INFO - Setting next_dagrun for minio_to_snowflake_pipeline to 2026-03-31 10:10:00+00:00, run_after=2026-03-31 10:20:00+00:00
[2026-03-31T10:25:28.677+0000] {processor.py:183} INFO - Processing /opt/airflow/dags/minio_to_snowflake.py took 4.354 seconds
[2026-03-31T10:29:24.422+0000] {processor.py:161} INFO - Started process (PID=178) to work on /opt/airflow/dags/minio_to_snowflake.py
[2026-03-31T10:29:24.425+0000] {processor.py:830} INFO - Processing file /opt/airflow/dags/minio_to_snowflake.py for tasks to queue
[2026-03-31T10:29:24.430+0000] {logging_mixin.py:188} INFO - [2026-03-31T10:29:24.429+0000] {dagbag.py:545} INFO - Filling up the DagBag from /opt/airflow/dags/minio_to_snowflake.py
[2026-03-31T10:29:31.350+0000] {processor.py:840} INFO - DAG(s) 'minio_to_snowflake_pipeline' retrieved from /opt/airflow/dags/minio_to_snowflake.py
[2026-03-31T10:29:31.877+0000] {logging_mixin.py:188} INFO - [2026-03-31T10:29:31.876+0000] {override.py:1858} INFO - Created Permission View: can read on DAG:minio_to_snowflake_pipeline
[2026-03-31T10:29:31.898+0000] {logging_mixin.py:188} INFO - [2026-03-31T10:29:31.898+0000] {override.py:1858} INFO - Created Permission View: can delete on DAG:minio_to_snowflake_pipeline
[2026-03-31T10:29:31.912+0000] {logging_mixin.py:188} INFO - [2026-03-31T10:29:31.912+0000] {override.py:1858} INFO - Created Permission View: can edit on DAG:minio_to_snowflake_pipeline
[2026-03-31T10:29:31.913+0000] {logging_mixin.py:188} INFO - [2026-03-31T10:29:31.913+0000] {dag.py:3089} INFO - Sync 1 DAGs
[2026-03-31T10:29:31.927+0000] {logging_mixin.py:188} INFO - [2026-03-31T10:29:31.927+0000] {dag.py:3111} INFO - Creating ORM DAG for minio_to_snowflake_pipeline
[2026-03-31T10:29:31.946+0000] {logging_mixin.py:188} INFO - [2026-03-31T10:29:31.946+0000] {dag.py:3947} INFO - Setting next_dagrun for minio_to_snowflake_pipeline to 2026-03-31 10:10:00+00:00, run_after=2026-03-31 10:20:00+00:00
[2026-03-31T10:29:31.972+0000] {processor.py:183} INFO - Processing /opt/airflow/dags/minio_to_snowflake.py took 7.570 seconds
[2026-03-31T10:30:02.489+0000] {processor.py:161} INFO - Started process (PID=185) to work on /opt/airflow/dags/minio_to_snowflake.py
[2026-03-31T10:30:02.504+0000] {processor.py:830} INFO - Processing file /opt/airflow/dags/minio_to_snowflake.py for tasks to queue
[2026-03-31T10:30:02.546+0000] {logging_mixin.py:188} INFO - [2026-03-31T10:30:02.540+0000] {dagbag.py:545} INFO - Filling up the DagBag from /opt/airflow/dags/minio_to_snowflake.py
[2026-03-31T10:30:06.413+0000] {processor.py:840} INFO - DAG(s) 'minio_to_snowflake_pipeline' retrieved from /opt/airflow/dags/minio_to_snowflake.py
[2026-03-31T10:30:06.472+0000] {logging_mixin.py:188} INFO - [2026-03-31T10:30:06.470+0000] {dag.py:3089} INFO - Sync 1 DAGs
[2026-03-31T10:30:06.571+0000] {logging_mixin.py:188} INFO - [2026-03-31T10:30:06.570+0000] {dag.py:3947} INFO - Setting next_dagrun for minio_to_snowflake_pipeline to 2026-03-31 10:20:00+00:00, run_after=2026-03-31 10:30:00+00:00
[2026-03-31T10:30:06.630+0000] {processor.py:183} INFO - Processing /opt/airflow/dags/minio_to_snowflake.py took 4.301 seconds
[2026-03-31T10:30:37.107+0000] {processor.py:161} INFO - Started process (PID=192) to work on /opt/airflow/dags/minio_to_snowflake.py
[2026-03-31T10:30:37.109+0000] {processor.py:830} INFO - Processing file /opt/airflow/dags/minio_to_snowflake.py for tasks to queue
[2026-03-31T10:30:37.112+0000] {logging_mixin.py:188} INFO - [2026-03-31T10:30:37.111+0000] {dagbag.py:545} INFO - Filling up the DagBag from /opt/airflow/dags/minio_to_snowflake.py
[2026-03-31T10:30:39.540+0000] {processor.py:840} INFO - DAG(s) 'minio_to_snowflake_pipeline' retrieved from /opt/airflow/dags/minio_to_snowflake.py
[2026-03-31T10:30:39.671+0000] {logging_mixin.py:188} INFO - [2026-03-31T10:30:39.669+0000] {dag.py:3089} INFO - Sync 1 DAGs
[2026-03-31T10:30:39.744+0000] {logging_mixin.py:188} INFO - [2026-03-31T10:30:39.744+0000] {dag.py:3947} INFO - Setting next_dagrun for minio_to_snowflake_pipeline to 2026-03-31 10:20:00+00:00, run_after=2026-03-31 10:30:00+00:00
[2026-03-31T10:30:39.809+0000] {processor.py:183} INFO - Processing /opt/airflow/dags/minio_to_snowflake.py took 2.710 seconds
[2026-03-31T10:31:10.166+0000] {processor.py:161} INFO - Started process (PID=199) to work on /opt/airflow/dags/minio_to_snowflake.py
[2026-03-31T10:31:10.167+0000] {processor.py:830} INFO - Processing file /opt/airflow/dags/minio_to_snowflake.py for tasks to queue
[2026-03-31T10:31:10.170+0000] {logging_mixin.py:188} INFO - [2026-03-31T10:31:10.170+0000] {dagbag.py:545} INFO - Filling up the DagBag from /opt/airflow/dags/minio_to_snowflake.py
[2026-03-31T10:31:12.250+0000] {processor.py:840} INFO - DAG(s) 'minio_to_snowflake_pipeline' retrieved from /opt/airflow/dags/minio_to_snowflake.py
[2026-03-31T10:31:12.296+0000] {logging_mixin.py:188} INFO - [2026-03-31T10:31:12.295+0000] {dag.py:3089} INFO - Sync 1 DAGs
[2026-03-31T10:31:12.325+0000] {logging_mixin.py:188} INFO - [2026-03-31T10:31:12.325+0000] {dag.py:3947} INFO - Setting next_dagrun for minio_to_snowflake_pipeline to 2026-03-31 10:20:00+00:00, run_after=2026-03-31 10:30:00+00:00
[2026-03-31T10:31:12.408+0000] {processor.py:183} INFO - Processing /opt/airflow/dags/minio_to_snowflake.py took 2.250 seconds
[2026-03-31T10:31:42.865+0000] {processor.py:161} INFO - Started process (PID=206) to work on /opt/airflow/dags/minio_to_snowflake.py
[2026-03-31T10:31:42.867+0000] {processor.py:830} INFO - Processing file /opt/airflow/dags/minio_to_snowflake.py for tasks to queue
[2026-03-31T10:31:42.871+0000] {logging_mixin.py:188} INFO - [2026-03-31T10:31:42.870+0000] {dagbag.py:545} INFO - Filling up the DagBag from /opt/airflow/dags/minio_to_snowflake.py
[2026-03-31T10:31:44.747+0000] {processor.py:840} INFO - DAG(s) 'minio_to_snowflake_pipeline' retrieved from /opt/airflow/dags/minio_to_snowflake.py
[2026-03-31T10:31:44.821+0000] {logging_mixin.py:188} INFO - [2026-03-31T10:31:44.820+0000] {dag.py:3089} INFO - Sync 1 DAGs
[2026-03-31T10:31:44.874+0000] {logging_mixin.py:188} INFO - [2026-03-31T10:31:44.874+0000] {dag.py:3947} INFO - Setting next_dagrun for minio_to_snowflake_pipeline to 2026-03-31 10:20:00+00:00, run_after=2026-03-31 10:30:00+00:00
[2026-03-31T10:31:44.919+0000] {processor.py:183} INFO - Processing /opt/airflow/dags/minio_to_snowflake.py took 2.064 seconds
[2026-03-31T10:32:15.369+0000] {processor.py:161} INFO - Started process (PID=213) to work on /opt/airflow/dags/minio_to_snowflake.py
[2026-03-31T10:32:15.373+0000] {processor.py:830} INFO - Processing file /opt/airflow/dags/minio_to_snowflake.py for tasks to queue
[2026-03-31T10:32:15.378+0000] {logging_mixin.py:188} INFO - [2026-03-31T10:32:15.377+0000] {dagbag.py:545} INFO - Filling up the DagBag from /opt/airflow/dags/minio_to_snowflake.py
[2026-03-31T10:32:23.011+0000] {processor.py:840} INFO - DAG(s) 'minio_to_snowflake_pipeline' retrieved from /opt/airflow/dags/minio_to_snowflake.py
[2026-03-31T10:32:23.155+0000] {logging_mixin.py:188} INFO - [2026-03-31T10:32:23.154+0000] {dag.py:3089} INFO - Sync 1 DAGs
[2026-03-31T10:32:23.262+0000] {logging_mixin.py:188} INFO - [2026-03-31T10:32:23.262+0000] {dag.py:3947} INFO - Setting next_dagrun for minio_to_snowflake_pipeline to 2026-03-31 10:20:00+00:00, run_after=2026-03-31 10:30:00+00:00
[2026-03-31T10:32:23.360+0000] {processor.py:183} INFO - Processing /opt/airflow/dags/minio_to_snowflake.py took 8.003 seconds
[2026-03-31T10:32:53.887+0000] {processor.py:161} INFO - Started process (PID=220) to work on /opt/airflow/dags/minio_to_snowflake.py
[2026-03-31T10:32:53.889+0000] {processor.py:830} INFO - Processing file /opt/airflow/dags/minio_to_snowflake.py for tasks to queue
[2026-03-31T10:32:53.894+0000] {logging_mixin.py:188} INFO - [2026-03-31T10:32:53.893+0000] {dagbag.py:545} INFO - Filling up the DagBag from /opt/airflow/dags/minio_to_snowflake.py
[2026-03-31T10:32:55.509+0000] {processor.py:840} INFO - DAG(s) 'minio_to_snowflake_pipeline' retrieved from /opt/airflow/dags/minio_to_snowflake.py
[2026-03-31T10:32:55.571+0000] {logging_mixin.py:188} INFO - [2026-03-31T10:32:55.569+0000] {dag.py:3089} INFO - Sync 1 DAGs
[2026-03-31T10:32:55.628+0000] {logging_mixin.py:188} INFO - [2026-03-31T10:32:55.628+0000] {dag.py:3947} INFO - Setting next_dagrun for minio_to_snowflake_pipeline to 2026-03-31 10:20:00+00:00, run_after=2026-03-31 10:30:00+00:00
[2026-03-31T10:32:55.669+0000] {processor.py:183} INFO - Processing /opt/airflow/dags/minio_to_snowflake.py took 1.793 seconds
[2026-03-31T10:33:28.802+0000] {processor.py:161} INFO - Started process (PID=227) to work on /opt/airflow/dags/minio_to_snowflake.py
[2026-03-31T10:33:28.813+0000] {processor.py:830} INFO - Processing file /opt/airflow/dags/minio_to_snowflake.py for tasks to queue
[2026-03-31T10:33:28.819+0000] {logging_mixin.py:188} INFO - [2026-03-31T10:33:28.819+0000] {dagbag.py:545} INFO - Filling up the DagBag from /opt/airflow/dags/minio_to_snowflake.py
[2026-03-31T10:33:30.928+0000] {processor.py:840} INFO - DAG(s) 'minio_to_snowflake_pipeline' retrieved from /opt/airflow/dags/minio_to_snowflake.py
[2026-03-31T10:33:30.989+0000] {logging_mixin.py:188} INFO - [2026-03-31T10:33:30.986+0000] {dag.py:3089} INFO - Sync 1 DAGs
[2026-03-31T10:33:31.027+0000] {logging_mixin.py:188} INFO - [2026-03-31T10:33:31.027+0000] {dag.py:3947} INFO - Setting next_dagrun for minio_to_snowflake_pipeline to 2026-03-31 10:20:00+00:00, run_after=2026-03-31 10:30:00+00:00
[2026-03-31T10:33:31.070+0000] {processor.py:183} INFO - Processing /opt/airflow/dags/minio_to_snowflake.py took 2.295 seconds
[2026-03-31T10:34:01.354+0000] {processor.py:161} INFO - Started process (PID=234) to work on /opt/airflow/dags/minio_to_snowflake.py
[2026-03-31T10:34:01.356+0000] {processor.py:830} INFO - Processing file /opt/airflow/dags/minio_to_snowflake.py for tasks to queue
[2026-03-31T10:34:01.358+0000] {logging_mixin.py:188} INFO - [2026-03-31T10:34:01.358+0000] {dagbag.py:545} INFO - Filling up the DagBag from /opt/airflow/dags/minio_to_snowflake.py
[2026-03-31T10:34:05.284+0000] {processor.py:840} INFO - DAG(s) 'minio_to_snowflake_pipeline' retrieved from /opt/airflow/dags/minio_to_snowflake.py
[2026-03-31T10:34:05.475+0000] {logging_mixin.py:188} INFO - [2026-03-31T10:34:05.472+0000] {dag.py:3089} INFO - Sync 1 DAGs
[2026-03-31T10:34:05.735+0000] {logging_mixin.py:188} INFO - [2026-03-31T10:34:05.734+0000] {dag.py:3947} INFO - Setting next_dagrun for minio_to_snowflake_pipeline to 2026-03-31 10:20:00+00:00, run_after=2026-03-31 10:30:00+00:00
[2026-03-31T10:34:05.845+0000] {processor.py:183} INFO - Processing /opt/airflow/dags/minio_to_snowflake.py took 4.498 seconds
[2026-03-31T10:34:36.896+0000] {processor.py:161} INFO - Started process (PID=241) to work on /opt/airflow/dags/minio_to_snowflake.py
[2026-03-31T10:34:37.024+0000] {processor.py:830} INFO - Processing file /opt/airflow/dags/minio_to_snowflake.py for tasks to queue
[2026-03-31T10:34:37.058+0000] {logging_mixin.py:188} INFO - [2026-03-31T10:34:37.056+0000] {dagbag.py:545} INFO - Filling up the DagBag from /opt/airflow/dags/minio_to_snowflake.py
[2026-03-31T10:34:40.669+0000] {processor.py:840} INFO - DAG(s) 'minio_to_snowflake_pipeline' retrieved from /opt/airflow/dags/minio_to_snowflake.py
[2026-03-31T10:34:40.836+0000] {logging_mixin.py:188} INFO - [2026-03-31T10:34:40.835+0000] {dag.py:3089} INFO - Sync 1 DAGs
[2026-03-31T10:34:40.898+0000] {logging_mixin.py:188} INFO - [2026-03-31T10:34:40.898+0000] {dag.py:3947} INFO - Setting next_dagrun for minio_to_snowflake_pipeline to 2026-03-31 10:20:00+00:00, run_after=2026-03-31 10:30:00+00:00
[2026-03-31T10:34:40.943+0000] {processor.py:183} INFO - Processing /opt/airflow/dags/minio_to_snowflake.py took 4.180 seconds
[2026-03-31T10:35:11.445+0000] {processor.py:161} INFO - Started process (PID=248) to work on /opt/airflow/dags/minio_to_snowflake.py
[2026-03-31T10:35:11.448+0000] {processor.py:830} INFO - Processing file /opt/airflow/dags/minio_to_snowflake.py for tasks to queue
[2026-03-31T10:35:11.459+0000] {logging_mixin.py:188} INFO - [2026-03-31T10:35:11.459+0000] {dagbag.py:545} INFO - Filling up the DagBag from /opt/airflow/dags/minio_to_snowflake.py
[2026-03-31T10:35:16.939+0000] {processor.py:840} INFO - DAG(s) 'minio_to_snowflake_pipeline' retrieved from /opt/airflow/dags/minio_to_snowflake.py
[2026-03-31T10:35:17.084+0000] {logging_mixin.py:188} INFO - [2026-03-31T10:35:17.083+0000] {dag.py:3089} INFO - Sync 1 DAGs
[2026-03-31T10:35:17.198+0000] {logging_mixin.py:188} INFO - [2026-03-31T10:35:17.198+0000] {dag.py:3947} INFO - Setting next_dagrun for minio_to_snowflake_pipeline to 2026-03-31 10:20:00+00:00, run_after=2026-03-31 10:30:00+00:00
[2026-03-31T10:35:17.261+0000] {processor.py:183} INFO - Processing /opt/airflow/dags/minio_to_snowflake.py took 5.832 seconds
[2026-03-31T10:35:49.671+0000] {processor.py:161} INFO - Started process (PID=255) to work on /opt/airflow/dags/minio_to_snowflake.py
[2026-03-31T10:35:49.729+0000] {processor.py:830} INFO - Processing file /opt/airflow/dags/minio_to_snowflake.py for tasks to queue
[2026-03-31T10:35:49.738+0000] {logging_mixin.py:188} INFO - [2026-03-31T10:35:49.737+0000] {dagbag.py:545} INFO - Filling up the DagBag from /opt/airflow/dags/minio_to_snowflake.py
[2026-03-31T10:35:55.068+0000] {processor.py:840} INFO - DAG(s) 'minio_to_snowflake_pipeline' retrieved from /opt/airflow/dags/minio_to_snowflake.py
[2026-03-31T10:35:55.342+0000] {logging_mixin.py:188} INFO - [2026-03-31T10:35:55.335+0000] {dag.py:3089} INFO - Sync 1 DAGs
[2026-03-31T10:35:55.501+0000] {logging_mixin.py:188} INFO - [2026-03-31T10:35:55.501+0000] {dag.py:3947} INFO - Setting next_dagrun for minio_to_snowflake_pipeline to 2026-03-31 10:20:00+00:00, run_after=2026-03-31 10:30:00+00:00
[2026-03-31T10:35:55.703+0000] {processor.py:183} INFO - Processing /opt/airflow/dags/minio_to_snowflake.py took 6.038 seconds
[2026-03-31T10:36:26.325+0000] {processor.py:161} INFO - Started process (PID=262) to work on /opt/airflow/dags/minio_to_snowflake.py
[2026-03-31T10:36:26.326+0000] {processor.py:830} INFO - Processing file /opt/airflow/dags/minio_to_snowflake.py for tasks to queue
[2026-03-31T10:36:26.330+0000] {logging_mixin.py:188} INFO - [2026-03-31T10:36:26.329+0000] {dagbag.py:545} INFO - Filling up the DagBag from /opt/airflow/dags/minio_to_snowflake.py
[2026-03-31T10:36:27.568+0000] {processor.py:840} INFO - DAG(s) 'minio_to_snowflake_pipeline' retrieved from /opt/airflow/dags/minio_to_snowflake.py
[2026-03-31T10:36:27.651+0000] {logging_mixin.py:188} INFO - [2026-03-31T10:36:27.650+0000] {dag.py:3089} INFO - Sync 1 DAGs
[2026-03-31T10:36:27.681+0000] {logging_mixin.py:188} INFO - [2026-03-31T10:36:27.681+0000] {dag.py:3947} INFO - Setting next_dagrun for minio_to_snowflake_pipeline to 2026-03-31 10:20:00+00:00, run_after=2026-03-31 10:30:00+00:00
[2026-03-31T10:36:27.711+0000] {processor.py:183} INFO - Processing /opt/airflow/dags/minio_to_snowflake.py took 1.396 seconds
[2026-03-31T10:36:58.042+0000] {processor.py:161} INFO - Started process (PID=269) to work on /opt/airflow/dags/minio_to_snowflake.py
[2026-03-31T10:36:58.044+0000] {processor.py:830} INFO - Processing file /opt/airflow/dags/minio_to_snowflake.py for tasks to queue
[2026-03-31T10:36:58.048+0000] {logging_mixin.py:188} INFO - [2026-03-31T10:36:58.048+0000] {dagbag.py:545} INFO - Filling up the DagBag from /opt/airflow/dags/minio_to_snowflake.py
[2026-03-31T10:37:00.394+0000] {processor.py:840} INFO - DAG(s) 'minio_to_snowflake_pipeline' retrieved from /opt/airflow/dags/minio_to_snowflake.py
[2026-03-31T10:37:00.528+0000] {logging_mixin.py:188} INFO - [2026-03-31T10:37:00.528+0000] {dag.py:3089} INFO - Sync 1 DAGs
[2026-03-31T10:37:00.591+0000] {logging_mixin.py:188} INFO - [2026-03-31T10:37:00.591+0000] {dag.py:3947} INFO - Setting next_dagrun for minio_to_snowflake_pipeline to 2026-03-31 10:20:00+00:00, run_after=2026-03-31 10:30:00+00:00
[2026-03-31T10:37:00.633+0000] {processor.py:183} INFO - Processing /opt/airflow/dags/minio_to_snowflake.py took 2.607 seconds
[2026-03-31T10:37:31.283+0000] {processor.py:161} INFO - Started process (PID=276) to work on /opt/airflow/dags/minio_to_snowflake.py
[2026-03-31T10:37:31.287+0000] {processor.py:830} INFO - Processing file /opt/airflow/dags/minio_to_snowflake.py for tasks to queue
[2026-03-31T10:37:31.302+0000] {logging_mixin.py:188} INFO - [2026-03-31T10:37:31.301+0000] {dagbag.py:545} INFO - Filling up the DagBag from /opt/airflow/dags/minio_to_snowflake.py
[2026-03-31T10:37:35.458+0000] {processor.py:840} INFO - DAG(s) 'minio_to_snowflake_pipeline' retrieved from /opt/airflow/dags/minio_to_snowflake.py
[2026-03-31T10:37:35.582+0000] {logging_mixin.py:188} INFO - [2026-03-31T10:37:35.580+0000] {dag.py:3089} INFO - Sync 1 DAGs
[2026-03-31T10:37:35.837+0000] {logging_mixin.py:188} INFO - [2026-03-31T10:37:35.836+0000] {dag.py:3947} INFO - Setting next_dagrun for minio_to_snowflake_pipeline to 2026-03-31 10:20:00+00:00, run_after=2026-03-31 10:30:00+00:00
[2026-03-31T10:37:35.935+0000] {processor.py:183} INFO - Processing /opt/airflow/dags/minio_to_snowflake.py took 4.690 seconds
[2026-03-31T10:38:06.376+0000] {processor.py:161} INFO - Started process (PID=283) to work on /opt/airflow/dags/minio_to_snowflake.py
[2026-03-31T10:38:06.378+0000] {processor.py:830} INFO - Processing file /opt/airflow/dags/minio_to_snowflake.py for tasks to queue
[2026-03-31T10:38:06.381+0000] {logging_mixin.py:188} INFO - [2026-03-31T10:38:06.380+0000] {dagbag.py:545} INFO - Filling up the DagBag from /opt/airflow/dags/minio_to_snowflake.py
[2026-03-31T10:38:07.931+0000] {processor.py:840} INFO - DAG(s) 'minio_to_snowflake_pipeline' retrieved from /opt/airflow/dags/minio_to_snowflake.py
[2026-03-31T10:38:08.110+0000] {logging_mixin.py:188} INFO - [2026-03-31T10:38:08.108+0000] {dag.py:3089} INFO - Sync 1 DAGs
[2026-03-31T10:38:08.203+0000] {logging_mixin.py:188} INFO - [2026-03-31T10:38:08.202+0000] {dag.py:3947} INFO - Setting next_dagrun for minio_to_snowflake_pipeline to 2026-03-31 10:20:00+00:00, run_after=2026-03-31 10:30:00+00:00
[2026-03-31T10:38:08.274+0000] {processor.py:183} INFO - Processing /opt/airflow/dags/minio_to_snowflake.py took 1.905 seconds
[2026-03-31T10:38:38.615+0000] {processor.py:161} INFO - Started process (PID=290) to work on /opt/airflow/dags/minio_to_snowflake.py
[2026-03-31T10:38:38.619+0000] {processor.py:830} INFO - Processing file /opt/airflow/dags/minio_to_snowflake.py for tasks to queue
[2026-03-31T10:38:38.626+0000] {logging_mixin.py:188} INFO - [2026-03-31T10:38:38.625+0000] {dagbag.py:545} INFO - Filling up the DagBag from /opt/airflow/dags/minio_to_snowflake.py
[2026-03-31T10:38:40.121+0000] {processor.py:840} INFO - DAG(s) 'minio_to_snowflake_pipeline' retrieved from /opt/airflow/dags/minio_to_snowflake.py
[2026-03-31T10:38:40.163+0000] {logging_mixin.py:188} INFO - [2026-03-31T10:38:40.163+0000] {dag.py:3089} INFO - Sync 1 DAGs
[2026-03-31T10:38:40.188+0000] {logging_mixin.py:188} INFO - [2026-03-31T10:38:40.187+0000] {dag.py:3947} INFO - Setting next_dagrun for minio_to_snowflake_pipeline to 2026-03-31 10:20:00+00:00, run_after=2026-03-31 10:30:00+00:00
[2026-03-31T10:38:40.209+0000] {processor.py:183} INFO - Processing /opt/airflow/dags/minio_to_snowflake.py took 1.605 seconds
[2026-03-31T10:39:10.866+0000] {processor.py:161} INFO - Started process (PID=297) to work on /opt/airflow/dags/minio_to_snowflake.py
[2026-03-31T10:39:10.867+0000] {processor.py:830} INFO - Processing file /opt/airflow/dags/minio_to_snowflake.py for tasks to queue
[2026-03-31T10:39:10.870+0000] {logging_mixin.py:188} INFO - [2026-03-31T10:39:10.869+0000] {dagbag.py:545} INFO - Filling up the DagBag from /opt/airflow/dags/minio_to_snowflake.py
[2026-03-31T10:39:12.063+0000] {processor.py:840} INFO - DAG(s) 'minio_to_snowflake_pipeline' retrieved from /opt/airflow/dags/minio_to_snowflake.py
[2026-03-31T10:39:12.094+0000] {logging_mixin.py:188} INFO - [2026-03-31T10:39:12.093+0000] {dag.py:3089} INFO - Sync 1 DAGs
[2026-03-31T10:39:12.115+0000] {logging_mixin.py:188} INFO - [2026-03-31T10:39:12.115+0000] {dag.py:3947} INFO - Setting next_dagrun for minio_to_snowflake_pipeline to 2026-03-31 10:20:00+00:00, run_after=2026-03-31 10:30:00+00:00
[2026-03-31T10:39:12.226+0000] {processor.py:183} INFO - Processing /opt/airflow/dags/minio_to_snowflake.py took 1.368 seconds
[2026-03-31T10:39:42.650+0000] {processor.py:161} INFO - Started process (PID=304) to work on /opt/airflow/dags/minio_to_snowflake.py
[2026-03-31T10:39:42.652+0000] {processor.py:830} INFO - Processing file /opt/airflow/dags/minio_to_snowflake.py for tasks to queue
[2026-03-31T10:39:42.655+0000] {logging_mixin.py:188} INFO - [2026-03-31T10:39:42.654+0000] {dagbag.py:545} INFO - Filling up the DagBag from /opt/airflow/dags/minio_to_snowflake.py
[2026-03-31T10:39:43.793+0000] {processor.py:840} INFO - DAG(s) 'minio_to_snowflake_pipeline' retrieved from /opt/airflow/dags/minio_to_snowflake.py
[2026-03-31T10:39:43.823+0000] {logging_mixin.py:188} INFO - [2026-03-31T10:39:43.822+0000] {dag.py:3089} INFO - Sync 1 DAGs
[2026-03-31T10:39:43.847+0000] {logging_mixin.py:188} INFO - [2026-03-31T10:39:43.847+0000] {dag.py:3947} INFO - Setting next_dagrun for minio_to_snowflake_pipeline to 2026-03-31 10:20:00+00:00, run_after=2026-03-31 10:30:00+00:00
[2026-03-31T10:39:43.876+0000] {processor.py:183} INFO - Processing /opt/airflow/dags/minio_to_snowflake.py took 1.235 seconds
[2026-03-31T10:40:14.116+0000] {processor.py:161} INFO - Started process (PID=311) to work on /opt/airflow/dags/minio_to_snowflake.py
[2026-03-31T10:40:14.117+0000] {processor.py:830} INFO - Processing file /opt/airflow/dags/minio_to_snowflake.py for tasks to queue
[2026-03-31T10:40:14.120+0000] {logging_mixin.py:188} INFO - [2026-03-31T10:40:14.120+0000] {dagbag.py:545} INFO - Filling up the DagBag from /opt/airflow/dags/minio_to_snowflake.py
[2026-03-31T10:40:15.126+0000] {processor.py:840} INFO - DAG(s) 'minio_to_snowflake_pipeline' retrieved from /opt/airflow/dags/minio_to_snowflake.py
[2026-03-31T10:40:15.157+0000] {logging_mixin.py:188} INFO - [2026-03-31T10:40:15.156+0000] {dag.py:3089} INFO - Sync 1 DAGs
[2026-03-31T10:40:15.195+0000] {logging_mixin.py:188} INFO - [2026-03-31T10:40:15.195+0000] {dag.py:3947} INFO - Setting next_dagrun for minio_to_snowflake_pipeline to 2026-03-31 10:30:00+00:00, run_after=2026-03-31 10:40:00+00:00
[2026-03-31T10:40:15.223+0000] {processor.py:183} INFO - Processing /opt/airflow/dags/minio_to_snowflake.py took 1.115 seconds
[2026-03-31T10:40:45.333+0000] {processor.py:161} INFO - Started process (PID=318) to work on /opt/airflow/dags/minio_to_snowflake.py
[2026-03-31T10:40:45.335+0000] {processor.py:830} INFO - Processing file /opt/airflow/dags/minio_to_snowflake.py for tasks to queue
[2026-03-31T10:40:45.338+0000] {logging_mixin.py:188} INFO - [2026-03-31T10:40:45.337+0000] {dagbag.py:545} INFO - Filling up the DagBag from /opt/airflow/dags/minio_to_snowflake.py
[2026-03-31T10:40:48.089+0000] {processor.py:840} INFO - DAG(s) 'minio_to_snowflake_pipeline' retrieved from /opt/airflow/dags/minio_to_snowflake.py
[2026-03-31T10:40:48.488+0000] {logging_mixin.py:188} INFO - [2026-03-31T10:40:48.482+0000] {dag.py:3089} INFO - Sync 1 DAGs
[2026-03-31T10:40:48.577+0000] {logging_mixin.py:188} INFO - [2026-03-31T10:40:48.577+0000] {dag.py:3947} INFO - Setting next_dagrun for minio_to_snowflake_pipeline to 2026-03-31 10:30:00+00:00, run_after=2026-03-31 10:40:00+00:00
[2026-03-31T10:40:48.643+0000] {processor.py:183} INFO - Processing /opt/airflow/dags/minio_to_snowflake.py took 3.317 seconds
[2026-03-31T10:41:18.807+0000] {processor.py:161} INFO - Started process (PID=325) to work on /opt/airflow/dags/minio_to_snowflake.py
[2026-03-31T10:41:18.809+0000] {processor.py:830} INFO - Processing file /opt/airflow/dags/minio_to_snowflake.py for tasks to queue
[2026-03-31T10:41:18.813+0000] {logging_mixin.py:188} INFO - [2026-03-31T10:41:18.812+0000] {dagbag.py:545} INFO - Filling up the DagBag from /opt/airflow/dags/minio_to_snowflake.py
[2026-03-31T10:41:20.776+0000] {processor.py:840} INFO - DAG(s) 'minio_to_snowflake_pipeline' retrieved from /opt/airflow/dags/minio_to_snowflake.py
[2026-03-31T10:41:20.809+0000] {logging_mixin.py:188} INFO - [2026-03-31T10:41:20.809+0000] {dag.py:3089} INFO - Sync 1 DAGs
[2026-03-31T10:41:20.832+0000] {logging_mixin.py:188} INFO - [2026-03-31T10:41:20.832+0000] {dag.py:3947} INFO - Setting next_dagrun for minio_to_snowflake_pipeline to 2026-03-31 10:30:00+00:00, run_after=2026-03-31 10:40:00+00:00
[2026-03-31T10:41:20.856+0000] {processor.py:183} INFO - Processing /opt/airflow/dags/minio_to_snowflake.py took 2.057 seconds
[2026-03-31T10:41:51.148+0000] {processor.py:161} INFO - Started process (PID=332) to work on /opt/airflow/dags/minio_to_snowflake.py
[2026-03-31T10:41:51.150+0000] {processor.py:830} INFO - Processing file /opt/airflow/dags/minio_to_snowflake.py for tasks to queue
[2026-03-31T10:41:51.154+0000] {logging_mixin.py:188} INFO - [2026-03-31T10:41:51.154+0000] {dagbag.py:545} INFO - Filling up the DagBag from /opt/airflow/dags/minio_to_snowflake.py
[2026-03-31T10:41:52.979+0000] {processor.py:840} INFO - DAG(s) 'minio_to_snowflake_pipeline' retrieved from /opt/airflow/dags/minio_to_snowflake.py
[2026-03-31T10:41:53.023+0000] {logging_mixin.py:188} INFO - [2026-03-31T10:41:53.022+0000] {dag.py:3089} INFO - Sync 1 DAGs
[2026-03-31T10:41:53.088+0000] {logging_mixin.py:188} INFO - [2026-03-31T10:41:53.087+0000] {dag.py:3947} INFO - Setting next_dagrun for minio_to_snowflake_pipeline to 2026-03-31 10:30:00+00:00, run_after=2026-03-31 10:40:00+00:00
[2026-03-31T10:41:53.142+0000] {processor.py:183} INFO - Processing /opt/airflow/dags/minio_to_snowflake.py took 2.004 seconds
[2026-03-31T10:42:23.693+0000] {processor.py:161} INFO - Started process (PID=339) to work on /opt/airflow/dags/minio_to_snowflake.py
[2026-03-31T10:42:23.695+0000] {processor.py:830} INFO - Processing file /opt/airflow/dags/minio_to_snowflake.py for tasks to queue
[2026-03-31T10:42:23.698+0000] {logging_mixin.py:188} INFO - [2026-03-31T10:42:23.697+0000] {dagbag.py:545} INFO - Filling up the DagBag from /opt/airflow/dags/minio_to_snowflake.py
[2026-03-31T10:42:24.839+0000] {processor.py:840} INFO - DAG(s) 'minio_to_snowflake_pipeline' retrieved from /opt/airflow/dags/minio_to_snowflake.py
[2026-03-31T10:42:24.868+0000] {logging_mixin.py:188} INFO - [2026-03-31T10:42:24.868+0000] {dag.py:3089} INFO - Sync 1 DAGs
[2026-03-31T10:42:24.902+0000] {logging_mixin.py:188} INFO - [2026-03-31T10:42:24.902+0000] {dag.py:3947} INFO - Setting next_dagrun for minio_to_snowflake_pipeline to 2026-03-31 10:30:00+00:00, run_after=2026-03-31 10:40:00+00:00
[2026-03-31T10:42:24.927+0000] {processor.py:183} INFO - Processing /opt/airflow/dags/minio_to_snowflake.py took 1.241 seconds
[2026-03-31T10:42:55.260+0000] {processor.py:161} INFO - Started process (PID=346) to work on /opt/airflow/dags/minio_to_snowflake.py
[2026-03-31T10:42:55.261+0000] {processor.py:830} INFO - Processing file /opt/airflow/dags/minio_to_snowflake.py for tasks to queue
[2026-03-31T10:42:55.265+0000] {logging_mixin.py:188} INFO - [2026-03-31T10:42:55.264+0000] {dagbag.py:545} INFO - Filling up the DagBag from /opt/airflow/dags/minio_to_snowflake.py
[2026-03-31T10:42:56.428+0000] {processor.py:840} INFO - DAG(s) 'minio_to_snowflake_pipeline' retrieved from /opt/airflow/dags/minio_to_snowflake.py
[2026-03-31T10:42:56.468+0000] {logging_mixin.py:188} INFO - [2026-03-31T10:42:56.468+0000] {dag.py:3089} INFO - Sync 1 DAGs
[2026-03-31T10:42:56.493+0000] {logging_mixin.py:188} INFO - [2026-03-31T10:42:56.492+0000] {dag.py:3947} INFO - Setting next_dagrun for minio_to_snowflake_pipeline to 2026-03-31 10:30:00+00:00, run_after=2026-03-31 10:40:00+00:00
[2026-03-31T10:42:56.515+0000] {processor.py:183} INFO - Processing /opt/airflow/dags/minio_to_snowflake.py took 1.263 seconds
[2026-03-31T10:43:26.822+0000] {processor.py:161} INFO - Started process (PID=353) to work on /opt/airflow/dags/minio_to_snowflake.py
[2026-03-31T10:43:26.823+0000] {processor.py:830} INFO - Processing file /opt/airflow/dags/minio_to_snowflake.py for tasks to queue
[2026-03-31T10:43:26.827+0000] {logging_mixin.py:188} INFO - [2026-03-31T10:43:26.826+0000] {dagbag.py:545} INFO - Filling up the DagBag from /opt/airflow/dags/minio_to_snowflake.py
[2026-03-31T10:43:28.862+0000] {processor.py:840} INFO - DAG(s) 'minio_to_snowflake_pipeline' retrieved from /opt/airflow/dags/minio_to_snowflake.py
[2026-03-31T10:43:28.972+0000] {logging_mixin.py:188} INFO - [2026-03-31T10:43:28.971+0000] {dag.py:3089} INFO - Sync 1 DAGs
[2026-03-31T10:43:29.022+0000] {logging_mixin.py:188} INFO - [2026-03-31T10:43:29.022+0000] {dag.py:3947} INFO - Setting next_dagrun for minio_to_snowflake_pipeline to 2026-03-31 10:30:00+00:00, run_after=2026-03-31 10:40:00+00:00
[2026-03-31T10:43:29.056+0000] {processor.py:183} INFO - Processing /opt/airflow/dags/minio_to_snowflake.py took 2.248 seconds
[2026-03-31T10:43:59.513+0000] {processor.py:161} INFO - Started process (PID=360) to work on /opt/airflow/dags/minio_to_snowflake.py
[2026-03-31T10:43:59.515+0000] {processor.py:830} INFO - Processing file /opt/airflow/dags/minio_to_snowflake.py for tasks to queue
[2026-03-31T10:43:59.519+0000] {logging_mixin.py:188} INFO - [2026-03-31T10:43:59.518+0000] {dagbag.py:545} INFO - Filling up the DagBag from /opt/airflow/dags/minio_to_snowflake.py
[2026-03-31T10:44:00.893+0000] {processor.py:840} INFO - DAG(s) 'minio_to_snowflake_pipeline' retrieved from /opt/airflow/dags/minio_to_snowflake.py
[2026-03-31T10:44:00.933+0000] {logging_mixin.py:188} INFO - [2026-03-31T10:44:00.933+0000] {dag.py:3089} INFO - Sync 1 DAGs
[2026-03-31T10:44:00.971+0000] {logging_mixin.py:188} INFO - [2026-03-31T10:44:00.971+0000] {dag.py:3947} INFO - Setting next_dagrun for minio_to_snowflake_pipeline to 2026-03-31 10:30:00+00:00, run_after=2026-03-31 10:40:00+00:00
[2026-03-31T10:44:01.007+0000] {processor.py:183} INFO - Processing /opt/airflow/dags/minio_to_snowflake.py took 1.510 seconds
[2026-03-31T10:44:31.146+0000] {processor.py:161} INFO - Started process (PID=367) to work on /opt/airflow/dags/minio_to_snowflake.py
[2026-03-31T10:44:31.148+0000] {processor.py:830} INFO - Processing file /opt/airflow/dags/minio_to_snowflake.py for tasks to queue
[2026-03-31T10:44:31.152+0000] {logging_mixin.py:188} INFO - [2026-03-31T10:44:31.151+0000] {dagbag.py:545} INFO - Filling up the DagBag from /opt/airflow/dags/minio_to_snowflake.py
[2026-03-31T10:44:33.289+0000] {processor.py:840} INFO - DAG(s) 'minio_to_snowflake_pipeline' retrieved from /opt/airflow/dags/minio_to_snowflake.py
[2026-03-31T10:44:33.434+0000] {logging_mixin.py:188} INFO - [2026-03-31T10:44:33.432+0000] {dag.py:3089} INFO - Sync 1 DAGs
[2026-03-31T10:44:33.607+0000] {logging_mixin.py:188} INFO - [2026-03-31T10:44:33.606+0000] {dag.py:3947} INFO - Setting next_dagrun for minio_to_snowflake_pipeline to 2026-03-31 10:30:00+00:00, run_after=2026-03-31 10:40:00+00:00
[2026-03-31T10:44:33.701+0000] {processor.py:183} INFO - Processing /opt/airflow/dags/minio_to_snowflake.py took 2.566 seconds
[2026-03-31T10:45:04.315+0000] {processor.py:161} INFO - Started process (PID=374) to work on /opt/airflow/dags/minio_to_snowflake.py
[2026-03-31T10:45:04.318+0000] {processor.py:830} INFO - Processing file /opt/airflow/dags/minio_to_snowflake.py for tasks to queue
[2026-03-31T10:45:04.322+0000] {logging_mixin.py:188} INFO - [2026-03-31T10:45:04.321+0000] {dagbag.py:545} INFO - Filling up the DagBag from /opt/airflow/dags/minio_to_snowflake.py
[2026-03-31T10:45:06.871+0000] {processor.py:840} INFO - DAG(s) 'minio_to_snowflake_pipeline' retrieved from /opt/airflow/dags/minio_to_snowflake.py
[2026-03-31T10:45:06.916+0000] {logging_mixin.py:188} INFO - [2026-03-31T10:45:06.915+0000] {dag.py:3089} INFO - Sync 1 DAGs
[2026-03-31T10:45:06.959+0000] {logging_mixin.py:188} INFO - [2026-03-31T10:45:06.958+0000] {dag.py:3947} INFO - Setting next_dagrun for minio_to_snowflake_pipeline to 2026-03-31 10:30:00+00:00, run_after=2026-03-31 10:40:00+00:00
[2026-03-31T10:45:06.988+0000] {processor.py:183} INFO - Processing /opt/airflow/dags/minio_to_snowflake.py took 2.697 seconds
[2026-03-31T10:45:37.711+0000] {processor.py:161} INFO - Started process (PID=381) to work on /opt/airflow/dags/minio_to_snowflake.py
[2026-03-31T10:45:37.714+0000] {processor.py:830} INFO - Processing file /opt/airflow/dags/minio_to_snowflake.py for tasks to queue
[2026-03-31T10:45:37.718+0000] {logging_mixin.py:188} INFO - [2026-03-31T10:45:37.717+0000] {dagbag.py:545} INFO - Filling up the DagBag from /opt/airflow/dags/minio_to_snowflake.py
[2026-03-31T10:45:40.489+0000] {processor.py:840} INFO - DAG(s) 'minio_to_snowflake_pipeline' retrieved from /opt/airflow/dags/minio_to_snowflake.py
[2026-03-31T10:45:41.539+0000] {logging_mixin.py:188} INFO - [2026-03-31T10:45:41.537+0000] {dag.py:3089} INFO - Sync 1 DAGs
[2026-03-31T10:45:41.896+0000] {logging_mixin.py:188} INFO - [2026-03-31T10:45:41.896+0000] {dag.py:3947} INFO - Setting next_dagrun for minio_to_snowflake_pipeline to 2026-03-31 10:30:00+00:00, run_after=2026-03-31 10:40:00+00:00
[2026-03-31T10:45:43.027+0000] {processor.py:183} INFO - Processing /opt/airflow/dags/minio_to_snowflake.py took 5.330 seconds
[2026-03-31T10:46:13.690+0000] {processor.py:161} INFO - Started process (PID=388) to work on /opt/airflow/dags/minio_to_snowflake.py
[2026-03-31T10:46:13.692+0000] {processor.py:830} INFO - Processing file /opt/airflow/dags/minio_to_snowflake.py for tasks to queue
[2026-03-31T10:46:13.694+0000] {logging_mixin.py:188} INFO - [2026-03-31T10:46:13.694+0000] {dagbag.py:545} INFO - Filling up the DagBag from /opt/airflow/dags/minio_to_snowflake.py
[2026-03-31T10:46:16.681+0000] {processor.py:840} INFO - DAG(s) 'minio_to_snowflake_pipeline' retrieved from /opt/airflow/dags/minio_to_snowflake.py
[2026-03-31T10:46:16.820+0000] {logging_mixin.py:188} INFO - [2026-03-31T10:46:16.818+0000] {dag.py:3089} INFO - Sync 1 DAGs
[2026-03-31T10:46:16.876+0000] {logging_mixin.py:188} INFO - [2026-03-31T10:46:16.876+0000] {dag.py:3947} INFO - Setting next_dagrun for minio_to_snowflake_pipeline to 2026-03-31 10:30:00+00:00, run_after=2026-03-31 10:40:00+00:00
[2026-03-31T10:46:16.905+0000] {processor.py:183} INFO - Processing /opt/airflow/dags/minio_to_snowflake.py took 3.238 seconds
[2026-03-31T10:46:47.752+0000] {processor.py:161} INFO - Started process (PID=395) to work on /opt/airflow/dags/minio_to_snowflake.py
[2026-03-31T10:46:47.754+0000] {processor.py:830} INFO - Processing file /opt/airflow/dags/minio_to_snowflake.py for tasks to queue
[2026-03-31T10:46:47.777+0000] {logging_mixin.py:188} INFO - [2026-03-31T10:46:47.776+0000] {dagbag.py:545} INFO - Filling up the DagBag from /opt/airflow/dags/minio_to_snowflake.py
[2026-03-31T10:46:52.833+0000] {processor.py:840} INFO - DAG(s) 'minio_to_snowflake_pipeline' retrieved from /opt/airflow/dags/minio_to_snowflake.py
[2026-03-31T10:46:52.893+0000] {logging_mixin.py:188} INFO - [2026-03-31T10:46:52.891+0000] {dag.py:3089} INFO - Sync 1 DAGs
[2026-03-31T10:46:52.977+0000] {logging_mixin.py:188} INFO - [2026-03-31T10:46:52.976+0000] {dag.py:3947} INFO - Setting next_dagrun for minio_to_snowflake_pipeline to 2026-03-31 10:30:00+00:00, run_after=2026-03-31 10:40:00+00:00
[2026-03-31T10:46:53.077+0000] {processor.py:183} INFO - Processing /opt/airflow/dags/minio_to_snowflake.py took 5.366 seconds
[2026-03-31T10:47:24.881+0000] {processor.py:161} INFO - Started process (PID=402) to work on /opt/airflow/dags/minio_to_snowflake.py
[2026-03-31T10:47:24.904+0000] {processor.py:830} INFO - Processing file /opt/airflow/dags/minio_to_snowflake.py for tasks to queue
[2026-03-31T10:47:24.914+0000] {logging_mixin.py:188} INFO - [2026-03-31T10:47:24.913+0000] {dagbag.py:545} INFO - Filling up the DagBag from /opt/airflow/dags/minio_to_snowflake.py
[2026-03-31T10:47:34.069+0000] {processor.py:840} INFO - DAG(s) 'minio_to_snowflake_pipeline' retrieved from /opt/airflow/dags/minio_to_snowflake.py
[2026-03-31T10:47:34.315+0000] {logging_mixin.py:188} INFO - [2026-03-31T10:47:34.314+0000] {dag.py:3089} INFO - Sync 1 DAGs
[2026-03-31T10:47:34.518+0000] {logging_mixin.py:188} INFO - [2026-03-31T10:47:34.518+0000] {dag.py:3947} INFO - Setting next_dagrun for minio_to_snowflake_pipeline to 2026-03-31 10:30:00+00:00, run_after=2026-03-31 10:40:00+00:00
[2026-03-31T10:47:34.643+0000] {processor.py:183} INFO - Processing /opt/airflow/dags/minio_to_snowflake.py took 9.760 seconds
[2026-03-31T10:48:05.931+0000] {processor.py:161} INFO - Started process (PID=409) to work on /opt/airflow/dags/minio_to_snowflake.py
[2026-03-31T10:48:05.972+0000] {processor.py:830} INFO - Processing file /opt/airflow/dags/minio_to_snowflake.py for tasks to queue
[2026-03-31T10:48:05.995+0000] {logging_mixin.py:188} INFO - [2026-03-31T10:48:05.994+0000] {dagbag.py:545} INFO - Filling up the DagBag from /opt/airflow/dags/minio_to_snowflake.py
[2026-03-31T10:48:12.708+0000] {processor.py:840} INFO - DAG(s) 'minio_to_snowflake_pipeline' retrieved from /opt/airflow/dags/minio_to_snowflake.py
[2026-03-31T10:48:12.852+0000] {logging_mixin.py:188} INFO - [2026-03-31T10:48:12.841+0000] {dag.py:3089} INFO - Sync 1 DAGs
[2026-03-31T10:48:12.981+0000] {logging_mixin.py:188} INFO - [2026-03-31T10:48:12.981+0000] {dag.py:3947} INFO - Setting next_dagrun for minio_to_snowflake_pipeline to 2026-03-31 10:30:00+00:00, run_after=2026-03-31 10:40:00+00:00
[2026-03-31T10:48:13.068+0000] {processor.py:183} INFO - Processing /opt/airflow/dags/minio_to_snowflake.py took 7.171 seconds
[2026-03-31T10:48:43.837+0000] {processor.py:161} INFO - Started process (PID=416) to work on /opt/airflow/dags/minio_to_snowflake.py
[2026-03-31T10:48:43.840+0000] {processor.py:830} INFO - Processing file /opt/airflow/dags/minio_to_snowflake.py for tasks to queue
[2026-03-31T10:48:43.854+0000] {logging_mixin.py:188} INFO - [2026-03-31T10:48:43.853+0000] {dagbag.py:545} INFO - Filling up the DagBag from /opt/airflow/dags/minio_to_snowflake.py
[2026-03-31T10:48:51.510+0000] {processor.py:840} INFO - DAG(s) 'minio_to_snowflake_pipeline' retrieved from /opt/airflow/dags/minio_to_snowflake.py
[2026-03-31T10:48:51.969+0000] {logging_mixin.py:188} INFO - [2026-03-31T10:48:51.959+0000] {dag.py:3089} INFO - Sync 1 DAGs
[2026-03-31T10:48:52.939+0000] {logging_mixin.py:188} INFO - [2026-03-31T10:48:52.936+0000] {dag.py:3947} INFO - Setting next_dagrun for minio_to_snowflake_pipeline to 2026-03-31 10:30:00+00:00, run_after=2026-03-31 10:40:00+00:00
[2026-03-31T10:48:53.226+0000] {processor.py:183} INFO - Processing /opt/airflow/dags/minio_to_snowflake.py took 9.422 seconds
[2026-03-31T10:49:25.065+0000] {processor.py:161} INFO - Started process (PID=423) to work on /opt/airflow/dags/minio_to_snowflake.py
[2026-03-31T10:49:25.072+0000] {processor.py:830} INFO - Processing file /opt/airflow/dags/minio_to_snowflake.py for tasks to queue
[2026-03-31T10:49:25.079+0000] {logging_mixin.py:188} INFO - [2026-03-31T10:49:25.079+0000] {dagbag.py:545} INFO - Filling up the DagBag from /opt/airflow/dags/minio_to_snowflake.py
[2026-03-31T10:49:31.402+0000] {processor.py:840} INFO - DAG(s) 'minio_to_snowflake_pipeline' retrieved from /opt/airflow/dags/minio_to_snowflake.py
[2026-03-31T10:49:31.512+0000] {logging_mixin.py:188} INFO - [2026-03-31T10:49:31.510+0000] {dag.py:3089} INFO - Sync 1 DAGs
[2026-03-31T10:49:31.632+0000] {logging_mixin.py:188} INFO - [2026-03-31T10:49:31.631+0000] {dag.py:3947} INFO - Setting next_dagrun for minio_to_snowflake_pipeline to 2026-03-31 10:30:00+00:00, run_after=2026-03-31 10:40:00+00:00
[2026-03-31T10:49:31.713+0000] {processor.py:183} INFO - Processing /opt/airflow/dags/minio_to_snowflake.py took 6.678 seconds
[2026-03-31T10:50:03.920+0000] {processor.py:161} INFO - Started process (PID=430) to work on /opt/airflow/dags/minio_to_snowflake.py
[2026-03-31T10:50:03.966+0000] {processor.py:830} INFO - Processing file /opt/airflow/dags/minio_to_snowflake.py for tasks to queue
[2026-03-31T10:50:04.029+0000] {logging_mixin.py:188} INFO - [2026-03-31T10:50:04.028+0000] {dagbag.py:545} INFO - Filling up the DagBag from /opt/airflow/dags/minio_to_snowflake.py
[2026-03-31T10:50:13.816+0000] {processor.py:840} INFO - DAG(s) 'minio_to_snowflake_pipeline' retrieved from /opt/airflow/dags/minio_to_snowflake.py
[2026-03-31T10:50:14.570+0000] {logging_mixin.py:188} INFO - [2026-03-31T10:50:14.569+0000] {dag.py:3089} INFO - Sync 1 DAGs
[2026-03-31T10:50:14.681+0000] {logging_mixin.py:188} INFO - [2026-03-31T10:50:14.681+0000] {dag.py:3947} INFO - Setting next_dagrun for minio_to_snowflake_pipeline to 2026-03-31 10:40:00+00:00, run_after=2026-03-31 10:50:00+00:00
[2026-03-31T10:50:14.784+0000] {processor.py:183} INFO - Processing /opt/airflow/dags/minio_to_snowflake.py took 10.899 seconds
[2026-03-31T10:50:46.229+0000] {processor.py:161} INFO - Started process (PID=437) to work on /opt/airflow/dags/minio_to_snowflake.py
[2026-03-31T10:50:46.236+0000] {processor.py:830} INFO - Processing file /opt/airflow/dags/minio_to_snowflake.py for tasks to queue
[2026-03-31T10:50:46.245+0000] {logging_mixin.py:188} INFO - [2026-03-31T10:50:46.244+0000] {dagbag.py:545} INFO - Filling up the DagBag from /opt/airflow/dags/minio_to_snowflake.py
[2026-03-31T10:51:00.039+0000] {processor.py:840} INFO - DAG(s) 'minio_to_snowflake_pipeline' retrieved from /opt/airflow/dags/minio_to_snowflake.py
[2026-03-31T10:51:02.314+0000] {logging_mixin.py:188} INFO - [2026-03-31T10:51:02.301+0000] {dag.py:3089} INFO - Sync 1 DAGs
[2026-03-31T10:51:03.138+0000] {logging_mixin.py:188} INFO - [2026-03-31T10:51:03.129+0000] {dag.py:3947} INFO - Setting next_dagrun for minio_to_snowflake_pipeline to 2026-03-31 10:40:00+00:00, run_after=2026-03-31 10:50:00+00:00
[2026-03-31T10:51:03.328+0000] {processor.py:183} INFO - Processing /opt/airflow/dags/minio_to_snowflake.py took 17.138 seconds
[2026-03-31T10:51:35.949+0000] {processor.py:161} INFO - Started process (PID=444) to work on /opt/airflow/dags/minio_to_snowflake.py
[2026-03-31T10:51:36.139+0000] {processor.py:830} INFO - Processing file /opt/airflow/dags/minio_to_snowflake.py for tasks to queue
[2026-03-31T10:51:36.255+0000] {logging_mixin.py:188} INFO - [2026-03-31T10:51:36.237+0000] {dagbag.py:545} INFO - Filling up the DagBag from /opt/airflow/dags/minio_to_snowflake.py
[2026-03-31T10:52:07.657+0000] {logging_mixin.py:188} INFO - [2026-03-31T10:52:07.574+0000] {timeout.py:68} ERROR - Process timed out, PID: 444
[2026-03-31T10:52:39.496+0000] {processor.py:161} INFO - Started process (PID=450) to work on /opt/airflow/dags/minio_to_snowflake.py
[2026-03-31T10:52:39.509+0000] {processor.py:830} INFO - Processing file /opt/airflow/dags/minio_to_snowflake.py for tasks to queue
[2026-03-31T10:52:39.513+0000] {logging_mixin.py:188} INFO - [2026-03-31T10:52:39.512+0000] {dagbag.py:545} INFO - Filling up the DagBag from /opt/airflow/dags/minio_to_snowflake.py
[2026-03-31T10:53:01.469+0000] {processor.py:840} INFO - DAG(s) 'minio_to_snowflake_pipeline' retrieved from /opt/airflow/dags/minio_to_snowflake.py
[2026-03-31T10:53:04.138+0000] {logging_mixin.py:188} INFO - [2026-03-31T10:53:04.130+0000] {dag.py:3089} INFO - Sync 1 DAGs
[2026-03-31T10:53:04.318+0000] {logging_mixin.py:188} INFO - [2026-03-31T10:53:04.318+0000] {dag.py:3947} INFO - Setting next_dagrun for minio_to_snowflake_pipeline to 2026-03-31 10:40:00+00:00, run_after=2026-03-31 10:50:00+00:00
[2026-03-31T10:53:04.574+0000] {processor.py:183} INFO - Processing /opt/airflow/dags/minio_to_snowflake.py took 25.109 seconds
[2026-03-31T10:53:35.667+0000] {processor.py:161} INFO - Started process (PID=457) to work on /opt/airflow/dags/minio_to_snowflake.py
[2026-03-31T10:53:35.672+0000] {processor.py:830} INFO - Processing file /opt/airflow/dags/minio_to_snowflake.py for tasks to queue
[2026-03-31T10:53:35.682+0000] {logging_mixin.py:188} INFO - [2026-03-31T10:53:35.677+0000] {dagbag.py:545} INFO - Filling up the DagBag from /opt/airflow/dags/minio_to_snowflake.py
[2026-03-31T10:53:43.610+0000] {processor.py:840} INFO - DAG(s) 'minio_to_snowflake_pipeline' retrieved from /opt/airflow/dags/minio_to_snowflake.py
[2026-03-31T10:53:43.877+0000] {logging_mixin.py:188} INFO - [2026-03-31T10:53:43.874+0000] {dag.py:3089} INFO - Sync 1 DAGs
[2026-03-31T10:53:44.132+0000] {logging_mixin.py:188} INFO - [2026-03-31T10:53:44.131+0000] {dag.py:3947} INFO - Setting next_dagrun for minio_to_snowflake_pipeline to 2026-03-31 10:40:00+00:00, run_after=2026-03-31 10:50:00+00:00
[2026-03-31T10:53:44.331+0000] {processor.py:183} INFO - Processing /opt/airflow/dags/minio_to_snowflake.py took 8.753 seconds
[2026-03-31T11:04:24.096+0000] {processor.py:161} INFO - Started process (PID=178) to work on /opt/airflow/dags/minio_to_snowflake.py
[2026-03-31T11:04:24.103+0000] {processor.py:830} INFO - Processing file /opt/airflow/dags/minio_to_snowflake.py for tasks to queue
[2026-03-31T11:04:24.122+0000] {logging_mixin.py:188} INFO - [2026-03-31T11:04:24.119+0000] {dagbag.py:545} INFO - Filling up the DagBag from /opt/airflow/dags/minio_to_snowflake.py
[2026-03-31T11:04:49.609+0000] {processor.py:840} INFO - DAG(s) 'minio_to_snowflake_pipeline' retrieved from /opt/airflow/dags/minio_to_snowflake.py
[2026-03-31T11:04:51.911+0000] {logging_mixin.py:188} INFO - [2026-03-31T11:04:51.908+0000] {override.py:1858} INFO - Created Permission View: can delete on DAG:minio_to_snowflake_pipeline
[2026-03-31T11:04:51.957+0000] {logging_mixin.py:188} INFO - [2026-03-31T11:04:51.956+0000] {override.py:1858} INFO - Created Permission View: can edit on DAG:minio_to_snowflake_pipeline
[2026-03-31T11:04:52.018+0000] {logging_mixin.py:188} INFO - [2026-03-31T11:04:52.017+0000] {override.py:1858} INFO - Created Permission View: can read on DAG:minio_to_snowflake_pipeline
[2026-03-31T11:04:52.022+0000] {logging_mixin.py:188} INFO - [2026-03-31T11:04:52.021+0000] {dag.py:3089} INFO - Sync 1 DAGs
[2026-03-31T11:04:52.089+0000] {logging_mixin.py:188} INFO - [2026-03-31T11:04:52.088+0000] {dag.py:3111} INFO - Creating ORM DAG for minio_to_snowflake_pipeline
[2026-03-31T11:04:52.177+0000] {logging_mixin.py:188} INFO - [2026-03-31T11:04:52.176+0000] {dag.py:3947} INFO - Setting next_dagrun for minio_to_snowflake_pipeline to 2026-03-31 10:50:00+00:00, run_after=2026-03-31 11:00:00+00:00
[2026-03-31T11:04:52.277+0000] {processor.py:183} INFO - Processing /opt/airflow/dags/minio_to_snowflake.py took 28.227 seconds
[2026-03-31T11:05:25.135+0000] {processor.py:161} INFO - Started process (PID=185) to work on /opt/airflow/dags/minio_to_snowflake.py
[2026-03-31T11:05:25.138+0000] {processor.py:830} INFO - Processing file /opt/airflow/dags/minio_to_snowflake.py for tasks to queue
[2026-03-31T11:05:25.142+0000] {logging_mixin.py:188} INFO - [2026-03-31T11:05:25.141+0000] {dagbag.py:545} INFO - Filling up the DagBag from /opt/airflow/dags/minio_to_snowflake.py
[2026-03-31T11:05:35.521+0000] {processor.py:840} INFO - DAG(s) 'minio_to_snowflake_pipeline' retrieved from /opt/airflow/dags/minio_to_snowflake.py
[2026-03-31T11:05:35.751+0000] {logging_mixin.py:188} INFO - [2026-03-31T11:05:35.750+0000] {dag.py:3089} INFO - Sync 1 DAGs
[2026-03-31T11:05:35.944+0000] {logging_mixin.py:188} INFO - [2026-03-31T11:05:35.943+0000] {dag.py:3947} INFO - Setting next_dagrun for minio_to_snowflake_pipeline to 2026-03-31 10:50:00+00:00, run_after=2026-03-31 11:00:00+00:00
[2026-03-31T11:05:36.091+0000] {processor.py:183} INFO - Processing /opt/airflow/dags/minio_to_snowflake.py took 10.985 seconds
[2026-03-31T11:06:06.565+0000] {processor.py:161} INFO - Started process (PID=192) to work on /opt/airflow/dags/minio_to_snowflake.py
[2026-03-31T11:06:06.567+0000] {processor.py:830} INFO - Processing file /opt/airflow/dags/minio_to_snowflake.py for tasks to queue
[2026-03-31T11:06:06.571+0000] {logging_mixin.py:188} INFO - [2026-03-31T11:06:06.570+0000] {dagbag.py:545} INFO - Filling up the DagBag from /opt/airflow/dags/minio_to_snowflake.py
[2026-03-31T11:06:09.641+0000] {processor.py:840} INFO - DAG(s) 'minio_to_snowflake_pipeline' retrieved from /opt/airflow/dags/minio_to_snowflake.py
[2026-03-31T11:06:09.726+0000] {logging_mixin.py:188} INFO - [2026-03-31T11:06:09.723+0000] {dag.py:3089} INFO - Sync 1 DAGs
[2026-03-31T11:06:09.821+0000] {logging_mixin.py:188} INFO - [2026-03-31T11:06:09.820+0000] {dag.py:3947} INFO - Setting next_dagrun for minio_to_snowflake_pipeline to 2026-03-31 10:50:00+00:00, run_after=2026-03-31 11:00:00+00:00
[2026-03-31T11:06:09.897+0000] {processor.py:183} INFO - Processing /opt/airflow/dags/minio_to_snowflake.py took 3.341 seconds
[2026-03-31T11:06:40.062+0000] {processor.py:161} INFO - Started process (PID=199) to work on /opt/airflow/dags/minio_to_snowflake.py
[2026-03-31T11:06:40.065+0000] {processor.py:830} INFO - Processing file /opt/airflow/dags/minio_to_snowflake.py for tasks to queue
[2026-03-31T11:06:40.069+0000] {logging_mixin.py:188} INFO - [2026-03-31T11:06:40.068+0000] {dagbag.py:545} INFO - Filling up the DagBag from /opt/airflow/dags/minio_to_snowflake.py
[2026-03-31T11:06:41.973+0000] {processor.py:840} INFO - DAG(s) 'minio_to_snowflake_pipeline' retrieved from /opt/airflow/dags/minio_to_snowflake.py
[2026-03-31T11:06:42.064+0000] {logging_mixin.py:188} INFO - [2026-03-31T11:06:42.063+0000] {dag.py:3089} INFO - Sync 1 DAGs
[2026-03-31T11:06:42.104+0000] {logging_mixin.py:188} INFO - [2026-03-31T11:06:42.104+0000] {dag.py:3947} INFO - Setting next_dagrun for minio_to_snowflake_pipeline to 2026-03-31 10:50:00+00:00, run_after=2026-03-31 11:00:00+00:00
[2026-03-31T11:06:42.138+0000] {processor.py:183} INFO - Processing /opt/airflow/dags/minio_to_snowflake.py took 2.087 seconds
[2026-03-31T11:07:12.563+0000] {processor.py:161} INFO - Started process (PID=206) to work on /opt/airflow/dags/minio_to_snowflake.py
[2026-03-31T11:07:12.566+0000] {processor.py:830} INFO - Processing file /opt/airflow/dags/minio_to_snowflake.py for tasks to queue
[2026-03-31T11:07:12.570+0000] {logging_mixin.py:188} INFO - [2026-03-31T11:07:12.569+0000] {dagbag.py:545} INFO - Filling up the DagBag from /opt/airflow/dags/minio_to_snowflake.py
[2026-03-31T11:07:14.321+0000] {processor.py:840} INFO - DAG(s) 'minio_to_snowflake_pipeline' retrieved from /opt/airflow/dags/minio_to_snowflake.py
[2026-03-31T11:07:14.446+0000] {logging_mixin.py:188} INFO - [2026-03-31T11:07:14.445+0000] {dag.py:3089} INFO - Sync 1 DAGs
[2026-03-31T11:07:14.567+0000] {logging_mixin.py:188} INFO - [2026-03-31T11:07:14.567+0000] {dag.py:3947} INFO - Setting next_dagrun for minio_to_snowflake_pipeline to 2026-03-31 10:50:00+00:00, run_after=2026-03-31 11:00:00+00:00
[2026-03-31T11:07:14.661+0000] {processor.py:183} INFO - Processing /opt/airflow/dags/minio_to_snowflake.py took 2.107 seconds
[2026-03-31T11:07:45.626+0000] {processor.py:161} INFO - Started process (PID=213) to work on /opt/airflow/dags/minio_to_snowflake.py
[2026-03-31T11:07:45.628+0000] {processor.py:830} INFO - Processing file /opt/airflow/dags/minio_to_snowflake.py for tasks to queue
[2026-03-31T11:07:45.632+0000] {logging_mixin.py:188} INFO - [2026-03-31T11:07:45.631+0000] {dagbag.py:545} INFO - Filling up the DagBag from /opt/airflow/dags/minio_to_snowflake.py
[2026-03-31T11:07:48.662+0000] {processor.py:840} INFO - DAG(s) 'minio_to_snowflake_pipeline' retrieved from /opt/airflow/dags/minio_to_snowflake.py
[2026-03-31T11:07:48.988+0000] {logging_mixin.py:188} INFO - [2026-03-31T11:07:48.985+0000] {dag.py:3089} INFO - Sync 1 DAGs
[2026-03-31T11:07:49.378+0000] {logging_mixin.py:188} INFO - [2026-03-31T11:07:49.378+0000] {dag.py:3947} INFO - Setting next_dagrun for minio_to_snowflake_pipeline to 2026-03-31 10:50:00+00:00, run_after=2026-03-31 11:00:00+00:00
[2026-03-31T11:07:49.563+0000] {processor.py:183} INFO - Processing /opt/airflow/dags/minio_to_snowflake.py took 3.952 seconds
[2026-03-31T11:08:20.455+0000] {processor.py:161} INFO - Started process (PID=220) to work on /opt/airflow/dags/minio_to_snowflake.py
[2026-03-31T11:08:20.481+0000] {processor.py:830} INFO - Processing file /opt/airflow/dags/minio_to_snowflake.py for tasks to queue
[2026-03-31T11:08:20.485+0000] {logging_mixin.py:188} INFO - [2026-03-31T11:08:20.484+0000] {dagbag.py:545} INFO - Filling up the DagBag from /opt/airflow/dags/minio_to_snowflake.py
[2026-03-31T11:08:22.036+0000] {processor.py:840} INFO - DAG(s) 'minio_to_snowflake_pipeline' retrieved from /opt/airflow/dags/minio_to_snowflake.py
[2026-03-31T11:08:22.080+0000] {logging_mixin.py:188} INFO - [2026-03-31T11:08:22.077+0000] {dag.py:3089} INFO - Sync 1 DAGs
[2026-03-31T11:08:22.118+0000] {logging_mixin.py:188} INFO - [2026-03-31T11:08:22.117+0000] {dag.py:3947} INFO - Setting next_dagrun for minio_to_snowflake_pipeline to 2026-03-31 10:50:00+00:00, run_after=2026-03-31 11:00:00+00:00
[2026-03-31T11:08:22.151+0000] {processor.py:183} INFO - Processing /opt/airflow/dags/minio_to_snowflake.py took 1.707 seconds
[2026-03-31T11:08:52.544+0000] {processor.py:161} INFO - Started process (PID=227) to work on /opt/airflow/dags/minio_to_snowflake.py
[2026-03-31T11:08:52.546+0000] {processor.py:830} INFO - Processing file /opt/airflow/dags/minio_to_snowflake.py for tasks to queue
[2026-03-31T11:08:52.550+0000] {logging_mixin.py:188} INFO - [2026-03-31T11:08:52.549+0000] {dagbag.py:545} INFO - Filling up the DagBag from /opt/airflow/dags/minio_to_snowflake.py
[2026-03-31T11:08:53.825+0000] {processor.py:840} INFO - DAG(s) 'minio_to_snowflake_pipeline' retrieved from /opt/airflow/dags/minio_to_snowflake.py
[2026-03-31T11:08:53.861+0000] {logging_mixin.py:188} INFO - [2026-03-31T11:08:53.860+0000] {dag.py:3089} INFO - Sync 1 DAGs
[2026-03-31T11:08:53.887+0000] {logging_mixin.py:188} INFO - [2026-03-31T11:08:53.887+0000] {dag.py:3947} INFO - Setting next_dagrun for minio_to_snowflake_pipeline to 2026-03-31 10:50:00+00:00, run_after=2026-03-31 11:00:00+00:00
[2026-03-31T11:08:53.913+0000] {processor.py:183} INFO - Processing /opt/airflow/dags/minio_to_snowflake.py took 1.377 seconds
[2026-03-31T11:09:24.178+0000] {processor.py:161} INFO - Started process (PID=234) to work on /opt/airflow/dags/minio_to_snowflake.py
[2026-03-31T11:09:24.180+0000] {processor.py:830} INFO - Processing file /opt/airflow/dags/minio_to_snowflake.py for tasks to queue
[2026-03-31T11:09:24.185+0000] {logging_mixin.py:188} INFO - [2026-03-31T11:09:24.184+0000] {dagbag.py:545} INFO - Filling up the DagBag from /opt/airflow/dags/minio_to_snowflake.py
[2026-03-31T11:09:33.090+0000] {processor.py:840} INFO - DAG(s) 'minio_to_snowflake_pipeline' retrieved from /opt/airflow/dags/minio_to_snowflake.py
[2026-03-31T11:09:33.247+0000] {logging_mixin.py:188} INFO - [2026-03-31T11:09:33.245+0000] {dag.py:3089} INFO - Sync 1 DAGs
[2026-03-31T11:09:33.349+0000] {logging_mixin.py:188} INFO - [2026-03-31T11:09:33.349+0000] {dag.py:3947} INFO - Setting next_dagrun for minio_to_snowflake_pipeline to 2026-03-31 10:50:00+00:00, run_after=2026-03-31 11:00:00+00:00
[2026-03-31T11:09:33.493+0000] {processor.py:183} INFO - Processing /opt/airflow/dags/minio_to_snowflake.py took 9.327 seconds
[2026-03-31T11:10:04.581+0000] {processor.py:161} INFO - Started process (PID=241) to work on /opt/airflow/dags/minio_to_snowflake.py
[2026-03-31T11:10:04.584+0000] {processor.py:830} INFO - Processing file /opt/airflow/dags/minio_to_snowflake.py for tasks to queue
[2026-03-31T11:10:04.598+0000] {logging_mixin.py:188} INFO - [2026-03-31T11:10:04.597+0000] {dagbag.py:545} INFO - Filling up the DagBag from /opt/airflow/dags/minio_to_snowflake.py
[2026-03-31T11:10:08.056+0000] {processor.py:840} INFO - DAG(s) 'minio_to_snowflake_pipeline' retrieved from /opt/airflow/dags/minio_to_snowflake.py
[2026-03-31T11:10:08.209+0000] {logging_mixin.py:188} INFO - [2026-03-31T11:10:08.207+0000] {dag.py:3089} INFO - Sync 1 DAGs
[2026-03-31T11:10:08.385+0000] {logging_mixin.py:188} INFO - [2026-03-31T11:10:08.385+0000] {dag.py:3947} INFO - Setting next_dagrun for minio_to_snowflake_pipeline to 2026-03-31 11:00:00+00:00, run_after=2026-03-31 11:10:00+00:00
[2026-03-31T11:10:08.480+0000] {processor.py:183} INFO - Processing /opt/airflow/dags/minio_to_snowflake.py took 3.930 seconds
[2026-03-31T11:10:39.145+0000] {processor.py:161} INFO - Started process (PID=248) to work on /opt/airflow/dags/minio_to_snowflake.py
[2026-03-31T11:10:39.147+0000] {processor.py:830} INFO - Processing file /opt/airflow/dags/minio_to_snowflake.py for tasks to queue
[2026-03-31T11:10:39.151+0000] {logging_mixin.py:188} INFO - [2026-03-31T11:10:39.151+0000] {dagbag.py:545} INFO - Filling up the DagBag from /opt/airflow/dags/minio_to_snowflake.py
[2026-03-31T11:10:42.659+0000] {processor.py:840} INFO - DAG(s) 'minio_to_snowflake_pipeline' retrieved from /opt/airflow/dags/minio_to_snowflake.py
[2026-03-31T11:10:42.747+0000] {logging_mixin.py:188} INFO - [2026-03-31T11:10:42.746+0000] {dag.py:3089} INFO - Sync 1 DAGs
[2026-03-31T11:10:42.869+0000] {logging_mixin.py:188} INFO - [2026-03-31T11:10:42.868+0000] {dag.py:3947} INFO - Setting next_dagrun for minio_to_snowflake_pipeline to 2026-03-31 11:00:00+00:00, run_after=2026-03-31 11:10:00+00:00
[2026-03-31T11:10:43.086+0000] {processor.py:183} INFO - Processing /opt/airflow/dags/minio_to_snowflake.py took 3.952 seconds
[2026-03-31T11:11:13.687+0000] {processor.py:161} INFO - Started process (PID=255) to work on /opt/airflow/dags/minio_to_snowflake.py
[2026-03-31T11:11:13.718+0000] {processor.py:830} INFO - Processing file /opt/airflow/dags/minio_to_snowflake.py for tasks to queue
[2026-03-31T11:11:13.780+0000] {logging_mixin.py:188} INFO - [2026-03-31T11:11:13.774+0000] {dagbag.py:545} INFO - Filling up the DagBag from /opt/airflow/dags/minio_to_snowflake.py
[2026-03-31T11:11:17.507+0000] {processor.py:840} INFO - DAG(s) 'minio_to_snowflake_pipeline' retrieved from /opt/airflow/dags/minio_to_snowflake.py
[2026-03-31T11:11:17.633+0000] {logging_mixin.py:188} INFO - [2026-03-31T11:11:17.632+0000] {dag.py:3089} INFO - Sync 1 DAGs
[2026-03-31T11:11:17.720+0000] {logging_mixin.py:188} INFO - [2026-03-31T11:11:17.720+0000] {dag.py:3947} INFO - Setting next_dagrun for minio_to_snowflake_pipeline to 2026-03-31 11:00:00+00:00, run_after=2026-03-31 11:10:00+00:00
[2026-03-31T11:11:17.783+0000] {processor.py:183} INFO - Processing /opt/airflow/dags/minio_to_snowflake.py took 4.212 seconds
[2026-03-31T11:11:50.293+0000] {processor.py:161} INFO - Started process (PID=262) to work on /opt/airflow/dags/minio_to_snowflake.py
[2026-03-31T11:11:50.302+0000] {processor.py:830} INFO - Processing file /opt/airflow/dags/minio_to_snowflake.py for tasks to queue
[2026-03-31T11:11:50.317+0000] {logging_mixin.py:188} INFO - [2026-03-31T11:11:50.316+0000] {dagbag.py:545} INFO - Filling up the DagBag from /opt/airflow/dags/minio_to_snowflake.py
[2026-03-31T11:12:01.762+0000] {processor.py:840} INFO - DAG(s) 'minio_to_snowflake_pipeline' retrieved from /opt/airflow/dags/minio_to_snowflake.py
[2026-03-31T11:12:02.136+0000] {logging_mixin.py:188} INFO - [2026-03-31T11:12:02.133+0000] {dag.py:3089} INFO - Sync 1 DAGs
[2026-03-31T11:12:02.287+0000] {logging_mixin.py:188} INFO - [2026-03-31T11:12:02.286+0000] {dag.py:3947} INFO - Setting next_dagrun for minio_to_snowflake_pipeline to 2026-03-31 11:00:00+00:00, run_after=2026-03-31 11:10:00+00:00
[2026-03-31T11:12:02.543+0000] {processor.py:183} INFO - Processing /opt/airflow/dags/minio_to_snowflake.py took 12.311 seconds
[2026-03-31T11:12:33.665+0000] {processor.py:161} INFO - Started process (PID=269) to work on /opt/airflow/dags/minio_to_snowflake.py
[2026-03-31T11:12:33.669+0000] {processor.py:830} INFO - Processing file /opt/airflow/dags/minio_to_snowflake.py for tasks to queue
[2026-03-31T11:12:33.672+0000] {logging_mixin.py:188} INFO - [2026-03-31T11:12:33.671+0000] {dagbag.py:545} INFO - Filling up the DagBag from /opt/airflow/dags/minio_to_snowflake.py
[2026-03-31T11:12:35.289+0000] {processor.py:840} INFO - DAG(s) 'minio_to_snowflake_pipeline' retrieved from /opt/airflow/dags/minio_to_snowflake.py
[2026-03-31T11:12:35.357+0000] {logging_mixin.py:188} INFO - [2026-03-31T11:12:35.356+0000] {dag.py:3089} INFO - Sync 1 DAGs
[2026-03-31T11:12:35.397+0000] {logging_mixin.py:188} INFO - [2026-03-31T11:12:35.397+0000] {dag.py:3947} INFO - Setting next_dagrun for minio_to_snowflake_pipeline to 2026-03-31 11:00:00+00:00, run_after=2026-03-31 11:10:00+00:00
[2026-03-31T11:12:35.426+0000] {processor.py:183} INFO - Processing /opt/airflow/dags/minio_to_snowflake.py took 1.782 seconds
[2026-03-31T11:13:05.698+0000] {processor.py:161} INFO - Started process (PID=276) to work on /opt/airflow/dags/minio_to_snowflake.py
[2026-03-31T11:13:05.701+0000] {processor.py:830} INFO - Processing file /opt/airflow/dags/minio_to_snowflake.py for tasks to queue
[2026-03-31T11:13:05.715+0000] {logging_mixin.py:188} INFO - [2026-03-31T11:13:05.714+0000] {dagbag.py:545} INFO - Filling up the DagBag from /opt/airflow/dags/minio_to_snowflake.py
[2026-03-31T11:13:13.003+0000] {processor.py:840} INFO - DAG(s) 'minio_to_snowflake_pipeline' retrieved from /opt/airflow/dags/minio_to_snowflake.py
[2026-03-31T11:13:13.282+0000] {logging_mixin.py:188} INFO - [2026-03-31T11:13:13.271+0000] {dag.py:3089} INFO - Sync 1 DAGs
[2026-03-31T11:13:13.520+0000] {logging_mixin.py:188} INFO - [2026-03-31T11:13:13.519+0000] {dag.py:3947} INFO - Setting next_dagrun for minio_to_snowflake_pipeline to 2026-03-31 11:00:00+00:00, run_after=2026-03-31 11:10:00+00:00
[2026-03-31T11:13:13.731+0000] {processor.py:183} INFO - Processing /opt/airflow/dags/minio_to_snowflake.py took 8.079 seconds
[2026-03-31T11:13:44.485+0000] {processor.py:161} INFO - Started process (PID=283) to work on /opt/airflow/dags/minio_to_snowflake.py
[2026-03-31T11:13:44.492+0000] {processor.py:830} INFO - Processing file /opt/airflow/dags/minio_to_snowflake.py for tasks to queue
[2026-03-31T11:13:44.504+0000] {logging_mixin.py:188} INFO - [2026-03-31T11:13:44.503+0000] {dagbag.py:545} INFO - Filling up the DagBag from /opt/airflow/dags/minio_to_snowflake.py
[2026-03-31T11:13:50.308+0000] {processor.py:840} INFO - DAG(s) 'minio_to_snowflake_pipeline' retrieved from /opt/airflow/dags/minio_to_snowflake.py
[2026-03-31T11:13:50.382+0000] {logging_mixin.py:188} INFO - [2026-03-31T11:13:50.381+0000] {dag.py:3089} INFO - Sync 1 DAGs
[2026-03-31T11:13:50.424+0000] {logging_mixin.py:188} INFO - [2026-03-31T11:13:50.424+0000] {dag.py:3947} INFO - Setting next_dagrun for minio_to_snowflake_pipeline to 2026-03-31 11:00:00+00:00, run_after=2026-03-31 11:10:00+00:00
[2026-03-31T11:13:50.572+0000] {processor.py:183} INFO - Processing /opt/airflow/dags/minio_to_snowflake.py took 6.130 seconds
[2026-03-31T11:14:21.405+0000] {processor.py:161} INFO - Started process (PID=290) to work on /opt/airflow/dags/minio_to_snowflake.py
[2026-03-31T11:14:21.410+0000] {processor.py:830} INFO - Processing file /opt/airflow/dags/minio_to_snowflake.py for tasks to queue
[2026-03-31T11:14:21.421+0000] {logging_mixin.py:188} INFO - [2026-03-31T11:14:21.418+0000] {dagbag.py:545} INFO - Filling up the DagBag from /opt/airflow/dags/minio_to_snowflake.py
[2026-03-31T11:14:23.263+0000] {processor.py:840} INFO - DAG(s) 'minio_to_snowflake_pipeline' retrieved from /opt/airflow/dags/minio_to_snowflake.py
[2026-03-31T11:14:23.357+0000] {logging_mixin.py:188} INFO - [2026-03-31T11:14:23.355+0000] {dag.py:3089} INFO - Sync 1 DAGs
[2026-03-31T11:14:23.437+0000] {logging_mixin.py:188} INFO - [2026-03-31T11:14:23.432+0000] {dag.py:3947} INFO - Setting next_dagrun for minio_to_snowflake_pipeline to 2026-03-31 11:00:00+00:00, run_after=2026-03-31 11:10:00+00:00
[2026-03-31T11:14:23.495+0000] {processor.py:183} INFO - Processing /opt/airflow/dags/minio_to_snowflake.py took 2.134 seconds
[2026-03-31T11:14:54.469+0000] {processor.py:161} INFO - Started process (PID=297) to work on /opt/airflow/dags/minio_to_snowflake.py
[2026-03-31T11:14:54.473+0000] {processor.py:830} INFO - Processing file /opt/airflow/dags/minio_to_snowflake.py for tasks to queue
[2026-03-31T11:14:54.486+0000] {logging_mixin.py:188} INFO - [2026-03-31T11:14:54.485+0000] {dagbag.py:545} INFO - Filling up the DagBag from /opt/airflow/dags/minio_to_snowflake.py
[2026-03-31T11:15:01.394+0000] {processor.py:840} INFO - DAG(s) 'minio_to_snowflake_pipeline' retrieved from /opt/airflow/dags/minio_to_snowflake.py
[2026-03-31T11:15:01.516+0000] {logging_mixin.py:188} INFO - [2026-03-31T11:15:01.505+0000] {dag.py:3089} INFO - Sync 1 DAGs
[2026-03-31T11:15:01.608+0000] {logging_mixin.py:188} INFO - [2026-03-31T11:15:01.607+0000] {dag.py:3947} INFO - Setting next_dagrun for minio_to_snowflake_pipeline to 2026-03-31 11:00:00+00:00, run_after=2026-03-31 11:10:00+00:00
[2026-03-31T11:15:01.761+0000] {processor.py:183} INFO - Processing /opt/airflow/dags/minio_to_snowflake.py took 7.342 seconds
[2026-03-31T11:15:32.265+0000] {processor.py:161} INFO - Started process (PID=304) to work on /opt/airflow/dags/minio_to_snowflake.py
[2026-03-31T11:15:32.276+0000] {processor.py:830} INFO - Processing file /opt/airflow/dags/minio_to_snowflake.py for tasks to queue
[2026-03-31T11:15:32.296+0000] {logging_mixin.py:188} INFO - [2026-03-31T11:15:32.291+0000] {dagbag.py:545} INFO - Filling up the DagBag from /opt/airflow/dags/minio_to_snowflake.py
[2026-03-31T11:15:34.218+0000] {processor.py:840} INFO - DAG(s) 'minio_to_snowflake_pipeline' retrieved from /opt/airflow/dags/minio_to_snowflake.py
[2026-03-31T11:15:34.281+0000] {logging_mixin.py:188} INFO - [2026-03-31T11:15:34.280+0000] {dag.py:3089} INFO - Sync 1 DAGs
[2026-03-31T11:15:34.347+0000] {logging_mixin.py:188} INFO - [2026-03-31T11:15:34.346+0000] {dag.py:3947} INFO - Setting next_dagrun for minio_to_snowflake_pipeline to 2026-03-31 11:00:00+00:00, run_after=2026-03-31 11:10:00+00:00
[2026-03-31T11:15:34.395+0000] {processor.py:183} INFO - Processing /opt/airflow/dags/minio_to_snowflake.py took 2.184 seconds
[2026-03-31T11:16:04.753+0000] {processor.py:161} INFO - Started process (PID=311) to work on /opt/airflow/dags/minio_to_snowflake.py
[2026-03-31T11:16:04.755+0000] {processor.py:830} INFO - Processing file /opt/airflow/dags/minio_to_snowflake.py for tasks to queue
[2026-03-31T11:16:04.759+0000] {logging_mixin.py:188} INFO - [2026-03-31T11:16:04.758+0000] {dagbag.py:545} INFO - Filling up the DagBag from /opt/airflow/dags/minio_to_snowflake.py
[2026-03-31T11:16:07.191+0000] {processor.py:840} INFO - DAG(s) 'minio_to_snowflake_pipeline' retrieved from /opt/airflow/dags/minio_to_snowflake.py
[2026-03-31T11:16:07.328+0000] {logging_mixin.py:188} INFO - [2026-03-31T11:16:07.322+0000] {dag.py:3089} INFO - Sync 1 DAGs
[2026-03-31T11:16:07.462+0000] {logging_mixin.py:188} INFO - [2026-03-31T11:16:07.461+0000] {dag.py:3947} INFO - Setting next_dagrun for minio_to_snowflake_pipeline to 2026-03-31 11:00:00+00:00, run_after=2026-03-31 11:10:00+00:00
[2026-03-31T11:16:07.508+0000] {processor.py:183} INFO - Processing /opt/airflow/dags/minio_to_snowflake.py took 2.766 seconds
[2026-03-31T11:16:38.243+0000] {processor.py:161} INFO - Started process (PID=318) to work on /opt/airflow/dags/minio_to_snowflake.py
[2026-03-31T11:16:38.246+0000] {processor.py:830} INFO - Processing file /opt/airflow/dags/minio_to_snowflake.py for tasks to queue
[2026-03-31T11:16:38.250+0000] {logging_mixin.py:188} INFO - [2026-03-31T11:16:38.249+0000] {dagbag.py:545} INFO - Filling up the DagBag from /opt/airflow/dags/minio_to_snowflake.py
[2026-03-31T11:16:40.312+0000] {processor.py:840} INFO - DAG(s) 'minio_to_snowflake_pipeline' retrieved from /opt/airflow/dags/minio_to_snowflake.py
[2026-03-31T11:16:40.355+0000] {logging_mixin.py:188} INFO - [2026-03-31T11:16:40.354+0000] {dag.py:3089} INFO - Sync 1 DAGs
[2026-03-31T11:16:40.388+0000] {logging_mixin.py:188} INFO - [2026-03-31T11:16:40.387+0000] {dag.py:3947} INFO - Setting next_dagrun for minio_to_snowflake_pipeline to 2026-03-31 11:00:00+00:00, run_after=2026-03-31 11:10:00+00:00
[2026-03-31T11:16:40.417+0000] {processor.py:183} INFO - Processing /opt/airflow/dags/minio_to_snowflake.py took 2.187 seconds
[2026-03-31T11:17:10.599+0000] {processor.py:161} INFO - Started process (PID=325) to work on /opt/airflow/dags/minio_to_snowflake.py
[2026-03-31T11:17:10.603+0000] {processor.py:830} INFO - Processing file /opt/airflow/dags/minio_to_snowflake.py for tasks to queue
[2026-03-31T11:17:10.609+0000] {logging_mixin.py:188} INFO - [2026-03-31T11:17:10.608+0000] {dagbag.py:545} INFO - Filling up the DagBag from /opt/airflow/dags/minio_to_snowflake.py
[2026-03-31T11:17:13.197+0000] {processor.py:840} INFO - DAG(s) 'minio_to_snowflake_pipeline' retrieved from /opt/airflow/dags/minio_to_snowflake.py
[2026-03-31T11:17:13.274+0000] {logging_mixin.py:188} INFO - [2026-03-31T11:17:13.273+0000] {dag.py:3089} INFO - Sync 1 DAGs
[2026-03-31T11:17:13.319+0000] {logging_mixin.py:188} INFO - [2026-03-31T11:17:13.318+0000] {dag.py:3947} INFO - Setting next_dagrun for minio_to_snowflake_pipeline to 2026-03-31 11:00:00+00:00, run_after=2026-03-31 11:10:00+00:00
[2026-03-31T11:17:13.360+0000] {processor.py:183} INFO - Processing /opt/airflow/dags/minio_to_snowflake.py took 2.785 seconds
[2026-03-31T11:17:44.045+0000] {processor.py:161} INFO - Started process (PID=332) to work on /opt/airflow/dags/minio_to_snowflake.py
[2026-03-31T11:17:44.047+0000] {processor.py:830} INFO - Processing file /opt/airflow/dags/minio_to_snowflake.py for tasks to queue
[2026-03-31T11:17:44.051+0000] {logging_mixin.py:188} INFO - [2026-03-31T11:17:44.050+0000] {dagbag.py:545} INFO - Filling up the DagBag from /opt/airflow/dags/minio_to_snowflake.py
[2026-03-31T11:17:46.799+0000] {processor.py:840} INFO - DAG(s) 'minio_to_snowflake_pipeline' retrieved from /opt/airflow/dags/minio_to_snowflake.py
[2026-03-31T11:17:46.867+0000] {logging_mixin.py:188} INFO - [2026-03-31T11:17:46.865+0000] {dag.py:3089} INFO - Sync 1 DAGs
[2026-03-31T11:17:46.948+0000] {logging_mixin.py:188} INFO - [2026-03-31T11:17:46.947+0000] {dag.py:3947} INFO - Setting next_dagrun for minio_to_snowflake_pipeline to 2026-03-31 11:00:00+00:00, run_after=2026-03-31 11:10:00+00:00
[2026-03-31T11:17:47.061+0000] {processor.py:183} INFO - Processing /opt/airflow/dags/minio_to_snowflake.py took 3.028 seconds
[2026-03-31T11:18:18.199+0000] {processor.py:161} INFO - Started process (PID=339) to work on /opt/airflow/dags/minio_to_snowflake.py
[2026-03-31T11:18:18.230+0000] {processor.py:830} INFO - Processing file /opt/airflow/dags/minio_to_snowflake.py for tasks to queue
[2026-03-31T11:18:18.263+0000] {logging_mixin.py:188} INFO - [2026-03-31T11:18:18.254+0000] {dagbag.py:545} INFO - Filling up the DagBag from /opt/airflow/dags/minio_to_snowflake.py
[2026-03-31T11:18:25.697+0000] {processor.py:840} INFO - DAG(s) 'minio_to_snowflake_pipeline' retrieved from /opt/airflow/dags/minio_to_snowflake.py
[2026-03-31T11:18:26.443+0000] {logging_mixin.py:188} INFO - [2026-03-31T11:18:26.433+0000] {dag.py:3089} INFO - Sync 1 DAGs
[2026-03-31T11:18:26.785+0000] {logging_mixin.py:188} INFO - [2026-03-31T11:18:26.785+0000] {dag.py:3947} INFO - Setting next_dagrun for minio_to_snowflake_pipeline to 2026-03-31 11:00:00+00:00, run_after=2026-03-31 11:10:00+00:00
[2026-03-31T11:18:26.963+0000] {processor.py:183} INFO - Processing /opt/airflow/dags/minio_to_snowflake.py took 8.865 seconds
[2026-03-31T11:18:57.582+0000] {processor.py:161} INFO - Started process (PID=346) to work on /opt/airflow/dags/minio_to_snowflake.py
[2026-03-31T11:18:57.589+0000] {processor.py:830} INFO - Processing file /opt/airflow/dags/minio_to_snowflake.py for tasks to queue
[2026-03-31T11:18:57.603+0000] {logging_mixin.py:188} INFO - [2026-03-31T11:18:57.600+0000] {dagbag.py:545} INFO - Filling up the DagBag from /opt/airflow/dags/minio_to_snowflake.py
[2026-03-31T11:19:04.237+0000] {processor.py:840} INFO - DAG(s) 'minio_to_snowflake_pipeline' retrieved from /opt/airflow/dags/minio_to_snowflake.py
[2026-03-31T11:19:05.187+0000] {logging_mixin.py:188} INFO - [2026-03-31T11:19:05.186+0000] {dag.py:3089} INFO - Sync 1 DAGs
[2026-03-31T11:19:05.248+0000] {logging_mixin.py:188} INFO - [2026-03-31T11:19:05.247+0000] {dag.py:3947} INFO - Setting next_dagrun for minio_to_snowflake_pipeline to 2026-03-31 11:00:00+00:00, run_after=2026-03-31 11:10:00+00:00
[2026-03-31T11:19:05.315+0000] {processor.py:183} INFO - Processing /opt/airflow/dags/minio_to_snowflake.py took 7.800 seconds
[2026-03-31T11:19:36.240+0000] {processor.py:161} INFO - Started process (PID=353) to work on /opt/airflow/dags/minio_to_snowflake.py
[2026-03-31T11:19:36.247+0000] {processor.py:830} INFO - Processing file /opt/airflow/dags/minio_to_snowflake.py for tasks to queue
[2026-03-31T11:19:36.256+0000] {logging_mixin.py:188} INFO - [2026-03-31T11:19:36.255+0000] {dagbag.py:545} INFO - Filling up the DagBag from /opt/airflow/dags/minio_to_snowflake.py
[2026-03-31T11:19:38.560+0000] {processor.py:840} INFO - DAG(s) 'minio_to_snowflake_pipeline' retrieved from /opt/airflow/dags/minio_to_snowflake.py
[2026-03-31T11:19:38.599+0000] {logging_mixin.py:188} INFO - [2026-03-31T11:19:38.598+0000] {dag.py:3089} INFO - Sync 1 DAGs
[2026-03-31T11:19:38.629+0000] {logging_mixin.py:188} INFO - [2026-03-31T11:19:38.629+0000] {dag.py:3947} INFO - Setting next_dagrun for minio_to_snowflake_pipeline to 2026-03-31 11:00:00+00:00, run_after=2026-03-31 11:10:00+00:00
[2026-03-31T11:19:38.664+0000] {processor.py:183} INFO - Processing /opt/airflow/dags/minio_to_snowflake.py took 2.511 seconds
[2026-03-31T11:20:09.193+0000] {processor.py:161} INFO - Started process (PID=360) to work on /opt/airflow/dags/minio_to_snowflake.py
[2026-03-31T11:20:09.195+0000] {processor.py:830} INFO - Processing file /opt/airflow/dags/minio_to_snowflake.py for tasks to queue
[2026-03-31T11:20:09.198+0000] {logging_mixin.py:188} INFO - [2026-03-31T11:20:09.198+0000] {dagbag.py:545} INFO - Filling up the DagBag from /opt/airflow/dags/minio_to_snowflake.py
[2026-03-31T11:20:13.464+0000] {processor.py:840} INFO - DAG(s) 'minio_to_snowflake_pipeline' retrieved from /opt/airflow/dags/minio_to_snowflake.py
[2026-03-31T11:20:13.518+0000] {logging_mixin.py:188} INFO - [2026-03-31T11:20:13.517+0000] {dag.py:3089} INFO - Sync 1 DAGs
[2026-03-31T11:20:13.588+0000] {logging_mixin.py:188} INFO - [2026-03-31T11:20:13.588+0000] {dag.py:3947} INFO - Setting next_dagrun for minio_to_snowflake_pipeline to 2026-03-31 11:10:00+00:00, run_after=2026-03-31 11:20:00+00:00
[2026-03-31T11:20:13.647+0000] {processor.py:183} INFO - Processing /opt/airflow/dags/minio_to_snowflake.py took 4.468 seconds
[2026-03-31T11:20:44.203+0000] {processor.py:161} INFO - Started process (PID=367) to work on /opt/airflow/dags/minio_to_snowflake.py
[2026-03-31T11:20:44.205+0000] {processor.py:830} INFO - Processing file /opt/airflow/dags/minio_to_snowflake.py for tasks to queue
[2026-03-31T11:20:44.212+0000] {logging_mixin.py:188} INFO - [2026-03-31T11:20:44.212+0000] {dagbag.py:545} INFO - Filling up the DagBag from /opt/airflow/dags/minio_to_snowflake.py
[2026-03-31T11:20:46.112+0000] {processor.py:840} INFO - DAG(s) 'minio_to_snowflake_pipeline' retrieved from /opt/airflow/dags/minio_to_snowflake.py
[2026-03-31T11:20:46.155+0000] {logging_mixin.py:188} INFO - [2026-03-31T11:20:46.152+0000] {dag.py:3089} INFO - Sync 1 DAGs
[2026-03-31T11:20:46.194+0000] {logging_mixin.py:188} INFO - [2026-03-31T11:20:46.193+0000] {dag.py:3947} INFO - Setting next_dagrun for minio_to_snowflake_pipeline to 2026-03-31 11:10:00+00:00, run_after=2026-03-31 11:20:00+00:00
[2026-03-31T11:20:46.228+0000] {processor.py:183} INFO - Processing /opt/airflow/dags/minio_to_snowflake.py took 2.036 seconds
[2026-03-31T11:21:17.172+0000] {processor.py:161} INFO - Started process (PID=374) to work on /opt/airflow/dags/minio_to_snowflake.py
[2026-03-31T11:21:17.183+0000] {processor.py:830} INFO - Processing file /opt/airflow/dags/minio_to_snowflake.py for tasks to queue
[2026-03-31T11:21:17.197+0000] {logging_mixin.py:188} INFO - [2026-03-31T11:21:17.190+0000] {dagbag.py:545} INFO - Filling up the DagBag from /opt/airflow/dags/minio_to_snowflake.py
[2026-03-31T11:21:21.793+0000] {processor.py:840} INFO - DAG(s) 'minio_to_snowflake_pipeline' retrieved from /opt/airflow/dags/minio_to_snowflake.py
[2026-03-31T11:21:21.850+0000] {logging_mixin.py:188} INFO - [2026-03-31T11:21:21.849+0000] {dag.py:3089} INFO - Sync 1 DAGs
[2026-03-31T11:21:21.888+0000] {logging_mixin.py:188} INFO - [2026-03-31T11:21:21.887+0000] {dag.py:3947} INFO - Setting next_dagrun for minio_to_snowflake_pipeline to 2026-03-31 11:10:00+00:00, run_after=2026-03-31 11:20:00+00:00
[2026-03-31T11:21:21.922+0000] {processor.py:183} INFO - Processing /opt/airflow/dags/minio_to_snowflake.py took 4.786 seconds
[2026-03-31T11:21:52.208+0000] {processor.py:161} INFO - Started process (PID=381) to work on /opt/airflow/dags/minio_to_snowflake.py
[2026-03-31T11:21:52.218+0000] {processor.py:830} INFO - Processing file /opt/airflow/dags/minio_to_snowflake.py for tasks to queue
[2026-03-31T11:21:52.235+0000] {logging_mixin.py:188} INFO - [2026-03-31T11:21:52.233+0000] {dagbag.py:545} INFO - Filling up the DagBag from /opt/airflow/dags/minio_to_snowflake.py
[2026-03-31T11:21:54.689+0000] {processor.py:840} INFO - DAG(s) 'minio_to_snowflake_pipeline' retrieved from /opt/airflow/dags/minio_to_snowflake.py
[2026-03-31T11:21:54.732+0000] {logging_mixin.py:188} INFO - [2026-03-31T11:21:54.731+0000] {dag.py:3089} INFO - Sync 1 DAGs
[2026-03-31T11:21:54.766+0000] {logging_mixin.py:188} INFO - [2026-03-31T11:21:54.765+0000] {dag.py:3947} INFO - Setting next_dagrun for minio_to_snowflake_pipeline to 2026-03-31 11:10:00+00:00, run_after=2026-03-31 11:20:00+00:00
[2026-03-31T11:21:54.797+0000] {processor.py:183} INFO - Processing /opt/airflow/dags/minio_to_snowflake.py took 2.631 seconds
[2026-03-31T11:22:25.637+0000] {processor.py:161} INFO - Started process (PID=388) to work on /opt/airflow/dags/minio_to_snowflake.py
[2026-03-31T11:22:25.642+0000] {processor.py:830} INFO - Processing file /opt/airflow/dags/minio_to_snowflake.py for tasks to queue
[2026-03-31T11:22:25.655+0000] {logging_mixin.py:188} INFO - [2026-03-31T11:22:25.654+0000] {dagbag.py:545} INFO - Filling up the DagBag from /opt/airflow/dags/minio_to_snowflake.py
[2026-03-31T11:22:30.548+0000] {processor.py:840} INFO - DAG(s) 'minio_to_snowflake_pipeline' retrieved from /opt/airflow/dags/minio_to_snowflake.py
[2026-03-31T11:22:30.673+0000] {logging_mixin.py:188} INFO - [2026-03-31T11:22:30.671+0000] {dag.py:3089} INFO - Sync 1 DAGs
[2026-03-31T11:22:30.746+0000] {logging_mixin.py:188} INFO - [2026-03-31T11:22:30.746+0000] {dag.py:3947} INFO - Setting next_dagrun for minio_to_snowflake_pipeline to 2026-03-31 11:10:00+00:00, run_after=2026-03-31 11:20:00+00:00
[2026-03-31T11:22:30.923+0000] {processor.py:183} INFO - Processing /opt/airflow/dags/minio_to_snowflake.py took 5.338 seconds
[2026-03-31T11:23:01.456+0000] {processor.py:161} INFO - Started process (PID=395) to work on /opt/airflow/dags/minio_to_snowflake.py
[2026-03-31T11:23:01.459+0000] {processor.py:830} INFO - Processing file /opt/airflow/dags/minio_to_snowflake.py for tasks to queue
[2026-03-31T11:23:01.464+0000] {logging_mixin.py:188} INFO - [2026-03-31T11:23:01.463+0000] {dagbag.py:545} INFO - Filling up the DagBag from /opt/airflow/dags/minio_to_snowflake.py
[2026-03-31T11:23:03.557+0000] {processor.py:840} INFO - DAG(s) 'minio_to_snowflake_pipeline' retrieved from /opt/airflow/dags/minio_to_snowflake.py
[2026-03-31T11:23:03.599+0000] {logging_mixin.py:188} INFO - [2026-03-31T11:23:03.598+0000] {dag.py:3089} INFO - Sync 1 DAGs
[2026-03-31T11:23:03.628+0000] {logging_mixin.py:188} INFO - [2026-03-31T11:23:03.628+0000] {dag.py:3947} INFO - Setting next_dagrun for minio_to_snowflake_pipeline to 2026-03-31 11:10:00+00:00, run_after=2026-03-31 11:20:00+00:00
[2026-03-31T11:23:03.655+0000] {processor.py:183} INFO - Processing /opt/airflow/dags/minio_to_snowflake.py took 2.217 seconds
[2026-03-31T11:23:34.487+0000] {processor.py:161} INFO - Started process (PID=402) to work on /opt/airflow/dags/minio_to_snowflake.py
[2026-03-31T11:23:34.490+0000] {processor.py:830} INFO - Processing file /opt/airflow/dags/minio_to_snowflake.py for tasks to queue
[2026-03-31T11:23:34.494+0000] {logging_mixin.py:188} INFO - [2026-03-31T11:23:34.494+0000] {dagbag.py:545} INFO - Filling up the DagBag from /opt/airflow/dags/minio_to_snowflake.py
[2026-03-31T11:23:36.773+0000] {processor.py:840} INFO - DAG(s) 'minio_to_snowflake_pipeline' retrieved from /opt/airflow/dags/minio_to_snowflake.py
[2026-03-31T11:23:36.820+0000] {logging_mixin.py:188} INFO - [2026-03-31T11:23:36.819+0000] {dag.py:3089} INFO - Sync 1 DAGs
[2026-03-31T11:23:36.858+0000] {logging_mixin.py:188} INFO - [2026-03-31T11:23:36.858+0000] {dag.py:3947} INFO - Setting next_dagrun for minio_to_snowflake_pipeline to 2026-03-31 11:10:00+00:00, run_after=2026-03-31 11:20:00+00:00
[2026-03-31T11:23:36.900+0000] {processor.py:183} INFO - Processing /opt/airflow/dags/minio_to_snowflake.py took 2.433 seconds
[2026-03-31T11:24:07.565+0000] {processor.py:161} INFO - Started process (PID=409) to work on /opt/airflow/dags/minio_to_snowflake.py
[2026-03-31T11:24:07.572+0000] {processor.py:830} INFO - Processing file /opt/airflow/dags/minio_to_snowflake.py for tasks to queue
[2026-03-31T11:24:07.584+0000] {logging_mixin.py:188} INFO - [2026-03-31T11:24:07.583+0000] {dagbag.py:545} INFO - Filling up the DagBag from /opt/airflow/dags/minio_to_snowflake.py
[2026-03-31T11:24:10.984+0000] {processor.py:840} INFO - DAG(s) 'minio_to_snowflake_pipeline' retrieved from /opt/airflow/dags/minio_to_snowflake.py
[2026-03-31T11:24:11.095+0000] {logging_mixin.py:188} INFO - [2026-03-31T11:24:11.089+0000] {dag.py:3089} INFO - Sync 1 DAGs
[2026-03-31T11:24:11.188+0000] {logging_mixin.py:188} INFO - [2026-03-31T11:24:11.188+0000] {dag.py:3947} INFO - Setting next_dagrun for minio_to_snowflake_pipeline to 2026-03-31 11:10:00+00:00, run_after=2026-03-31 11:20:00+00:00
[2026-03-31T11:24:11.280+0000] {processor.py:183} INFO - Processing /opt/airflow/dags/minio_to_snowflake.py took 3.748 seconds
[2026-03-31T11:24:42.078+0000] {processor.py:161} INFO - Started process (PID=416) to work on /opt/airflow/dags/minio_to_snowflake.py
[2026-03-31T11:24:42.080+0000] {processor.py:830} INFO - Processing file /opt/airflow/dags/minio_to_snowflake.py for tasks to queue
[2026-03-31T11:24:42.086+0000] {logging_mixin.py:188} INFO - [2026-03-31T11:24:42.085+0000] {dagbag.py:545} INFO - Filling up the DagBag from /opt/airflow/dags/minio_to_snowflake.py
[2026-03-31T11:24:44.406+0000] {processor.py:840} INFO - DAG(s) 'minio_to_snowflake_pipeline' retrieved from /opt/airflow/dags/minio_to_snowflake.py
[2026-03-31T11:24:44.474+0000] {logging_mixin.py:188} INFO - [2026-03-31T11:24:44.473+0000] {dag.py:3089} INFO - Sync 1 DAGs
[2026-03-31T11:24:44.551+0000] {logging_mixin.py:188} INFO - [2026-03-31T11:24:44.547+0000] {dag.py:3947} INFO - Setting next_dagrun for minio_to_snowflake_pipeline to 2026-03-31 11:10:00+00:00, run_after=2026-03-31 11:20:00+00:00
[2026-03-31T11:24:44.594+0000] {processor.py:183} INFO - Processing /opt/airflow/dags/minio_to_snowflake.py took 2.537 seconds
[2026-03-31T11:25:15.099+0000] {processor.py:161} INFO - Started process (PID=423) to work on /opt/airflow/dags/minio_to_snowflake.py
[2026-03-31T11:25:15.102+0000] {processor.py:830} INFO - Processing file /opt/airflow/dags/minio_to_snowflake.py for tasks to queue
[2026-03-31T11:25:15.106+0000] {logging_mixin.py:188} INFO - [2026-03-31T11:25:15.105+0000] {dagbag.py:545} INFO - Filling up the DagBag from /opt/airflow/dags/minio_to_snowflake.py
[2026-03-31T11:25:17.536+0000] {processor.py:840} INFO - DAG(s) 'minio_to_snowflake_pipeline' retrieved from /opt/airflow/dags/minio_to_snowflake.py
[2026-03-31T11:25:17.663+0000] {logging_mixin.py:188} INFO - [2026-03-31T11:25:17.657+0000] {dag.py:3089} INFO - Sync 1 DAGs
[2026-03-31T11:25:17.713+0000] {logging_mixin.py:188} INFO - [2026-03-31T11:25:17.713+0000] {dag.py:3947} INFO - Setting next_dagrun for minio_to_snowflake_pipeline to 2026-03-31 11:10:00+00:00, run_after=2026-03-31 11:20:00+00:00
[2026-03-31T11:25:17.815+0000] {processor.py:183} INFO - Processing /opt/airflow/dags/minio_to_snowflake.py took 2.725 seconds
[2026-03-31T11:25:48.259+0000] {processor.py:161} INFO - Started process (PID=430) to work on /opt/airflow/dags/minio_to_snowflake.py
[2026-03-31T11:25:48.265+0000] {processor.py:830} INFO - Processing file /opt/airflow/dags/minio_to_snowflake.py for tasks to queue
[2026-03-31T11:25:48.269+0000] {logging_mixin.py:188} INFO - [2026-03-31T11:25:48.269+0000] {dagbag.py:545} INFO - Filling up the DagBag from /opt/airflow/dags/minio_to_snowflake.py
[2026-03-31T11:25:51.764+0000] {processor.py:840} INFO - DAG(s) 'minio_to_snowflake_pipeline' retrieved from /opt/airflow/dags/minio_to_snowflake.py
[2026-03-31T11:25:51.880+0000] {logging_mixin.py:188} INFO - [2026-03-31T11:25:51.878+0000] {dag.py:3089} INFO - Sync 1 DAGs
[2026-03-31T11:25:51.972+0000] {logging_mixin.py:188} INFO - [2026-03-31T11:25:51.972+0000] {dag.py:3947} INFO - Setting next_dagrun for minio_to_snowflake_pipeline to 2026-03-31 11:10:00+00:00, run_after=2026-03-31 11:20:00+00:00
[2026-03-31T11:25:52.038+0000] {processor.py:183} INFO - Processing /opt/airflow/dags/minio_to_snowflake.py took 3.808 seconds
[2026-03-31T11:26:23.566+0000] {processor.py:161} INFO - Started process (PID=437) to work on /opt/airflow/dags/minio_to_snowflake.py
[2026-03-31T11:26:23.579+0000] {processor.py:830} INFO - Processing file /opt/airflow/dags/minio_to_snowflake.py for tasks to queue
[2026-03-31T11:26:23.611+0000] {logging_mixin.py:188} INFO - [2026-03-31T11:26:23.610+0000] {dagbag.py:545} INFO - Filling up the DagBag from /opt/airflow/dags/minio_to_snowflake.py
[2026-03-31T11:26:28.952+0000] {processor.py:840} INFO - DAG(s) 'minio_to_snowflake_pipeline' retrieved from /opt/airflow/dags/minio_to_snowflake.py
[2026-03-31T11:26:29.006+0000] {logging_mixin.py:188} INFO - [2026-03-31T11:26:29.003+0000] {dag.py:3089} INFO - Sync 1 DAGs
[2026-03-31T11:26:29.052+0000] {logging_mixin.py:188} INFO - [2026-03-31T11:26:29.051+0000] {dag.py:3947} INFO - Setting next_dagrun for minio_to_snowflake_pipeline to 2026-03-31 11:10:00+00:00, run_after=2026-03-31 11:20:00+00:00
[2026-03-31T11:26:29.104+0000] {processor.py:183} INFO - Processing /opt/airflow/dags/minio_to_snowflake.py took 5.622 seconds
[2026-03-31T11:27:00.045+0000] {processor.py:161} INFO - Started process (PID=444) to work on /opt/airflow/dags/minio_to_snowflake.py
[2026-03-31T11:27:00.048+0000] {processor.py:830} INFO - Processing file /opt/airflow/dags/minio_to_snowflake.py for tasks to queue
[2026-03-31T11:27:00.052+0000] {logging_mixin.py:188} INFO - [2026-03-31T11:27:00.052+0000] {dagbag.py:545} INFO - Filling up the DagBag from /opt/airflow/dags/minio_to_snowflake.py
[2026-03-31T11:27:03.517+0000] {processor.py:840} INFO - DAG(s) 'minio_to_snowflake_pipeline' retrieved from /opt/airflow/dags/minio_to_snowflake.py
[2026-03-31T11:27:03.647+0000] {logging_mixin.py:188} INFO - [2026-03-31T11:27:03.646+0000] {dag.py:3089} INFO - Sync 1 DAGs
[2026-03-31T11:27:03.724+0000] {logging_mixin.py:188} INFO - [2026-03-31T11:27:03.723+0000] {dag.py:3947} INFO - Setting next_dagrun for minio_to_snowflake_pipeline to 2026-03-31 11:10:00+00:00, run_after=2026-03-31 11:20:00+00:00
[2026-03-31T11:27:03.765+0000] {processor.py:183} INFO - Processing /opt/airflow/dags/minio_to_snowflake.py took 3.731 seconds
[2026-03-31T11:27:34.831+0000] {processor.py:161} INFO - Started process (PID=451) to work on /opt/airflow/dags/minio_to_snowflake.py
[2026-03-31T11:27:34.832+0000] {processor.py:830} INFO - Processing file /opt/airflow/dags/minio_to_snowflake.py for tasks to queue
[2026-03-31T11:27:34.835+0000] {logging_mixin.py:188} INFO - [2026-03-31T11:27:34.835+0000] {dagbag.py:545} INFO - Filling up the DagBag from /opt/airflow/dags/minio_to_snowflake.py
[2026-03-31T11:27:38.344+0000] {processor.py:840} INFO - DAG(s) 'minio_to_snowflake_pipeline' retrieved from /opt/airflow/dags/minio_to_snowflake.py
[2026-03-31T11:27:38.585+0000] {logging_mixin.py:188} INFO - [2026-03-31T11:27:38.579+0000] {dag.py:3089} INFO - Sync 1 DAGs
[2026-03-31T11:27:38.692+0000] {logging_mixin.py:188} INFO - [2026-03-31T11:27:38.692+0000] {dag.py:3947} INFO - Setting next_dagrun for minio_to_snowflake_pipeline to 2026-03-31 11:10:00+00:00, run_after=2026-03-31 11:20:00+00:00
[2026-03-31T11:27:38.768+0000] {processor.py:183} INFO - Processing /opt/airflow/dags/minio_to_snowflake.py took 3.948 seconds
[2026-03-31T11:28:09.593+0000] {processor.py:161} INFO - Started process (PID=458) to work on /opt/airflow/dags/minio_to_snowflake.py
[2026-03-31T11:28:09.597+0000] {processor.py:830} INFO - Processing file /opt/airflow/dags/minio_to_snowflake.py for tasks to queue
[2026-03-31T11:28:09.603+0000] {logging_mixin.py:188} INFO - [2026-03-31T11:28:09.602+0000] {dagbag.py:545} INFO - Filling up the DagBag from /opt/airflow/dags/minio_to_snowflake.py
[2026-03-31T11:28:12.453+0000] {processor.py:840} INFO - DAG(s) 'minio_to_snowflake_pipeline' retrieved from /opt/airflow/dags/minio_to_snowflake.py
[2026-03-31T11:28:12.512+0000] {logging_mixin.py:188} INFO - [2026-03-31T11:28:12.511+0000] {dag.py:3089} INFO - Sync 1 DAGs
[2026-03-31T11:28:12.559+0000] {logging_mixin.py:188} INFO - [2026-03-31T11:28:12.558+0000] {dag.py:3947} INFO - Setting next_dagrun for minio_to_snowflake_pipeline to 2026-03-31 11:10:00+00:00, run_after=2026-03-31 11:20:00+00:00
[2026-03-31T11:28:12.604+0000] {processor.py:183} INFO - Processing /opt/airflow/dags/minio_to_snowflake.py took 3.033 seconds
[2026-03-31T11:28:43.450+0000] {processor.py:161} INFO - Started process (PID=465) to work on /opt/airflow/dags/minio_to_snowflake.py
[2026-03-31T11:28:43.453+0000] {processor.py:830} INFO - Processing file /opt/airflow/dags/minio_to_snowflake.py for tasks to queue
[2026-03-31T11:28:43.458+0000] {logging_mixin.py:188} INFO - [2026-03-31T11:28:43.457+0000] {dagbag.py:545} INFO - Filling up the DagBag from /opt/airflow/dags/minio_to_snowflake.py
[2026-03-31T11:28:45.415+0000] {processor.py:840} INFO - DAG(s) 'minio_to_snowflake_pipeline' retrieved from /opt/airflow/dags/minio_to_snowflake.py
[2026-03-31T11:28:45.454+0000] {logging_mixin.py:188} INFO - [2026-03-31T11:28:45.454+0000] {dag.py:3089} INFO - Sync 1 DAGs
[2026-03-31T11:28:45.519+0000] {logging_mixin.py:188} INFO - [2026-03-31T11:28:45.519+0000] {dag.py:3947} INFO - Setting next_dagrun for minio_to_snowflake_pipeline to 2026-03-31 11:10:00+00:00, run_after=2026-03-31 11:20:00+00:00
[2026-03-31T11:28:45.571+0000] {processor.py:183} INFO - Processing /opt/airflow/dags/minio_to_snowflake.py took 2.134 seconds
[2026-03-31T11:29:16.246+0000] {processor.py:161} INFO - Started process (PID=472) to work on /opt/airflow/dags/minio_to_snowflake.py
[2026-03-31T11:29:16.253+0000] {processor.py:830} INFO - Processing file /opt/airflow/dags/minio_to_snowflake.py for tasks to queue
[2026-03-31T11:29:16.266+0000] {logging_mixin.py:188} INFO - [2026-03-31T11:29:16.263+0000] {dagbag.py:545} INFO - Filling up the DagBag from /opt/airflow/dags/minio_to_snowflake.py
[2026-03-31T11:29:19.115+0000] {processor.py:840} INFO - DAG(s) 'minio_to_snowflake_pipeline' retrieved from /opt/airflow/dags/minio_to_snowflake.py
[2026-03-31T11:29:19.212+0000] {logging_mixin.py:188} INFO - [2026-03-31T11:29:19.211+0000] {dag.py:3089} INFO - Sync 1 DAGs
[2026-03-31T11:29:19.270+0000] {logging_mixin.py:188} INFO - [2026-03-31T11:29:19.269+0000] {dag.py:3947} INFO - Setting next_dagrun for minio_to_snowflake_pipeline to 2026-03-31 11:10:00+00:00, run_after=2026-03-31 11:20:00+00:00
[2026-03-31T11:29:19.319+0000] {processor.py:183} INFO - Processing /opt/airflow/dags/minio_to_snowflake.py took 3.118 seconds
[2026-03-31T11:29:50.099+0000] {processor.py:161} INFO - Started process (PID=479) to work on /opt/airflow/dags/minio_to_snowflake.py
[2026-03-31T11:29:50.106+0000] {processor.py:830} INFO - Processing file /opt/airflow/dags/minio_to_snowflake.py for tasks to queue
[2026-03-31T11:29:50.116+0000] {logging_mixin.py:188} INFO - [2026-03-31T11:29:50.114+0000] {dagbag.py:545} INFO - Filling up the DagBag from /opt/airflow/dags/minio_to_snowflake.py
[2026-03-31T11:29:55.710+0000] {processor.py:840} INFO - DAG(s) 'minio_to_snowflake_pipeline' retrieved from /opt/airflow/dags/minio_to_snowflake.py
[2026-03-31T11:29:55.784+0000] {logging_mixin.py:188} INFO - [2026-03-31T11:29:55.782+0000] {dag.py:3089} INFO - Sync 1 DAGs
[2026-03-31T11:29:55.844+0000] {logging_mixin.py:188} INFO - [2026-03-31T11:29:55.843+0000] {dag.py:3947} INFO - Setting next_dagrun for minio_to_snowflake_pipeline to 2026-03-31 11:10:00+00:00, run_after=2026-03-31 11:20:00+00:00
[2026-03-31T11:29:55.924+0000] {processor.py:183} INFO - Processing /opt/airflow/dags/minio_to_snowflake.py took 5.868 seconds
[2026-03-31T11:30:26.666+0000] {processor.py:161} INFO - Started process (PID=486) to work on /opt/airflow/dags/minio_to_snowflake.py
[2026-03-31T11:30:26.670+0000] {processor.py:830} INFO - Processing file /opt/airflow/dags/minio_to_snowflake.py for tasks to queue
[2026-03-31T11:30:26.688+0000] {logging_mixin.py:188} INFO - [2026-03-31T11:30:26.686+0000] {dagbag.py:545} INFO - Filling up the DagBag from /opt/airflow/dags/minio_to_snowflake.py
[2026-03-31T11:30:29.908+0000] {processor.py:840} INFO - DAG(s) 'minio_to_snowflake_pipeline' retrieved from /opt/airflow/dags/minio_to_snowflake.py
[2026-03-31T11:30:29.980+0000] {logging_mixin.py:188} INFO - [2026-03-31T11:30:29.978+0000] {dag.py:3089} INFO - Sync 1 DAGs
[2026-03-31T11:30:30.034+0000] {logging_mixin.py:188} INFO - [2026-03-31T11:30:30.034+0000] {dag.py:3947} INFO - Setting next_dagrun for minio_to_snowflake_pipeline to 2026-03-31 11:20:00+00:00, run_after=2026-03-31 11:30:00+00:00
[2026-03-31T11:30:30.078+0000] {processor.py:183} INFO - Processing /opt/airflow/dags/minio_to_snowflake.py took 3.464 seconds
[2026-03-31T11:31:00.571+0000] {processor.py:161} INFO - Started process (PID=493) to work on /opt/airflow/dags/minio_to_snowflake.py
[2026-03-31T11:31:00.575+0000] {processor.py:830} INFO - Processing file /opt/airflow/dags/minio_to_snowflake.py for tasks to queue
[2026-03-31T11:31:00.579+0000] {logging_mixin.py:188} INFO - [2026-03-31T11:31:00.579+0000] {dagbag.py:545} INFO - Filling up the DagBag from /opt/airflow/dags/minio_to_snowflake.py
[2026-03-31T11:31:02.430+0000] {processor.py:840} INFO - DAG(s) 'minio_to_snowflake_pipeline' retrieved from /opt/airflow/dags/minio_to_snowflake.py
[2026-03-31T11:31:02.482+0000] {logging_mixin.py:188} INFO - [2026-03-31T11:31:02.481+0000] {dag.py:3089} INFO - Sync 1 DAGs
[2026-03-31T11:31:02.521+0000] {logging_mixin.py:188} INFO - [2026-03-31T11:31:02.521+0000] {dag.py:3947} INFO - Setting next_dagrun for minio_to_snowflake_pipeline to 2026-03-31 11:20:00+00:00, run_after=2026-03-31 11:30:00+00:00
[2026-03-31T11:31:02.560+0000] {processor.py:183} INFO - Processing /opt/airflow/dags/minio_to_snowflake.py took 1.999 seconds
[2026-03-31T11:31:33.363+0000] {processor.py:161} INFO - Started process (PID=500) to work on /opt/airflow/dags/minio_to_snowflake.py
[2026-03-31T11:31:33.367+0000] {processor.py:830} INFO - Processing file /opt/airflow/dags/minio_to_snowflake.py for tasks to queue
[2026-03-31T11:31:33.372+0000] {logging_mixin.py:188} INFO - [2026-03-31T11:31:33.371+0000] {dagbag.py:545} INFO - Filling up the DagBag from /opt/airflow/dags/minio_to_snowflake.py
[2026-03-31T11:31:35.447+0000] {processor.py:840} INFO - DAG(s) 'minio_to_snowflake_pipeline' retrieved from /opt/airflow/dags/minio_to_snowflake.py
[2026-03-31T11:31:35.482+0000] {logging_mixin.py:188} INFO - [2026-03-31T11:31:35.481+0000] {dag.py:3089} INFO - Sync 1 DAGs
[2026-03-31T11:31:35.510+0000] {logging_mixin.py:188} INFO - [2026-03-31T11:31:35.510+0000] {dag.py:3947} INFO - Setting next_dagrun for minio_to_snowflake_pipeline to 2026-03-31 11:20:00+00:00, run_after=2026-03-31 11:30:00+00:00
[2026-03-31T11:31:35.536+0000] {processor.py:183} INFO - Processing /opt/airflow/dags/minio_to_snowflake.py took 2.195 seconds
[2026-03-31T11:32:06.061+0000] {processor.py:161} INFO - Started process (PID=507) to work on /opt/airflow/dags/minio_to_snowflake.py
[2026-03-31T11:32:06.063+0000] {processor.py:830} INFO - Processing file /opt/airflow/dags/minio_to_snowflake.py for tasks to queue
[2026-03-31T11:32:06.067+0000] {logging_mixin.py:188} INFO - [2026-03-31T11:32:06.066+0000] {dagbag.py:545} INFO - Filling up the DagBag from /opt/airflow/dags/minio_to_snowflake.py
[2026-03-31T11:32:09.283+0000] {processor.py:840} INFO - DAG(s) 'minio_to_snowflake_pipeline' retrieved from /opt/airflow/dags/minio_to_snowflake.py
[2026-03-31T11:32:09.384+0000] {logging_mixin.py:188} INFO - [2026-03-31T11:32:09.375+0000] {dag.py:3089} INFO - Sync 1 DAGs
[2026-03-31T11:32:09.445+0000] {logging_mixin.py:188} INFO - [2026-03-31T11:32:09.445+0000] {dag.py:3947} INFO - Setting next_dagrun for minio_to_snowflake_pipeline to 2026-03-31 11:20:00+00:00, run_after=2026-03-31 11:30:00+00:00
[2026-03-31T11:32:09.492+0000] {processor.py:183} INFO - Processing /opt/airflow/dags/minio_to_snowflake.py took 3.443 seconds
[2026-03-31T11:32:39.784+0000] {processor.py:161} INFO - Started process (PID=514) to work on /opt/airflow/dags/minio_to_snowflake.py
[2026-03-31T11:32:39.786+0000] {processor.py:830} INFO - Processing file /opt/airflow/dags/minio_to_snowflake.py for tasks to queue
[2026-03-31T11:32:39.789+0000] {logging_mixin.py:188} INFO - [2026-03-31T11:32:39.788+0000] {dagbag.py:545} INFO - Filling up the DagBag from /opt/airflow/dags/minio_to_snowflake.py
[2026-03-31T11:32:41.817+0000] {processor.py:840} INFO - DAG(s) 'minio_to_snowflake_pipeline' retrieved from /opt/airflow/dags/minio_to_snowflake.py
[2026-03-31T11:32:41.909+0000] {logging_mixin.py:188} INFO - [2026-03-31T11:32:41.908+0000] {dag.py:3089} INFO - Sync 1 DAGs
[2026-03-31T11:32:41.982+0000] {logging_mixin.py:188} INFO - [2026-03-31T11:32:41.981+0000] {dag.py:3947} INFO - Setting next_dagrun for minio_to_snowflake_pipeline to 2026-03-31 11:20:00+00:00, run_after=2026-03-31 11:30:00+00:00
[2026-03-31T11:32:42.117+0000] {processor.py:183} INFO - Processing /opt/airflow/dags/minio_to_snowflake.py took 2.344 seconds
[2026-03-31T11:33:12.721+0000] {processor.py:161} INFO - Started process (PID=521) to work on /opt/airflow/dags/minio_to_snowflake.py
[2026-03-31T11:33:12.725+0000] {processor.py:830} INFO - Processing file /opt/airflow/dags/minio_to_snowflake.py for tasks to queue
[2026-03-31T11:33:12.733+0000] {logging_mixin.py:188} INFO - [2026-03-31T11:33:12.732+0000] {dagbag.py:545} INFO - Filling up the DagBag from /opt/airflow/dags/minio_to_snowflake.py
[2026-03-31T11:33:14.750+0000] {processor.py:840} INFO - DAG(s) 'minio_to_snowflake_pipeline' retrieved from /opt/airflow/dags/minio_to_snowflake.py
[2026-03-31T11:33:14.802+0000] {logging_mixin.py:188} INFO - [2026-03-31T11:33:14.801+0000] {dag.py:3089} INFO - Sync 1 DAGs
[2026-03-31T11:33:14.877+0000] {logging_mixin.py:188} INFO - [2026-03-31T11:33:14.877+0000] {dag.py:3947} INFO - Setting next_dagrun for minio_to_snowflake_pipeline to 2026-03-31 11:20:00+00:00, run_after=2026-03-31 11:30:00+00:00
[2026-03-31T11:33:14.952+0000] {processor.py:183} INFO - Processing /opt/airflow/dags/minio_to_snowflake.py took 2.260 seconds
[2026-03-31T11:33:45.201+0000] {processor.py:161} INFO - Started process (PID=528) to work on /opt/airflow/dags/minio_to_snowflake.py
[2026-03-31T11:33:45.204+0000] {processor.py:830} INFO - Processing file /opt/airflow/dags/minio_to_snowflake.py for tasks to queue
[2026-03-31T11:33:45.207+0000] {logging_mixin.py:188} INFO - [2026-03-31T11:33:45.207+0000] {dagbag.py:545} INFO - Filling up the DagBag from /opt/airflow/dags/minio_to_snowflake.py
[2026-03-31T11:33:46.862+0000] {processor.py:840} INFO - DAG(s) 'minio_to_snowflake_pipeline' retrieved from /opt/airflow/dags/minio_to_snowflake.py
[2026-03-31T11:33:46.910+0000] {logging_mixin.py:188} INFO - [2026-03-31T11:33:46.909+0000] {dag.py:3089} INFO - Sync 1 DAGs
[2026-03-31T11:33:46.944+0000] {logging_mixin.py:188} INFO - [2026-03-31T11:33:46.944+0000] {dag.py:3947} INFO - Setting next_dagrun for minio_to_snowflake_pipeline to 2026-03-31 11:20:00+00:00, run_after=2026-03-31 11:30:00+00:00
[2026-03-31T11:33:46.970+0000] {processor.py:183} INFO - Processing /opt/airflow/dags/minio_to_snowflake.py took 1.786 seconds
[2026-03-31T11:34:17.198+0000] {processor.py:161} INFO - Started process (PID=535) to work on /opt/airflow/dags/minio_to_snowflake.py
[2026-03-31T11:34:17.201+0000] {processor.py:830} INFO - Processing file /opt/airflow/dags/minio_to_snowflake.py for tasks to queue
[2026-03-31T11:34:17.206+0000] {logging_mixin.py:188} INFO - [2026-03-31T11:34:17.205+0000] {dagbag.py:545} INFO - Filling up the DagBag from /opt/airflow/dags/minio_to_snowflake.py
[2026-03-31T11:34:19.737+0000] {processor.py:840} INFO - DAG(s) 'minio_to_snowflake_pipeline' retrieved from /opt/airflow/dags/minio_to_snowflake.py
[2026-03-31T11:34:19.778+0000] {logging_mixin.py:188} INFO - [2026-03-31T11:34:19.776+0000] {dag.py:3089} INFO - Sync 1 DAGs
[2026-03-31T11:34:19.807+0000] {logging_mixin.py:188} INFO - [2026-03-31T11:34:19.807+0000] {dag.py:3947} INFO - Setting next_dagrun for minio_to_snowflake_pipeline to 2026-03-31 11:20:00+00:00, run_after=2026-03-31 11:30:00+00:00
[2026-03-31T11:34:19.836+0000] {processor.py:183} INFO - Processing /opt/airflow/dags/minio_to_snowflake.py took 2.650 seconds
[2026-03-31T11:34:50.595+0000] {processor.py:161} INFO - Started process (PID=542) to work on /opt/airflow/dags/minio_to_snowflake.py
[2026-03-31T11:34:50.598+0000] {processor.py:830} INFO - Processing file /opt/airflow/dags/minio_to_snowflake.py for tasks to queue
[2026-03-31T11:34:50.602+0000] {logging_mixin.py:188} INFO - [2026-03-31T11:34:50.602+0000] {dagbag.py:545} INFO - Filling up the DagBag from /opt/airflow/dags/minio_to_snowflake.py
[2026-03-31T11:34:52.281+0000] {processor.py:840} INFO - DAG(s) 'minio_to_snowflake_pipeline' retrieved from /opt/airflow/dags/minio_to_snowflake.py
[2026-03-31T11:34:52.321+0000] {logging_mixin.py:188} INFO - [2026-03-31T11:34:52.320+0000] {dag.py:3089} INFO - Sync 1 DAGs
[2026-03-31T11:34:52.352+0000] {logging_mixin.py:188} INFO - [2026-03-31T11:34:52.351+0000] {dag.py:3947} INFO - Setting next_dagrun for minio_to_snowflake_pipeline to 2026-03-31 11:20:00+00:00, run_after=2026-03-31 11:30:00+00:00
[2026-03-31T11:34:52.385+0000] {processor.py:183} INFO - Processing /opt/airflow/dags/minio_to_snowflake.py took 1.801 seconds
[2026-03-31T11:35:23.390+0000] {processor.py:161} INFO - Started process (PID=549) to work on /opt/airflow/dags/minio_to_snowflake.py
[2026-03-31T11:35:23.393+0000] {processor.py:830} INFO - Processing file /opt/airflow/dags/minio_to_snowflake.py for tasks to queue
[2026-03-31T11:35:23.404+0000] {logging_mixin.py:188} INFO - [2026-03-31T11:35:23.402+0000] {dagbag.py:545} INFO - Filling up the DagBag from /opt/airflow/dags/minio_to_snowflake.py
[2026-03-31T11:35:24.863+0000] {processor.py:840} INFO - DAG(s) 'minio_to_snowflake_pipeline' retrieved from /opt/airflow/dags/minio_to_snowflake.py
[2026-03-31T11:35:24.915+0000] {logging_mixin.py:188} INFO - [2026-03-31T11:35:24.914+0000] {dag.py:3089} INFO - Sync 1 DAGs
[2026-03-31T11:35:24.943+0000] {logging_mixin.py:188} INFO - [2026-03-31T11:35:24.943+0000] {dag.py:3947} INFO - Setting next_dagrun for minio_to_snowflake_pipeline to 2026-03-31 11:20:00+00:00, run_after=2026-03-31 11:30:00+00:00
[2026-03-31T11:35:24.970+0000] {processor.py:183} INFO - Processing /opt/airflow/dags/minio_to_snowflake.py took 1.618 seconds
[2026-03-31T11:35:55.722+0000] {processor.py:161} INFO - Started process (PID=556) to work on /opt/airflow/dags/minio_to_snowflake.py
[2026-03-31T11:35:55.728+0000] {processor.py:830} INFO - Processing file /opt/airflow/dags/minio_to_snowflake.py for tasks to queue
[2026-03-31T11:35:55.740+0000] {logging_mixin.py:188} INFO - [2026-03-31T11:35:55.738+0000] {dagbag.py:545} INFO - Filling up the DagBag from /opt/airflow/dags/minio_to_snowflake.py
[2026-03-31T11:35:57.389+0000] {processor.py:840} INFO - DAG(s) 'minio_to_snowflake_pipeline' retrieved from /opt/airflow/dags/minio_to_snowflake.py
[2026-03-31T11:35:57.429+0000] {logging_mixin.py:188} INFO - [2026-03-31T11:35:57.428+0000] {dag.py:3089} INFO - Sync 1 DAGs
[2026-03-31T11:35:57.460+0000] {logging_mixin.py:188} INFO - [2026-03-31T11:35:57.459+0000] {dag.py:3947} INFO - Setting next_dagrun for minio_to_snowflake_pipeline to 2026-03-31 11:20:00+00:00, run_after=2026-03-31 11:30:00+00:00
[2026-03-31T11:35:57.529+0000] {processor.py:183} INFO - Processing /opt/airflow/dags/minio_to_snowflake.py took 1.849 seconds
[2026-03-31T11:36:28.387+0000] {processor.py:161} INFO - Started process (PID=563) to work on /opt/airflow/dags/minio_to_snowflake.py
[2026-03-31T11:36:28.419+0000] {processor.py:830} INFO - Processing file /opt/airflow/dags/minio_to_snowflake.py for tasks to queue
[2026-03-31T11:36:28.427+0000] {logging_mixin.py:188} INFO - [2026-03-31T11:36:28.425+0000] {dagbag.py:545} INFO - Filling up the DagBag from /opt/airflow/dags/minio_to_snowflake.py
[2026-03-31T11:36:30.047+0000] {processor.py:840} INFO - DAG(s) 'minio_to_snowflake_pipeline' retrieved from /opt/airflow/dags/minio_to_snowflake.py
[2026-03-31T11:36:30.086+0000] {logging_mixin.py:188} INFO - [2026-03-31T11:36:30.084+0000] {dag.py:3089} INFO - Sync 1 DAGs
[2026-03-31T11:36:30.112+0000] {logging_mixin.py:188} INFO - [2026-03-31T11:36:30.112+0000] {dag.py:3947} INFO - Setting next_dagrun for minio_to_snowflake_pipeline to 2026-03-31 11:20:00+00:00, run_after=2026-03-31 11:30:00+00:00
[2026-03-31T11:36:30.137+0000] {processor.py:183} INFO - Processing /opt/airflow/dags/minio_to_snowflake.py took 1.797 seconds
[2026-03-31T11:37:00.887+0000] {processor.py:161} INFO - Started process (PID=570) to work on /opt/airflow/dags/minio_to_snowflake.py
[2026-03-31T11:37:00.890+0000] {processor.py:830} INFO - Processing file /opt/airflow/dags/minio_to_snowflake.py for tasks to queue
[2026-03-31T11:37:00.906+0000] {logging_mixin.py:188} INFO - [2026-03-31T11:37:00.905+0000] {dagbag.py:545} INFO - Filling up the DagBag from /opt/airflow/dags/minio_to_snowflake.py
[2026-03-31T11:37:03.611+0000] {processor.py:840} INFO - DAG(s) 'minio_to_snowflake_pipeline' retrieved from /opt/airflow/dags/minio_to_snowflake.py
[2026-03-31T11:37:03.708+0000] {logging_mixin.py:188} INFO - [2026-03-31T11:37:03.707+0000] {dag.py:3089} INFO - Sync 1 DAGs
[2026-03-31T11:37:03.778+0000] {logging_mixin.py:188} INFO - [2026-03-31T11:37:03.778+0000] {dag.py:3947} INFO - Setting next_dagrun for minio_to_snowflake_pipeline to 2026-03-31 11:20:00+00:00, run_after=2026-03-31 11:30:00+00:00
[2026-03-31T11:37:03.836+0000] {processor.py:183} INFO - Processing /opt/airflow/dags/minio_to_snowflake.py took 2.992 seconds
[2026-03-31T11:37:34.681+0000] {processor.py:161} INFO - Started process (PID=577) to work on /opt/airflow/dags/minio_to_snowflake.py
[2026-03-31T11:37:34.683+0000] {processor.py:830} INFO - Processing file /opt/airflow/dags/minio_to_snowflake.py for tasks to queue
[2026-03-31T11:37:34.687+0000] {logging_mixin.py:188} INFO - [2026-03-31T11:37:34.687+0000] {dagbag.py:545} INFO - Filling up the DagBag from /opt/airflow/dags/minio_to_snowflake.py
[2026-03-31T11:37:36.291+0000] {processor.py:840} INFO - DAG(s) 'minio_to_snowflake_pipeline' retrieved from /opt/airflow/dags/minio_to_snowflake.py
[2026-03-31T11:37:36.346+0000] {logging_mixin.py:188} INFO - [2026-03-31T11:37:36.344+0000] {dag.py:3089} INFO - Sync 1 DAGs
[2026-03-31T11:37:36.418+0000] {logging_mixin.py:188} INFO - [2026-03-31T11:37:36.417+0000] {dag.py:3947} INFO - Setting next_dagrun for minio_to_snowflake_pipeline to 2026-03-31 11:20:00+00:00, run_after=2026-03-31 11:30:00+00:00
[2026-03-31T11:37:36.473+0000] {processor.py:183} INFO - Processing /opt/airflow/dags/minio_to_snowflake.py took 1.808 seconds
[2026-03-31T11:38:07.383+0000] {processor.py:161} INFO - Started process (PID=584) to work on /opt/airflow/dags/minio_to_snowflake.py
[2026-03-31T11:38:07.387+0000] {processor.py:830} INFO - Processing file /opt/airflow/dags/minio_to_snowflake.py for tasks to queue
[2026-03-31T11:38:07.395+0000] {logging_mixin.py:188} INFO - [2026-03-31T11:38:07.394+0000] {dagbag.py:545} INFO - Filling up the DagBag from /opt/airflow/dags/minio_to_snowflake.py
[2026-03-31T11:38:09.329+0000] {processor.py:840} INFO - DAG(s) 'minio_to_snowflake_pipeline' retrieved from /opt/airflow/dags/minio_to_snowflake.py
[2026-03-31T11:38:09.375+0000] {logging_mixin.py:188} INFO - [2026-03-31T11:38:09.374+0000] {dag.py:3089} INFO - Sync 1 DAGs
[2026-03-31T11:38:09.409+0000] {logging_mixin.py:188} INFO - [2026-03-31T11:38:09.409+0000] {dag.py:3947} INFO - Setting next_dagrun for minio_to_snowflake_pipeline to 2026-03-31 11:20:00+00:00, run_after=2026-03-31 11:30:00+00:00
[2026-03-31T11:38:09.439+0000] {processor.py:183} INFO - Processing /opt/airflow/dags/minio_to_snowflake.py took 2.099 seconds
[2026-03-31T11:38:39.950+0000] {processor.py:161} INFO - Started process (PID=591) to work on /opt/airflow/dags/minio_to_snowflake.py
[2026-03-31T11:38:39.952+0000] {processor.py:830} INFO - Processing file /opt/airflow/dags/minio_to_snowflake.py for tasks to queue
[2026-03-31T11:38:39.955+0000] {logging_mixin.py:188} INFO - [2026-03-31T11:38:39.955+0000] {dagbag.py:545} INFO - Filling up the DagBag from /opt/airflow/dags/minio_to_snowflake.py
[2026-03-31T11:38:41.556+0000] {processor.py:840} INFO - DAG(s) 'minio_to_snowflake_pipeline' retrieved from /opt/airflow/dags/minio_to_snowflake.py
[2026-03-31T11:38:41.597+0000] {logging_mixin.py:188} INFO - [2026-03-31T11:38:41.594+0000] {dag.py:3089} INFO - Sync 1 DAGs
[2026-03-31T11:38:41.624+0000] {logging_mixin.py:188} INFO - [2026-03-31T11:38:41.623+0000] {dag.py:3947} INFO - Setting next_dagrun for minio_to_snowflake_pipeline to 2026-03-31 11:20:00+00:00, run_after=2026-03-31 11:30:00+00:00
[2026-03-31T11:38:41.654+0000] {processor.py:183} INFO - Processing /opt/airflow/dags/minio_to_snowflake.py took 1.716 seconds
[2026-03-31T11:39:12.461+0000] {processor.py:161} INFO - Started process (PID=598) to work on /opt/airflow/dags/minio_to_snowflake.py
[2026-03-31T11:39:12.467+0000] {processor.py:830} INFO - Processing file /opt/airflow/dags/minio_to_snowflake.py for tasks to queue
[2026-03-31T11:39:12.481+0000] {logging_mixin.py:188} INFO - [2026-03-31T11:39:12.478+0000] {dagbag.py:545} INFO - Filling up the DagBag from /opt/airflow/dags/minio_to_snowflake.py
[2026-03-31T11:39:14.211+0000] {processor.py:840} INFO - DAG(s) 'minio_to_snowflake_pipeline' retrieved from /opt/airflow/dags/minio_to_snowflake.py
[2026-03-31T11:39:14.252+0000] {logging_mixin.py:188} INFO - [2026-03-31T11:39:14.251+0000] {dag.py:3089} INFO - Sync 1 DAGs
[2026-03-31T11:39:14.281+0000] {logging_mixin.py:188} INFO - [2026-03-31T11:39:14.281+0000] {dag.py:3947} INFO - Setting next_dagrun for minio_to_snowflake_pipeline to 2026-03-31 11:20:00+00:00, run_after=2026-03-31 11:30:00+00:00
[2026-03-31T11:39:14.312+0000] {processor.py:183} INFO - Processing /opt/airflow/dags/minio_to_snowflake.py took 1.902 seconds
[2026-03-31T11:39:45.407+0000] {processor.py:161} INFO - Started process (PID=605) to work on /opt/airflow/dags/minio_to_snowflake.py
[2026-03-31T11:39:45.414+0000] {processor.py:830} INFO - Processing file /opt/airflow/dags/minio_to_snowflake.py for tasks to queue
[2026-03-31T11:39:45.430+0000] {logging_mixin.py:188} INFO - [2026-03-31T11:39:45.427+0000] {dagbag.py:545} INFO - Filling up the DagBag from /opt/airflow/dags/minio_to_snowflake.py
[2026-03-31T11:39:47.527+0000] {processor.py:840} INFO - DAG(s) 'minio_to_snowflake_pipeline' retrieved from /opt/airflow/dags/minio_to_snowflake.py
[2026-03-31T11:39:47.579+0000] {logging_mixin.py:188} INFO - [2026-03-31T11:39:47.578+0000] {dag.py:3089} INFO - Sync 1 DAGs
[2026-03-31T11:39:47.617+0000] {logging_mixin.py:188} INFO - [2026-03-31T11:39:47.617+0000] {dag.py:3947} INFO - Setting next_dagrun for minio_to_snowflake_pipeline to 2026-03-31 11:20:00+00:00, run_after=2026-03-31 11:30:00+00:00
[2026-03-31T11:39:47.654+0000] {processor.py:183} INFO - Processing /opt/airflow/dags/minio_to_snowflake.py took 2.301 seconds
[2026-03-31T11:40:18.082+0000] {processor.py:161} INFO - Started process (PID=612) to work on /opt/airflow/dags/minio_to_snowflake.py
[2026-03-31T11:40:18.085+0000] {processor.py:830} INFO - Processing file /opt/airflow/dags/minio_to_snowflake.py for tasks to queue
[2026-03-31T11:40:18.089+0000] {logging_mixin.py:188} INFO - [2026-03-31T11:40:18.088+0000] {dagbag.py:545} INFO - Filling up the DagBag from /opt/airflow/dags/minio_to_snowflake.py
[2026-03-31T11:40:20.135+0000] {processor.py:840} INFO - DAG(s) 'minio_to_snowflake_pipeline' retrieved from /opt/airflow/dags/minio_to_snowflake.py
[2026-03-31T11:40:20.233+0000] {logging_mixin.py:188} INFO - [2026-03-31T11:40:20.231+0000] {dag.py:3089} INFO - Sync 1 DAGs
[2026-03-31T11:40:20.314+0000] {logging_mixin.py:188} INFO - [2026-03-31T11:40:20.314+0000] {dag.py:3947} INFO - Setting next_dagrun for minio_to_snowflake_pipeline to 2026-03-31 11:30:00+00:00, run_after=2026-03-31 11:40:00+00:00
[2026-03-31T11:40:20.348+0000] {processor.py:183} INFO - Processing /opt/airflow/dags/minio_to_snowflake.py took 2.283 seconds
[2026-03-31T11:40:50.948+0000] {processor.py:161} INFO - Started process (PID=619) to work on /opt/airflow/dags/minio_to_snowflake.py
[2026-03-31T11:40:50.950+0000] {processor.py:830} INFO - Processing file /opt/airflow/dags/minio_to_snowflake.py for tasks to queue
[2026-03-31T11:40:50.956+0000] {logging_mixin.py:188} INFO - [2026-03-31T11:40:50.955+0000] {dagbag.py:545} INFO - Filling up the DagBag from /opt/airflow/dags/minio_to_snowflake.py
[2026-03-31T11:40:52.551+0000] {processor.py:840} INFO - DAG(s) 'minio_to_snowflake_pipeline' retrieved from /opt/airflow/dags/minio_to_snowflake.py
[2026-03-31T11:40:52.594+0000] {logging_mixin.py:188} INFO - [2026-03-31T11:40:52.594+0000] {dag.py:3089} INFO - Sync 1 DAGs
[2026-03-31T11:40:52.622+0000] {logging_mixin.py:188} INFO - [2026-03-31T11:40:52.621+0000] {dag.py:3947} INFO - Setting next_dagrun for minio_to_snowflake_pipeline to 2026-03-31 11:30:00+00:00, run_after=2026-03-31 11:40:00+00:00
[2026-03-31T11:40:52.647+0000] {processor.py:183} INFO - Processing /opt/airflow/dags/minio_to_snowflake.py took 1.711 seconds
[2026-03-31T11:41:23.497+0000] {processor.py:161} INFO - Started process (PID=626) to work on /opt/airflow/dags/minio_to_snowflake.py
[2026-03-31T11:41:23.533+0000] {processor.py:830} INFO - Processing file /opt/airflow/dags/minio_to_snowflake.py for tasks to queue
[2026-03-31T11:41:23.572+0000] {logging_mixin.py:188} INFO - [2026-03-31T11:41:23.571+0000] {dagbag.py:545} INFO - Filling up the DagBag from /opt/airflow/dags/minio_to_snowflake.py
[2026-03-31T11:41:25.400+0000] {processor.py:840} INFO - DAG(s) 'minio_to_snowflake_pipeline' retrieved from /opt/airflow/dags/minio_to_snowflake.py
[2026-03-31T11:41:25.441+0000] {logging_mixin.py:188} INFO - [2026-03-31T11:41:25.441+0000] {dag.py:3089} INFO - Sync 1 DAGs
[2026-03-31T11:41:25.471+0000] {logging_mixin.py:188} INFO - [2026-03-31T11:41:25.470+0000] {dag.py:3947} INFO - Setting next_dagrun for minio_to_snowflake_pipeline to 2026-03-31 11:30:00+00:00, run_after=2026-03-31 11:40:00+00:00
[2026-03-31T11:41:25.497+0000] {processor.py:183} INFO - Processing /opt/airflow/dags/minio_to_snowflake.py took 2.020 seconds
[2026-03-31T11:41:56.108+0000] {processor.py:161} INFO - Started process (PID=633) to work on /opt/airflow/dags/minio_to_snowflake.py
[2026-03-31T11:41:56.111+0000] {processor.py:830} INFO - Processing file /opt/airflow/dags/minio_to_snowflake.py for tasks to queue
[2026-03-31T11:41:56.117+0000] {logging_mixin.py:188} INFO - [2026-03-31T11:41:56.116+0000] {dagbag.py:545} INFO - Filling up the DagBag from /opt/airflow/dags/minio_to_snowflake.py
[2026-03-31T11:41:57.923+0000] {processor.py:840} INFO - DAG(s) 'minio_to_snowflake_pipeline' retrieved from /opt/airflow/dags/minio_to_snowflake.py
[2026-03-31T11:41:57.998+0000] {logging_mixin.py:188} INFO - [2026-03-31T11:41:57.997+0000] {dag.py:3089} INFO - Sync 1 DAGs
[2026-03-31T11:41:58.071+0000] {logging_mixin.py:188} INFO - [2026-03-31T11:41:58.071+0000] {dag.py:3947} INFO - Setting next_dagrun for minio_to_snowflake_pipeline to 2026-03-31 11:30:00+00:00, run_after=2026-03-31 11:40:00+00:00
[2026-03-31T11:41:58.121+0000] {processor.py:183} INFO - Processing /opt/airflow/dags/minio_to_snowflake.py took 2.035 seconds
[2026-03-31T11:42:28.788+0000] {processor.py:161} INFO - Started process (PID=640) to work on /opt/airflow/dags/minio_to_snowflake.py
[2026-03-31T11:42:28.792+0000] {processor.py:830} INFO - Processing file /opt/airflow/dags/minio_to_snowflake.py for tasks to queue
[2026-03-31T11:42:28.801+0000] {logging_mixin.py:188} INFO - [2026-03-31T11:42:28.798+0000] {dagbag.py:545} INFO - Filling up the DagBag from /opt/airflow/dags/minio_to_snowflake.py
[2026-03-31T11:42:30.782+0000] {processor.py:840} INFO - DAG(s) 'minio_to_snowflake_pipeline' retrieved from /opt/airflow/dags/minio_to_snowflake.py
[2026-03-31T11:42:30.892+0000] {logging_mixin.py:188} INFO - [2026-03-31T11:42:30.890+0000] {dag.py:3089} INFO - Sync 1 DAGs
[2026-03-31T11:42:30.940+0000] {logging_mixin.py:188} INFO - [2026-03-31T11:42:30.940+0000] {dag.py:3947} INFO - Setting next_dagrun for minio_to_snowflake_pipeline to 2026-03-31 11:30:00+00:00, run_after=2026-03-31 11:40:00+00:00
[2026-03-31T11:42:30.976+0000] {processor.py:183} INFO - Processing /opt/airflow/dags/minio_to_snowflake.py took 2.206 seconds
[2026-03-31T11:43:01.589+0000] {processor.py:161} INFO - Started process (PID=647) to work on /opt/airflow/dags/minio_to_snowflake.py
[2026-03-31T11:43:01.591+0000] {processor.py:830} INFO - Processing file /opt/airflow/dags/minio_to_snowflake.py for tasks to queue
[2026-03-31T11:43:01.594+0000] {logging_mixin.py:188} INFO - [2026-03-31T11:43:01.594+0000] {dagbag.py:545} INFO - Filling up the DagBag from /opt/airflow/dags/minio_to_snowflake.py
[2026-03-31T11:43:03.237+0000] {processor.py:840} INFO - DAG(s) 'minio_to_snowflake_pipeline' retrieved from /opt/airflow/dags/minio_to_snowflake.py
[2026-03-31T11:43:03.274+0000] {logging_mixin.py:188} INFO - [2026-03-31T11:43:03.272+0000] {dag.py:3089} INFO - Sync 1 DAGs
[2026-03-31T11:43:03.302+0000] {logging_mixin.py:188} INFO - [2026-03-31T11:43:03.302+0000] {dag.py:3947} INFO - Setting next_dagrun for minio_to_snowflake_pipeline to 2026-03-31 11:30:00+00:00, run_after=2026-03-31 11:40:00+00:00
[2026-03-31T11:43:03.352+0000] {processor.py:183} INFO - Processing /opt/airflow/dags/minio_to_snowflake.py took 1.779 seconds
[2026-03-31T11:43:33.994+0000] {processor.py:161} INFO - Started process (PID=654) to work on /opt/airflow/dags/minio_to_snowflake.py
[2026-03-31T11:43:34.008+0000] {processor.py:830} INFO - Processing file /opt/airflow/dags/minio_to_snowflake.py for tasks to queue
[2026-03-31T11:43:34.026+0000] {logging_mixin.py:188} INFO - [2026-03-31T11:43:34.018+0000] {dagbag.py:545} INFO - Filling up the DagBag from /opt/airflow/dags/minio_to_snowflake.py
[2026-03-31T11:43:43.817+0000] {processor.py:840} INFO - DAG(s) 'minio_to_snowflake_pipeline' retrieved from /opt/airflow/dags/minio_to_snowflake.py
[2026-03-31T11:43:44.015+0000] {logging_mixin.py:188} INFO - [2026-03-31T11:43:44.007+0000] {dag.py:3089} INFO - Sync 1 DAGs
[2026-03-31T11:43:44.126+0000] {logging_mixin.py:188} INFO - [2026-03-31T11:43:44.125+0000] {dag.py:3947} INFO - Setting next_dagrun for minio_to_snowflake_pipeline to 2026-03-31 11:30:00+00:00, run_after=2026-03-31 11:40:00+00:00
[2026-03-31T11:43:44.251+0000] {processor.py:183} INFO - Processing /opt/airflow/dags/minio_to_snowflake.py took 10.369 seconds
[2026-03-31T11:44:15.484+0000] {processor.py:161} INFO - Started process (PID=661) to work on /opt/airflow/dags/minio_to_snowflake.py
[2026-03-31T11:44:15.489+0000] {processor.py:830} INFO - Processing file /opt/airflow/dags/minio_to_snowflake.py for tasks to queue
[2026-03-31T11:44:15.522+0000] {logging_mixin.py:188} INFO - [2026-03-31T11:44:15.520+0000] {dagbag.py:545} INFO - Filling up the DagBag from /opt/airflow/dags/minio_to_snowflake.py
[2026-03-31T11:44:22.996+0000] {processor.py:840} INFO - DAG(s) 'minio_to_snowflake_pipeline' retrieved from /opt/airflow/dags/minio_to_snowflake.py
[2026-03-31T11:44:23.151+0000] {logging_mixin.py:188} INFO - [2026-03-31T11:44:23.149+0000] {dag.py:3089} INFO - Sync 1 DAGs
[2026-03-31T11:44:23.306+0000] {logging_mixin.py:188} INFO - [2026-03-31T11:44:23.302+0000] {dag.py:3947} INFO - Setting next_dagrun for minio_to_snowflake_pipeline to 2026-03-31 11:30:00+00:00, run_after=2026-03-31 11:40:00+00:00
[2026-03-31T11:44:23.456+0000] {processor.py:183} INFO - Processing /opt/airflow/dags/minio_to_snowflake.py took 8.013 seconds
[2026-03-31T11:44:54.670+0000] {processor.py:161} INFO - Started process (PID=668) to work on /opt/airflow/dags/minio_to_snowflake.py
[2026-03-31T11:44:54.673+0000] {processor.py:830} INFO - Processing file /opt/airflow/dags/minio_to_snowflake.py for tasks to queue
[2026-03-31T11:44:54.677+0000] {logging_mixin.py:188} INFO - [2026-03-31T11:44:54.676+0000] {dagbag.py:545} INFO - Filling up the DagBag from /opt/airflow/dags/minio_to_snowflake.py
[2026-03-31T11:44:57.456+0000] {processor.py:840} INFO - DAG(s) 'minio_to_snowflake_pipeline' retrieved from /opt/airflow/dags/minio_to_snowflake.py
[2026-03-31T11:44:57.518+0000] {logging_mixin.py:188} INFO - [2026-03-31T11:44:57.517+0000] {dag.py:3089} INFO - Sync 1 DAGs
[2026-03-31T11:44:57.580+0000] {logging_mixin.py:188} INFO - [2026-03-31T11:44:57.579+0000] {dag.py:3947} INFO - Setting next_dagrun for minio_to_snowflake_pipeline to 2026-03-31 11:30:00+00:00, run_after=2026-03-31 11:40:00+00:00
[2026-03-31T11:44:57.624+0000] {processor.py:183} INFO - Processing /opt/airflow/dags/minio_to_snowflake.py took 2.973 seconds
[2026-03-31T11:45:29.078+0000] {processor.py:161} INFO - Started process (PID=675) to work on /opt/airflow/dags/minio_to_snowflake.py
[2026-03-31T11:45:29.271+0000] {processor.py:830} INFO - Processing file /opt/airflow/dags/minio_to_snowflake.py for tasks to queue
[2026-03-31T11:45:29.403+0000] {logging_mixin.py:188} INFO - [2026-03-31T11:45:29.402+0000] {dagbag.py:545} INFO - Filling up the DagBag from /opt/airflow/dags/minio_to_snowflake.py
[2026-03-31T11:45:37.962+0000] {processor.py:840} INFO - DAG(s) 'minio_to_snowflake_pipeline' retrieved from /opt/airflow/dags/minio_to_snowflake.py
[2026-03-31T11:45:38.126+0000] {logging_mixin.py:188} INFO - [2026-03-31T11:45:38.122+0000] {dag.py:3089} INFO - Sync 1 DAGs
[2026-03-31T11:45:38.223+0000] {logging_mixin.py:188} INFO - [2026-03-31T11:45:38.222+0000] {dag.py:3947} INFO - Setting next_dagrun for minio_to_snowflake_pipeline to 2026-03-31 11:30:00+00:00, run_after=2026-03-31 11:40:00+00:00
[2026-03-31T11:45:38.322+0000] {processor.py:183} INFO - Processing /opt/airflow/dags/minio_to_snowflake.py took 9.292 seconds
[2026-03-31T11:46:09.635+0000] {processor.py:161} INFO - Started process (PID=682) to work on /opt/airflow/dags/minio_to_snowflake.py
[2026-03-31T11:46:09.646+0000] {processor.py:830} INFO - Processing file /opt/airflow/dags/minio_to_snowflake.py for tasks to queue
[2026-03-31T11:46:09.658+0000] {logging_mixin.py:188} INFO - [2026-03-31T11:46:09.657+0000] {dagbag.py:545} INFO - Filling up the DagBag from /opt/airflow/dags/minio_to_snowflake.py
[2026-03-31T11:46:12.790+0000] {processor.py:840} INFO - DAG(s) 'minio_to_snowflake_pipeline' retrieved from /opt/airflow/dags/minio_to_snowflake.py
[2026-03-31T11:46:12.998+0000] {logging_mixin.py:188} INFO - [2026-03-31T11:46:12.996+0000] {dag.py:3089} INFO - Sync 1 DAGs
[2026-03-31T11:46:13.077+0000] {logging_mixin.py:188} INFO - [2026-03-31T11:46:13.076+0000] {dag.py:3947} INFO - Setting next_dagrun for minio_to_snowflake_pipeline to 2026-03-31 11:30:00+00:00, run_after=2026-03-31 11:40:00+00:00
[2026-03-31T11:46:13.146+0000] {processor.py:183} INFO - Processing /opt/airflow/dags/minio_to_snowflake.py took 3.530 seconds
[2026-03-31T11:46:43.466+0000] {processor.py:161} INFO - Started process (PID=689) to work on /opt/airflow/dags/minio_to_snowflake.py
[2026-03-31T11:46:43.478+0000] {processor.py:830} INFO - Processing file /opt/airflow/dags/minio_to_snowflake.py for tasks to queue
[2026-03-31T11:46:43.485+0000] {logging_mixin.py:188} INFO - [2026-03-31T11:46:43.485+0000] {dagbag.py:545} INFO - Filling up the DagBag from /opt/airflow/dags/minio_to_snowflake.py
[2026-03-31T11:46:45.469+0000] {processor.py:840} INFO - DAG(s) 'minio_to_snowflake_pipeline' retrieved from /opt/airflow/dags/minio_to_snowflake.py
[2026-03-31T11:46:45.529+0000] {logging_mixin.py:188} INFO - [2026-03-31T11:46:45.528+0000] {dag.py:3089} INFO - Sync 1 DAGs
[2026-03-31T11:46:45.570+0000] {logging_mixin.py:188} INFO - [2026-03-31T11:46:45.570+0000] {dag.py:3947} INFO - Setting next_dagrun for minio_to_snowflake_pipeline to 2026-03-31 11:30:00+00:00, run_after=2026-03-31 11:40:00+00:00
[2026-03-31T11:46:45.618+0000] {processor.py:183} INFO - Processing /opt/airflow/dags/minio_to_snowflake.py took 2.185 seconds
[2026-03-31T11:47:16.266+0000] {processor.py:161} INFO - Started process (PID=696) to work on /opt/airflow/dags/minio_to_snowflake.py
[2026-03-31T11:47:16.268+0000] {processor.py:830} INFO - Processing file /opt/airflow/dags/minio_to_snowflake.py for tasks to queue
[2026-03-31T11:47:16.272+0000] {logging_mixin.py:188} INFO - [2026-03-31T11:47:16.272+0000] {dagbag.py:545} INFO - Filling up the DagBag from /opt/airflow/dags/minio_to_snowflake.py
[2026-03-31T11:47:18.037+0000] {processor.py:840} INFO - DAG(s) 'minio_to_snowflake_pipeline' retrieved from /opt/airflow/dags/minio_to_snowflake.py
[2026-03-31T11:47:18.088+0000] {logging_mixin.py:188} INFO - [2026-03-31T11:47:18.086+0000] {dag.py:3089} INFO - Sync 1 DAGs
[2026-03-31T11:47:18.134+0000] {logging_mixin.py:188} INFO - [2026-03-31T11:47:18.134+0000] {dag.py:3947} INFO - Setting next_dagrun for minio_to_snowflake_pipeline to 2026-03-31 11:30:00+00:00, run_after=2026-03-31 11:40:00+00:00
[2026-03-31T11:47:18.180+0000] {processor.py:183} INFO - Processing /opt/airflow/dags/minio_to_snowflake.py took 1.929 seconds
[2026-03-31T11:47:48.532+0000] {processor.py:161} INFO - Started process (PID=703) to work on /opt/airflow/dags/minio_to_snowflake.py
[2026-03-31T11:47:48.536+0000] {processor.py:830} INFO - Processing file /opt/airflow/dags/minio_to_snowflake.py for tasks to queue
[2026-03-31T11:47:48.541+0000] {logging_mixin.py:188} INFO - [2026-03-31T11:47:48.540+0000] {dagbag.py:545} INFO - Filling up the DagBag from /opt/airflow/dags/minio_to_snowflake.py
[2026-03-31T11:48:01.013+0000] {processor.py:840} INFO - DAG(s) 'minio_to_snowflake_pipeline' retrieved from /opt/airflow/dags/minio_to_snowflake.py
[2026-03-31T11:48:01.286+0000] {logging_mixin.py:188} INFO - [2026-03-31T11:48:01.282+0000] {dag.py:3089} INFO - Sync 1 DAGs
[2026-03-31T11:48:01.659+0000] {logging_mixin.py:188} INFO - [2026-03-31T11:48:01.656+0000] {dag.py:3947} INFO - Setting next_dagrun for minio_to_snowflake_pipeline to 2026-03-31 11:30:00+00:00, run_after=2026-03-31 11:40:00+00:00
[2026-03-31T11:48:01.839+0000] {processor.py:183} INFO - Processing /opt/airflow/dags/minio_to_snowflake.py took 13.333 seconds
[2026-03-31T11:48:32.705+0000] {processor.py:161} INFO - Started process (PID=710) to work on /opt/airflow/dags/minio_to_snowflake.py
[2026-03-31T11:48:32.711+0000] {processor.py:830} INFO - Processing file /opt/airflow/dags/minio_to_snowflake.py for tasks to queue
[2026-03-31T11:48:32.722+0000] {logging_mixin.py:188} INFO - [2026-03-31T11:48:32.720+0000] {dagbag.py:545} INFO - Filling up the DagBag from /opt/airflow/dags/minio_to_snowflake.py
[2026-03-31T11:48:39.978+0000] {processor.py:840} INFO - DAG(s) 'minio_to_snowflake_pipeline' retrieved from /opt/airflow/dags/minio_to_snowflake.py
[2026-03-31T11:48:40.475+0000] {logging_mixin.py:188} INFO - [2026-03-31T11:48:40.470+0000] {dag.py:3089} INFO - Sync 1 DAGs
[2026-03-31T11:48:40.919+0000] {logging_mixin.py:188} INFO - [2026-03-31T11:48:40.906+0000] {dag.py:3947} INFO - Setting next_dagrun for minio_to_snowflake_pipeline to 2026-03-31 11:30:00+00:00, run_after=2026-03-31 11:40:00+00:00
[2026-03-31T11:48:41.194+0000] {processor.py:183} INFO - Processing /opt/airflow/dags/minio_to_snowflake.py took 8.524 seconds
[2026-03-31T11:49:17.135+0000] {processor.py:161} INFO - Started process (PID=717) to work on /opt/airflow/dags/minio_to_snowflake.py
[2026-03-31T11:49:17.152+0000] {processor.py:830} INFO - Processing file /opt/airflow/dags/minio_to_snowflake.py for tasks to queue
[2026-03-31T11:49:17.188+0000] {logging_mixin.py:188} INFO - [2026-03-31T11:49:17.184+0000] {dagbag.py:545} INFO - Filling up the DagBag from /opt/airflow/dags/minio_to_snowflake.py
[2026-03-31T11:49:25.427+0000] {processor.py:840} INFO - DAG(s) 'minio_to_snowflake_pipeline' retrieved from /opt/airflow/dags/minio_to_snowflake.py
[2026-03-31T11:49:26.216+0000] {logging_mixin.py:188} INFO - [2026-03-31T11:49:26.215+0000] {dag.py:3089} INFO - Sync 1 DAGs
[2026-03-31T11:49:28.153+0000] {logging_mixin.py:188} INFO - [2026-03-31T11:49:28.152+0000] {dag.py:3947} INFO - Setting next_dagrun for minio_to_snowflake_pipeline to 2026-03-31 11:30:00+00:00, run_after=2026-03-31 11:40:00+00:00
[2026-03-31T11:49:28.471+0000] {processor.py:183} INFO - Processing /opt/airflow/dags/minio_to_snowflake.py took 11.397 seconds
[2026-03-31T11:49:59.547+0000] {processor.py:161} INFO - Started process (PID=724) to work on /opt/airflow/dags/minio_to_snowflake.py
[2026-03-31T11:49:59.549+0000] {processor.py:830} INFO - Processing file /opt/airflow/dags/minio_to_snowflake.py for tasks to queue
[2026-03-31T11:49:59.558+0000] {logging_mixin.py:188} INFO - [2026-03-31T11:49:59.555+0000] {dagbag.py:545} INFO - Filling up the DagBag from /opt/airflow/dags/minio_to_snowflake.py
[2026-03-31T11:50:10.454+0000] {processor.py:840} INFO - DAG(s) 'minio_to_snowflake_pipeline' retrieved from /opt/airflow/dags/minio_to_snowflake.py
[2026-03-31T11:50:10.728+0000] {logging_mixin.py:188} INFO - [2026-03-31T11:50:10.727+0000] {dag.py:3089} INFO - Sync 1 DAGs
[2026-03-31T11:50:10.911+0000] {logging_mixin.py:188} INFO - [2026-03-31T11:50:10.905+0000] {dag.py:3947} INFO - Setting next_dagrun for minio_to_snowflake_pipeline to 2026-03-31 11:40:00+00:00, run_after=2026-03-31 11:50:00+00:00
[2026-03-31T11:50:11.005+0000] {processor.py:183} INFO - Processing /opt/airflow/dags/minio_to_snowflake.py took 11.503 seconds
[2026-03-31T11:50:46.467+0000] {processor.py:161} INFO - Started process (PID=731) to work on /opt/airflow/dags/minio_to_snowflake.py
[2026-03-31T11:50:46.491+0000] {processor.py:830} INFO - Processing file /opt/airflow/dags/minio_to_snowflake.py for tasks to queue
[2026-03-31T11:50:46.724+0000] {logging_mixin.py:188} INFO - [2026-03-31T11:50:46.681+0000] {dagbag.py:545} INFO - Filling up the DagBag from /opt/airflow/dags/minio_to_snowflake.py
[2026-03-31T11:50:58.862+0000] {processor.py:840} INFO - DAG(s) 'minio_to_snowflake_pipeline' retrieved from /opt/airflow/dags/minio_to_snowflake.py
[2026-03-31T11:50:59.095+0000] {logging_mixin.py:188} INFO - [2026-03-31T11:50:59.094+0000] {dag.py:3089} INFO - Sync 1 DAGs
[2026-03-31T11:50:59.224+0000] {logging_mixin.py:188} INFO - [2026-03-31T11:50:59.223+0000] {dag.py:3947} INFO - Setting next_dagrun for minio_to_snowflake_pipeline to 2026-03-31 11:40:00+00:00, run_after=2026-03-31 11:50:00+00:00
[2026-03-31T11:50:59.373+0000] {processor.py:183} INFO - Processing /opt/airflow/dags/minio_to_snowflake.py took 13.032 seconds
[2026-03-31T11:51:30.454+0000] {processor.py:161} INFO - Started process (PID=738) to work on /opt/airflow/dags/minio_to_snowflake.py
[2026-03-31T11:51:30.459+0000] {processor.py:830} INFO - Processing file /opt/airflow/dags/minio_to_snowflake.py for tasks to queue
[2026-03-31T11:51:30.464+0000] {logging_mixin.py:188} INFO - [2026-03-31T11:51:30.463+0000] {dagbag.py:545} INFO - Filling up the DagBag from /opt/airflow/dags/minio_to_snowflake.py
[2026-03-31T11:51:33.079+0000] {processor.py:840} INFO - DAG(s) 'minio_to_snowflake_pipeline' retrieved from /opt/airflow/dags/minio_to_snowflake.py
[2026-03-31T11:51:33.143+0000] {logging_mixin.py:188} INFO - [2026-03-31T11:51:33.142+0000] {dag.py:3089} INFO - Sync 1 DAGs
[2026-03-31T11:51:33.171+0000] {logging_mixin.py:188} INFO - [2026-03-31T11:51:33.171+0000] {dag.py:3947} INFO - Setting next_dagrun for minio_to_snowflake_pipeline to 2026-03-31 11:40:00+00:00, run_after=2026-03-31 11:50:00+00:00
[2026-03-31T11:51:33.196+0000] {processor.py:183} INFO - Processing /opt/airflow/dags/minio_to_snowflake.py took 2.758 seconds
[2026-03-31T11:52:04.010+0000] {processor.py:161} INFO - Started process (PID=745) to work on /opt/airflow/dags/minio_to_snowflake.py
[2026-03-31T11:52:04.013+0000] {processor.py:830} INFO - Processing file /opt/airflow/dags/minio_to_snowflake.py for tasks to queue
[2026-03-31T11:52:04.028+0000] {logging_mixin.py:188} INFO - [2026-03-31T11:52:04.027+0000] {dagbag.py:545} INFO - Filling up the DagBag from /opt/airflow/dags/minio_to_snowflake.py
[2026-03-31T11:52:09.169+0000] {processor.py:840} INFO - DAG(s) 'minio_to_snowflake_pipeline' retrieved from /opt/airflow/dags/minio_to_snowflake.py
[2026-03-31T11:52:09.302+0000] {logging_mixin.py:188} INFO - [2026-03-31T11:52:09.301+0000] {dag.py:3089} INFO - Sync 1 DAGs
[2026-03-31T11:52:09.407+0000] {logging_mixin.py:188} INFO - [2026-03-31T11:52:09.406+0000] {dag.py:3947} INFO - Setting next_dagrun for minio_to_snowflake_pipeline to 2026-03-31 11:40:00+00:00, run_after=2026-03-31 11:50:00+00:00
[2026-03-31T11:52:09.504+0000] {processor.py:183} INFO - Processing /opt/airflow/dags/minio_to_snowflake.py took 5.519 seconds
[2026-03-31T11:52:40.438+0000] {processor.py:161} INFO - Started process (PID=752) to work on /opt/airflow/dags/minio_to_snowflake.py
[2026-03-31T11:52:40.443+0000] {processor.py:830} INFO - Processing file /opt/airflow/dags/minio_to_snowflake.py for tasks to queue
[2026-03-31T11:52:40.461+0000] {logging_mixin.py:188} INFO - [2026-03-31T11:52:40.460+0000] {dagbag.py:545} INFO - Filling up the DagBag from /opt/airflow/dags/minio_to_snowflake.py
[2026-03-31T11:52:49.326+0000] {processor.py:840} INFO - DAG(s) 'minio_to_snowflake_pipeline' retrieved from /opt/airflow/dags/minio_to_snowflake.py
[2026-03-31T11:52:49.471+0000] {logging_mixin.py:188} INFO - [2026-03-31T11:52:49.469+0000] {dag.py:3089} INFO - Sync 1 DAGs
[2026-03-31T11:52:49.610+0000] {logging_mixin.py:188} INFO - [2026-03-31T11:52:49.609+0000] {dag.py:3947} INFO - Setting next_dagrun for minio_to_snowflake_pipeline to 2026-03-31 11:40:00+00:00, run_after=2026-03-31 11:50:00+00:00
[2026-03-31T11:52:49.692+0000] {processor.py:183} INFO - Processing /opt/airflow/dags/minio_to_snowflake.py took 9.328 seconds
[2026-03-31T11:53:20.313+0000] {processor.py:161} INFO - Started process (PID=759) to work on /opt/airflow/dags/minio_to_snowflake.py
[2026-03-31T11:53:20.335+0000] {processor.py:830} INFO - Processing file /opt/airflow/dags/minio_to_snowflake.py for tasks to queue
[2026-03-31T11:53:20.352+0000] {logging_mixin.py:188} INFO - [2026-03-31T11:53:20.351+0000] {dagbag.py:545} INFO - Filling up the DagBag from /opt/airflow/dags/minio_to_snowflake.py
[2026-03-31T11:53:26.540+0000] {processor.py:840} INFO - DAG(s) 'minio_to_snowflake_pipeline' retrieved from /opt/airflow/dags/minio_to_snowflake.py
[2026-03-31T11:53:26.682+0000] {logging_mixin.py:188} INFO - [2026-03-31T11:53:26.681+0000] {dag.py:3089} INFO - Sync 1 DAGs
[2026-03-31T11:53:26.855+0000] {logging_mixin.py:188} INFO - [2026-03-31T11:53:26.854+0000] {dag.py:3947} INFO - Setting next_dagrun for minio_to_snowflake_pipeline to 2026-03-31 11:40:00+00:00, run_after=2026-03-31 11:50:00+00:00
[2026-03-31T11:53:27.021+0000] {processor.py:183} INFO - Processing /opt/airflow/dags/minio_to_snowflake.py took 6.758 seconds
[2026-03-31T11:53:57.958+0000] {processor.py:161} INFO - Started process (PID=766) to work on /opt/airflow/dags/minio_to_snowflake.py
[2026-03-31T11:53:57.998+0000] {processor.py:830} INFO - Processing file /opt/airflow/dags/minio_to_snowflake.py for tasks to queue
[2026-03-31T11:53:58.050+0000] {logging_mixin.py:188} INFO - [2026-03-31T11:53:58.049+0000] {dagbag.py:545} INFO - Filling up the DagBag from /opt/airflow/dags/minio_to_snowflake.py
[2026-03-31T11:54:03.688+0000] {processor.py:840} INFO - DAG(s) 'minio_to_snowflake_pipeline' retrieved from /opt/airflow/dags/minio_to_snowflake.py
[2026-03-31T11:54:03.793+0000] {logging_mixin.py:188} INFO - [2026-03-31T11:54:03.789+0000] {dag.py:3089} INFO - Sync 1 DAGs
[2026-03-31T11:54:03.903+0000] {logging_mixin.py:188} INFO - [2026-03-31T11:54:03.902+0000] {dag.py:3947} INFO - Setting next_dagrun for minio_to_snowflake_pipeline to 2026-03-31 11:40:00+00:00, run_after=2026-03-31 11:50:00+00:00
[2026-03-31T11:54:03.997+0000] {processor.py:183} INFO - Processing /opt/airflow/dags/minio_to_snowflake.py took 6.073 seconds
[2026-03-31T11:54:35.252+0000] {processor.py:161} INFO - Started process (PID=773) to work on /opt/airflow/dags/minio_to_snowflake.py
[2026-03-31T11:54:35.262+0000] {processor.py:830} INFO - Processing file /opt/airflow/dags/minio_to_snowflake.py for tasks to queue
[2026-03-31T11:54:35.287+0000] {logging_mixin.py:188} INFO - [2026-03-31T11:54:35.275+0000] {dagbag.py:545} INFO - Filling up the DagBag from /opt/airflow/dags/minio_to_snowflake.py
[2026-03-31T11:54:39.290+0000] {processor.py:840} INFO - DAG(s) 'minio_to_snowflake_pipeline' retrieved from /opt/airflow/dags/minio_to_snowflake.py
[2026-03-31T11:54:39.516+0000] {logging_mixin.py:188} INFO - [2026-03-31T11:54:39.515+0000] {dag.py:3089} INFO - Sync 1 DAGs
[2026-03-31T11:54:39.722+0000] {logging_mixin.py:188} INFO - [2026-03-31T11:54:39.721+0000] {dag.py:3947} INFO - Setting next_dagrun for minio_to_snowflake_pipeline to 2026-03-31 11:40:00+00:00, run_after=2026-03-31 11:50:00+00:00
[2026-03-31T11:54:39.838+0000] {processor.py:183} INFO - Processing /opt/airflow/dags/minio_to_snowflake.py took 4.633 seconds
[2026-03-31T11:55:10.709+0000] {processor.py:161} INFO - Started process (PID=780) to work on /opt/airflow/dags/minio_to_snowflake.py
[2026-03-31T11:55:10.713+0000] {processor.py:830} INFO - Processing file /opt/airflow/dags/minio_to_snowflake.py for tasks to queue
[2026-03-31T11:55:10.720+0000] {logging_mixin.py:188} INFO - [2026-03-31T11:55:10.719+0000] {dagbag.py:545} INFO - Filling up the DagBag from /opt/airflow/dags/minio_to_snowflake.py
[2026-03-31T11:55:12.432+0000] {processor.py:840} INFO - DAG(s) 'minio_to_snowflake_pipeline' retrieved from /opt/airflow/dags/minio_to_snowflake.py
[2026-03-31T11:55:12.493+0000] {logging_mixin.py:188} INFO - [2026-03-31T11:55:12.492+0000] {dag.py:3089} INFO - Sync 1 DAGs
[2026-03-31T11:55:12.535+0000] {logging_mixin.py:188} INFO - [2026-03-31T11:55:12.535+0000] {dag.py:3947} INFO - Setting next_dagrun for minio_to_snowflake_pipeline to 2026-03-31 11:40:00+00:00, run_after=2026-03-31 11:50:00+00:00
[2026-03-31T11:55:12.574+0000] {processor.py:183} INFO - Processing /opt/airflow/dags/minio_to_snowflake.py took 1.898 seconds
[2026-03-31T11:55:43.294+0000] {processor.py:161} INFO - Started process (PID=787) to work on /opt/airflow/dags/minio_to_snowflake.py
[2026-03-31T11:55:43.295+0000] {processor.py:830} INFO - Processing file /opt/airflow/dags/minio_to_snowflake.py for tasks to queue
[2026-03-31T11:55:43.299+0000] {logging_mixin.py:188} INFO - [2026-03-31T11:55:43.298+0000] {dagbag.py:545} INFO - Filling up the DagBag from /opt/airflow/dags/minio_to_snowflake.py
[2026-03-31T11:55:44.999+0000] {processor.py:840} INFO - DAG(s) 'minio_to_snowflake_pipeline' retrieved from /opt/airflow/dags/minio_to_snowflake.py
[2026-03-31T11:55:45.036+0000] {logging_mixin.py:188} INFO - [2026-03-31T11:55:45.035+0000] {dag.py:3089} INFO - Sync 1 DAGs
[2026-03-31T11:55:45.066+0000] {logging_mixin.py:188} INFO - [2026-03-31T11:55:45.066+0000] {dag.py:3947} INFO - Setting next_dagrun for minio_to_snowflake_pipeline to 2026-03-31 11:40:00+00:00, run_after=2026-03-31 11:50:00+00:00
[2026-03-31T11:55:45.095+0000] {processor.py:183} INFO - Processing /opt/airflow/dags/minio_to_snowflake.py took 1.811 seconds
[2026-03-31T11:56:15.881+0000] {processor.py:161} INFO - Started process (PID=794) to work on /opt/airflow/dags/minio_to_snowflake.py
[2026-03-31T11:56:15.886+0000] {processor.py:830} INFO - Processing file /opt/airflow/dags/minio_to_snowflake.py for tasks to queue
[2026-03-31T11:56:15.895+0000] {logging_mixin.py:188} INFO - [2026-03-31T11:56:15.894+0000] {dagbag.py:545} INFO - Filling up the DagBag from /opt/airflow/dags/minio_to_snowflake.py
[2026-03-31T11:56:17.716+0000] {processor.py:840} INFO - DAG(s) 'minio_to_snowflake_pipeline' retrieved from /opt/airflow/dags/minio_to_snowflake.py
[2026-03-31T11:56:17.752+0000] {logging_mixin.py:188} INFO - [2026-03-31T11:56:17.751+0000] {dag.py:3089} INFO - Sync 1 DAGs
[2026-03-31T11:56:17.782+0000] {logging_mixin.py:188} INFO - [2026-03-31T11:56:17.781+0000] {dag.py:3947} INFO - Setting next_dagrun for minio_to_snowflake_pipeline to 2026-03-31 11:40:00+00:00, run_after=2026-03-31 11:50:00+00:00
[2026-03-31T11:56:17.811+0000] {processor.py:183} INFO - Processing /opt/airflow/dags/minio_to_snowflake.py took 1.965 seconds
[2026-03-31T11:56:48.634+0000] {processor.py:161} INFO - Started process (PID=801) to work on /opt/airflow/dags/minio_to_snowflake.py
[2026-03-31T11:56:48.636+0000] {processor.py:830} INFO - Processing file /opt/airflow/dags/minio_to_snowflake.py for tasks to queue
[2026-03-31T11:56:48.640+0000] {logging_mixin.py:188} INFO - [2026-03-31T11:56:48.639+0000] {dagbag.py:545} INFO - Filling up the DagBag from /opt/airflow/dags/minio_to_snowflake.py
[2026-03-31T11:56:50.862+0000] {processor.py:840} INFO - DAG(s) 'minio_to_snowflake_pipeline' retrieved from /opt/airflow/dags/minio_to_snowflake.py
[2026-03-31T11:56:50.908+0000] {logging_mixin.py:188} INFO - [2026-03-31T11:56:50.907+0000] {dag.py:3089} INFO - Sync 1 DAGs
[2026-03-31T11:56:50.950+0000] {logging_mixin.py:188} INFO - [2026-03-31T11:56:50.950+0000] {dag.py:3947} INFO - Setting next_dagrun for minio_to_snowflake_pipeline to 2026-03-31 11:40:00+00:00, run_after=2026-03-31 11:50:00+00:00
[2026-03-31T11:56:50.989+0000] {processor.py:183} INFO - Processing /opt/airflow/dags/minio_to_snowflake.py took 2.370 seconds
[2026-03-31T11:57:21.519+0000] {processor.py:161} INFO - Started process (PID=808) to work on /opt/airflow/dags/minio_to_snowflake.py
[2026-03-31T11:57:21.522+0000] {processor.py:830} INFO - Processing file /opt/airflow/dags/minio_to_snowflake.py for tasks to queue
[2026-03-31T11:57:21.526+0000] {logging_mixin.py:188} INFO - [2026-03-31T11:57:21.525+0000] {dagbag.py:545} INFO - Filling up the DagBag from /opt/airflow/dags/minio_to_snowflake.py
[2026-03-31T11:57:22.945+0000] {processor.py:840} INFO - DAG(s) 'minio_to_snowflake_pipeline' retrieved from /opt/airflow/dags/minio_to_snowflake.py
[2026-03-31T11:57:22.980+0000] {logging_mixin.py:188} INFO - [2026-03-31T11:57:22.979+0000] {dag.py:3089} INFO - Sync 1 DAGs
[2026-03-31T11:57:23.014+0000] {logging_mixin.py:188} INFO - [2026-03-31T11:57:23.013+0000] {dag.py:3947} INFO - Setting next_dagrun for minio_to_snowflake_pipeline to 2026-03-31 11:40:00+00:00, run_after=2026-03-31 11:50:00+00:00
[2026-03-31T11:57:23.042+0000] {processor.py:183} INFO - Processing /opt/airflow/dags/minio_to_snowflake.py took 1.538 seconds
[2026-03-31T11:57:53.407+0000] {processor.py:161} INFO - Started process (PID=815) to work on /opt/airflow/dags/minio_to_snowflake.py
[2026-03-31T11:57:53.412+0000] {processor.py:830} INFO - Processing file /opt/airflow/dags/minio_to_snowflake.py for tasks to queue
[2026-03-31T11:57:53.423+0000] {logging_mixin.py:188} INFO - [2026-03-31T11:57:53.421+0000] {dagbag.py:545} INFO - Filling up the DagBag from /opt/airflow/dags/minio_to_snowflake.py
[2026-03-31T11:57:55.067+0000] {processor.py:840} INFO - DAG(s) 'minio_to_snowflake_pipeline' retrieved from /opt/airflow/dags/minio_to_snowflake.py
[2026-03-31T11:57:55.104+0000] {logging_mixin.py:188} INFO - [2026-03-31T11:57:55.103+0000] {dag.py:3089} INFO - Sync 1 DAGs
[2026-03-31T11:57:55.133+0000] {logging_mixin.py:188} INFO - [2026-03-31T11:57:55.133+0000] {dag.py:3947} INFO - Setting next_dagrun for minio_to_snowflake_pipeline to 2026-03-31 11:40:00+00:00, run_after=2026-03-31 11:50:00+00:00
[2026-03-31T11:57:55.161+0000] {processor.py:183} INFO - Processing /opt/airflow/dags/minio_to_snowflake.py took 1.809 seconds
[2026-03-31T11:58:25.424+0000] {processor.py:161} INFO - Started process (PID=822) to work on /opt/airflow/dags/minio_to_snowflake.py
[2026-03-31T11:58:25.430+0000] {processor.py:830} INFO - Processing file /opt/airflow/dags/minio_to_snowflake.py for tasks to queue
[2026-03-31T11:58:25.442+0000] {logging_mixin.py:188} INFO - [2026-03-31T11:58:25.440+0000] {dagbag.py:545} INFO - Filling up the DagBag from /opt/airflow/dags/minio_to_snowflake.py
[2026-03-31T11:58:27.805+0000] {processor.py:840} INFO - DAG(s) 'minio_to_snowflake_pipeline' retrieved from /opt/airflow/dags/minio_to_snowflake.py
[2026-03-31T11:58:27.838+0000] {logging_mixin.py:188} INFO - [2026-03-31T11:58:27.837+0000] {dag.py:3089} INFO - Sync 1 DAGs
[2026-03-31T11:58:27.865+0000] {logging_mixin.py:188} INFO - [2026-03-31T11:58:27.865+0000] {dag.py:3947} INFO - Setting next_dagrun for minio_to_snowflake_pipeline to 2026-03-31 11:40:00+00:00, run_after=2026-03-31 11:50:00+00:00
[2026-03-31T11:58:27.891+0000] {processor.py:183} INFO - Processing /opt/airflow/dags/minio_to_snowflake.py took 2.507 seconds
[2026-03-31T11:58:58.460+0000] {processor.py:161} INFO - Started process (PID=829) to work on /opt/airflow/dags/minio_to_snowflake.py
[2026-03-31T11:58:58.463+0000] {processor.py:830} INFO - Processing file /opt/airflow/dags/minio_to_snowflake.py for tasks to queue
[2026-03-31T11:58:58.467+0000] {logging_mixin.py:188} INFO - [2026-03-31T11:58:58.466+0000] {dagbag.py:545} INFO - Filling up the DagBag from /opt/airflow/dags/minio_to_snowflake.py
[2026-03-31T11:59:00.092+0000] {processor.py:840} INFO - DAG(s) 'minio_to_snowflake_pipeline' retrieved from /opt/airflow/dags/minio_to_snowflake.py
[2026-03-31T11:59:00.131+0000] {logging_mixin.py:188} INFO - [2026-03-31T11:59:00.130+0000] {dag.py:3089} INFO - Sync 1 DAGs
[2026-03-31T11:59:00.157+0000] {logging_mixin.py:188} INFO - [2026-03-31T11:59:00.157+0000] {dag.py:3947} INFO - Setting next_dagrun for minio_to_snowflake_pipeline to 2026-03-31 11:40:00+00:00, run_after=2026-03-31 11:50:00+00:00
[2026-03-31T11:59:00.186+0000] {processor.py:183} INFO - Processing /opt/airflow/dags/minio_to_snowflake.py took 1.740 seconds
[2026-03-31T11:59:31.183+0000] {processor.py:161} INFO - Started process (PID=836) to work on /opt/airflow/dags/minio_to_snowflake.py
[2026-03-31T11:59:31.190+0000] {processor.py:830} INFO - Processing file /opt/airflow/dags/minio_to_snowflake.py for tasks to queue
[2026-03-31T11:59:31.201+0000] {logging_mixin.py:188} INFO - [2026-03-31T11:59:31.199+0000] {dagbag.py:545} INFO - Filling up the DagBag from /opt/airflow/dags/minio_to_snowflake.py
[2026-03-31T11:59:33.178+0000] {processor.py:840} INFO - DAG(s) 'minio_to_snowflake_pipeline' retrieved from /opt/airflow/dags/minio_to_snowflake.py
[2026-03-31T11:59:33.222+0000] {logging_mixin.py:188} INFO - [2026-03-31T11:59:33.220+0000] {dag.py:3089} INFO - Sync 1 DAGs
[2026-03-31T11:59:33.258+0000] {logging_mixin.py:188} INFO - [2026-03-31T11:59:33.257+0000] {dag.py:3947} INFO - Setting next_dagrun for minio_to_snowflake_pipeline to 2026-03-31 11:40:00+00:00, run_after=2026-03-31 11:50:00+00:00
[2026-03-31T11:59:33.291+0000] {processor.py:183} INFO - Processing /opt/airflow/dags/minio_to_snowflake.py took 2.146 seconds
[2026-03-31T12:00:03.781+0000] {processor.py:161} INFO - Started process (PID=843) to work on /opt/airflow/dags/minio_to_snowflake.py
[2026-03-31T12:00:03.784+0000] {processor.py:830} INFO - Processing file /opt/airflow/dags/minio_to_snowflake.py for tasks to queue
[2026-03-31T12:00:03.790+0000] {logging_mixin.py:188} INFO - [2026-03-31T12:00:03.788+0000] {dagbag.py:545} INFO - Filling up the DagBag from /opt/airflow/dags/minio_to_snowflake.py
[2026-03-31T12:00:05.248+0000] {processor.py:840} INFO - DAG(s) 'minio_to_snowflake_pipeline' retrieved from /opt/airflow/dags/minio_to_snowflake.py
[2026-03-31T12:00:05.290+0000] {logging_mixin.py:188} INFO - [2026-03-31T12:00:05.289+0000] {dag.py:3089} INFO - Sync 1 DAGs
[2026-03-31T12:00:05.322+0000] {logging_mixin.py:188} INFO - [2026-03-31T12:00:05.322+0000] {dag.py:3947} INFO - Setting next_dagrun for minio_to_snowflake_pipeline to 2026-03-31 11:50:00+00:00, run_after=2026-03-31 12:00:00+00:00
[2026-03-31T12:00:05.358+0000] {processor.py:183} INFO - Processing /opt/airflow/dags/minio_to_snowflake.py took 1.599 seconds
[2026-03-31T12:00:35.554+0000] {processor.py:161} INFO - Started process (PID=850) to work on /opt/airflow/dags/minio_to_snowflake.py
[2026-03-31T12:00:35.556+0000] {processor.py:830} INFO - Processing file /opt/airflow/dags/minio_to_snowflake.py for tasks to queue
[2026-03-31T12:00:35.562+0000] {logging_mixin.py:188} INFO - [2026-03-31T12:00:35.561+0000] {dagbag.py:545} INFO - Filling up the DagBag from /opt/airflow/dags/minio_to_snowflake.py
[2026-03-31T12:00:37.446+0000] {processor.py:840} INFO - DAG(s) 'minio_to_snowflake_pipeline' retrieved from /opt/airflow/dags/minio_to_snowflake.py
[2026-03-31T12:00:37.499+0000] {logging_mixin.py:188} INFO - [2026-03-31T12:00:37.498+0000] {dag.py:3089} INFO - Sync 1 DAGs
[2026-03-31T12:00:37.544+0000] {logging_mixin.py:188} INFO - [2026-03-31T12:00:37.544+0000] {dag.py:3947} INFO - Setting next_dagrun for minio_to_snowflake_pipeline to 2026-03-31 11:50:00+00:00, run_after=2026-03-31 12:00:00+00:00
[2026-03-31T12:00:37.580+0000] {processor.py:183} INFO - Processing /opt/airflow/dags/minio_to_snowflake.py took 2.053 seconds
[2026-03-31T12:01:08.255+0000] {processor.py:161} INFO - Started process (PID=857) to work on /opt/airflow/dags/minio_to_snowflake.py
[2026-03-31T12:01:08.256+0000] {processor.py:830} INFO - Processing file /opt/airflow/dags/minio_to_snowflake.py for tasks to queue
[2026-03-31T12:01:08.260+0000] {logging_mixin.py:188} INFO - [2026-03-31T12:01:08.260+0000] {dagbag.py:545} INFO - Filling up the DagBag from /opt/airflow/dags/minio_to_snowflake.py
[2026-03-31T12:01:09.882+0000] {processor.py:840} INFO - DAG(s) 'minio_to_snowflake_pipeline' retrieved from /opt/airflow/dags/minio_to_snowflake.py
[2026-03-31T12:01:09.929+0000] {logging_mixin.py:188} INFO - [2026-03-31T12:01:09.927+0000] {dag.py:3089} INFO - Sync 1 DAGs
[2026-03-31T12:01:09.990+0000] {logging_mixin.py:188} INFO - [2026-03-31T12:01:09.989+0000] {dag.py:3947} INFO - Setting next_dagrun for minio_to_snowflake_pipeline to 2026-03-31 11:50:00+00:00, run_after=2026-03-31 12:00:00+00:00
[2026-03-31T12:01:10.047+0000] {processor.py:183} INFO - Processing /opt/airflow/dags/minio_to_snowflake.py took 1.830 seconds
[2026-03-31T12:01:40.774+0000] {processor.py:161} INFO - Started process (PID=864) to work on /opt/airflow/dags/minio_to_snowflake.py
[2026-03-31T12:01:40.776+0000] {processor.py:830} INFO - Processing file /opt/airflow/dags/minio_to_snowflake.py for tasks to queue
[2026-03-31T12:01:40.779+0000] {logging_mixin.py:188} INFO - [2026-03-31T12:01:40.778+0000] {dagbag.py:545} INFO - Filling up the DagBag from /opt/airflow/dags/minio_to_snowflake.py
[2026-03-31T12:01:42.392+0000] {processor.py:840} INFO - DAG(s) 'minio_to_snowflake_pipeline' retrieved from /opt/airflow/dags/minio_to_snowflake.py
[2026-03-31T12:01:42.428+0000] {logging_mixin.py:188} INFO - [2026-03-31T12:01:42.427+0000] {dag.py:3089} INFO - Sync 1 DAGs
[2026-03-31T12:01:42.458+0000] {logging_mixin.py:188} INFO - [2026-03-31T12:01:42.458+0000] {dag.py:3947} INFO - Setting next_dagrun for minio_to_snowflake_pipeline to 2026-03-31 11:50:00+00:00, run_after=2026-03-31 12:00:00+00:00
[2026-03-31T12:01:42.488+0000] {processor.py:183} INFO - Processing /opt/airflow/dags/minio_to_snowflake.py took 1.724 seconds
[2026-03-31T12:02:13.309+0000] {processor.py:161} INFO - Started process (PID=871) to work on /opt/airflow/dags/minio_to_snowflake.py
[2026-03-31T12:02:13.327+0000] {processor.py:830} INFO - Processing file /opt/airflow/dags/minio_to_snowflake.py for tasks to queue
[2026-03-31T12:02:13.347+0000] {logging_mixin.py:188} INFO - [2026-03-31T12:02:13.344+0000] {dagbag.py:545} INFO - Filling up the DagBag from /opt/airflow/dags/minio_to_snowflake.py
[2026-03-31T12:02:14.940+0000] {processor.py:840} INFO - DAG(s) 'minio_to_snowflake_pipeline' retrieved from /opt/airflow/dags/minio_to_snowflake.py
[2026-03-31T12:02:14.991+0000] {logging_mixin.py:188} INFO - [2026-03-31T12:02:14.990+0000] {dag.py:3089} INFO - Sync 1 DAGs
[2026-03-31T12:02:15.029+0000] {logging_mixin.py:188} INFO - [2026-03-31T12:02:15.029+0000] {dag.py:3947} INFO - Setting next_dagrun for minio_to_snowflake_pipeline to 2026-03-31 11:50:00+00:00, run_after=2026-03-31 12:00:00+00:00
[2026-03-31T12:02:15.068+0000] {processor.py:183} INFO - Processing /opt/airflow/dags/minio_to_snowflake.py took 1.805 seconds
[2026-03-31T12:02:45.895+0000] {processor.py:161} INFO - Started process (PID=878) to work on /opt/airflow/dags/minio_to_snowflake.py
[2026-03-31T12:02:45.905+0000] {processor.py:830} INFO - Processing file /opt/airflow/dags/minio_to_snowflake.py for tasks to queue
[2026-03-31T12:02:45.921+0000] {logging_mixin.py:188} INFO - [2026-03-31T12:02:45.918+0000] {dagbag.py:545} INFO - Filling up the DagBag from /opt/airflow/dags/minio_to_snowflake.py
[2026-03-31T12:02:47.879+0000] {processor.py:840} INFO - DAG(s) 'minio_to_snowflake_pipeline' retrieved from /opt/airflow/dags/minio_to_snowflake.py
[2026-03-31T12:02:47.923+0000] {logging_mixin.py:188} INFO - [2026-03-31T12:02:47.922+0000] {dag.py:3089} INFO - Sync 1 DAGs
[2026-03-31T12:02:47.958+0000] {logging_mixin.py:188} INFO - [2026-03-31T12:02:47.957+0000] {dag.py:3947} INFO - Setting next_dagrun for minio_to_snowflake_pipeline to 2026-03-31 11:50:00+00:00, run_after=2026-03-31 12:00:00+00:00
[2026-03-31T12:02:47.988+0000] {processor.py:183} INFO - Processing /opt/airflow/dags/minio_to_snowflake.py took 2.150 seconds
[2026-03-31T12:03:18.820+0000] {processor.py:161} INFO - Started process (PID=885) to work on /opt/airflow/dags/minio_to_snowflake.py
[2026-03-31T12:03:18.826+0000] {processor.py:830} INFO - Processing file /opt/airflow/dags/minio_to_snowflake.py for tasks to queue
[2026-03-31T12:03:18.837+0000] {logging_mixin.py:188} INFO - [2026-03-31T12:03:18.835+0000] {dagbag.py:545} INFO - Filling up the DagBag from /opt/airflow/dags/minio_to_snowflake.py
[2026-03-31T12:03:21.115+0000] {processor.py:840} INFO - DAG(s) 'minio_to_snowflake_pipeline' retrieved from /opt/airflow/dags/minio_to_snowflake.py
[2026-03-31T12:03:21.190+0000] {logging_mixin.py:188} INFO - [2026-03-31T12:03:21.189+0000] {dag.py:3089} INFO - Sync 1 DAGs
[2026-03-31T12:03:21.237+0000] {logging_mixin.py:188} INFO - [2026-03-31T12:03:21.237+0000] {dag.py:3947} INFO - Setting next_dagrun for minio_to_snowflake_pipeline to 2026-03-31 11:50:00+00:00, run_after=2026-03-31 12:00:00+00:00
[2026-03-31T12:03:21.286+0000] {processor.py:183} INFO - Processing /opt/airflow/dags/minio_to_snowflake.py took 2.501 seconds
[2026-03-31T12:03:52.112+0000] {processor.py:161} INFO - Started process (PID=892) to work on /opt/airflow/dags/minio_to_snowflake.py
[2026-03-31T12:03:52.120+0000] {processor.py:830} INFO - Processing file /opt/airflow/dags/minio_to_snowflake.py for tasks to queue
[2026-03-31T12:03:52.139+0000] {logging_mixin.py:188} INFO - [2026-03-31T12:03:52.136+0000] {dagbag.py:545} INFO - Filling up the DagBag from /opt/airflow/dags/minio_to_snowflake.py
[2026-03-31T12:03:53.984+0000] {processor.py:840} INFO - DAG(s) 'minio_to_snowflake_pipeline' retrieved from /opt/airflow/dags/minio_to_snowflake.py
[2026-03-31T12:03:54.049+0000] {logging_mixin.py:188} INFO - [2026-03-31T12:03:54.048+0000] {dag.py:3089} INFO - Sync 1 DAGs
[2026-03-31T12:03:54.103+0000] {logging_mixin.py:188} INFO - [2026-03-31T12:03:54.103+0000] {dag.py:3947} INFO - Setting next_dagrun for minio_to_snowflake_pipeline to 2026-03-31 11:50:00+00:00, run_after=2026-03-31 12:00:00+00:00
[2026-03-31T12:03:54.153+0000] {processor.py:183} INFO - Processing /opt/airflow/dags/minio_to_snowflake.py took 2.092 seconds
[2026-03-31T12:04:24.716+0000] {processor.py:161} INFO - Started process (PID=899) to work on /opt/airflow/dags/minio_to_snowflake.py
[2026-03-31T12:04:24.723+0000] {processor.py:830} INFO - Processing file /opt/airflow/dags/minio_to_snowflake.py for tasks to queue
[2026-03-31T12:04:24.737+0000] {logging_mixin.py:188} INFO - [2026-03-31T12:04:24.735+0000] {dagbag.py:545} INFO - Filling up the DagBag from /opt/airflow/dags/minio_to_snowflake.py
[2026-03-31T12:04:26.321+0000] {processor.py:840} INFO - DAG(s) 'minio_to_snowflake_pipeline' retrieved from /opt/airflow/dags/minio_to_snowflake.py
[2026-03-31T12:04:26.357+0000] {logging_mixin.py:188} INFO - [2026-03-31T12:04:26.356+0000] {dag.py:3089} INFO - Sync 1 DAGs
[2026-03-31T12:04:26.384+0000] {logging_mixin.py:188} INFO - [2026-03-31T12:04:26.383+0000] {dag.py:3947} INFO - Setting next_dagrun for minio_to_snowflake_pipeline to 2026-03-31 11:50:00+00:00, run_after=2026-03-31 12:00:00+00:00
[2026-03-31T12:04:26.411+0000] {processor.py:183} INFO - Processing /opt/airflow/dags/minio_to_snowflake.py took 1.736 seconds
[2026-03-31T12:04:56.808+0000] {processor.py:161} INFO - Started process (PID=906) to work on /opt/airflow/dags/minio_to_snowflake.py
[2026-03-31T12:04:56.811+0000] {processor.py:830} INFO - Processing file /opt/airflow/dags/minio_to_snowflake.py for tasks to queue
[2026-03-31T12:04:56.817+0000] {logging_mixin.py:188} INFO - [2026-03-31T12:04:56.815+0000] {dagbag.py:545} INFO - Filling up the DagBag from /opt/airflow/dags/minio_to_snowflake.py
[2026-03-31T12:04:58.909+0000] {processor.py:840} INFO - DAG(s) 'minio_to_snowflake_pipeline' retrieved from /opt/airflow/dags/minio_to_snowflake.py
[2026-03-31T12:04:58.957+0000] {logging_mixin.py:188} INFO - [2026-03-31T12:04:58.957+0000] {dag.py:3089} INFO - Sync 1 DAGs
[2026-03-31T12:04:58.993+0000] {logging_mixin.py:188} INFO - [2026-03-31T12:04:58.993+0000] {dag.py:3947} INFO - Setting next_dagrun for minio_to_snowflake_pipeline to 2026-03-31 11:50:00+00:00, run_after=2026-03-31 12:00:00+00:00
[2026-03-31T12:04:59.033+0000] {processor.py:183} INFO - Processing /opt/airflow/dags/minio_to_snowflake.py took 2.245 seconds
[2026-03-31T12:05:29.660+0000] {processor.py:161} INFO - Started process (PID=913) to work on /opt/airflow/dags/minio_to_snowflake.py
[2026-03-31T12:05:29.662+0000] {processor.py:830} INFO - Processing file /opt/airflow/dags/minio_to_snowflake.py for tasks to queue
[2026-03-31T12:05:29.667+0000] {logging_mixin.py:188} INFO - [2026-03-31T12:05:29.666+0000] {dagbag.py:545} INFO - Filling up the DagBag from /opt/airflow/dags/minio_to_snowflake.py
[2026-03-31T12:05:31.227+0000] {processor.py:840} INFO - DAG(s) 'minio_to_snowflake_pipeline' retrieved from /opt/airflow/dags/minio_to_snowflake.py
[2026-03-31T12:05:31.270+0000] {logging_mixin.py:188} INFO - [2026-03-31T12:05:31.269+0000] {dag.py:3089} INFO - Sync 1 DAGs
[2026-03-31T12:05:31.305+0000] {logging_mixin.py:188} INFO - [2026-03-31T12:05:31.305+0000] {dag.py:3947} INFO - Setting next_dagrun for minio_to_snowflake_pipeline to 2026-03-31 11:50:00+00:00, run_after=2026-03-31 12:00:00+00:00
[2026-03-31T12:05:31.349+0000] {processor.py:183} INFO - Processing /opt/airflow/dags/minio_to_snowflake.py took 1.703 seconds
[2026-03-31T12:06:02.092+0000] {processor.py:161} INFO - Started process (PID=920) to work on /opt/airflow/dags/minio_to_snowflake.py
[2026-03-31T12:06:02.098+0000] {processor.py:830} INFO - Processing file /opt/airflow/dags/minio_to_snowflake.py for tasks to queue
[2026-03-31T12:06:02.110+0000] {logging_mixin.py:188} INFO - [2026-03-31T12:06:02.107+0000] {dagbag.py:545} INFO - Filling up the DagBag from /opt/airflow/dags/minio_to_snowflake.py
[2026-03-31T12:06:03.934+0000] {processor.py:840} INFO - DAG(s) 'minio_to_snowflake_pipeline' retrieved from /opt/airflow/dags/minio_to_snowflake.py
[2026-03-31T12:06:03.970+0000] {logging_mixin.py:188} INFO - [2026-03-31T12:06:03.969+0000] {dag.py:3089} INFO - Sync 1 DAGs
[2026-03-31T12:06:04.000+0000] {logging_mixin.py:188} INFO - [2026-03-31T12:06:03.999+0000] {dag.py:3947} INFO - Setting next_dagrun for minio_to_snowflake_pipeline to 2026-03-31 11:50:00+00:00, run_after=2026-03-31 12:00:00+00:00
[2026-03-31T12:06:04.028+0000] {processor.py:183} INFO - Processing /opt/airflow/dags/minio_to_snowflake.py took 1.975 seconds
[2026-03-31T12:06:34.683+0000] {processor.py:161} INFO - Started process (PID=927) to work on /opt/airflow/dags/minio_to_snowflake.py
[2026-03-31T12:06:34.690+0000] {processor.py:830} INFO - Processing file /opt/airflow/dags/minio_to_snowflake.py for tasks to queue
[2026-03-31T12:06:34.701+0000] {logging_mixin.py:188} INFO - [2026-03-31T12:06:34.699+0000] {dagbag.py:545} INFO - Filling up the DagBag from /opt/airflow/dags/minio_to_snowflake.py
[2026-03-31T12:06:36.266+0000] {processor.py:840} INFO - DAG(s) 'minio_to_snowflake_pipeline' retrieved from /opt/airflow/dags/minio_to_snowflake.py
[2026-03-31T12:06:36.303+0000] {logging_mixin.py:188} INFO - [2026-03-31T12:06:36.303+0000] {dag.py:3089} INFO - Sync 1 DAGs
[2026-03-31T12:06:36.339+0000] {logging_mixin.py:188} INFO - [2026-03-31T12:06:36.338+0000] {dag.py:3947} INFO - Setting next_dagrun for minio_to_snowflake_pipeline to 2026-03-31 11:50:00+00:00, run_after=2026-03-31 12:00:00+00:00
[2026-03-31T12:06:36.377+0000] {processor.py:183} INFO - Processing /opt/airflow/dags/minio_to_snowflake.py took 1.736 seconds
[2026-03-31T12:07:07.187+0000] {processor.py:161} INFO - Started process (PID=934) to work on /opt/airflow/dags/minio_to_snowflake.py
[2026-03-31T12:07:07.191+0000] {processor.py:830} INFO - Processing file /opt/airflow/dags/minio_to_snowflake.py for tasks to queue
[2026-03-31T12:07:07.199+0000] {logging_mixin.py:188} INFO - [2026-03-31T12:07:07.197+0000] {dagbag.py:545} INFO - Filling up the DagBag from /opt/airflow/dags/minio_to_snowflake.py
[2026-03-31T12:07:08.984+0000] {processor.py:840} INFO - DAG(s) 'minio_to_snowflake_pipeline' retrieved from /opt/airflow/dags/minio_to_snowflake.py
[2026-03-31T12:07:09.038+0000] {logging_mixin.py:188} INFO - [2026-03-31T12:07:09.037+0000] {dag.py:3089} INFO - Sync 1 DAGs
[2026-03-31T12:07:09.080+0000] {logging_mixin.py:188} INFO - [2026-03-31T12:07:09.080+0000] {dag.py:3947} INFO - Setting next_dagrun for minio_to_snowflake_pipeline to 2026-03-31 11:50:00+00:00, run_after=2026-03-31 12:00:00+00:00
[2026-03-31T12:07:09.121+0000] {processor.py:183} INFO - Processing /opt/airflow/dags/minio_to_snowflake.py took 1.952 seconds
[2026-03-31T12:07:39.818+0000] {processor.py:161} INFO - Started process (PID=941) to work on /opt/airflow/dags/minio_to_snowflake.py
[2026-03-31T12:07:39.820+0000] {processor.py:830} INFO - Processing file /opt/airflow/dags/minio_to_snowflake.py for tasks to queue
[2026-03-31T12:07:39.841+0000] {logging_mixin.py:188} INFO - [2026-03-31T12:07:39.840+0000] {dagbag.py:545} INFO - Filling up the DagBag from /opt/airflow/dags/minio_to_snowflake.py
[2026-03-31T12:07:41.859+0000] {processor.py:840} INFO - DAG(s) 'minio_to_snowflake_pipeline' retrieved from /opt/airflow/dags/minio_to_snowflake.py
[2026-03-31T12:07:41.973+0000] {logging_mixin.py:188} INFO - [2026-03-31T12:07:41.971+0000] {dag.py:3089} INFO - Sync 1 DAGs
[2026-03-31T12:07:42.120+0000] {logging_mixin.py:188} INFO - [2026-03-31T12:07:42.119+0000] {dag.py:3947} INFO - Setting next_dagrun for minio_to_snowflake_pipeline to 2026-03-31 11:50:00+00:00, run_after=2026-03-31 12:00:00+00:00
[2026-03-31T12:07:42.393+0000] {processor.py:183} INFO - Processing /opt/airflow/dags/minio_to_snowflake.py took 2.616 seconds
[2026-03-31T12:08:13.254+0000] {processor.py:161} INFO - Started process (PID=948) to work on /opt/airflow/dags/minio_to_snowflake.py
[2026-03-31T12:08:13.262+0000] {processor.py:830} INFO - Processing file /opt/airflow/dags/minio_to_snowflake.py for tasks to queue
[2026-03-31T12:08:13.275+0000] {logging_mixin.py:188} INFO - [2026-03-31T12:08:13.273+0000] {dagbag.py:545} INFO - Filling up the DagBag from /opt/airflow/dags/minio_to_snowflake.py
[2026-03-31T12:08:15.243+0000] {processor.py:840} INFO - DAG(s) 'minio_to_snowflake_pipeline' retrieved from /opt/airflow/dags/minio_to_snowflake.py
[2026-03-31T12:08:15.282+0000] {logging_mixin.py:188} INFO - [2026-03-31T12:08:15.281+0000] {dag.py:3089} INFO - Sync 1 DAGs
[2026-03-31T12:08:15.312+0000] {logging_mixin.py:188} INFO - [2026-03-31T12:08:15.311+0000] {dag.py:3947} INFO - Setting next_dagrun for minio_to_snowflake_pipeline to 2026-03-31 11:50:00+00:00, run_after=2026-03-31 12:00:00+00:00
[2026-03-31T12:08:15.339+0000] {processor.py:183} INFO - Processing /opt/airflow/dags/minio_to_snowflake.py took 2.129 seconds
[2026-03-31T12:08:45.923+0000] {processor.py:161} INFO - Started process (PID=955) to work on /opt/airflow/dags/minio_to_snowflake.py
[2026-03-31T12:08:45.933+0000] {processor.py:830} INFO - Processing file /opt/airflow/dags/minio_to_snowflake.py for tasks to queue
[2026-03-31T12:08:45.946+0000] {logging_mixin.py:188} INFO - [2026-03-31T12:08:45.944+0000] {dagbag.py:545} INFO - Filling up the DagBag from /opt/airflow/dags/minio_to_snowflake.py
[2026-03-31T12:08:48.002+0000] {processor.py:840} INFO - DAG(s) 'minio_to_snowflake_pipeline' retrieved from /opt/airflow/dags/minio_to_snowflake.py
[2026-03-31T12:08:48.075+0000] {logging_mixin.py:188} INFO - [2026-03-31T12:08:48.074+0000] {dag.py:3089} INFO - Sync 1 DAGs
[2026-03-31T12:08:48.129+0000] {logging_mixin.py:188} INFO - [2026-03-31T12:08:48.128+0000] {dag.py:3947} INFO - Setting next_dagrun for minio_to_snowflake_pipeline to 2026-03-31 11:50:00+00:00, run_after=2026-03-31 12:00:00+00:00
[2026-03-31T12:08:48.178+0000] {processor.py:183} INFO - Processing /opt/airflow/dags/minio_to_snowflake.py took 2.314 seconds
[2026-03-31T12:09:18.528+0000] {processor.py:161} INFO - Started process (PID=962) to work on /opt/airflow/dags/minio_to_snowflake.py
[2026-03-31T12:09:18.530+0000] {processor.py:830} INFO - Processing file /opt/airflow/dags/minio_to_snowflake.py for tasks to queue
[2026-03-31T12:09:18.535+0000] {logging_mixin.py:188} INFO - [2026-03-31T12:09:18.534+0000] {dagbag.py:545} INFO - Filling up the DagBag from /opt/airflow/dags/minio_to_snowflake.py
[2026-03-31T12:09:19.994+0000] {processor.py:840} INFO - DAG(s) 'minio_to_snowflake_pipeline' retrieved from /opt/airflow/dags/minio_to_snowflake.py
[2026-03-31T12:09:20.037+0000] {logging_mixin.py:188} INFO - [2026-03-31T12:09:20.036+0000] {dag.py:3089} INFO - Sync 1 DAGs
[2026-03-31T12:09:20.070+0000] {logging_mixin.py:188} INFO - [2026-03-31T12:09:20.070+0000] {dag.py:3947} INFO - Setting next_dagrun for minio_to_snowflake_pipeline to 2026-03-31 11:50:00+00:00, run_after=2026-03-31 12:00:00+00:00
[2026-03-31T12:09:20.107+0000] {processor.py:183} INFO - Processing /opt/airflow/dags/minio_to_snowflake.py took 1.597 seconds
[2026-03-31T12:09:50.221+0000] {processor.py:161} INFO - Started process (PID=969) to work on /opt/airflow/dags/minio_to_snowflake.py
[2026-03-31T12:09:50.223+0000] {processor.py:830} INFO - Processing file /opt/airflow/dags/minio_to_snowflake.py for tasks to queue
[2026-03-31T12:09:50.227+0000] {logging_mixin.py:188} INFO - [2026-03-31T12:09:50.226+0000] {dagbag.py:545} INFO - Filling up the DagBag from /opt/airflow/dags/minio_to_snowflake.py
[2026-03-31T12:09:51.864+0000] {processor.py:840} INFO - DAG(s) 'minio_to_snowflake_pipeline' retrieved from /opt/airflow/dags/minio_to_snowflake.py
[2026-03-31T12:09:51.908+0000] {logging_mixin.py:188} INFO - [2026-03-31T12:09:51.908+0000] {dag.py:3089} INFO - Sync 1 DAGs
[2026-03-31T12:09:51.937+0000] {logging_mixin.py:188} INFO - [2026-03-31T12:09:51.936+0000] {dag.py:3947} INFO - Setting next_dagrun for minio_to_snowflake_pipeline to 2026-03-31 11:50:00+00:00, run_after=2026-03-31 12:00:00+00:00
[2026-03-31T12:09:51.965+0000] {processor.py:183} INFO - Processing /opt/airflow/dags/minio_to_snowflake.py took 1.758 seconds
[2026-03-31T12:10:22.394+0000] {processor.py:161} INFO - Started process (PID=976) to work on /opt/airflow/dags/minio_to_snowflake.py
[2026-03-31T12:10:22.396+0000] {processor.py:830} INFO - Processing file /opt/airflow/dags/minio_to_snowflake.py for tasks to queue
[2026-03-31T12:10:22.400+0000] {logging_mixin.py:188} INFO - [2026-03-31T12:10:22.399+0000] {dagbag.py:545} INFO - Filling up the DagBag from /opt/airflow/dags/minio_to_snowflake.py
[2026-03-31T12:10:23.988+0000] {processor.py:840} INFO - DAG(s) 'minio_to_snowflake_pipeline' retrieved from /opt/airflow/dags/minio_to_snowflake.py
[2026-03-31T12:10:24.028+0000] {logging_mixin.py:188} INFO - [2026-03-31T12:10:24.027+0000] {dag.py:3089} INFO - Sync 1 DAGs
[2026-03-31T12:10:24.060+0000] {logging_mixin.py:188} INFO - [2026-03-31T12:10:24.060+0000] {dag.py:3947} INFO - Setting next_dagrun for minio_to_snowflake_pipeline to 2026-03-31 12:00:00+00:00, run_after=2026-03-31 12:10:00+00:00
[2026-03-31T12:10:24.107+0000] {processor.py:183} INFO - Processing /opt/airflow/dags/minio_to_snowflake.py took 1.725 seconds
[2026-03-31T12:10:55.107+0000] {processor.py:161} INFO - Started process (PID=983) to work on /opt/airflow/dags/minio_to_snowflake.py
[2026-03-31T12:10:55.114+0000] {processor.py:830} INFO - Processing file /opt/airflow/dags/minio_to_snowflake.py for tasks to queue
[2026-03-31T12:10:55.126+0000] {logging_mixin.py:188} INFO - [2026-03-31T12:10:55.124+0000] {dagbag.py:545} INFO - Filling up the DagBag from /opt/airflow/dags/minio_to_snowflake.py
[2026-03-31T12:10:56.578+0000] {processor.py:840} INFO - DAG(s) 'minio_to_snowflake_pipeline' retrieved from /opt/airflow/dags/minio_to_snowflake.py
[2026-03-31T12:10:56.618+0000] {logging_mixin.py:188} INFO - [2026-03-31T12:10:56.618+0000] {dag.py:3089} INFO - Sync 1 DAGs
[2026-03-31T12:10:56.647+0000] {logging_mixin.py:188} INFO - [2026-03-31T12:10:56.647+0000] {dag.py:3947} INFO - Setting next_dagrun for minio_to_snowflake_pipeline to 2026-03-31 12:00:00+00:00, run_after=2026-03-31 12:10:00+00:00
[2026-03-31T12:10:56.676+0000] {processor.py:183} INFO - Processing /opt/airflow/dags/minio_to_snowflake.py took 1.615 seconds
[2026-03-31T12:11:27.316+0000] {processor.py:161} INFO - Started process (PID=990) to work on /opt/airflow/dags/minio_to_snowflake.py
[2026-03-31T12:11:27.319+0000] {processor.py:830} INFO - Processing file /opt/airflow/dags/minio_to_snowflake.py for tasks to queue
[2026-03-31T12:11:27.326+0000] {logging_mixin.py:188} INFO - [2026-03-31T12:11:27.325+0000] {dagbag.py:545} INFO - Filling up the DagBag from /opt/airflow/dags/minio_to_snowflake.py
[2026-03-31T12:11:29.127+0000] {processor.py:840} INFO - DAG(s) 'minio_to_snowflake_pipeline' retrieved from /opt/airflow/dags/minio_to_snowflake.py
[2026-03-31T12:11:29.174+0000] {logging_mixin.py:188} INFO - [2026-03-31T12:11:29.173+0000] {dag.py:3089} INFO - Sync 1 DAGs
[2026-03-31T12:11:29.212+0000] {logging_mixin.py:188} INFO - [2026-03-31T12:11:29.212+0000] {dag.py:3947} INFO - Setting next_dagrun for minio_to_snowflake_pipeline to 2026-03-31 12:00:00+00:00, run_after=2026-03-31 12:10:00+00:00
[2026-03-31T12:11:29.257+0000] {processor.py:183} INFO - Processing /opt/airflow/dags/minio_to_snowflake.py took 1.963 seconds
[2026-03-31T12:12:00.109+0000] {processor.py:161} INFO - Started process (PID=997) to work on /opt/airflow/dags/minio_to_snowflake.py
[2026-03-31T12:12:00.111+0000] {processor.py:830} INFO - Processing file /opt/airflow/dags/minio_to_snowflake.py for tasks to queue
[2026-03-31T12:12:00.115+0000] {logging_mixin.py:188} INFO - [2026-03-31T12:12:00.114+0000] {dagbag.py:545} INFO - Filling up the DagBag from /opt/airflow/dags/minio_to_snowflake.py
[2026-03-31T12:12:01.705+0000] {processor.py:840} INFO - DAG(s) 'minio_to_snowflake_pipeline' retrieved from /opt/airflow/dags/minio_to_snowflake.py
[2026-03-31T12:12:01.744+0000] {logging_mixin.py:188} INFO - [2026-03-31T12:12:01.743+0000] {dag.py:3089} INFO - Sync 1 DAGs
[2026-03-31T12:12:01.774+0000] {logging_mixin.py:188} INFO - [2026-03-31T12:12:01.774+0000] {dag.py:3947} INFO - Setting next_dagrun for minio_to_snowflake_pipeline to 2026-03-31 12:00:00+00:00, run_after=2026-03-31 12:10:00+00:00
[2026-03-31T12:12:01.804+0000] {processor.py:183} INFO - Processing /opt/airflow/dags/minio_to_snowflake.py took 1.707 seconds
[2026-03-31T12:12:32.809+0000] {processor.py:161} INFO - Started process (PID=1004) to work on /opt/airflow/dags/minio_to_snowflake.py
[2026-03-31T12:12:32.811+0000] {processor.py:830} INFO - Processing file /opt/airflow/dags/minio_to_snowflake.py for tasks to queue
[2026-03-31T12:12:32.814+0000] {logging_mixin.py:188} INFO - [2026-03-31T12:12:32.814+0000] {dagbag.py:545} INFO - Filling up the DagBag from /opt/airflow/dags/minio_to_snowflake.py
[2026-03-31T12:12:34.661+0000] {processor.py:840} INFO - DAG(s) 'minio_to_snowflake_pipeline' retrieved from /opt/airflow/dags/minio_to_snowflake.py
[2026-03-31T12:12:34.736+0000] {logging_mixin.py:188} INFO - [2026-03-31T12:12:34.733+0000] {dag.py:3089} INFO - Sync 1 DAGs
[2026-03-31T12:12:34.783+0000] {logging_mixin.py:188} INFO - [2026-03-31T12:12:34.783+0000] {dag.py:3947} INFO - Setting next_dagrun for minio_to_snowflake_pipeline to 2026-03-31 12:00:00+00:00, run_after=2026-03-31 12:10:00+00:00
[2026-03-31T12:12:34.829+0000] {processor.py:183} INFO - Processing /opt/airflow/dags/minio_to_snowflake.py took 2.031 seconds
[2026-03-31T12:13:05.447+0000] {processor.py:161} INFO - Started process (PID=1011) to work on /opt/airflow/dags/minio_to_snowflake.py
[2026-03-31T12:13:05.452+0000] {processor.py:830} INFO - Processing file /opt/airflow/dags/minio_to_snowflake.py for tasks to queue
[2026-03-31T12:13:05.456+0000] {logging_mixin.py:188} INFO - [2026-03-31T12:13:05.455+0000] {dagbag.py:545} INFO - Filling up the DagBag from /opt/airflow/dags/minio_to_snowflake.py
[2026-03-31T12:13:06.993+0000] {processor.py:840} INFO - DAG(s) 'minio_to_snowflake_pipeline' retrieved from /opt/airflow/dags/minio_to_snowflake.py
[2026-03-31T12:13:07.028+0000] {logging_mixin.py:188} INFO - [2026-03-31T12:13:07.027+0000] {dag.py:3089} INFO - Sync 1 DAGs
[2026-03-31T12:13:07.055+0000] {logging_mixin.py:188} INFO - [2026-03-31T12:13:07.055+0000] {dag.py:3947} INFO - Setting next_dagrun for minio_to_snowflake_pipeline to 2026-03-31 12:00:00+00:00, run_after=2026-03-31 12:10:00+00:00
[2026-03-31T12:13:07.094+0000] {processor.py:183} INFO - Processing /opt/airflow/dags/minio_to_snowflake.py took 1.677 seconds
[2026-03-31T12:13:37.512+0000] {processor.py:161} INFO - Started process (PID=1018) to work on /opt/airflow/dags/minio_to_snowflake.py
[2026-03-31T12:13:37.516+0000] {processor.py:830} INFO - Processing file /opt/airflow/dags/minio_to_snowflake.py for tasks to queue
[2026-03-31T12:13:37.555+0000] {logging_mixin.py:188} INFO - [2026-03-31T12:13:37.551+0000] {dagbag.py:545} INFO - Filling up the DagBag from /opt/airflow/dags/minio_to_snowflake.py
[2026-03-31T12:13:45.296+0000] {processor.py:840} INFO - DAG(s) 'minio_to_snowflake_pipeline' retrieved from /opt/airflow/dags/minio_to_snowflake.py
[2026-03-31T12:13:45.435+0000] {logging_mixin.py:188} INFO - [2026-03-31T12:13:45.434+0000] {dag.py:3089} INFO - Sync 1 DAGs
[2026-03-31T12:13:45.598+0000] {logging_mixin.py:188} INFO - [2026-03-31T12:13:45.597+0000] {dag.py:3947} INFO - Setting next_dagrun for minio_to_snowflake_pipeline to 2026-03-31 12:00:00+00:00, run_after=2026-03-31 12:10:00+00:00
[2026-03-31T12:13:45.685+0000] {processor.py:183} INFO - Processing /opt/airflow/dags/minio_to_snowflake.py took 8.214 seconds
[2026-03-31T12:14:15.986+0000] {processor.py:161} INFO - Started process (PID=1025) to work on /opt/airflow/dags/minio_to_snowflake.py
[2026-03-31T12:14:15.997+0000] {processor.py:830} INFO - Processing file /opt/airflow/dags/minio_to_snowflake.py for tasks to queue
[2026-03-31T12:14:16.002+0000] {logging_mixin.py:188} INFO - [2026-03-31T12:14:16.001+0000] {dagbag.py:545} INFO - Filling up the DagBag from /opt/airflow/dags/minio_to_snowflake.py
[2026-03-31T12:14:23.161+0000] {processor.py:840} INFO - DAG(s) 'minio_to_snowflake_pipeline' retrieved from /opt/airflow/dags/minio_to_snowflake.py
[2026-03-31T12:14:25.362+0000] {logging_mixin.py:188} INFO - [2026-03-31T12:14:25.361+0000] {dag.py:3089} INFO - Sync 1 DAGs
[2026-03-31T12:14:27.932+0000] {logging_mixin.py:188} INFO - [2026-03-31T12:14:27.930+0000] {dag.py:3947} INFO - Setting next_dagrun for minio_to_snowflake_pipeline to 2026-03-31 12:00:00+00:00, run_after=2026-03-31 12:10:00+00:00
[2026-03-31T12:14:28.852+0000] {processor.py:183} INFO - Processing /opt/airflow/dags/minio_to_snowflake.py took 12.894 seconds
[2026-03-31T12:14:59.119+0000] {processor.py:161} INFO - Started process (PID=1032) to work on /opt/airflow/dags/minio_to_snowflake.py
[2026-03-31T12:14:59.121+0000] {processor.py:830} INFO - Processing file /opt/airflow/dags/minio_to_snowflake.py for tasks to queue
[2026-03-31T12:14:59.128+0000] {logging_mixin.py:188} INFO - [2026-03-31T12:14:59.123+0000] {dagbag.py:545} INFO - Filling up the DagBag from /opt/airflow/dags/minio_to_snowflake.py
[2026-03-31T12:15:01.887+0000] {processor.py:840} INFO - DAG(s) 'minio_to_snowflake_pipeline' retrieved from /opt/airflow/dags/minio_to_snowflake.py
[2026-03-31T12:15:01.995+0000] {logging_mixin.py:188} INFO - [2026-03-31T12:15:01.994+0000] {dag.py:3089} INFO - Sync 1 DAGs
[2026-03-31T12:15:02.092+0000] {logging_mixin.py:188} INFO - [2026-03-31T12:15:02.091+0000] {dag.py:3947} INFO - Setting next_dagrun for minio_to_snowflake_pipeline to 2026-03-31 12:00:00+00:00, run_after=2026-03-31 12:10:00+00:00
[2026-03-31T12:15:02.123+0000] {processor.py:183} INFO - Processing /opt/airflow/dags/minio_to_snowflake.py took 3.018 seconds
[2026-03-31T12:15:32.303+0000] {processor.py:161} INFO - Started process (PID=1039) to work on /opt/airflow/dags/minio_to_snowflake.py
[2026-03-31T12:15:32.323+0000] {processor.py:830} INFO - Processing file /opt/airflow/dags/minio_to_snowflake.py for tasks to queue
[2026-03-31T12:15:32.374+0000] {logging_mixin.py:188} INFO - [2026-03-31T12:15:32.373+0000] {dagbag.py:545} INFO - Filling up the DagBag from /opt/airflow/dags/minio_to_snowflake.py
[2026-03-31T12:15:41.402+0000] {processor.py:840} INFO - DAG(s) 'minio_to_snowflake_pipeline' retrieved from /opt/airflow/dags/minio_to_snowflake.py
[2026-03-31T12:15:41.598+0000] {logging_mixin.py:188} INFO - [2026-03-31T12:15:41.595+0000] {dag.py:3089} INFO - Sync 1 DAGs
[2026-03-31T12:15:41.733+0000] {logging_mixin.py:188} INFO - [2026-03-31T12:15:41.732+0000] {dag.py:3947} INFO - Setting next_dagrun for minio_to_snowflake_pipeline to 2026-03-31 12:00:00+00:00, run_after=2026-03-31 12:10:00+00:00
[2026-03-31T12:15:41.792+0000] {processor.py:183} INFO - Processing /opt/airflow/dags/minio_to_snowflake.py took 9.528 seconds
[2026-03-31T12:16:12.270+0000] {processor.py:161} INFO - Started process (PID=1046) to work on /opt/airflow/dags/minio_to_snowflake.py
[2026-03-31T12:16:12.271+0000] {processor.py:830} INFO - Processing file /opt/airflow/dags/minio_to_snowflake.py for tasks to queue
[2026-03-31T12:16:12.275+0000] {logging_mixin.py:188} INFO - [2026-03-31T12:16:12.274+0000] {dagbag.py:545} INFO - Filling up the DagBag from /opt/airflow/dags/minio_to_snowflake.py
[2026-03-31T12:16:15.133+0000] {processor.py:840} INFO - DAG(s) 'minio_to_snowflake_pipeline' retrieved from /opt/airflow/dags/minio_to_snowflake.py
[2026-03-31T12:16:15.192+0000] {logging_mixin.py:188} INFO - [2026-03-31T12:16:15.192+0000] {dag.py:3089} INFO - Sync 1 DAGs
[2026-03-31T12:16:15.271+0000] {logging_mixin.py:188} INFO - [2026-03-31T12:16:15.271+0000] {dag.py:3947} INFO - Setting next_dagrun for minio_to_snowflake_pipeline to 2026-03-31 12:00:00+00:00, run_after=2026-03-31 12:10:00+00:00
[2026-03-31T12:16:15.336+0000] {processor.py:183} INFO - Processing /opt/airflow/dags/minio_to_snowflake.py took 3.075 seconds
[2026-03-31T12:16:46.087+0000] {processor.py:161} INFO - Started process (PID=1053) to work on /opt/airflow/dags/minio_to_snowflake.py
[2026-03-31T12:16:46.107+0000] {processor.py:830} INFO - Processing file /opt/airflow/dags/minio_to_snowflake.py for tasks to queue
[2026-03-31T12:16:46.141+0000] {logging_mixin.py:188} INFO - [2026-03-31T12:16:46.136+0000] {dagbag.py:545} INFO - Filling up the DagBag from /opt/airflow/dags/minio_to_snowflake.py
[2026-03-31T12:16:56.241+0000] {processor.py:840} INFO - DAG(s) 'minio_to_snowflake_pipeline' retrieved from /opt/airflow/dags/minio_to_snowflake.py
[2026-03-31T12:16:56.367+0000] {logging_mixin.py:188} INFO - [2026-03-31T12:16:56.366+0000] {dag.py:3089} INFO - Sync 1 DAGs
[2026-03-31T12:16:56.421+0000] {logging_mixin.py:188} INFO - [2026-03-31T12:16:56.421+0000] {dag.py:3947} INFO - Setting next_dagrun for minio_to_snowflake_pipeline to 2026-03-31 12:00:00+00:00, run_after=2026-03-31 12:10:00+00:00
[2026-03-31T12:16:56.566+0000] {processor.py:183} INFO - Processing /opt/airflow/dags/minio_to_snowflake.py took 10.656 seconds
[2026-03-31T12:17:26.834+0000] {processor.py:161} INFO - Started process (PID=1060) to work on /opt/airflow/dags/minio_to_snowflake.py
[2026-03-31T12:17:26.836+0000] {processor.py:830} INFO - Processing file /opt/airflow/dags/minio_to_snowflake.py for tasks to queue
[2026-03-31T12:17:26.840+0000] {logging_mixin.py:188} INFO - [2026-03-31T12:17:26.840+0000] {dagbag.py:545} INFO - Filling up the DagBag from /opt/airflow/dags/minio_to_snowflake.py
[2026-03-31T12:17:38.679+0000] {processor.py:840} INFO - DAG(s) 'minio_to_snowflake_pipeline' retrieved from /opt/airflow/dags/minio_to_snowflake.py
[2026-03-31T12:17:38.919+0000] {logging_mixin.py:188} INFO - [2026-03-31T12:17:38.917+0000] {dag.py:3089} INFO - Sync 1 DAGs
[2026-03-31T12:17:39.144+0000] {logging_mixin.py:188} INFO - [2026-03-31T12:17:39.144+0000] {dag.py:3947} INFO - Setting next_dagrun for minio_to_snowflake_pipeline to 2026-03-31 12:00:00+00:00, run_after=2026-03-31 12:10:00+00:00
[2026-03-31T12:17:39.207+0000] {processor.py:183} INFO - Processing /opt/airflow/dags/minio_to_snowflake.py took 12.402 seconds
[2026-03-31T12:18:10.254+0000] {processor.py:161} INFO - Started process (PID=1067) to work on /opt/airflow/dags/minio_to_snowflake.py
[2026-03-31T12:18:10.257+0000] {processor.py:830} INFO - Processing file /opt/airflow/dags/minio_to_snowflake.py for tasks to queue
[2026-03-31T12:18:10.288+0000] {logging_mixin.py:188} INFO - [2026-03-31T12:18:10.283+0000] {dagbag.py:545} INFO - Filling up the DagBag from /opt/airflow/dags/minio_to_snowflake.py
[2026-03-31T12:18:18.417+0000] {processor.py:840} INFO - DAG(s) 'minio_to_snowflake_pipeline' retrieved from /opt/airflow/dags/minio_to_snowflake.py
[2026-03-31T12:18:18.667+0000] {logging_mixin.py:188} INFO - [2026-03-31T12:18:18.666+0000] {dag.py:3089} INFO - Sync 1 DAGs
[2026-03-31T12:18:18.767+0000] {logging_mixin.py:188} INFO - [2026-03-31T12:18:18.766+0000] {dag.py:3947} INFO - Setting next_dagrun for minio_to_snowflake_pipeline to 2026-03-31 12:00:00+00:00, run_after=2026-03-31 12:10:00+00:00
[2026-03-31T12:18:18.858+0000] {processor.py:183} INFO - Processing /opt/airflow/dags/minio_to_snowflake.py took 8.626 seconds
[2026-03-31T12:18:49.535+0000] {processor.py:161} INFO - Started process (PID=1074) to work on /opt/airflow/dags/minio_to_snowflake.py
[2026-03-31T12:18:49.537+0000] {processor.py:830} INFO - Processing file /opt/airflow/dags/minio_to_snowflake.py for tasks to queue
[2026-03-31T12:18:49.542+0000] {logging_mixin.py:188} INFO - [2026-03-31T12:18:49.541+0000] {dagbag.py:545} INFO - Filling up the DagBag from /opt/airflow/dags/minio_to_snowflake.py
[2026-03-31T12:18:56.917+0000] {processor.py:840} INFO - DAG(s) 'minio_to_snowflake_pipeline' retrieved from /opt/airflow/dags/minio_to_snowflake.py
[2026-03-31T12:18:57.336+0000] {logging_mixin.py:188} INFO - [2026-03-31T12:18:57.287+0000] {dag.py:3089} INFO - Sync 1 DAGs
[2026-03-31T12:18:58.106+0000] {logging_mixin.py:188} INFO - [2026-03-31T12:18:58.093+0000] {dag.py:3947} INFO - Setting next_dagrun for minio_to_snowflake_pipeline to 2026-03-31 12:00:00+00:00, run_after=2026-03-31 12:10:00+00:00
[2026-03-31T12:18:58.530+0000] {processor.py:183} INFO - Processing /opt/airflow/dags/minio_to_snowflake.py took 9.006 seconds
[2026-03-31T12:19:29.536+0000] {processor.py:161} INFO - Started process (PID=1081) to work on /opt/airflow/dags/minio_to_snowflake.py
[2026-03-31T12:19:29.541+0000] {processor.py:830} INFO - Processing file /opt/airflow/dags/minio_to_snowflake.py for tasks to queue
[2026-03-31T12:19:29.550+0000] {logging_mixin.py:188} INFO - [2026-03-31T12:19:29.544+0000] {dagbag.py:545} INFO - Filling up the DagBag from /opt/airflow/dags/minio_to_snowflake.py
[2026-03-31T12:19:34.284+0000] {processor.py:840} INFO - DAG(s) 'minio_to_snowflake_pipeline' retrieved from /opt/airflow/dags/minio_to_snowflake.py
[2026-03-31T12:19:34.348+0000] {logging_mixin.py:188} INFO - [2026-03-31T12:19:34.347+0000] {dag.py:3089} INFO - Sync 1 DAGs
[2026-03-31T12:19:34.409+0000] {logging_mixin.py:188} INFO - [2026-03-31T12:19:34.408+0000] {dag.py:3947} INFO - Setting next_dagrun for minio_to_snowflake_pipeline to 2026-03-31 12:00:00+00:00, run_after=2026-03-31 12:10:00+00:00
[2026-03-31T12:19:34.477+0000] {processor.py:183} INFO - Processing /opt/airflow/dags/minio_to_snowflake.py took 4.962 seconds
[2026-03-31T12:20:05.109+0000] {processor.py:161} INFO - Started process (PID=1088) to work on /opt/airflow/dags/minio_to_snowflake.py
[2026-03-31T12:20:05.113+0000] {processor.py:830} INFO - Processing file /opt/airflow/dags/minio_to_snowflake.py for tasks to queue
[2026-03-31T12:20:05.117+0000] {logging_mixin.py:188} INFO - [2026-03-31T12:20:05.116+0000] {dagbag.py:545} INFO - Filling up the DagBag from /opt/airflow/dags/minio_to_snowflake.py
[2026-03-31T12:20:06.287+0000] {processor.py:840} INFO - DAG(s) 'minio_to_snowflake_pipeline' retrieved from /opt/airflow/dags/minio_to_snowflake.py
[2026-03-31T12:20:06.317+0000] {logging_mixin.py:188} INFO - [2026-03-31T12:20:06.317+0000] {dag.py:3089} INFO - Sync 1 DAGs
[2026-03-31T12:20:06.343+0000] {logging_mixin.py:188} INFO - [2026-03-31T12:20:06.342+0000] {dag.py:3947} INFO - Setting next_dagrun for minio_to_snowflake_pipeline to 2026-03-31 12:10:00+00:00, run_after=2026-03-31 12:20:00+00:00
[2026-03-31T12:20:06.365+0000] {processor.py:183} INFO - Processing /opt/airflow/dags/minio_to_snowflake.py took 1.278 seconds
[2026-03-31T12:20:36.701+0000] {processor.py:161} INFO - Started process (PID=1095) to work on /opt/airflow/dags/minio_to_snowflake.py
[2026-03-31T12:20:36.705+0000] {processor.py:830} INFO - Processing file /opt/airflow/dags/minio_to_snowflake.py for tasks to queue
[2026-03-31T12:20:36.710+0000] {logging_mixin.py:188} INFO - [2026-03-31T12:20:36.709+0000] {dagbag.py:545} INFO - Filling up the DagBag from /opt/airflow/dags/minio_to_snowflake.py
[2026-03-31T12:20:41.511+0000] {processor.py:840} INFO - DAG(s) 'minio_to_snowflake_pipeline' retrieved from /opt/airflow/dags/minio_to_snowflake.py
[2026-03-31T12:20:41.629+0000] {logging_mixin.py:188} INFO - [2026-03-31T12:20:41.628+0000] {dag.py:3089} INFO - Sync 1 DAGs
[2026-03-31T12:20:41.723+0000] {logging_mixin.py:188} INFO - [2026-03-31T12:20:41.723+0000] {dag.py:3947} INFO - Setting next_dagrun for minio_to_snowflake_pipeline to 2026-03-31 12:10:00+00:00, run_after=2026-03-31 12:20:00+00:00
[2026-03-31T12:20:41.792+0000] {processor.py:183} INFO - Processing /opt/airflow/dags/minio_to_snowflake.py took 5.116 seconds
[2026-03-31T12:21:12.394+0000] {processor.py:161} INFO - Started process (PID=1102) to work on /opt/airflow/dags/minio_to_snowflake.py
[2026-03-31T12:21:12.395+0000] {processor.py:830} INFO - Processing file /opt/airflow/dags/minio_to_snowflake.py for tasks to queue
[2026-03-31T12:21:12.400+0000] {logging_mixin.py:188} INFO - [2026-03-31T12:21:12.400+0000] {dagbag.py:545} INFO - Filling up the DagBag from /opt/airflow/dags/minio_to_snowflake.py
[2026-03-31T12:21:16.432+0000] {processor.py:840} INFO - DAG(s) 'minio_to_snowflake_pipeline' retrieved from /opt/airflow/dags/minio_to_snowflake.py
[2026-03-31T12:21:16.622+0000] {logging_mixin.py:188} INFO - [2026-03-31T12:21:16.621+0000] {dag.py:3089} INFO - Sync 1 DAGs
[2026-03-31T12:21:17.036+0000] {logging_mixin.py:188} INFO - [2026-03-31T12:21:17.035+0000] {dag.py:3947} INFO - Setting next_dagrun for minio_to_snowflake_pipeline to 2026-03-31 12:10:00+00:00, run_after=2026-03-31 12:20:00+00:00
[2026-03-31T12:21:17.176+0000] {processor.py:183} INFO - Processing /opt/airflow/dags/minio_to_snowflake.py took 4.795 seconds
[2026-03-31T12:21:47.972+0000] {processor.py:161} INFO - Started process (PID=1109) to work on /opt/airflow/dags/minio_to_snowflake.py
[2026-03-31T12:21:47.974+0000] {processor.py:830} INFO - Processing file /opt/airflow/dags/minio_to_snowflake.py for tasks to queue
[2026-03-31T12:21:47.988+0000] {logging_mixin.py:188} INFO - [2026-03-31T12:21:47.988+0000] {dagbag.py:545} INFO - Filling up the DagBag from /opt/airflow/dags/minio_to_snowflake.py
[2026-03-31T12:21:51.291+0000] {processor.py:840} INFO - DAG(s) 'minio_to_snowflake_pipeline' retrieved from /opt/airflow/dags/minio_to_snowflake.py
[2026-03-31T12:21:51.342+0000] {logging_mixin.py:188} INFO - [2026-03-31T12:21:51.342+0000] {dag.py:3089} INFO - Sync 1 DAGs
[2026-03-31T12:21:51.388+0000] {logging_mixin.py:188} INFO - [2026-03-31T12:21:51.387+0000] {dag.py:3947} INFO - Setting next_dagrun for minio_to_snowflake_pipeline to 2026-03-31 12:10:00+00:00, run_after=2026-03-31 12:20:00+00:00
[2026-03-31T12:21:51.461+0000] {processor.py:183} INFO - Processing /opt/airflow/dags/minio_to_snowflake.py took 3.524 seconds
[2026-03-31T12:22:21.943+0000] {processor.py:161} INFO - Started process (PID=1116) to work on /opt/airflow/dags/minio_to_snowflake.py
[2026-03-31T12:22:21.945+0000] {processor.py:830} INFO - Processing file /opt/airflow/dags/minio_to_snowflake.py for tasks to queue
[2026-03-31T12:22:21.948+0000] {logging_mixin.py:188} INFO - [2026-03-31T12:22:21.948+0000] {dagbag.py:545} INFO - Filling up the DagBag from /opt/airflow/dags/minio_to_snowflake.py
[2026-03-31T12:22:23.211+0000] {processor.py:840} INFO - DAG(s) 'minio_to_snowflake_pipeline' retrieved from /opt/airflow/dags/minio_to_snowflake.py
[2026-03-31T12:22:23.266+0000] {logging_mixin.py:188} INFO - [2026-03-31T12:22:23.265+0000] {dag.py:3089} INFO - Sync 1 DAGs
[2026-03-31T12:22:23.292+0000] {logging_mixin.py:188} INFO - [2026-03-31T12:22:23.291+0000] {dag.py:3947} INFO - Setting next_dagrun for minio_to_snowflake_pipeline to 2026-03-31 12:10:00+00:00, run_after=2026-03-31 12:20:00+00:00
[2026-03-31T12:22:23.340+0000] {processor.py:183} INFO - Processing /opt/airflow/dags/minio_to_snowflake.py took 1.405 seconds
[2026-03-31T12:22:53.859+0000] {processor.py:161} INFO - Started process (PID=1123) to work on /opt/airflow/dags/minio_to_snowflake.py
[2026-03-31T12:22:53.860+0000] {processor.py:830} INFO - Processing file /opt/airflow/dags/minio_to_snowflake.py for tasks to queue
[2026-03-31T12:22:53.863+0000] {logging_mixin.py:188} INFO - [2026-03-31T12:22:53.863+0000] {dagbag.py:545} INFO - Filling up the DagBag from /opt/airflow/dags/minio_to_snowflake.py
[2026-03-31T12:22:55.715+0000] {processor.py:840} INFO - DAG(s) 'minio_to_snowflake_pipeline' retrieved from /opt/airflow/dags/minio_to_snowflake.py
[2026-03-31T12:22:55.746+0000] {logging_mixin.py:188} INFO - [2026-03-31T12:22:55.745+0000] {dag.py:3089} INFO - Sync 1 DAGs
[2026-03-31T12:22:55.771+0000] {logging_mixin.py:188} INFO - [2026-03-31T12:22:55.771+0000] {dag.py:3947} INFO - Setting next_dagrun for minio_to_snowflake_pipeline to 2026-03-31 12:10:00+00:00, run_after=2026-03-31 12:20:00+00:00
[2026-03-31T12:22:55.817+0000] {processor.py:183} INFO - Processing /opt/airflow/dags/minio_to_snowflake.py took 1.967 seconds
[2026-03-31T12:23:26.181+0000] {processor.py:161} INFO - Started process (PID=1130) to work on /opt/airflow/dags/minio_to_snowflake.py
[2026-03-31T12:23:26.183+0000] {processor.py:830} INFO - Processing file /opt/airflow/dags/minio_to_snowflake.py for tasks to queue
[2026-03-31T12:23:26.188+0000] {logging_mixin.py:188} INFO - [2026-03-31T12:23:26.187+0000] {dagbag.py:545} INFO - Filling up the DagBag from /opt/airflow/dags/minio_to_snowflake.py
[2026-03-31T12:23:28.093+0000] {processor.py:840} INFO - DAG(s) 'minio_to_snowflake_pipeline' retrieved from /opt/airflow/dags/minio_to_snowflake.py
[2026-03-31T12:23:28.126+0000] {logging_mixin.py:188} INFO - [2026-03-31T12:23:28.125+0000] {dag.py:3089} INFO - Sync 1 DAGs
[2026-03-31T12:23:28.151+0000] {logging_mixin.py:188} INFO - [2026-03-31T12:23:28.151+0000] {dag.py:3947} INFO - Setting next_dagrun for minio_to_snowflake_pipeline to 2026-03-31 12:10:00+00:00, run_after=2026-03-31 12:20:00+00:00
[2026-03-31T12:23:28.174+0000] {processor.py:183} INFO - Processing /opt/airflow/dags/minio_to_snowflake.py took 2.007 seconds
[2026-03-31T12:23:58.365+0000] {processor.py:161} INFO - Started process (PID=1137) to work on /opt/airflow/dags/minio_to_snowflake.py
[2026-03-31T12:23:58.366+0000] {processor.py:830} INFO - Processing file /opt/airflow/dags/minio_to_snowflake.py for tasks to queue
[2026-03-31T12:23:58.369+0000] {logging_mixin.py:188} INFO - [2026-03-31T12:23:58.369+0000] {dagbag.py:545} INFO - Filling up the DagBag from /opt/airflow/dags/minio_to_snowflake.py
[2026-03-31T12:23:59.661+0000] {processor.py:840} INFO - DAG(s) 'minio_to_snowflake_pipeline' retrieved from /opt/airflow/dags/minio_to_snowflake.py
[2026-03-31T12:23:59.716+0000] {logging_mixin.py:188} INFO - [2026-03-31T12:23:59.715+0000] {dag.py:3089} INFO - Sync 1 DAGs
[2026-03-31T12:23:59.772+0000] {logging_mixin.py:188} INFO - [2026-03-31T12:23:59.771+0000] {dag.py:3947} INFO - Setting next_dagrun for minio_to_snowflake_pipeline to 2026-03-31 12:10:00+00:00, run_after=2026-03-31 12:20:00+00:00
[2026-03-31T12:23:59.807+0000] {processor.py:183} INFO - Processing /opt/airflow/dags/minio_to_snowflake.py took 1.450 seconds
[2026-03-31T12:24:30.135+0000] {processor.py:161} INFO - Started process (PID=1144) to work on /opt/airflow/dags/minio_to_snowflake.py
[2026-03-31T12:24:30.136+0000] {processor.py:830} INFO - Processing file /opt/airflow/dags/minio_to_snowflake.py for tasks to queue
[2026-03-31T12:24:30.139+0000] {logging_mixin.py:188} INFO - [2026-03-31T12:24:30.139+0000] {dagbag.py:545} INFO - Filling up the DagBag from /opt/airflow/dags/minio_to_snowflake.py
[2026-03-31T12:24:31.216+0000] {processor.py:840} INFO - DAG(s) 'minio_to_snowflake_pipeline' retrieved from /opt/airflow/dags/minio_to_snowflake.py
[2026-03-31T12:24:31.253+0000] {logging_mixin.py:188} INFO - [2026-03-31T12:24:31.252+0000] {dag.py:3089} INFO - Sync 1 DAGs
[2026-03-31T12:24:31.290+0000] {logging_mixin.py:188} INFO - [2026-03-31T12:24:31.290+0000] {dag.py:3947} INFO - Setting next_dagrun for minio_to_snowflake_pipeline to 2026-03-31 12:10:00+00:00, run_after=2026-03-31 12:20:00+00:00
[2026-03-31T12:24:31.310+0000] {processor.py:183} INFO - Processing /opt/airflow/dags/minio_to_snowflake.py took 1.183 seconds
[2026-03-31T12:25:01.508+0000] {processor.py:161} INFO - Started process (PID=1151) to work on /opt/airflow/dags/minio_to_snowflake.py
[2026-03-31T12:25:01.510+0000] {processor.py:830} INFO - Processing file /opt/airflow/dags/minio_to_snowflake.py for tasks to queue
[2026-03-31T12:25:01.514+0000] {logging_mixin.py:188} INFO - [2026-03-31T12:25:01.512+0000] {dagbag.py:545} INFO - Filling up the DagBag from /opt/airflow/dags/minio_to_snowflake.py
[2026-03-31T12:25:02.913+0000] {processor.py:840} INFO - DAG(s) 'minio_to_snowflake_pipeline' retrieved from /opt/airflow/dags/minio_to_snowflake.py
[2026-03-31T12:25:02.970+0000] {logging_mixin.py:188} INFO - [2026-03-31T12:25:02.970+0000] {dag.py:3089} INFO - Sync 1 DAGs
[2026-03-31T12:25:03.000+0000] {logging_mixin.py:188} INFO - [2026-03-31T12:25:02.999+0000] {dag.py:3947} INFO - Setting next_dagrun for minio_to_snowflake_pipeline to 2026-03-31 12:10:00+00:00, run_after=2026-03-31 12:20:00+00:00
[2026-03-31T12:25:03.037+0000] {processor.py:183} INFO - Processing /opt/airflow/dags/minio_to_snowflake.py took 1.536 seconds
[2026-03-31T12:25:33.510+0000] {processor.py:161} INFO - Started process (PID=1158) to work on /opt/airflow/dags/minio_to_snowflake.py
[2026-03-31T12:25:33.512+0000] {processor.py:830} INFO - Processing file /opt/airflow/dags/minio_to_snowflake.py for tasks to queue
[2026-03-31T12:25:33.516+0000] {logging_mixin.py:188} INFO - [2026-03-31T12:25:33.515+0000] {dagbag.py:545} INFO - Filling up the DagBag from /opt/airflow/dags/minio_to_snowflake.py
[2026-03-31T12:25:35.685+0000] {processor.py:840} INFO - DAG(s) 'minio_to_snowflake_pipeline' retrieved from /opt/airflow/dags/minio_to_snowflake.py
[2026-03-31T12:25:35.720+0000] {logging_mixin.py:188} INFO - [2026-03-31T12:25:35.720+0000] {dag.py:3089} INFO - Sync 1 DAGs
[2026-03-31T12:25:35.758+0000] {logging_mixin.py:188} INFO - [2026-03-31T12:25:35.757+0000] {dag.py:3947} INFO - Setting next_dagrun for minio_to_snowflake_pipeline to 2026-03-31 12:10:00+00:00, run_after=2026-03-31 12:20:00+00:00
[2026-03-31T12:25:35.791+0000] {processor.py:183} INFO - Processing /opt/airflow/dags/minio_to_snowflake.py took 2.293 seconds
[2026-03-31T12:26:05.949+0000] {processor.py:161} INFO - Started process (PID=1165) to work on /opt/airflow/dags/minio_to_snowflake.py
[2026-03-31T12:26:05.952+0000] {processor.py:830} INFO - Processing file /opt/airflow/dags/minio_to_snowflake.py for tasks to queue
[2026-03-31T12:26:05.956+0000] {logging_mixin.py:188} INFO - [2026-03-31T12:26:05.955+0000] {dagbag.py:545} INFO - Filling up the DagBag from /opt/airflow/dags/minio_to_snowflake.py
[2026-03-31T12:26:09.273+0000] {processor.py:840} INFO - DAG(s) 'minio_to_snowflake_pipeline' retrieved from /opt/airflow/dags/minio_to_snowflake.py
[2026-03-31T12:26:09.323+0000] {logging_mixin.py:188} INFO - [2026-03-31T12:26:09.322+0000] {dag.py:3089} INFO - Sync 1 DAGs
[2026-03-31T12:26:09.351+0000] {logging_mixin.py:188} INFO - [2026-03-31T12:26:09.351+0000] {dag.py:3947} INFO - Setting next_dagrun for minio_to_snowflake_pipeline to 2026-03-31 12:10:00+00:00, run_after=2026-03-31 12:20:00+00:00
[2026-03-31T12:26:09.375+0000] {processor.py:183} INFO - Processing /opt/airflow/dags/minio_to_snowflake.py took 3.449 seconds
[2026-03-31T12:26:39.621+0000] {processor.py:161} INFO - Started process (PID=1172) to work on /opt/airflow/dags/minio_to_snowflake.py
[2026-03-31T12:26:39.622+0000] {processor.py:830} INFO - Processing file /opt/airflow/dags/minio_to_snowflake.py for tasks to queue
[2026-03-31T12:26:39.625+0000] {logging_mixin.py:188} INFO - [2026-03-31T12:26:39.625+0000] {dagbag.py:545} INFO - Filling up the DagBag from /opt/airflow/dags/minio_to_snowflake.py
[2026-03-31T12:26:40.824+0000] {processor.py:840} INFO - DAG(s) 'minio_to_snowflake_pipeline' retrieved from /opt/airflow/dags/minio_to_snowflake.py
[2026-03-31T12:26:40.855+0000] {logging_mixin.py:188} INFO - [2026-03-31T12:26:40.854+0000] {dag.py:3089} INFO - Sync 1 DAGs
[2026-03-31T12:26:40.881+0000] {logging_mixin.py:188} INFO - [2026-03-31T12:26:40.880+0000] {dag.py:3947} INFO - Setting next_dagrun for minio_to_snowflake_pipeline to 2026-03-31 12:10:00+00:00, run_after=2026-03-31 12:20:00+00:00
[2026-03-31T12:26:40.906+0000] {processor.py:183} INFO - Processing /opt/airflow/dags/minio_to_snowflake.py took 1.295 seconds
[2026-03-31T12:27:11.176+0000] {processor.py:161} INFO - Started process (PID=1179) to work on /opt/airflow/dags/minio_to_snowflake.py
[2026-03-31T12:27:11.178+0000] {processor.py:830} INFO - Processing file /opt/airflow/dags/minio_to_snowflake.py for tasks to queue
[2026-03-31T12:27:11.181+0000] {logging_mixin.py:188} INFO - [2026-03-31T12:27:11.180+0000] {dagbag.py:545} INFO - Filling up the DagBag from /opt/airflow/dags/minio_to_snowflake.py
[2026-03-31T12:27:12.189+0000] {processor.py:840} INFO - DAG(s) 'minio_to_snowflake_pipeline' retrieved from /opt/airflow/dags/minio_to_snowflake.py
[2026-03-31T12:27:12.225+0000] {logging_mixin.py:188} INFO - [2026-03-31T12:27:12.224+0000] {dag.py:3089} INFO - Sync 1 DAGs
[2026-03-31T12:27:12.250+0000] {logging_mixin.py:188} INFO - [2026-03-31T12:27:12.250+0000] {dag.py:3947} INFO - Setting next_dagrun for minio_to_snowflake_pipeline to 2026-03-31 12:10:00+00:00, run_after=2026-03-31 12:20:00+00:00
[2026-03-31T12:27:12.273+0000] {processor.py:183} INFO - Processing /opt/airflow/dags/minio_to_snowflake.py took 1.108 seconds
[2026-03-31T12:27:42.387+0000] {processor.py:161} INFO - Started process (PID=1186) to work on /opt/airflow/dags/minio_to_snowflake.py
[2026-03-31T12:27:42.389+0000] {processor.py:830} INFO - Processing file /opt/airflow/dags/minio_to_snowflake.py for tasks to queue
[2026-03-31T12:27:42.392+0000] {logging_mixin.py:188} INFO - [2026-03-31T12:27:42.391+0000] {dagbag.py:545} INFO - Filling up the DagBag from /opt/airflow/dags/minio_to_snowflake.py
[2026-03-31T12:27:43.428+0000] {processor.py:840} INFO - DAG(s) 'minio_to_snowflake_pipeline' retrieved from /opt/airflow/dags/minio_to_snowflake.py
[2026-03-31T12:27:43.493+0000] {logging_mixin.py:188} INFO - [2026-03-31T12:27:43.492+0000] {dag.py:3089} INFO - Sync 1 DAGs
[2026-03-31T12:27:43.536+0000] {logging_mixin.py:188} INFO - [2026-03-31T12:27:43.536+0000] {dag.py:3947} INFO - Setting next_dagrun for minio_to_snowflake_pipeline to 2026-03-31 12:10:00+00:00, run_after=2026-03-31 12:20:00+00:00
[2026-03-31T12:27:43.571+0000] {processor.py:183} INFO - Processing /opt/airflow/dags/minio_to_snowflake.py took 1.192 seconds
[2026-03-31T12:28:14.340+0000] {processor.py:161} INFO - Started process (PID=1193) to work on /opt/airflow/dags/minio_to_snowflake.py
[2026-03-31T12:28:14.342+0000] {processor.py:830} INFO - Processing file /opt/airflow/dags/minio_to_snowflake.py for tasks to queue
[2026-03-31T12:28:14.346+0000] {logging_mixin.py:188} INFO - [2026-03-31T12:28:14.345+0000] {dagbag.py:545} INFO - Filling up the DagBag from /opt/airflow/dags/minio_to_snowflake.py
[2026-03-31T12:28:16.504+0000] {processor.py:840} INFO - DAG(s) 'minio_to_snowflake_pipeline' retrieved from /opt/airflow/dags/minio_to_snowflake.py
[2026-03-31T12:28:16.593+0000] {logging_mixin.py:188} INFO - [2026-03-31T12:28:16.592+0000] {dag.py:3089} INFO - Sync 1 DAGs
[2026-03-31T12:28:16.713+0000] {logging_mixin.py:188} INFO - [2026-03-31T12:28:16.713+0000] {dag.py:3947} INFO - Setting next_dagrun for minio_to_snowflake_pipeline to 2026-03-31 12:10:00+00:00, run_after=2026-03-31 12:20:00+00:00
[2026-03-31T12:28:16.787+0000] {processor.py:183} INFO - Processing /opt/airflow/dags/minio_to_snowflake.py took 2.455 seconds
[2026-03-31T12:28:47.220+0000] {processor.py:161} INFO - Started process (PID=1200) to work on /opt/airflow/dags/minio_to_snowflake.py
[2026-03-31T12:28:47.222+0000] {processor.py:830} INFO - Processing file /opt/airflow/dags/minio_to_snowflake.py for tasks to queue
[2026-03-31T12:28:47.225+0000] {logging_mixin.py:188} INFO - [2026-03-31T12:28:47.224+0000] {dagbag.py:545} INFO - Filling up the DagBag from /opt/airflow/dags/minio_to_snowflake.py
[2026-03-31T12:28:49.521+0000] {processor.py:840} INFO - DAG(s) 'minio_to_snowflake_pipeline' retrieved from /opt/airflow/dags/minio_to_snowflake.py
[2026-03-31T12:28:49.791+0000] {logging_mixin.py:188} INFO - [2026-03-31T12:28:49.791+0000] {dag.py:3089} INFO - Sync 1 DAGs
[2026-03-31T12:28:49.915+0000] {logging_mixin.py:188} INFO - [2026-03-31T12:28:49.914+0000] {dag.py:3947} INFO - Setting next_dagrun for minio_to_snowflake_pipeline to 2026-03-31 12:10:00+00:00, run_after=2026-03-31 12:20:00+00:00
[2026-03-31T12:28:49.975+0000] {processor.py:183} INFO - Processing /opt/airflow/dags/minio_to_snowflake.py took 2.766 seconds
[2026-03-31T12:29:20.813+0000] {processor.py:161} INFO - Started process (PID=1207) to work on /opt/airflow/dags/minio_to_snowflake.py
[2026-03-31T12:29:20.826+0000] {processor.py:830} INFO - Processing file /opt/airflow/dags/minio_to_snowflake.py for tasks to queue
[2026-03-31T12:29:20.833+0000] {logging_mixin.py:188} INFO - [2026-03-31T12:29:20.832+0000] {dagbag.py:545} INFO - Filling up the DagBag from /opt/airflow/dags/minio_to_snowflake.py
[2026-03-31T12:29:24.632+0000] {processor.py:840} INFO - DAG(s) 'minio_to_snowflake_pipeline' retrieved from /opt/airflow/dags/minio_to_snowflake.py
[2026-03-31T12:29:24.713+0000] {logging_mixin.py:188} INFO - [2026-03-31T12:29:24.711+0000] {dag.py:3089} INFO - Sync 1 DAGs
[2026-03-31T12:29:24.763+0000] {logging_mixin.py:188} INFO - [2026-03-31T12:29:24.762+0000] {dag.py:3947} INFO - Setting next_dagrun for minio_to_snowflake_pipeline to 2026-03-31 12:10:00+00:00, run_after=2026-03-31 12:20:00+00:00
[2026-03-31T12:29:24.811+0000] {processor.py:183} INFO - Processing /opt/airflow/dags/minio_to_snowflake.py took 4.039 seconds
[2026-03-31T12:29:55.157+0000] {processor.py:161} INFO - Started process (PID=1214) to work on /opt/airflow/dags/minio_to_snowflake.py
[2026-03-31T12:29:55.158+0000] {processor.py:830} INFO - Processing file /opt/airflow/dags/minio_to_snowflake.py for tasks to queue
[2026-03-31T12:29:55.162+0000] {logging_mixin.py:188} INFO - [2026-03-31T12:29:55.161+0000] {dagbag.py:545} INFO - Filling up the DagBag from /opt/airflow/dags/minio_to_snowflake.py
[2026-03-31T12:29:56.933+0000] {processor.py:840} INFO - DAG(s) 'minio_to_snowflake_pipeline' retrieved from /opt/airflow/dags/minio_to_snowflake.py
[2026-03-31T12:29:56.998+0000] {logging_mixin.py:188} INFO - [2026-03-31T12:29:56.997+0000] {dag.py:3089} INFO - Sync 1 DAGs
[2026-03-31T12:29:57.059+0000] {logging_mixin.py:188} INFO - [2026-03-31T12:29:57.059+0000] {dag.py:3947} INFO - Setting next_dagrun for minio_to_snowflake_pipeline to 2026-03-31 12:10:00+00:00, run_after=2026-03-31 12:20:00+00:00
[2026-03-31T12:29:57.113+0000] {processor.py:183} INFO - Processing /opt/airflow/dags/minio_to_snowflake.py took 1.966 seconds
[2026-03-31T12:30:27.550+0000] {processor.py:161} INFO - Started process (PID=1221) to work on /opt/airflow/dags/minio_to_snowflake.py
[2026-03-31T12:30:27.563+0000] {processor.py:830} INFO - Processing file /opt/airflow/dags/minio_to_snowflake.py for tasks to queue
[2026-03-31T12:30:27.568+0000] {logging_mixin.py:188} INFO - [2026-03-31T12:30:27.567+0000] {dagbag.py:545} INFO - Filling up the DagBag from /opt/airflow/dags/minio_to_snowflake.py
[2026-03-31T12:30:33.830+0000] {processor.py:840} INFO - DAG(s) 'minio_to_snowflake_pipeline' retrieved from /opt/airflow/dags/minio_to_snowflake.py
[2026-03-31T12:30:33.938+0000] {logging_mixin.py:188} INFO - [2026-03-31T12:30:33.937+0000] {dag.py:3089} INFO - Sync 1 DAGs
[2026-03-31T12:30:33.970+0000] {logging_mixin.py:188} INFO - [2026-03-31T12:30:33.970+0000] {dag.py:3947} INFO - Setting next_dagrun for minio_to_snowflake_pipeline to 2026-03-31 12:20:00+00:00, run_after=2026-03-31 12:30:00+00:00
[2026-03-31T12:30:33.995+0000] {processor.py:183} INFO - Processing /opt/airflow/dags/minio_to_snowflake.py took 6.457 seconds
[2026-03-31T12:31:04.320+0000] {processor.py:161} INFO - Started process (PID=1228) to work on /opt/airflow/dags/minio_to_snowflake.py
[2026-03-31T12:31:04.324+0000] {processor.py:830} INFO - Processing file /opt/airflow/dags/minio_to_snowflake.py for tasks to queue
[2026-03-31T12:31:04.328+0000] {logging_mixin.py:188} INFO - [2026-03-31T12:31:04.327+0000] {dagbag.py:545} INFO - Filling up the DagBag from /opt/airflow/dags/minio_to_snowflake.py
[2026-03-31T12:31:05.758+0000] {processor.py:840} INFO - DAG(s) 'minio_to_snowflake_pipeline' retrieved from /opt/airflow/dags/minio_to_snowflake.py
[2026-03-31T12:31:05.788+0000] {logging_mixin.py:188} INFO - [2026-03-31T12:31:05.787+0000] {dag.py:3089} INFO - Sync 1 DAGs
[2026-03-31T12:31:05.826+0000] {logging_mixin.py:188} INFO - [2026-03-31T12:31:05.825+0000] {dag.py:3947} INFO - Setting next_dagrun for minio_to_snowflake_pipeline to 2026-03-31 12:20:00+00:00, run_after=2026-03-31 12:30:00+00:00
[2026-03-31T12:31:05.869+0000] {processor.py:183} INFO - Processing /opt/airflow/dags/minio_to_snowflake.py took 1.563 seconds
[2026-03-31T12:31:36.153+0000] {processor.py:161} INFO - Started process (PID=1235) to work on /opt/airflow/dags/minio_to_snowflake.py
[2026-03-31T12:31:36.155+0000] {processor.py:830} INFO - Processing file /opt/airflow/dags/minio_to_snowflake.py for tasks to queue
[2026-03-31T12:31:36.158+0000] {logging_mixin.py:188} INFO - [2026-03-31T12:31:36.158+0000] {dagbag.py:545} INFO - Filling up the DagBag from /opt/airflow/dags/minio_to_snowflake.py
[2026-03-31T12:31:37.213+0000] {processor.py:840} INFO - DAG(s) 'minio_to_snowflake_pipeline' retrieved from /opt/airflow/dags/minio_to_snowflake.py
[2026-03-31T12:31:37.246+0000] {logging_mixin.py:188} INFO - [2026-03-31T12:31:37.246+0000] {dag.py:3089} INFO - Sync 1 DAGs
[2026-03-31T12:31:37.268+0000] {logging_mixin.py:188} INFO - [2026-03-31T12:31:37.268+0000] {dag.py:3947} INFO - Setting next_dagrun for minio_to_snowflake_pipeline to 2026-03-31 12:20:00+00:00, run_after=2026-03-31 12:30:00+00:00
[2026-03-31T12:31:37.290+0000] {processor.py:183} INFO - Processing /opt/airflow/dags/minio_to_snowflake.py took 1.148 seconds
[2026-03-31T12:32:07.515+0000] {processor.py:161} INFO - Started process (PID=1242) to work on /opt/airflow/dags/minio_to_snowflake.py
[2026-03-31T12:32:07.517+0000] {processor.py:830} INFO - Processing file /opt/airflow/dags/minio_to_snowflake.py for tasks to queue
[2026-03-31T12:32:07.521+0000] {logging_mixin.py:188} INFO - [2026-03-31T12:32:07.520+0000] {dagbag.py:545} INFO - Filling up the DagBag from /opt/airflow/dags/minio_to_snowflake.py
[2026-03-31T12:32:09.197+0000] {processor.py:840} INFO - DAG(s) 'minio_to_snowflake_pipeline' retrieved from /opt/airflow/dags/minio_to_snowflake.py
[2026-03-31T12:32:09.225+0000] {logging_mixin.py:188} INFO - [2026-03-31T12:32:09.224+0000] {dag.py:3089} INFO - Sync 1 DAGs
[2026-03-31T12:32:09.247+0000] {logging_mixin.py:188} INFO - [2026-03-31T12:32:09.247+0000] {dag.py:3947} INFO - Setting next_dagrun for minio_to_snowflake_pipeline to 2026-03-31 12:20:00+00:00, run_after=2026-03-31 12:30:00+00:00
[2026-03-31T12:32:09.268+0000] {processor.py:183} INFO - Processing /opt/airflow/dags/minio_to_snowflake.py took 1.762 seconds
[2026-03-31T12:32:39.514+0000] {processor.py:161} INFO - Started process (PID=1249) to work on /opt/airflow/dags/minio_to_snowflake.py
[2026-03-31T12:32:39.516+0000] {processor.py:830} INFO - Processing file /opt/airflow/dags/minio_to_snowflake.py for tasks to queue
[2026-03-31T12:32:39.519+0000] {logging_mixin.py:188} INFO - [2026-03-31T12:32:39.518+0000] {dagbag.py:545} INFO - Filling up the DagBag from /opt/airflow/dags/minio_to_snowflake.py
[2026-03-31T12:32:40.526+0000] {processor.py:840} INFO - DAG(s) 'minio_to_snowflake_pipeline' retrieved from /opt/airflow/dags/minio_to_snowflake.py
[2026-03-31T12:32:40.555+0000] {logging_mixin.py:188} INFO - [2026-03-31T12:32:40.554+0000] {dag.py:3089} INFO - Sync 1 DAGs
[2026-03-31T12:32:40.578+0000] {logging_mixin.py:188} INFO - [2026-03-31T12:32:40.578+0000] {dag.py:3947} INFO - Setting next_dagrun for minio_to_snowflake_pipeline to 2026-03-31 12:20:00+00:00, run_after=2026-03-31 12:30:00+00:00
[2026-03-31T12:32:40.600+0000] {processor.py:183} INFO - Processing /opt/airflow/dags/minio_to_snowflake.py took 1.094 seconds
[2026-03-31T12:33:10.734+0000] {processor.py:161} INFO - Started process (PID=1256) to work on /opt/airflow/dags/minio_to_snowflake.py
[2026-03-31T12:33:10.736+0000] {processor.py:830} INFO - Processing file /opt/airflow/dags/minio_to_snowflake.py for tasks to queue
[2026-03-31T12:33:10.739+0000] {logging_mixin.py:188} INFO - [2026-03-31T12:33:10.738+0000] {dagbag.py:545} INFO - Filling up the DagBag from /opt/airflow/dags/minio_to_snowflake.py
[2026-03-31T12:33:11.741+0000] {processor.py:840} INFO - DAG(s) 'minio_to_snowflake_pipeline' retrieved from /opt/airflow/dags/minio_to_snowflake.py
[2026-03-31T12:33:11.770+0000] {logging_mixin.py:188} INFO - [2026-03-31T12:33:11.770+0000] {dag.py:3089} INFO - Sync 1 DAGs
[2026-03-31T12:33:11.794+0000] {logging_mixin.py:188} INFO - [2026-03-31T12:33:11.794+0000] {dag.py:3947} INFO - Setting next_dagrun for minio_to_snowflake_pipeline to 2026-03-31 12:20:00+00:00, run_after=2026-03-31 12:30:00+00:00
[2026-03-31T12:33:11.816+0000] {processor.py:183} INFO - Processing /opt/airflow/dags/minio_to_snowflake.py took 1.090 seconds
[2026-03-31T12:33:42.139+0000] {processor.py:161} INFO - Started process (PID=1263) to work on /opt/airflow/dags/minio_to_snowflake.py
[2026-03-31T12:33:42.142+0000] {processor.py:830} INFO - Processing file /opt/airflow/dags/minio_to_snowflake.py for tasks to queue
[2026-03-31T12:33:42.156+0000] {logging_mixin.py:188} INFO - [2026-03-31T12:33:42.155+0000] {dagbag.py:545} INFO - Filling up the DagBag from /opt/airflow/dags/minio_to_snowflake.py
[2026-03-31T12:33:47.774+0000] {processor.py:840} INFO - DAG(s) 'minio_to_snowflake_pipeline' retrieved from /opt/airflow/dags/minio_to_snowflake.py
[2026-03-31T12:33:48.008+0000] {logging_mixin.py:188} INFO - [2026-03-31T12:33:47.996+0000] {dag.py:3089} INFO - Sync 1 DAGs
[2026-03-31T12:33:48.205+0000] {logging_mixin.py:188} INFO - [2026-03-31T12:33:48.204+0000] {dag.py:3947} INFO - Setting next_dagrun for minio_to_snowflake_pipeline to 2026-03-31 12:20:00+00:00, run_after=2026-03-31 12:30:00+00:00
[2026-03-31T12:33:48.424+0000] {processor.py:183} INFO - Processing /opt/airflow/dags/minio_to_snowflake.py took 6.306 seconds
[2026-03-31T12:34:19.014+0000] {processor.py:161} INFO - Started process (PID=1270) to work on /opt/airflow/dags/minio_to_snowflake.py
[2026-03-31T12:34:19.026+0000] {processor.py:830} INFO - Processing file /opt/airflow/dags/minio_to_snowflake.py for tasks to queue
[2026-03-31T12:34:19.031+0000] {logging_mixin.py:188} INFO - [2026-03-31T12:34:19.030+0000] {dagbag.py:545} INFO - Filling up the DagBag from /opt/airflow/dags/minio_to_snowflake.py
[2026-03-31T12:34:21.910+0000] {processor.py:840} INFO - DAG(s) 'minio_to_snowflake_pipeline' retrieved from /opt/airflow/dags/minio_to_snowflake.py
[2026-03-31T12:34:22.009+0000] {logging_mixin.py:188} INFO - [2026-03-31T12:34:22.008+0000] {dag.py:3089} INFO - Sync 1 DAGs
[2026-03-31T12:34:22.045+0000] {logging_mixin.py:188} INFO - [2026-03-31T12:34:22.044+0000] {dag.py:3947} INFO - Setting next_dagrun for minio_to_snowflake_pipeline to 2026-03-31 12:20:00+00:00, run_after=2026-03-31 12:30:00+00:00
[2026-03-31T12:34:22.089+0000] {processor.py:183} INFO - Processing /opt/airflow/dags/minio_to_snowflake.py took 3.105 seconds
[2026-03-31T12:34:53.311+0000] {processor.py:161} INFO - Started process (PID=1277) to work on /opt/airflow/dags/minio_to_snowflake.py
[2026-03-31T12:34:53.323+0000] {processor.py:830} INFO - Processing file /opt/airflow/dags/minio_to_snowflake.py for tasks to queue
[2026-03-31T12:34:53.344+0000] {logging_mixin.py:188} INFO - [2026-03-31T12:34:53.341+0000] {dagbag.py:545} INFO - Filling up the DagBag from /opt/airflow/dags/minio_to_snowflake.py
[2026-03-31T12:34:59.757+0000] {processor.py:840} INFO - DAG(s) 'minio_to_snowflake_pipeline' retrieved from /opt/airflow/dags/minio_to_snowflake.py
[2026-03-31T12:35:00.230+0000] {logging_mixin.py:188} INFO - [2026-03-31T12:35:00.229+0000] {dag.py:3089} INFO - Sync 1 DAGs
[2026-03-31T12:35:00.415+0000] {logging_mixin.py:188} INFO - [2026-03-31T12:35:00.414+0000] {dag.py:3947} INFO - Setting next_dagrun for minio_to_snowflake_pipeline to 2026-03-31 12:20:00+00:00, run_after=2026-03-31 12:30:00+00:00
[2026-03-31T12:35:00.522+0000] {processor.py:183} INFO - Processing /opt/airflow/dags/minio_to_snowflake.py took 7.263 seconds
[2026-03-31T12:35:31.218+0000] {processor.py:161} INFO - Started process (PID=1284) to work on /opt/airflow/dags/minio_to_snowflake.py
[2026-03-31T12:35:31.226+0000] {processor.py:830} INFO - Processing file /opt/airflow/dags/minio_to_snowflake.py for tasks to queue
[2026-03-31T12:35:31.236+0000] {logging_mixin.py:188} INFO - [2026-03-31T12:35:31.235+0000] {dagbag.py:545} INFO - Filling up the DagBag from /opt/airflow/dags/minio_to_snowflake.py
[2026-03-31T12:35:41.385+0000] {processor.py:840} INFO - DAG(s) 'minio_to_snowflake_pipeline' retrieved from /opt/airflow/dags/minio_to_snowflake.py
[2026-03-31T12:35:41.533+0000] {logging_mixin.py:188} INFO - [2026-03-31T12:35:41.530+0000] {dag.py:3089} INFO - Sync 1 DAGs
[2026-03-31T12:35:41.730+0000] {logging_mixin.py:188} INFO - [2026-03-31T12:35:41.722+0000] {dag.py:3947} INFO - Setting next_dagrun for minio_to_snowflake_pipeline to 2026-03-31 12:20:00+00:00, run_after=2026-03-31 12:30:00+00:00
[2026-03-31T12:35:41.849+0000] {processor.py:183} INFO - Processing /opt/airflow/dags/minio_to_snowflake.py took 10.688 seconds
[2026-03-31T12:40:39.239+0000] {processor.py:161} INFO - Started process (PID=178) to work on /opt/airflow/dags/minio_to_snowflake.py
[2026-03-31T12:40:39.259+0000] {processor.py:830} INFO - Processing file /opt/airflow/dags/minio_to_snowflake.py for tasks to queue
[2026-03-31T12:40:39.279+0000] {logging_mixin.py:188} INFO - [2026-03-31T12:40:39.276+0000] {dagbag.py:545} INFO - Filling up the DagBag from /opt/airflow/dags/minio_to_snowflake.py
[2026-03-31T12:40:46.159+0000] {processor.py:840} INFO - DAG(s) 'minio_to_snowflake_pipeline' retrieved from /opt/airflow/dags/minio_to_snowflake.py
[2026-03-31T12:40:46.843+0000] {logging_mixin.py:188} INFO - [2026-03-31T12:40:46.842+0000] {override.py:1858} INFO - Created Permission View: can delete on DAG:minio_to_snowflake_pipeline
[2026-03-31T12:40:46.863+0000] {logging_mixin.py:188} INFO - [2026-03-31T12:40:46.862+0000] {override.py:1858} INFO - Created Permission View: can edit on DAG:minio_to_snowflake_pipeline
[2026-03-31T12:40:46.884+0000] {logging_mixin.py:188} INFO - [2026-03-31T12:40:46.883+0000] {override.py:1858} INFO - Created Permission View: can read on DAG:minio_to_snowflake_pipeline
[2026-03-31T12:40:46.885+0000] {logging_mixin.py:188} INFO - [2026-03-31T12:40:46.885+0000] {dag.py:3089} INFO - Sync 1 DAGs
[2026-03-31T12:40:46.919+0000] {logging_mixin.py:188} INFO - [2026-03-31T12:40:46.918+0000] {dag.py:3111} INFO - Creating ORM DAG for minio_to_snowflake_pipeline
[2026-03-31T12:40:46.956+0000] {logging_mixin.py:188} INFO - [2026-03-31T12:40:46.955+0000] {dag.py:3947} INFO - Setting next_dagrun for minio_to_snowflake_pipeline to 2026-03-31 12:30:00+00:00, run_after=2026-03-31 12:40:00+00:00
[2026-03-31T12:40:46.988+0000] {processor.py:183} INFO - Processing /opt/airflow/dags/minio_to_snowflake.py took 7.771 seconds
[2026-03-31T12:41:17.793+0000] {processor.py:161} INFO - Started process (PID=185) to work on /opt/airflow/dags/minio_to_snowflake.py
[2026-03-31T12:41:17.801+0000] {processor.py:830} INFO - Processing file /opt/airflow/dags/minio_to_snowflake.py for tasks to queue
[2026-03-31T12:41:17.879+0000] {logging_mixin.py:188} INFO - [2026-03-31T12:41:17.872+0000] {dagbag.py:545} INFO - Filling up the DagBag from /opt/airflow/dags/minio_to_snowflake.py
[2026-03-31T12:41:26.851+0000] {processor.py:840} INFO - DAG(s) 'minio_to_snowflake_pipeline' retrieved from /opt/airflow/dags/minio_to_snowflake.py
[2026-03-31T12:41:26.961+0000] {logging_mixin.py:188} INFO - [2026-03-31T12:41:26.960+0000] {dag.py:3089} INFO - Sync 1 DAGs
[2026-03-31T12:41:27.054+0000] {logging_mixin.py:188} INFO - [2026-03-31T12:41:27.054+0000] {dag.py:3947} INFO - Setting next_dagrun for minio_to_snowflake_pipeline to 2026-03-31 12:30:00+00:00, run_after=2026-03-31 12:40:00+00:00
[2026-03-31T12:41:27.167+0000] {processor.py:183} INFO - Processing /opt/airflow/dags/minio_to_snowflake.py took 9.481 seconds
[2026-03-31T12:41:58.193+0000] {processor.py:161} INFO - Started process (PID=192) to work on /opt/airflow/dags/minio_to_snowflake.py
[2026-03-31T12:41:58.195+0000] {processor.py:830} INFO - Processing file /opt/airflow/dags/minio_to_snowflake.py for tasks to queue
[2026-03-31T12:41:58.199+0000] {logging_mixin.py:188} INFO - [2026-03-31T12:41:58.198+0000] {dagbag.py:545} INFO - Filling up the DagBag from /opt/airflow/dags/minio_to_snowflake.py
[2026-03-31T12:42:01.611+0000] {processor.py:840} INFO - DAG(s) 'minio_to_snowflake_pipeline' retrieved from /opt/airflow/dags/minio_to_snowflake.py
[2026-03-31T12:42:01.780+0000] {logging_mixin.py:188} INFO - [2026-03-31T12:42:01.779+0000] {dag.py:3089} INFO - Sync 1 DAGs
[2026-03-31T12:42:02.009+0000] {logging_mixin.py:188} INFO - [2026-03-31T12:42:02.008+0000] {dag.py:3947} INFO - Setting next_dagrun for minio_to_snowflake_pipeline to 2026-03-31 12:30:00+00:00, run_after=2026-03-31 12:40:00+00:00
[2026-03-31T12:42:02.243+0000] {processor.py:183} INFO - Processing /opt/airflow/dags/minio_to_snowflake.py took 4.063 seconds
[2026-03-31T12:42:32.596+0000] {processor.py:161} INFO - Started process (PID=199) to work on /opt/airflow/dags/minio_to_snowflake.py
[2026-03-31T12:42:32.598+0000] {processor.py:830} INFO - Processing file /opt/airflow/dags/minio_to_snowflake.py for tasks to queue
[2026-03-31T12:42:32.604+0000] {logging_mixin.py:188} INFO - [2026-03-31T12:42:32.603+0000] {dagbag.py:545} INFO - Filling up the DagBag from /opt/airflow/dags/minio_to_snowflake.py
[2026-03-31T12:42:35.745+0000] {processor.py:840} INFO - DAG(s) 'minio_to_snowflake_pipeline' retrieved from /opt/airflow/dags/minio_to_snowflake.py
[2026-03-31T12:42:35.870+0000] {logging_mixin.py:188} INFO - [2026-03-31T12:42:35.870+0000] {dag.py:3089} INFO - Sync 1 DAGs
[2026-03-31T12:42:35.946+0000] {logging_mixin.py:188} INFO - [2026-03-31T12:42:35.946+0000] {dag.py:3947} INFO - Setting next_dagrun for minio_to_snowflake_pipeline to 2026-03-31 12:30:00+00:00, run_after=2026-03-31 12:40:00+00:00
[2026-03-31T12:42:36.015+0000] {processor.py:183} INFO - Processing /opt/airflow/dags/minio_to_snowflake.py took 3.436 seconds
[2026-03-31T12:43:06.762+0000] {processor.py:161} INFO - Started process (PID=206) to work on /opt/airflow/dags/minio_to_snowflake.py
[2026-03-31T12:43:06.777+0000] {processor.py:830} INFO - Processing file /opt/airflow/dags/minio_to_snowflake.py for tasks to queue
[2026-03-31T12:43:06.781+0000] {logging_mixin.py:188} INFO - [2026-03-31T12:43:06.780+0000] {dagbag.py:545} INFO - Filling up the DagBag from /opt/airflow/dags/minio_to_snowflake.py
[2026-03-31T12:43:27.141+0000] {processor.py:840} INFO - DAG(s) 'minio_to_snowflake_pipeline' retrieved from /opt/airflow/dags/minio_to_snowflake.py
[2026-03-31T12:43:27.307+0000] {logging_mixin.py:188} INFO - [2026-03-31T12:43:27.300+0000] {dag.py:3089} INFO - Sync 1 DAGs
[2026-03-31T12:43:27.436+0000] {logging_mixin.py:188} INFO - [2026-03-31T12:43:27.436+0000] {dag.py:3947} INFO - Setting next_dagrun for minio_to_snowflake_pipeline to 2026-03-31 12:30:00+00:00, run_after=2026-03-31 12:40:00+00:00
[2026-03-31T12:43:27.519+0000] {processor.py:183} INFO - Processing /opt/airflow/dags/minio_to_snowflake.py took 20.789 seconds
[2026-03-31T12:43:58.089+0000] {processor.py:161} INFO - Started process (PID=213) to work on /opt/airflow/dags/minio_to_snowflake.py
[2026-03-31T12:43:58.091+0000] {processor.py:830} INFO - Processing file /opt/airflow/dags/minio_to_snowflake.py for tasks to queue
[2026-03-31T12:43:58.097+0000] {logging_mixin.py:188} INFO - [2026-03-31T12:43:58.096+0000] {dagbag.py:545} INFO - Filling up the DagBag from /opt/airflow/dags/minio_to_snowflake.py
[2026-03-31T12:44:01.186+0000] {processor.py:840} INFO - DAG(s) 'minio_to_snowflake_pipeline' retrieved from /opt/airflow/dags/minio_to_snowflake.py
[2026-03-31T12:44:01.296+0000] {logging_mixin.py:188} INFO - [2026-03-31T12:44:01.295+0000] {dag.py:3089} INFO - Sync 1 DAGs
[2026-03-31T12:44:01.397+0000] {logging_mixin.py:188} INFO - [2026-03-31T12:44:01.396+0000] {dag.py:3947} INFO - Setting next_dagrun for minio_to_snowflake_pipeline to 2026-03-31 12:30:00+00:00, run_after=2026-03-31 12:40:00+00:00
[2026-03-31T12:44:01.447+0000] {processor.py:183} INFO - Processing /opt/airflow/dags/minio_to_snowflake.py took 3.379 seconds
[2026-03-31T12:44:31.947+0000] {processor.py:161} INFO - Started process (PID=220) to work on /opt/airflow/dags/minio_to_snowflake.py
[2026-03-31T12:44:31.955+0000] {processor.py:830} INFO - Processing file /opt/airflow/dags/minio_to_snowflake.py for tasks to queue
[2026-03-31T12:44:31.968+0000] {logging_mixin.py:188} INFO - [2026-03-31T12:44:31.967+0000] {dagbag.py:545} INFO - Filling up the DagBag from /opt/airflow/dags/minio_to_snowflake.py
[2026-03-31T12:44:39.193+0000] {processor.py:840} INFO - DAG(s) 'minio_to_snowflake_pipeline' retrieved from /opt/airflow/dags/minio_to_snowflake.py
[2026-03-31T12:44:39.292+0000] {logging_mixin.py:188} INFO - [2026-03-31T12:44:39.291+0000] {dag.py:3089} INFO - Sync 1 DAGs
[2026-03-31T12:44:39.334+0000] {logging_mixin.py:188} INFO - [2026-03-31T12:44:39.333+0000] {dag.py:3947} INFO - Setting next_dagrun for minio_to_snowflake_pipeline to 2026-03-31 12:30:00+00:00, run_after=2026-03-31 12:40:00+00:00
[2026-03-31T12:44:39.371+0000] {processor.py:183} INFO - Processing /opt/airflow/dags/minio_to_snowflake.py took 7.456 seconds
[2026-03-31T12:45:09.596+0000] {processor.py:161} INFO - Started process (PID=227) to work on /opt/airflow/dags/minio_to_snowflake.py
[2026-03-31T12:45:09.601+0000] {processor.py:830} INFO - Processing file /opt/airflow/dags/minio_to_snowflake.py for tasks to queue
[2026-03-31T12:45:09.613+0000] {logging_mixin.py:188} INFO - [2026-03-31T12:45:09.612+0000] {dagbag.py:545} INFO - Filling up the DagBag from /opt/airflow/dags/minio_to_snowflake.py
[2026-03-31T12:45:12.124+0000] {processor.py:840} INFO - DAG(s) 'minio_to_snowflake_pipeline' retrieved from /opt/airflow/dags/minio_to_snowflake.py
[2026-03-31T12:45:12.211+0000] {logging_mixin.py:188} INFO - [2026-03-31T12:45:12.210+0000] {dag.py:3089} INFO - Sync 1 DAGs
[2026-03-31T12:45:12.277+0000] {logging_mixin.py:188} INFO - [2026-03-31T12:45:12.277+0000] {dag.py:3947} INFO - Setting next_dagrun for minio_to_snowflake_pipeline to 2026-03-31 12:30:00+00:00, run_after=2026-03-31 12:40:00+00:00
[2026-03-31T12:45:12.350+0000] {processor.py:183} INFO - Processing /opt/airflow/dags/minio_to_snowflake.py took 2.772 seconds
[2026-03-31T12:45:42.803+0000] {processor.py:161} INFO - Started process (PID=234) to work on /opt/airflow/dags/minio_to_snowflake.py
[2026-03-31T12:45:42.805+0000] {processor.py:830} INFO - Processing file /opt/airflow/dags/minio_to_snowflake.py for tasks to queue
[2026-03-31T12:45:42.808+0000] {logging_mixin.py:188} INFO - [2026-03-31T12:45:42.808+0000] {dagbag.py:545} INFO - Filling up the DagBag from /opt/airflow/dags/minio_to_snowflake.py
[2026-03-31T12:45:45.780+0000] {processor.py:840} INFO - DAG(s) 'minio_to_snowflake_pipeline' retrieved from /opt/airflow/dags/minio_to_snowflake.py
[2026-03-31T12:45:45.888+0000] {logging_mixin.py:188} INFO - [2026-03-31T12:45:45.886+0000] {dag.py:3089} INFO - Sync 1 DAGs
[2026-03-31T12:45:45.987+0000] {logging_mixin.py:188} INFO - [2026-03-31T12:45:45.986+0000] {dag.py:3947} INFO - Setting next_dagrun for minio_to_snowflake_pipeline to 2026-03-31 12:30:00+00:00, run_after=2026-03-31 12:40:00+00:00
[2026-03-31T12:45:46.049+0000] {processor.py:183} INFO - Processing /opt/airflow/dags/minio_to_snowflake.py took 3.255 seconds
[2026-03-31T12:46:16.519+0000] {processor.py:161} INFO - Started process (PID=241) to work on /opt/airflow/dags/minio_to_snowflake.py
[2026-03-31T12:46:16.617+0000] {processor.py:830} INFO - Processing file /opt/airflow/dags/minio_to_snowflake.py for tasks to queue
[2026-03-31T12:46:16.756+0000] {logging_mixin.py:188} INFO - [2026-03-31T12:46:16.747+0000] {dagbag.py:545} INFO - Filling up the DagBag from /opt/airflow/dags/minio_to_snowflake.py
[2026-03-31T12:46:22.404+0000] {processor.py:840} INFO - DAG(s) 'minio_to_snowflake_pipeline' retrieved from /opt/airflow/dags/minio_to_snowflake.py
[2026-03-31T12:46:22.576+0000] {logging_mixin.py:188} INFO - [2026-03-31T12:46:22.574+0000] {dag.py:3089} INFO - Sync 1 DAGs
[2026-03-31T12:46:22.648+0000] {logging_mixin.py:188} INFO - [2026-03-31T12:46:22.647+0000] {dag.py:3947} INFO - Setting next_dagrun for minio_to_snowflake_pipeline to 2026-03-31 12:30:00+00:00, run_after=2026-03-31 12:40:00+00:00
[2026-03-31T12:46:22.744+0000] {processor.py:183} INFO - Processing /opt/airflow/dags/minio_to_snowflake.py took 6.299 seconds
[2026-03-31T12:46:52.992+0000] {processor.py:161} INFO - Started process (PID=248) to work on /opt/airflow/dags/minio_to_snowflake.py
[2026-03-31T12:46:52.994+0000] {processor.py:830} INFO - Processing file /opt/airflow/dags/minio_to_snowflake.py for tasks to queue
[2026-03-31T12:46:53.025+0000] {logging_mixin.py:188} INFO - [2026-03-31T12:46:53.000+0000] {dagbag.py:545} INFO - Filling up the DagBag from /opt/airflow/dags/minio_to_snowflake.py
[2026-03-31T12:46:57.643+0000] {processor.py:840} INFO - DAG(s) 'minio_to_snowflake_pipeline' retrieved from /opt/airflow/dags/minio_to_snowflake.py
[2026-03-31T12:46:57.686+0000] {logging_mixin.py:188} INFO - [2026-03-31T12:46:57.685+0000] {dag.py:3089} INFO - Sync 1 DAGs
[2026-03-31T12:46:57.715+0000] {logging_mixin.py:188} INFO - [2026-03-31T12:46:57.714+0000] {dag.py:3947} INFO - Setting next_dagrun for minio_to_snowflake_pipeline to 2026-03-31 12:30:00+00:00, run_after=2026-03-31 12:40:00+00:00
[2026-03-31T12:46:57.745+0000] {processor.py:183} INFO - Processing /opt/airflow/dags/minio_to_snowflake.py took 4.778 seconds
[2026-03-31T12:47:28.011+0000] {processor.py:161} INFO - Started process (PID=255) to work on /opt/airflow/dags/minio_to_snowflake.py
[2026-03-31T12:47:28.013+0000] {processor.py:830} INFO - Processing file /opt/airflow/dags/minio_to_snowflake.py for tasks to queue
[2026-03-31T12:47:28.016+0000] {logging_mixin.py:188} INFO - [2026-03-31T12:47:28.015+0000] {dagbag.py:545} INFO - Filling up the DagBag from /opt/airflow/dags/minio_to_snowflake.py
[2026-03-31T12:47:29.208+0000] {processor.py:840} INFO - DAG(s) 'minio_to_snowflake_pipeline' retrieved from /opt/airflow/dags/minio_to_snowflake.py
[2026-03-31T12:47:29.241+0000] {logging_mixin.py:188} INFO - [2026-03-31T12:47:29.240+0000] {dag.py:3089} INFO - Sync 1 DAGs
[2026-03-31T12:47:29.263+0000] {logging_mixin.py:188} INFO - [2026-03-31T12:47:29.263+0000] {dag.py:3947} INFO - Setting next_dagrun for minio_to_snowflake_pipeline to 2026-03-31 12:30:00+00:00, run_after=2026-03-31 12:40:00+00:00
[2026-03-31T12:47:29.285+0000] {processor.py:183} INFO - Processing /opt/airflow/dags/minio_to_snowflake.py took 1.283 seconds
[2026-03-31T12:47:59.372+0000] {processor.py:161} INFO - Started process (PID=262) to work on /opt/airflow/dags/minio_to_snowflake.py
[2026-03-31T12:47:59.373+0000] {processor.py:830} INFO - Processing file /opt/airflow/dags/minio_to_snowflake.py for tasks to queue
[2026-03-31T12:47:59.376+0000] {logging_mixin.py:188} INFO - [2026-03-31T12:47:59.375+0000] {dagbag.py:545} INFO - Filling up the DagBag from /opt/airflow/dags/minio_to_snowflake.py
[2026-03-31T12:48:00.440+0000] {processor.py:840} INFO - DAG(s) 'minio_to_snowflake_pipeline' retrieved from /opt/airflow/dags/minio_to_snowflake.py
[2026-03-31T12:48:00.479+0000] {logging_mixin.py:188} INFO - [2026-03-31T12:48:00.479+0000] {dag.py:3089} INFO - Sync 1 DAGs
[2026-03-31T12:48:00.503+0000] {logging_mixin.py:188} INFO - [2026-03-31T12:48:00.503+0000] {dag.py:3947} INFO - Setting next_dagrun for minio_to_snowflake_pipeline to 2026-03-31 12:30:00+00:00, run_after=2026-03-31 12:40:00+00:00
[2026-03-31T12:48:00.535+0000] {processor.py:183} INFO - Processing /opt/airflow/dags/minio_to_snowflake.py took 1.174 seconds
[2026-03-31T12:48:30.747+0000] {processor.py:161} INFO - Started process (PID=269) to work on /opt/airflow/dags/minio_to_snowflake.py
[2026-03-31T12:48:30.749+0000] {processor.py:830} INFO - Processing file /opt/airflow/dags/minio_to_snowflake.py for tasks to queue
[2026-03-31T12:48:30.752+0000] {logging_mixin.py:188} INFO - [2026-03-31T12:48:30.752+0000] {dagbag.py:545} INFO - Filling up the DagBag from /opt/airflow/dags/minio_to_snowflake.py
[2026-03-31T12:48:31.768+0000] {processor.py:840} INFO - DAG(s) 'minio_to_snowflake_pipeline' retrieved from /opt/airflow/dags/minio_to_snowflake.py
[2026-03-31T12:48:31.799+0000] {logging_mixin.py:188} INFO - [2026-03-31T12:48:31.799+0000] {dag.py:3089} INFO - Sync 1 DAGs
[2026-03-31T12:48:31.823+0000] {logging_mixin.py:188} INFO - [2026-03-31T12:48:31.823+0000] {dag.py:3947} INFO - Setting next_dagrun for minio_to_snowflake_pipeline to 2026-03-31 12:30:00+00:00, run_after=2026-03-31 12:40:00+00:00
[2026-03-31T12:48:31.848+0000] {processor.py:183} INFO - Processing /opt/airflow/dags/minio_to_snowflake.py took 1.109 seconds
[2026-03-31T12:49:01.990+0000] {processor.py:161} INFO - Started process (PID=276) to work on /opt/airflow/dags/minio_to_snowflake.py
[2026-03-31T12:49:01.992+0000] {processor.py:830} INFO - Processing file /opt/airflow/dags/minio_to_snowflake.py for tasks to queue
[2026-03-31T12:49:01.994+0000] {logging_mixin.py:188} INFO - [2026-03-31T12:49:01.994+0000] {dagbag.py:545} INFO - Filling up the DagBag from /opt/airflow/dags/minio_to_snowflake.py
[2026-03-31T12:49:03.084+0000] {processor.py:840} INFO - DAG(s) 'minio_to_snowflake_pipeline' retrieved from /opt/airflow/dags/minio_to_snowflake.py
[2026-03-31T12:49:03.114+0000] {logging_mixin.py:188} INFO - [2026-03-31T12:49:03.113+0000] {dag.py:3089} INFO - Sync 1 DAGs
[2026-03-31T12:49:03.137+0000] {logging_mixin.py:188} INFO - [2026-03-31T12:49:03.137+0000] {dag.py:3947} INFO - Setting next_dagrun for minio_to_snowflake_pipeline to 2026-03-31 12:30:00+00:00, run_after=2026-03-31 12:40:00+00:00
[2026-03-31T12:49:03.157+0000] {processor.py:183} INFO - Processing /opt/airflow/dags/minio_to_snowflake.py took 1.177 seconds
[2026-03-31T12:49:33.306+0000] {processor.py:161} INFO - Started process (PID=283) to work on /opt/airflow/dags/minio_to_snowflake.py
[2026-03-31T12:49:33.308+0000] {processor.py:830} INFO - Processing file /opt/airflow/dags/minio_to_snowflake.py for tasks to queue
[2026-03-31T12:49:33.311+0000] {logging_mixin.py:188} INFO - [2026-03-31T12:49:33.310+0000] {dagbag.py:545} INFO - Filling up the DagBag from /opt/airflow/dags/minio_to_snowflake.py
[2026-03-31T12:49:34.276+0000] {processor.py:840} INFO - DAG(s) 'minio_to_snowflake_pipeline' retrieved from /opt/airflow/dags/minio_to_snowflake.py
[2026-03-31T12:49:34.307+0000] {logging_mixin.py:188} INFO - [2026-03-31T12:49:34.306+0000] {dag.py:3089} INFO - Sync 1 DAGs
[2026-03-31T12:49:34.328+0000] {logging_mixin.py:188} INFO - [2026-03-31T12:49:34.328+0000] {dag.py:3947} INFO - Setting next_dagrun for minio_to_snowflake_pipeline to 2026-03-31 12:30:00+00:00, run_after=2026-03-31 12:40:00+00:00
[2026-03-31T12:49:34.353+0000] {processor.py:183} INFO - Processing /opt/airflow/dags/minio_to_snowflake.py took 1.055 seconds
[2026-03-31T12:50:04.589+0000] {processor.py:161} INFO - Started process (PID=290) to work on /opt/airflow/dags/minio_to_snowflake.py
[2026-03-31T12:50:04.590+0000] {processor.py:830} INFO - Processing file /opt/airflow/dags/minio_to_snowflake.py for tasks to queue
[2026-03-31T12:50:04.594+0000] {logging_mixin.py:188} INFO - [2026-03-31T12:50:04.593+0000] {dagbag.py:545} INFO - Filling up the DagBag from /opt/airflow/dags/minio_to_snowflake.py
[2026-03-31T12:50:05.617+0000] {processor.py:840} INFO - DAG(s) 'minio_to_snowflake_pipeline' retrieved from /opt/airflow/dags/minio_to_snowflake.py
[2026-03-31T12:50:05.649+0000] {logging_mixin.py:188} INFO - [2026-03-31T12:50:05.648+0000] {dag.py:3089} INFO - Sync 1 DAGs
[2026-03-31T12:50:05.672+0000] {logging_mixin.py:188} INFO - [2026-03-31T12:50:05.672+0000] {dag.py:3947} INFO - Setting next_dagrun for minio_to_snowflake_pipeline to 2026-03-31 12:40:00+00:00, run_after=2026-03-31 12:50:00+00:00
[2026-03-31T12:50:05.702+0000] {processor.py:183} INFO - Processing /opt/airflow/dags/minio_to_snowflake.py took 1.123 seconds
[2026-03-31T12:50:35.806+0000] {processor.py:161} INFO - Started process (PID=297) to work on /opt/airflow/dags/minio_to_snowflake.py
[2026-03-31T12:50:35.808+0000] {processor.py:830} INFO - Processing file /opt/airflow/dags/minio_to_snowflake.py for tasks to queue
[2026-03-31T12:50:35.810+0000] {logging_mixin.py:188} INFO - [2026-03-31T12:50:35.810+0000] {dagbag.py:545} INFO - Filling up the DagBag from /opt/airflow/dags/minio_to_snowflake.py
[2026-03-31T12:50:36.898+0000] {processor.py:840} INFO - DAG(s) 'minio_to_snowflake_pipeline' retrieved from /opt/airflow/dags/minio_to_snowflake.py
[2026-03-31T12:50:36.926+0000] {logging_mixin.py:188} INFO - [2026-03-31T12:50:36.926+0000] {dag.py:3089} INFO - Sync 1 DAGs
[2026-03-31T12:50:36.949+0000] {logging_mixin.py:188} INFO - [2026-03-31T12:50:36.949+0000] {dag.py:3947} INFO - Setting next_dagrun for minio_to_snowflake_pipeline to 2026-03-31 12:40:00+00:00, run_after=2026-03-31 12:50:00+00:00
[2026-03-31T12:50:36.972+0000] {processor.py:183} INFO - Processing /opt/airflow/dags/minio_to_snowflake.py took 1.174 seconds
[2026-03-31T12:51:07.259+0000] {processor.py:161} INFO - Started process (PID=304) to work on /opt/airflow/dags/minio_to_snowflake.py
[2026-03-31T12:51:07.261+0000] {processor.py:830} INFO - Processing file /opt/airflow/dags/minio_to_snowflake.py for tasks to queue
[2026-03-31T12:51:07.264+0000] {logging_mixin.py:188} INFO - [2026-03-31T12:51:07.264+0000] {dagbag.py:545} INFO - Filling up the DagBag from /opt/airflow/dags/minio_to_snowflake.py
[2026-03-31T12:51:08.256+0000] {processor.py:840} INFO - DAG(s) 'minio_to_snowflake_pipeline' retrieved from /opt/airflow/dags/minio_to_snowflake.py
[2026-03-31T12:51:08.285+0000] {logging_mixin.py:188} INFO - [2026-03-31T12:51:08.285+0000] {dag.py:3089} INFO - Sync 1 DAGs
[2026-03-31T12:51:08.309+0000] {logging_mixin.py:188} INFO - [2026-03-31T12:51:08.309+0000] {dag.py:3947} INFO - Setting next_dagrun for minio_to_snowflake_pipeline to 2026-03-31 12:40:00+00:00, run_after=2026-03-31 12:50:00+00:00
[2026-03-31T12:51:08.341+0000] {processor.py:183} INFO - Processing /opt/airflow/dags/minio_to_snowflake.py took 1.092 seconds
[2026-03-31T12:51:38.515+0000] {processor.py:161} INFO - Started process (PID=311) to work on /opt/airflow/dags/minio_to_snowflake.py
[2026-03-31T12:51:38.518+0000] {processor.py:830} INFO - Processing file /opt/airflow/dags/minio_to_snowflake.py for tasks to queue
[2026-03-31T12:51:38.522+0000] {logging_mixin.py:188} INFO - [2026-03-31T12:51:38.521+0000] {dagbag.py:545} INFO - Filling up the DagBag from /opt/airflow/dags/minio_to_snowflake.py
[2026-03-31T12:51:39.572+0000] {processor.py:840} INFO - DAG(s) 'minio_to_snowflake_pipeline' retrieved from /opt/airflow/dags/minio_to_snowflake.py
[2026-03-31T12:51:39.604+0000] {logging_mixin.py:188} INFO - [2026-03-31T12:51:39.602+0000] {dag.py:3089} INFO - Sync 1 DAGs
[2026-03-31T12:51:39.626+0000] {logging_mixin.py:188} INFO - [2026-03-31T12:51:39.626+0000] {dag.py:3947} INFO - Setting next_dagrun for minio_to_snowflake_pipeline to 2026-03-31 12:40:00+00:00, run_after=2026-03-31 12:50:00+00:00
[2026-03-31T12:51:39.649+0000] {processor.py:183} INFO - Processing /opt/airflow/dags/minio_to_snowflake.py took 1.146 seconds
[2026-03-31T12:52:09.814+0000] {processor.py:161} INFO - Started process (PID=318) to work on /opt/airflow/dags/minio_to_snowflake.py
[2026-03-31T12:52:09.816+0000] {processor.py:830} INFO - Processing file /opt/airflow/dags/minio_to_snowflake.py for tasks to queue
[2026-03-31T12:52:09.818+0000] {logging_mixin.py:188} INFO - [2026-03-31T12:52:09.818+0000] {dagbag.py:545} INFO - Filling up the DagBag from /opt/airflow/dags/minio_to_snowflake.py
[2026-03-31T12:52:10.815+0000] {processor.py:840} INFO - DAG(s) 'minio_to_snowflake_pipeline' retrieved from /opt/airflow/dags/minio_to_snowflake.py
[2026-03-31T12:52:10.847+0000] {logging_mixin.py:188} INFO - [2026-03-31T12:52:10.846+0000] {dag.py:3089} INFO - Sync 1 DAGs
[2026-03-31T12:52:10.872+0000] {logging_mixin.py:188} INFO - [2026-03-31T12:52:10.872+0000] {dag.py:3947} INFO - Setting next_dagrun for minio_to_snowflake_pipeline to 2026-03-31 12:40:00+00:00, run_after=2026-03-31 12:50:00+00:00
[2026-03-31T12:52:10.895+0000] {processor.py:183} INFO - Processing /opt/airflow/dags/minio_to_snowflake.py took 1.089 seconds
[2026-03-31T12:52:41.111+0000] {processor.py:161} INFO - Started process (PID=325) to work on /opt/airflow/dags/minio_to_snowflake.py
[2026-03-31T12:52:41.112+0000] {processor.py:830} INFO - Processing file /opt/airflow/dags/minio_to_snowflake.py for tasks to queue
[2026-03-31T12:52:41.115+0000] {logging_mixin.py:188} INFO - [2026-03-31T12:52:41.114+0000] {dagbag.py:545} INFO - Filling up the DagBag from /opt/airflow/dags/minio_to_snowflake.py
[2026-03-31T12:52:43.083+0000] {processor.py:840} INFO - DAG(s) 'minio_to_snowflake_pipeline' retrieved from /opt/airflow/dags/minio_to_snowflake.py
[2026-03-31T12:52:43.154+0000] {logging_mixin.py:188} INFO - [2026-03-31T12:52:43.150+0000] {dag.py:3089} INFO - Sync 1 DAGs
[2026-03-31T12:52:43.213+0000] {logging_mixin.py:188} INFO - [2026-03-31T12:52:43.212+0000] {dag.py:3947} INFO - Setting next_dagrun for minio_to_snowflake_pipeline to 2026-03-31 12:40:00+00:00, run_after=2026-03-31 12:50:00+00:00
[2026-03-31T12:52:43.271+0000] {processor.py:183} INFO - Processing /opt/airflow/dags/minio_to_snowflake.py took 2.171 seconds
[2026-03-31T12:53:13.492+0000] {processor.py:161} INFO - Started process (PID=332) to work on /opt/airflow/dags/minio_to_snowflake.py
[2026-03-31T12:53:13.493+0000] {processor.py:830} INFO - Processing file /opt/airflow/dags/minio_to_snowflake.py for tasks to queue
[2026-03-31T12:53:13.496+0000] {logging_mixin.py:188} INFO - [2026-03-31T12:53:13.495+0000] {dagbag.py:545} INFO - Filling up the DagBag from /opt/airflow/dags/minio_to_snowflake.py
[2026-03-31T12:53:14.554+0000] {processor.py:840} INFO - DAG(s) 'minio_to_snowflake_pipeline' retrieved from /opt/airflow/dags/minio_to_snowflake.py
[2026-03-31T12:53:14.596+0000] {logging_mixin.py:188} INFO - [2026-03-31T12:53:14.596+0000] {dag.py:3089} INFO - Sync 1 DAGs
[2026-03-31T12:53:14.628+0000] {logging_mixin.py:188} INFO - [2026-03-31T12:53:14.628+0000] {dag.py:3947} INFO - Setting next_dagrun for minio_to_snowflake_pipeline to 2026-03-31 12:40:00+00:00, run_after=2026-03-31 12:50:00+00:00
[2026-03-31T12:53:14.655+0000] {processor.py:183} INFO - Processing /opt/airflow/dags/minio_to_snowflake.py took 1.173 seconds
[2026-03-31T12:53:44.895+0000] {processor.py:161} INFO - Started process (PID=339) to work on /opt/airflow/dags/minio_to_snowflake.py
[2026-03-31T12:53:44.896+0000] {processor.py:830} INFO - Processing file /opt/airflow/dags/minio_to_snowflake.py for tasks to queue
[2026-03-31T12:53:44.900+0000] {logging_mixin.py:188} INFO - [2026-03-31T12:53:44.900+0000] {dagbag.py:545} INFO - Filling up the DagBag from /opt/airflow/dags/minio_to_snowflake.py
[2026-03-31T12:53:45.917+0000] {processor.py:840} INFO - DAG(s) 'minio_to_snowflake_pipeline' retrieved from /opt/airflow/dags/minio_to_snowflake.py
[2026-03-31T12:53:45.948+0000] {logging_mixin.py:188} INFO - [2026-03-31T12:53:45.946+0000] {dag.py:3089} INFO - Sync 1 DAGs
[2026-03-31T12:53:45.973+0000] {logging_mixin.py:188} INFO - [2026-03-31T12:53:45.973+0000] {dag.py:3947} INFO - Setting next_dagrun for minio_to_snowflake_pipeline to 2026-03-31 12:40:00+00:00, run_after=2026-03-31 12:50:00+00:00
[2026-03-31T12:53:45.995+0000] {processor.py:183} INFO - Processing /opt/airflow/dags/minio_to_snowflake.py took 1.111 seconds
[2026-03-31T12:54:16.160+0000] {processor.py:161} INFO - Started process (PID=346) to work on /opt/airflow/dags/minio_to_snowflake.py
[2026-03-31T12:54:16.162+0000] {processor.py:830} INFO - Processing file /opt/airflow/dags/minio_to_snowflake.py for tasks to queue
[2026-03-31T12:54:16.165+0000] {logging_mixin.py:188} INFO - [2026-03-31T12:54:16.164+0000] {dagbag.py:545} INFO - Filling up the DagBag from /opt/airflow/dags/minio_to_snowflake.py
[2026-03-31T12:54:17.248+0000] {processor.py:840} INFO - DAG(s) 'minio_to_snowflake_pipeline' retrieved from /opt/airflow/dags/minio_to_snowflake.py
[2026-03-31T12:54:17.281+0000] {logging_mixin.py:188} INFO - [2026-03-31T12:54:17.281+0000] {dag.py:3089} INFO - Sync 1 DAGs
[2026-03-31T12:54:17.303+0000] {logging_mixin.py:188} INFO - [2026-03-31T12:54:17.303+0000] {dag.py:3947} INFO - Setting next_dagrun for minio_to_snowflake_pipeline to 2026-03-31 12:40:00+00:00, run_after=2026-03-31 12:50:00+00:00
[2026-03-31T12:54:17.325+0000] {processor.py:183} INFO - Processing /opt/airflow/dags/minio_to_snowflake.py took 1.172 seconds
[2026-03-31T12:54:47.446+0000] {processor.py:161} INFO - Started process (PID=353) to work on /opt/airflow/dags/minio_to_snowflake.py
[2026-03-31T12:54:47.447+0000] {processor.py:830} INFO - Processing file /opt/airflow/dags/minio_to_snowflake.py for tasks to queue
[2026-03-31T12:54:47.450+0000] {logging_mixin.py:188} INFO - [2026-03-31T12:54:47.449+0000] {dagbag.py:545} INFO - Filling up the DagBag from /opt/airflow/dags/minio_to_snowflake.py
[2026-03-31T12:54:48.465+0000] {processor.py:840} INFO - DAG(s) 'minio_to_snowflake_pipeline' retrieved from /opt/airflow/dags/minio_to_snowflake.py
[2026-03-31T12:54:48.496+0000] {logging_mixin.py:188} INFO - [2026-03-31T12:54:48.495+0000] {dag.py:3089} INFO - Sync 1 DAGs
[2026-03-31T12:54:48.529+0000] {logging_mixin.py:188} INFO - [2026-03-31T12:54:48.529+0000] {dag.py:3947} INFO - Setting next_dagrun for minio_to_snowflake_pipeline to 2026-03-31 12:40:00+00:00, run_after=2026-03-31 12:50:00+00:00
[2026-03-31T12:54:48.565+0000] {processor.py:183} INFO - Processing /opt/airflow/dags/minio_to_snowflake.py took 1.127 seconds
[2026-03-31T12:55:20.087+0000] {processor.py:161} INFO - Started process (PID=360) to work on /opt/airflow/dags/minio_to_snowflake.py
[2026-03-31T12:55:20.128+0000] {processor.py:830} INFO - Processing file /opt/airflow/dags/minio_to_snowflake.py for tasks to queue
[2026-03-31T12:55:20.154+0000] {logging_mixin.py:188} INFO - [2026-03-31T12:55:20.153+0000] {dagbag.py:545} INFO - Filling up the DagBag from /opt/airflow/dags/minio_to_snowflake.py
[2026-03-31T12:55:27.877+0000] {processor.py:840} INFO - DAG(s) 'minio_to_snowflake_pipeline' retrieved from /opt/airflow/dags/minio_to_snowflake.py
[2026-03-31T12:55:28.041+0000] {logging_mixin.py:188} INFO - [2026-03-31T12:55:28.029+0000] {dag.py:3089} INFO - Sync 1 DAGs
[2026-03-31T12:55:28.173+0000] {logging_mixin.py:188} INFO - [2026-03-31T12:55:28.156+0000] {dag.py:3947} INFO - Setting next_dagrun for minio_to_snowflake_pipeline to 2026-03-31 12:40:00+00:00, run_after=2026-03-31 12:50:00+00:00
[2026-03-31T12:55:28.247+0000] {processor.py:183} INFO - Processing /opt/airflow/dags/minio_to_snowflake.py took 8.263 seconds
[2026-03-31T12:55:59.034+0000] {processor.py:161} INFO - Started process (PID=367) to work on /opt/airflow/dags/minio_to_snowflake.py
[2026-03-31T12:55:59.036+0000] {processor.py:830} INFO - Processing file /opt/airflow/dags/minio_to_snowflake.py for tasks to queue
[2026-03-31T12:55:59.078+0000] {logging_mixin.py:188} INFO - [2026-03-31T12:55:59.078+0000] {dagbag.py:545} INFO - Filling up the DagBag from /opt/airflow/dags/minio_to_snowflake.py
[2026-03-31T12:56:00.832+0000] {processor.py:840} INFO - DAG(s) 'minio_to_snowflake_pipeline' retrieved from /opt/airflow/dags/minio_to_snowflake.py
[2026-03-31T12:56:00.865+0000] {logging_mixin.py:188} INFO - [2026-03-31T12:56:00.864+0000] {dag.py:3089} INFO - Sync 1 DAGs
[2026-03-31T12:56:00.950+0000] {logging_mixin.py:188} INFO - [2026-03-31T12:56:00.950+0000] {dag.py:3947} INFO - Setting next_dagrun for minio_to_snowflake_pipeline to 2026-03-31 12:40:00+00:00, run_after=2026-03-31 12:50:00+00:00
[2026-03-31T12:56:01.170+0000] {processor.py:183} INFO - Processing /opt/airflow/dags/minio_to_snowflake.py took 2.146 seconds
[2026-03-31T12:56:31.753+0000] {processor.py:161} INFO - Started process (PID=374) to work on /opt/airflow/dags/minio_to_snowflake.py
[2026-03-31T12:56:31.755+0000] {processor.py:830} INFO - Processing file /opt/airflow/dags/minio_to_snowflake.py for tasks to queue
[2026-03-31T12:56:31.758+0000] {logging_mixin.py:188} INFO - [2026-03-31T12:56:31.757+0000] {dagbag.py:545} INFO - Filling up the DagBag from /opt/airflow/dags/minio_to_snowflake.py
[2026-03-31T12:56:32.900+0000] {processor.py:840} INFO - DAG(s) 'minio_to_snowflake_pipeline' retrieved from /opt/airflow/dags/minio_to_snowflake.py
[2026-03-31T12:56:32.931+0000] {logging_mixin.py:188} INFO - [2026-03-31T12:56:32.930+0000] {dag.py:3089} INFO - Sync 1 DAGs
[2026-03-31T12:56:32.960+0000] {logging_mixin.py:188} INFO - [2026-03-31T12:56:32.960+0000] {dag.py:3947} INFO - Setting next_dagrun for minio_to_snowflake_pipeline to 2026-03-31 12:40:00+00:00, run_after=2026-03-31 12:50:00+00:00
[2026-03-31T12:56:32.985+0000] {processor.py:183} INFO - Processing /opt/airflow/dags/minio_to_snowflake.py took 1.240 seconds
[2026-03-31T12:57:03.398+0000] {processor.py:161} INFO - Started process (PID=381) to work on /opt/airflow/dags/minio_to_snowflake.py
[2026-03-31T12:57:03.405+0000] {processor.py:830} INFO - Processing file /opt/airflow/dags/minio_to_snowflake.py for tasks to queue
[2026-03-31T12:57:03.408+0000] {logging_mixin.py:188} INFO - [2026-03-31T12:57:03.408+0000] {dagbag.py:545} INFO - Filling up the DagBag from /opt/airflow/dags/minio_to_snowflake.py
[2026-03-31T12:57:05.757+0000] {processor.py:840} INFO - DAG(s) 'minio_to_snowflake_pipeline' retrieved from /opt/airflow/dags/minio_to_snowflake.py
[2026-03-31T12:57:05.825+0000] {logging_mixin.py:188} INFO - [2026-03-31T12:57:05.825+0000] {dag.py:3089} INFO - Sync 1 DAGs
[2026-03-31T12:57:05.900+0000] {logging_mixin.py:188} INFO - [2026-03-31T12:57:05.900+0000] {dag.py:3947} INFO - Setting next_dagrun for minio_to_snowflake_pipeline to 2026-03-31 12:40:00+00:00, run_after=2026-03-31 12:50:00+00:00
[2026-03-31T12:57:05.956+0000] {processor.py:183} INFO - Processing /opt/airflow/dags/minio_to_snowflake.py took 2.580 seconds
[2026-03-31T12:57:36.689+0000] {processor.py:161} INFO - Started process (PID=388) to work on /opt/airflow/dags/minio_to_snowflake.py
[2026-03-31T12:57:36.694+0000] {processor.py:830} INFO - Processing file /opt/airflow/dags/minio_to_snowflake.py for tasks to queue
[2026-03-31T12:57:36.697+0000] {logging_mixin.py:188} INFO - [2026-03-31T12:57:36.696+0000] {dagbag.py:545} INFO - Filling up the DagBag from /opt/airflow/dags/minio_to_snowflake.py
[2026-03-31T12:57:39.205+0000] {processor.py:840} INFO - DAG(s) 'minio_to_snowflake_pipeline' retrieved from /opt/airflow/dags/minio_to_snowflake.py
[2026-03-31T12:57:39.287+0000] {logging_mixin.py:188} INFO - [2026-03-31T12:57:39.286+0000] {dag.py:3089} INFO - Sync 1 DAGs
[2026-03-31T12:57:39.417+0000] {logging_mixin.py:188} INFO - [2026-03-31T12:57:39.416+0000] {dag.py:3947} INFO - Setting next_dagrun for minio_to_snowflake_pipeline to 2026-03-31 12:40:00+00:00, run_after=2026-03-31 12:50:00+00:00
[2026-03-31T12:57:39.493+0000] {processor.py:183} INFO - Processing /opt/airflow/dags/minio_to_snowflake.py took 2.819 seconds
[2026-03-31T12:58:12.334+0000] {processor.py:161} INFO - Started process (PID=395) to work on /opt/airflow/dags/minio_to_snowflake.py
[2026-03-31T12:58:12.380+0000] {processor.py:830} INFO - Processing file /opt/airflow/dags/minio_to_snowflake.py for tasks to queue
[2026-03-31T12:58:12.396+0000] {logging_mixin.py:188} INFO - [2026-03-31T12:58:12.392+0000] {dagbag.py:545} INFO - Filling up the DagBag from /opt/airflow/dags/minio_to_snowflake.py
[2026-03-31T12:58:16.492+0000] {processor.py:840} INFO - DAG(s) 'minio_to_snowflake_pipeline' retrieved from /opt/airflow/dags/minio_to_snowflake.py
[2026-03-31T12:58:16.540+0000] {logging_mixin.py:188} INFO - [2026-03-31T12:58:16.537+0000] {dag.py:3089} INFO - Sync 1 DAGs
[2026-03-31T12:58:16.564+0000] {logging_mixin.py:188} INFO - [2026-03-31T12:58:16.564+0000] {dag.py:3947} INFO - Setting next_dagrun for minio_to_snowflake_pipeline to 2026-03-31 12:40:00+00:00, run_after=2026-03-31 12:50:00+00:00
[2026-03-31T12:58:16.586+0000] {processor.py:183} INFO - Processing /opt/airflow/dags/minio_to_snowflake.py took 4.335 seconds
[2026-03-31T12:58:47.263+0000] {processor.py:161} INFO - Started process (PID=402) to work on /opt/airflow/dags/minio_to_snowflake.py
[2026-03-31T12:58:47.266+0000] {processor.py:830} INFO - Processing file /opt/airflow/dags/minio_to_snowflake.py for tasks to queue
[2026-03-31T12:58:47.272+0000] {logging_mixin.py:188} INFO - [2026-03-31T12:58:47.271+0000] {dagbag.py:545} INFO - Filling up the DagBag from /opt/airflow/dags/minio_to_snowflake.py
[2026-03-31T12:58:48.499+0000] {processor.py:840} INFO - DAG(s) 'minio_to_snowflake_pipeline' retrieved from /opt/airflow/dags/minio_to_snowflake.py
[2026-03-31T12:58:48.532+0000] {logging_mixin.py:188} INFO - [2026-03-31T12:58:48.532+0000] {dag.py:3089} INFO - Sync 1 DAGs
[2026-03-31T12:58:48.581+0000] {logging_mixin.py:188} INFO - [2026-03-31T12:58:48.580+0000] {dag.py:3947} INFO - Setting next_dagrun for minio_to_snowflake_pipeline to 2026-03-31 12:40:00+00:00, run_after=2026-03-31 12:50:00+00:00
[2026-03-31T12:58:48.622+0000] {processor.py:183} INFO - Processing /opt/airflow/dags/minio_to_snowflake.py took 1.369 seconds
[2026-03-31T13:05:40.578+0000] {processor.py:161} INFO - Started process (PID=497) to work on /opt/airflow/dags/minio_to_snowflake.py
[2026-03-31T13:05:40.581+0000] {processor.py:830} INFO - Processing file /opt/airflow/dags/minio_to_snowflake.py for tasks to queue
[2026-03-31T13:05:40.595+0000] {logging_mixin.py:188} INFO - [2026-03-31T13:05:40.588+0000] {dagbag.py:545} INFO - Filling up the DagBag from /opt/airflow/dags/minio_to_snowflake.py
[2026-03-31T13:05:48.428+0000] {processor.py:840} INFO - DAG(s) 'minio_to_snowflake_pipeline' retrieved from /opt/airflow/dags/minio_to_snowflake.py
[2026-03-31T13:05:48.811+0000] {logging_mixin.py:188} INFO - [2026-03-31T13:05:48.809+0000] {dag.py:3089} INFO - Sync 1 DAGs
[2026-03-31T13:05:48.962+0000] {processor.py:183} INFO - Processing /opt/airflow/dags/minio_to_snowflake.py took 8.447 seconds
[2026-03-31T13:06:19.971+0000] {processor.py:161} INFO - Started process (PID=526) to work on /opt/airflow/dags/minio_to_snowflake.py
[2026-03-31T13:06:19.972+0000] {processor.py:830} INFO - Processing file /opt/airflow/dags/minio_to_snowflake.py for tasks to queue
[2026-03-31T13:06:19.980+0000] {logging_mixin.py:188} INFO - [2026-03-31T13:06:19.974+0000] {dagbag.py:545} INFO - Filling up the DagBag from /opt/airflow/dags/minio_to_snowflake.py
[2026-03-31T13:06:21.762+0000] {processor.py:840} INFO - DAG(s) 'minio_to_snowflake_pipeline' retrieved from /opt/airflow/dags/minio_to_snowflake.py
[2026-03-31T13:06:21.816+0000] {logging_mixin.py:188} INFO - [2026-03-31T13:06:21.815+0000] {dag.py:3089} INFO - Sync 1 DAGs
[2026-03-31T13:06:22.170+0000] {processor.py:183} INFO - Processing /opt/airflow/dags/minio_to_snowflake.py took 2.214 seconds
[2026-03-31T13:06:52.524+0000] {processor.py:161} INFO - Started process (PID=553) to work on /opt/airflow/dags/minio_to_snowflake.py
[2026-03-31T13:06:52.526+0000] {processor.py:830} INFO - Processing file /opt/airflow/dags/minio_to_snowflake.py for tasks to queue
[2026-03-31T13:06:52.528+0000] {logging_mixin.py:188} INFO - [2026-03-31T13:06:52.527+0000] {dagbag.py:545} INFO - Filling up the DagBag from /opt/airflow/dags/minio_to_snowflake.py
[2026-03-31T13:06:54.153+0000] {processor.py:840} INFO - DAG(s) 'minio_to_snowflake_pipeline' retrieved from /opt/airflow/dags/minio_to_snowflake.py
[2026-03-31T13:06:54.202+0000] {logging_mixin.py:188} INFO - [2026-03-31T13:06:54.201+0000] {dag.py:3089} INFO - Sync 1 DAGs
[2026-03-31T13:06:54.256+0000] {processor.py:183} INFO - Processing /opt/airflow/dags/minio_to_snowflake.py took 1.747 seconds
[2026-03-31T13:07:24.617+0000] {processor.py:161} INFO - Started process (PID=580) to work on /opt/airflow/dags/minio_to_snowflake.py
[2026-03-31T13:07:24.619+0000] {processor.py:830} INFO - Processing file /opt/airflow/dags/minio_to_snowflake.py for tasks to queue
[2026-03-31T13:07:24.621+0000] {logging_mixin.py:188} INFO - [2026-03-31T13:07:24.620+0000] {dagbag.py:545} INFO - Filling up the DagBag from /opt/airflow/dags/minio_to_snowflake.py
[2026-03-31T13:07:38.000+0000] {processor.py:840} INFO - DAG(s) 'minio_to_snowflake_pipeline' retrieved from /opt/airflow/dags/minio_to_snowflake.py
[2026-03-31T13:07:38.149+0000] {logging_mixin.py:188} INFO - [2026-03-31T13:07:38.148+0000] {dag.py:3089} INFO - Sync 1 DAGs
[2026-03-31T13:07:39.104+0000] {processor.py:183} INFO - Processing /opt/airflow/dags/minio_to_snowflake.py took 14.586 seconds
[2026-03-31T13:08:10.061+0000] {processor.py:161} INFO - Started process (PID=603) to work on /opt/airflow/dags/minio_to_snowflake.py
[2026-03-31T13:08:10.067+0000] {processor.py:830} INFO - Processing file /opt/airflow/dags/minio_to_snowflake.py for tasks to queue
[2026-03-31T13:08:10.078+0000] {logging_mixin.py:188} INFO - [2026-03-31T13:08:10.072+0000] {dagbag.py:545} INFO - Filling up the DagBag from /opt/airflow/dags/minio_to_snowflake.py
[2026-03-31T13:08:14.289+0000] {processor.py:840} INFO - DAG(s) 'minio_to_snowflake_pipeline' retrieved from /opt/airflow/dags/minio_to_snowflake.py
[2026-03-31T13:08:14.340+0000] {logging_mixin.py:188} INFO - [2026-03-31T13:08:14.339+0000] {dag.py:3089} INFO - Sync 1 DAGs
[2026-03-31T13:08:14.386+0000] {processor.py:183} INFO - Processing /opt/airflow/dags/minio_to_snowflake.py took 4.385 seconds
[2026-03-31T13:08:44.659+0000] {processor.py:161} INFO - Started process (PID=630) to work on /opt/airflow/dags/minio_to_snowflake.py
[2026-03-31T13:08:44.661+0000] {processor.py:830} INFO - Processing file /opt/airflow/dags/minio_to_snowflake.py for tasks to queue
[2026-03-31T13:08:44.664+0000] {logging_mixin.py:188} INFO - [2026-03-31T13:08:44.662+0000] {dagbag.py:545} INFO - Filling up the DagBag from /opt/airflow/dags/minio_to_snowflake.py
[2026-03-31T13:08:46.516+0000] {processor.py:840} INFO - DAG(s) 'minio_to_snowflake_pipeline' retrieved from /opt/airflow/dags/minio_to_snowflake.py
[2026-03-31T13:08:46.564+0000] {logging_mixin.py:188} INFO - [2026-03-31T13:08:46.560+0000] {dag.py:3089} INFO - Sync 1 DAGs
[2026-03-31T13:08:46.661+0000] {processor.py:183} INFO - Processing /opt/airflow/dags/minio_to_snowflake.py took 2.010 seconds
[2026-03-31T13:09:16.899+0000] {processor.py:161} INFO - Started process (PID=653) to work on /opt/airflow/dags/minio_to_snowflake.py
[2026-03-31T13:09:16.901+0000] {processor.py:830} INFO - Processing file /opt/airflow/dags/minio_to_snowflake.py for tasks to queue
[2026-03-31T13:09:16.902+0000] {logging_mixin.py:188} INFO - [2026-03-31T13:09:16.902+0000] {dagbag.py:545} INFO - Filling up the DagBag from /opt/airflow/dags/minio_to_snowflake.py
[2026-03-31T13:09:18.564+0000] {processor.py:840} INFO - DAG(s) 'minio_to_snowflake_pipeline' retrieved from /opt/airflow/dags/minio_to_snowflake.py
[2026-03-31T13:09:18.609+0000] {logging_mixin.py:188} INFO - [2026-03-31T13:09:18.609+0000] {dag.py:3089} INFO - Sync 1 DAGs
[2026-03-31T13:09:18.653+0000] {processor.py:183} INFO - Processing /opt/airflow/dags/minio_to_snowflake.py took 1.763 seconds
[2026-03-31T13:09:49.209+0000] {processor.py:161} INFO - Started process (PID=676) to work on /opt/airflow/dags/minio_to_snowflake.py
[2026-03-31T13:09:49.210+0000] {processor.py:830} INFO - Processing file /opt/airflow/dags/minio_to_snowflake.py for tasks to queue
[2026-03-31T13:09:49.212+0000] {logging_mixin.py:188} INFO - [2026-03-31T13:09:49.211+0000] {dagbag.py:545} INFO - Filling up the DagBag from /opt/airflow/dags/minio_to_snowflake.py
[2026-03-31T13:09:50.317+0000] {processor.py:840} INFO - DAG(s) 'minio_to_snowflake_pipeline' retrieved from /opt/airflow/dags/minio_to_snowflake.py
[2026-03-31T13:09:50.345+0000] {logging_mixin.py:188} INFO - [2026-03-31T13:09:50.345+0000] {dag.py:3089} INFO - Sync 1 DAGs
[2026-03-31T13:09:50.384+0000] {processor.py:183} INFO - Processing /opt/airflow/dags/minio_to_snowflake.py took 1.184 seconds
[2026-03-31T13:10:20.661+0000] {processor.py:161} INFO - Started process (PID=699) to work on /opt/airflow/dags/minio_to_snowflake.py
[2026-03-31T13:10:20.664+0000] {processor.py:830} INFO - Processing file /opt/airflow/dags/minio_to_snowflake.py for tasks to queue
[2026-03-31T13:10:20.670+0000] {logging_mixin.py:188} INFO - [2026-03-31T13:10:20.669+0000] {dagbag.py:545} INFO - Filling up the DagBag from /opt/airflow/dags/minio_to_snowflake.py
[2026-03-31T13:10:22.327+0000] {processor.py:840} INFO - DAG(s) 'minio_to_snowflake_pipeline' retrieved from /opt/airflow/dags/minio_to_snowflake.py
[2026-03-31T13:10:22.382+0000] {logging_mixin.py:188} INFO - [2026-03-31T13:10:22.381+0000] {dag.py:3089} INFO - Sync 1 DAGs
[2026-03-31T13:10:22.468+0000] {processor.py:183} INFO - Processing /opt/airflow/dags/minio_to_snowflake.py took 1.818 seconds
[2026-03-31T13:10:52.828+0000] {processor.py:161} INFO - Started process (PID=722) to work on /opt/airflow/dags/minio_to_snowflake.py
[2026-03-31T13:10:52.829+0000] {processor.py:830} INFO - Processing file /opt/airflow/dags/minio_to_snowflake.py for tasks to queue
[2026-03-31T13:10:52.831+0000] {logging_mixin.py:188} INFO - [2026-03-31T13:10:52.830+0000] {dagbag.py:545} INFO - Filling up the DagBag from /opt/airflow/dags/minio_to_snowflake.py
[2026-03-31T13:10:54.329+0000] {processor.py:840} INFO - DAG(s) 'minio_to_snowflake_pipeline' retrieved from /opt/airflow/dags/minio_to_snowflake.py
[2026-03-31T13:10:54.374+0000] {logging_mixin.py:188} INFO - [2026-03-31T13:10:54.372+0000] {dag.py:3089} INFO - Sync 1 DAGs
[2026-03-31T13:10:54.427+0000] {processor.py:183} INFO - Processing /opt/airflow/dags/minio_to_snowflake.py took 1.608 seconds
[2026-03-31T13:11:24.706+0000] {processor.py:161} INFO - Started process (PID=743) to work on /opt/airflow/dags/minio_to_snowflake.py
[2026-03-31T13:11:24.708+0000] {processor.py:830} INFO - Processing file /opt/airflow/dags/minio_to_snowflake.py for tasks to queue
[2026-03-31T13:11:24.710+0000] {logging_mixin.py:188} INFO - [2026-03-31T13:11:24.709+0000] {dagbag.py:545} INFO - Filling up the DagBag from /opt/airflow/dags/minio_to_snowflake.py
[2026-03-31T13:11:26.927+0000] {processor.py:840} INFO - DAG(s) 'minio_to_snowflake_pipeline' retrieved from /opt/airflow/dags/minio_to_snowflake.py
[2026-03-31T13:11:26.961+0000] {logging_mixin.py:188} INFO - [2026-03-31T13:11:26.960+0000] {dag.py:3089} INFO - Sync 1 DAGs
[2026-03-31T13:11:27.006+0000] {processor.py:183} INFO - Processing /opt/airflow/dags/minio_to_snowflake.py took 2.312 seconds
[2026-03-31T13:11:57.387+0000] {processor.py:161} INFO - Started process (PID=766) to work on /opt/airflow/dags/minio_to_snowflake.py
[2026-03-31T13:11:57.388+0000] {processor.py:830} INFO - Processing file /opt/airflow/dags/minio_to_snowflake.py for tasks to queue
[2026-03-31T13:11:57.390+0000] {logging_mixin.py:188} INFO - [2026-03-31T13:11:57.389+0000] {dagbag.py:545} INFO - Filling up the DagBag from /opt/airflow/dags/minio_to_snowflake.py
[2026-03-31T13:11:59.246+0000] {processor.py:840} INFO - DAG(s) 'minio_to_snowflake_pipeline' retrieved from /opt/airflow/dags/minio_to_snowflake.py
[2026-03-31T13:11:59.324+0000] {logging_mixin.py:188} INFO - [2026-03-31T13:11:59.322+0000] {dag.py:3089} INFO - Sync 1 DAGs
[2026-03-31T13:11:59.390+0000] {processor.py:183} INFO - Processing /opt/airflow/dags/minio_to_snowflake.py took 2.012 seconds
[2026-03-31T13:12:29.617+0000] {processor.py:161} INFO - Started process (PID=795) to work on /opt/airflow/dags/minio_to_snowflake.py
[2026-03-31T13:12:29.619+0000] {processor.py:830} INFO - Processing file /opt/airflow/dags/minio_to_snowflake.py for tasks to queue
[2026-03-31T13:12:29.620+0000] {logging_mixin.py:188} INFO - [2026-03-31T13:12:29.620+0000] {dagbag.py:545} INFO - Filling up the DagBag from /opt/airflow/dags/minio_to_snowflake.py
[2026-03-31T13:12:30.630+0000] {processor.py:840} INFO - DAG(s) 'minio_to_snowflake_pipeline' retrieved from /opt/airflow/dags/minio_to_snowflake.py
[2026-03-31T13:12:30.660+0000] {logging_mixin.py:188} INFO - [2026-03-31T13:12:30.659+0000] {dag.py:3089} INFO - Sync 1 DAGs
[2026-03-31T13:12:30.703+0000] {processor.py:183} INFO - Processing /opt/airflow/dags/minio_to_snowflake.py took 1.093 seconds
[2026-03-31T13:13:00.855+0000] {processor.py:161} INFO - Started process (PID=820) to work on /opt/airflow/dags/minio_to_snowflake.py
[2026-03-31T13:13:00.856+0000] {processor.py:830} INFO - Processing file /opt/airflow/dags/minio_to_snowflake.py for tasks to queue
[2026-03-31T13:13:00.858+0000] {logging_mixin.py:188} INFO - [2026-03-31T13:13:00.857+0000] {dagbag.py:545} INFO - Filling up the DagBag from /opt/airflow/dags/minio_to_snowflake.py
[2026-03-31T13:13:01.883+0000] {processor.py:840} INFO - DAG(s) 'minio_to_snowflake_pipeline' retrieved from /opt/airflow/dags/minio_to_snowflake.py
[2026-03-31T13:13:01.916+0000] {logging_mixin.py:188} INFO - [2026-03-31T13:13:01.915+0000] {dag.py:3089} INFO - Sync 1 DAGs
[2026-03-31T13:13:01.978+0000] {processor.py:183} INFO - Processing /opt/airflow/dags/minio_to_snowflake.py took 1.131 seconds
[2026-03-31T13:13:32.171+0000] {processor.py:161} INFO - Started process (PID=845) to work on /opt/airflow/dags/minio_to_snowflake.py
[2026-03-31T13:13:32.173+0000] {processor.py:830} INFO - Processing file /opt/airflow/dags/minio_to_snowflake.py for tasks to queue
[2026-03-31T13:13:32.175+0000] {logging_mixin.py:188} INFO - [2026-03-31T13:13:32.175+0000] {dagbag.py:545} INFO - Filling up the DagBag from /opt/airflow/dags/minio_to_snowflake.py
[2026-03-31T13:13:33.260+0000] {processor.py:840} INFO - DAG(s) 'minio_to_snowflake_pipeline' retrieved from /opt/airflow/dags/minio_to_snowflake.py
[2026-03-31T13:13:33.291+0000] {logging_mixin.py:188} INFO - [2026-03-31T13:13:33.290+0000] {dag.py:3089} INFO - Sync 1 DAGs
[2026-03-31T13:13:33.332+0000] {processor.py:183} INFO - Processing /opt/airflow/dags/minio_to_snowflake.py took 1.173 seconds
[2026-03-31T13:14:03.422+0000] {processor.py:161} INFO - Started process (PID=870) to work on /opt/airflow/dags/minio_to_snowflake.py
[2026-03-31T13:14:03.423+0000] {processor.py:830} INFO - Processing file /opt/airflow/dags/minio_to_snowflake.py for tasks to queue
[2026-03-31T13:14:03.425+0000] {logging_mixin.py:188} INFO - [2026-03-31T13:14:03.424+0000] {dagbag.py:545} INFO - Filling up the DagBag from /opt/airflow/dags/minio_to_snowflake.py
[2026-03-31T13:14:04.414+0000] {processor.py:840} INFO - DAG(s) 'minio_to_snowflake_pipeline' retrieved from /opt/airflow/dags/minio_to_snowflake.py
[2026-03-31T13:14:04.444+0000] {logging_mixin.py:188} INFO - [2026-03-31T13:14:04.443+0000] {dag.py:3089} INFO - Sync 1 DAGs
[2026-03-31T13:14:04.485+0000] {processor.py:183} INFO - Processing /opt/airflow/dags/minio_to_snowflake.py took 1.072 seconds
[2026-03-31T13:14:34.622+0000] {processor.py:161} INFO - Started process (PID=895) to work on /opt/airflow/dags/minio_to_snowflake.py
[2026-03-31T13:14:34.623+0000] {processor.py:830} INFO - Processing file /opt/airflow/dags/minio_to_snowflake.py for tasks to queue
[2026-03-31T13:14:34.625+0000] {logging_mixin.py:188} INFO - [2026-03-31T13:14:34.624+0000] {dagbag.py:545} INFO - Filling up the DagBag from /opt/airflow/dags/minio_to_snowflake.py
[2026-03-31T13:14:36.192+0000] {processor.py:840} INFO - DAG(s) 'minio_to_snowflake_pipeline' retrieved from /opt/airflow/dags/minio_to_snowflake.py
[2026-03-31T13:14:36.260+0000] {logging_mixin.py:188} INFO - [2026-03-31T13:14:36.259+0000] {dag.py:3089} INFO - Sync 1 DAGs
[2026-03-31T13:14:36.338+0000] {processor.py:183} INFO - Processing /opt/airflow/dags/minio_to_snowflake.py took 1.724 seconds
[2026-03-31T13:15:06.608+0000] {processor.py:161} INFO - Started process (PID=922) to work on /opt/airflow/dags/minio_to_snowflake.py
[2026-03-31T13:15:06.610+0000] {processor.py:830} INFO - Processing file /opt/airflow/dags/minio_to_snowflake.py for tasks to queue
[2026-03-31T13:15:06.611+0000] {logging_mixin.py:188} INFO - [2026-03-31T13:15:06.611+0000] {dagbag.py:545} INFO - Filling up the DagBag from /opt/airflow/dags/minio_to_snowflake.py
[2026-03-31T13:15:07.683+0000] {processor.py:840} INFO - DAG(s) 'minio_to_snowflake_pipeline' retrieved from /opt/airflow/dags/minio_to_snowflake.py
[2026-03-31T13:15:07.716+0000] {logging_mixin.py:188} INFO - [2026-03-31T13:15:07.716+0000] {dag.py:3089} INFO - Sync 1 DAGs
[2026-03-31T13:15:07.792+0000] {processor.py:183} INFO - Processing /opt/airflow/dags/minio_to_snowflake.py took 1.192 seconds
[2026-03-31T13:15:37.958+0000] {processor.py:161} INFO - Started process (PID=941) to work on /opt/airflow/dags/minio_to_snowflake.py
[2026-03-31T13:15:37.960+0000] {processor.py:830} INFO - Processing file /opt/airflow/dags/minio_to_snowflake.py for tasks to queue
[2026-03-31T13:15:37.964+0000] {logging_mixin.py:188} INFO - [2026-03-31T13:15:37.963+0000] {dagbag.py:545} INFO - Filling up the DagBag from /opt/airflow/dags/minio_to_snowflake.py
[2026-03-31T13:15:39.217+0000] {processor.py:840} INFO - DAG(s) 'minio_to_snowflake_pipeline' retrieved from /opt/airflow/dags/minio_to_snowflake.py
[2026-03-31T13:15:39.248+0000] {logging_mixin.py:188} INFO - [2026-03-31T13:15:39.248+0000] {dag.py:3089} INFO - Sync 1 DAGs
[2026-03-31T13:15:39.304+0000] {processor.py:183} INFO - Processing /opt/airflow/dags/minio_to_snowflake.py took 1.362 seconds
[2026-03-31T13:16:09.557+0000] {processor.py:161} INFO - Started process (PID=960) to work on /opt/airflow/dags/minio_to_snowflake.py
[2026-03-31T13:16:09.558+0000] {processor.py:830} INFO - Processing file /opt/airflow/dags/minio_to_snowflake.py for tasks to queue
[2026-03-31T13:16:09.560+0000] {logging_mixin.py:188} INFO - [2026-03-31T13:16:09.559+0000] {dagbag.py:545} INFO - Filling up the DagBag from /opt/airflow/dags/minio_to_snowflake.py
[2026-03-31T13:16:10.589+0000] {processor.py:840} INFO - DAG(s) 'minio_to_snowflake_pipeline' retrieved from /opt/airflow/dags/minio_to_snowflake.py
[2026-03-31T13:16:10.618+0000] {logging_mixin.py:188} INFO - [2026-03-31T13:16:10.618+0000] {dag.py:3089} INFO - Sync 1 DAGs
[2026-03-31T13:16:10.658+0000] {processor.py:183} INFO - Processing /opt/airflow/dags/minio_to_snowflake.py took 1.109 seconds
[2026-03-31T13:16:40.756+0000] {processor.py:161} INFO - Started process (PID=981) to work on /opt/airflow/dags/minio_to_snowflake.py
[2026-03-31T13:16:40.758+0000] {processor.py:830} INFO - Processing file /opt/airflow/dags/minio_to_snowflake.py for tasks to queue
[2026-03-31T13:16:40.759+0000] {logging_mixin.py:188} INFO - [2026-03-31T13:16:40.759+0000] {dagbag.py:545} INFO - Filling up the DagBag from /opt/airflow/dags/minio_to_snowflake.py
[2026-03-31T13:16:41.788+0000] {processor.py:840} INFO - DAG(s) 'minio_to_snowflake_pipeline' retrieved from /opt/airflow/dags/minio_to_snowflake.py
[2026-03-31T13:16:41.822+0000] {logging_mixin.py:188} INFO - [2026-03-31T13:16:41.821+0000] {dag.py:3089} INFO - Sync 1 DAGs
[2026-03-31T13:16:41.870+0000] {processor.py:183} INFO - Processing /opt/airflow/dags/minio_to_snowflake.py took 1.124 seconds
[2026-03-31T13:17:12.136+0000] {processor.py:161} INFO - Started process (PID=1002) to work on /opt/airflow/dags/minio_to_snowflake.py
[2026-03-31T13:17:12.138+0000] {processor.py:830} INFO - Processing file /opt/airflow/dags/minio_to_snowflake.py for tasks to queue
[2026-03-31T13:17:12.142+0000] {logging_mixin.py:188} INFO - [2026-03-31T13:17:12.141+0000] {dagbag.py:545} INFO - Filling up the DagBag from /opt/airflow/dags/minio_to_snowflake.py
[2026-03-31T13:17:13.866+0000] {processor.py:840} INFO - DAG(s) 'minio_to_snowflake_pipeline' retrieved from /opt/airflow/dags/minio_to_snowflake.py
[2026-03-31T13:17:13.912+0000] {logging_mixin.py:188} INFO - [2026-03-31T13:17:13.911+0000] {dag.py:3089} INFO - Sync 1 DAGs
[2026-03-31T13:17:13.985+0000] {processor.py:183} INFO - Processing /opt/airflow/dags/minio_to_snowflake.py took 1.860 seconds
[2026-03-31T13:17:44.289+0000] {processor.py:161} INFO - Started process (PID=1017) to work on /opt/airflow/dags/minio_to_snowflake.py
[2026-03-31T13:17:44.291+0000] {processor.py:830} INFO - Processing file /opt/airflow/dags/minio_to_snowflake.py for tasks to queue
[2026-03-31T13:17:44.293+0000] {logging_mixin.py:188} INFO - [2026-03-31T13:17:44.292+0000] {dagbag.py:545} INFO - Filling up the DagBag from /opt/airflow/dags/minio_to_snowflake.py
[2026-03-31T13:17:45.515+0000] {processor.py:840} INFO - DAG(s) 'minio_to_snowflake_pipeline' retrieved from /opt/airflow/dags/minio_to_snowflake.py
[2026-03-31T13:17:45.553+0000] {logging_mixin.py:188} INFO - [2026-03-31T13:17:45.552+0000] {dag.py:3089} INFO - Sync 1 DAGs
[2026-03-31T13:17:45.600+0000] {processor.py:183} INFO - Processing /opt/airflow/dags/minio_to_snowflake.py took 1.321 seconds
[2026-03-31T13:18:15.943+0000] {processor.py:161} INFO - Started process (PID=1034) to work on /opt/airflow/dags/minio_to_snowflake.py
[2026-03-31T13:18:15.945+0000] {processor.py:830} INFO - Processing file /opt/airflow/dags/minio_to_snowflake.py for tasks to queue
[2026-03-31T13:18:15.947+0000] {logging_mixin.py:188} INFO - [2026-03-31T13:18:15.946+0000] {dagbag.py:545} INFO - Filling up the DagBag from /opt/airflow/dags/minio_to_snowflake.py
[2026-03-31T13:18:17.076+0000] {processor.py:840} INFO - DAG(s) 'minio_to_snowflake_pipeline' retrieved from /opt/airflow/dags/minio_to_snowflake.py
[2026-03-31T13:18:17.106+0000] {logging_mixin.py:188} INFO - [2026-03-31T13:18:17.106+0000] {dag.py:3089} INFO - Sync 1 DAGs
[2026-03-31T13:18:17.150+0000] {processor.py:183} INFO - Processing /opt/airflow/dags/minio_to_snowflake.py took 1.220 seconds
[2026-03-31T13:18:47.406+0000] {processor.py:161} INFO - Started process (PID=1053) to work on /opt/airflow/dags/minio_to_snowflake.py
[2026-03-31T13:18:47.407+0000] {processor.py:830} INFO - Processing file /opt/airflow/dags/minio_to_snowflake.py for tasks to queue
[2026-03-31T13:18:47.409+0000] {logging_mixin.py:188} INFO - [2026-03-31T13:18:47.408+0000] {dagbag.py:545} INFO - Filling up the DagBag from /opt/airflow/dags/minio_to_snowflake.py
[2026-03-31T13:18:48.838+0000] {processor.py:840} INFO - DAG(s) 'minio_to_snowflake_pipeline' retrieved from /opt/airflow/dags/minio_to_snowflake.py
[2026-03-31T13:18:48.866+0000] {logging_mixin.py:188} INFO - [2026-03-31T13:18:48.865+0000] {dag.py:3089} INFO - Sync 1 DAGs
[2026-03-31T13:18:48.908+0000] {processor.py:183} INFO - Processing /opt/airflow/dags/minio_to_snowflake.py took 1.511 seconds
[2026-03-31T13:19:19.203+0000] {processor.py:161} INFO - Started process (PID=1074) to work on /opt/airflow/dags/minio_to_snowflake.py
[2026-03-31T13:19:19.205+0000] {processor.py:830} INFO - Processing file /opt/airflow/dags/minio_to_snowflake.py for tasks to queue
[2026-03-31T13:19:19.206+0000] {logging_mixin.py:188} INFO - [2026-03-31T13:19:19.206+0000] {dagbag.py:545} INFO - Filling up the DagBag from /opt/airflow/dags/minio_to_snowflake.py
[2026-03-31T13:19:20.352+0000] {processor.py:840} INFO - DAG(s) 'minio_to_snowflake_pipeline' retrieved from /opt/airflow/dags/minio_to_snowflake.py
[2026-03-31T13:19:20.381+0000] {logging_mixin.py:188} INFO - [2026-03-31T13:19:20.380+0000] {dag.py:3089} INFO - Sync 1 DAGs
[2026-03-31T13:19:20.422+0000] {processor.py:183} INFO - Processing /opt/airflow/dags/minio_to_snowflake.py took 1.228 seconds
[2026-03-31T13:19:50.669+0000] {processor.py:161} INFO - Started process (PID=1101) to work on /opt/airflow/dags/minio_to_snowflake.py
[2026-03-31T13:19:50.671+0000] {processor.py:830} INFO - Processing file /opt/airflow/dags/minio_to_snowflake.py for tasks to queue
[2026-03-31T13:19:50.673+0000] {logging_mixin.py:188} INFO - [2026-03-31T13:19:50.672+0000] {dagbag.py:545} INFO - Filling up the DagBag from /opt/airflow/dags/minio_to_snowflake.py
[2026-03-31T13:19:51.745+0000] {processor.py:840} INFO - DAG(s) 'minio_to_snowflake_pipeline' retrieved from /opt/airflow/dags/minio_to_snowflake.py
[2026-03-31T13:19:51.779+0000] {logging_mixin.py:188} INFO - [2026-03-31T13:19:51.779+0000] {dag.py:3089} INFO - Sync 1 DAGs
[2026-03-31T13:19:51.825+0000] {processor.py:183} INFO - Processing /opt/airflow/dags/minio_to_snowflake.py took 1.169 seconds
[2026-03-31T13:20:22.106+0000] {processor.py:161} INFO - Started process (PID=1118) to work on /opt/airflow/dags/minio_to_snowflake.py
[2026-03-31T13:20:22.109+0000] {processor.py:830} INFO - Processing file /opt/airflow/dags/minio_to_snowflake.py for tasks to queue
[2026-03-31T13:20:22.111+0000] {logging_mixin.py:188} INFO - [2026-03-31T13:20:22.110+0000] {dagbag.py:545} INFO - Filling up the DagBag from /opt/airflow/dags/minio_to_snowflake.py
[2026-03-31T13:20:23.129+0000] {processor.py:840} INFO - DAG(s) 'minio_to_snowflake_pipeline' retrieved from /opt/airflow/dags/minio_to_snowflake.py
[2026-03-31T13:20:23.157+0000] {logging_mixin.py:188} INFO - [2026-03-31T13:20:23.156+0000] {dag.py:3089} INFO - Sync 1 DAGs
[2026-03-31T13:20:23.203+0000] {processor.py:183} INFO - Processing /opt/airflow/dags/minio_to_snowflake.py took 1.107 seconds
[2026-03-31T13:20:53.385+0000] {processor.py:161} INFO - Started process (PID=1143) to work on /opt/airflow/dags/minio_to_snowflake.py
[2026-03-31T13:20:53.386+0000] {processor.py:830} INFO - Processing file /opt/airflow/dags/minio_to_snowflake.py for tasks to queue
[2026-03-31T13:20:53.388+0000] {logging_mixin.py:188} INFO - [2026-03-31T13:20:53.387+0000] {dagbag.py:545} INFO - Filling up the DagBag from /opt/airflow/dags/minio_to_snowflake.py
[2026-03-31T13:20:54.368+0000] {processor.py:840} INFO - DAG(s) 'minio_to_snowflake_pipeline' retrieved from /opt/airflow/dags/minio_to_snowflake.py
[2026-03-31T13:20:54.407+0000] {logging_mixin.py:188} INFO - [2026-03-31T13:20:54.406+0000] {dag.py:3089} INFO - Sync 1 DAGs
[2026-03-31T13:20:54.453+0000] {processor.py:183} INFO - Processing /opt/airflow/dags/minio_to_snowflake.py took 1.076 seconds
[2026-03-31T13:21:24.640+0000] {processor.py:161} INFO - Started process (PID=1162) to work on /opt/airflow/dags/minio_to_snowflake.py
[2026-03-31T13:21:24.642+0000] {processor.py:830} INFO - Processing file /opt/airflow/dags/minio_to_snowflake.py for tasks to queue
[2026-03-31T13:21:24.643+0000] {logging_mixin.py:188} INFO - [2026-03-31T13:21:24.643+0000] {dagbag.py:545} INFO - Filling up the DagBag from /opt/airflow/dags/minio_to_snowflake.py
[2026-03-31T13:21:25.686+0000] {processor.py:840} INFO - DAG(s) 'minio_to_snowflake_pipeline' retrieved from /opt/airflow/dags/minio_to_snowflake.py
[2026-03-31T13:21:25.718+0000] {logging_mixin.py:188} INFO - [2026-03-31T13:21:25.717+0000] {dag.py:3089} INFO - Sync 1 DAGs
[2026-03-31T13:21:25.759+0000] {processor.py:183} INFO - Processing /opt/airflow/dags/minio_to_snowflake.py took 1.129 seconds
[2026-03-31T13:21:55.890+0000] {processor.py:161} INFO - Started process (PID=1183) to work on /opt/airflow/dags/minio_to_snowflake.py
[2026-03-31T13:21:55.892+0000] {processor.py:830} INFO - Processing file /opt/airflow/dags/minio_to_snowflake.py for tasks to queue
[2026-03-31T13:21:55.894+0000] {logging_mixin.py:188} INFO - [2026-03-31T13:21:55.893+0000] {dagbag.py:545} INFO - Filling up the DagBag from /opt/airflow/dags/minio_to_snowflake.py
[2026-03-31T13:21:57.121+0000] {processor.py:840} INFO - DAG(s) 'minio_to_snowflake_pipeline' retrieved from /opt/airflow/dags/minio_to_snowflake.py
[2026-03-31T13:21:57.158+0000] {logging_mixin.py:188} INFO - [2026-03-31T13:21:57.157+0000] {dag.py:3089} INFO - Sync 1 DAGs
[2026-03-31T13:21:57.204+0000] {processor.py:183} INFO - Processing /opt/airflow/dags/minio_to_snowflake.py took 1.328 seconds
[2026-03-31T13:22:27.469+0000] {processor.py:161} INFO - Started process (PID=1206) to work on /opt/airflow/dags/minio_to_snowflake.py
[2026-03-31T13:22:27.471+0000] {processor.py:830} INFO - Processing file /opt/airflow/dags/minio_to_snowflake.py for tasks to queue
[2026-03-31T13:22:27.472+0000] {logging_mixin.py:188} INFO - [2026-03-31T13:22:27.472+0000] {dagbag.py:545} INFO - Filling up the DagBag from /opt/airflow/dags/minio_to_snowflake.py
[2026-03-31T13:22:29.081+0000] {processor.py:840} INFO - DAG(s) 'minio_to_snowflake_pipeline' retrieved from /opt/airflow/dags/minio_to_snowflake.py
[2026-03-31T13:22:29.117+0000] {logging_mixin.py:188} INFO - [2026-03-31T13:22:29.116+0000] {dag.py:3089} INFO - Sync 1 DAGs
[2026-03-31T13:22:29.172+0000] {processor.py:183} INFO - Processing /opt/airflow/dags/minio_to_snowflake.py took 1.711 seconds
[2026-03-31T13:22:59.473+0000] {processor.py:161} INFO - Started process (PID=1225) to work on /opt/airflow/dags/minio_to_snowflake.py
[2026-03-31T13:22:59.476+0000] {processor.py:830} INFO - Processing file /opt/airflow/dags/minio_to_snowflake.py for tasks to queue
[2026-03-31T13:22:59.477+0000] {logging_mixin.py:188} INFO - [2026-03-31T13:22:59.477+0000] {dagbag.py:545} INFO - Filling up the DagBag from /opt/airflow/dags/minio_to_snowflake.py
[2026-03-31T13:23:00.841+0000] {processor.py:840} INFO - DAG(s) 'minio_to_snowflake_pipeline' retrieved from /opt/airflow/dags/minio_to_snowflake.py
[2026-03-31T13:23:00.894+0000] {logging_mixin.py:188} INFO - [2026-03-31T13:23:00.894+0000] {dag.py:3089} INFO - Sync 1 DAGs
[2026-03-31T13:23:00.977+0000] {processor.py:183} INFO - Processing /opt/airflow/dags/minio_to_snowflake.py took 1.516 seconds
[2026-03-31T13:23:31.245+0000] {processor.py:161} INFO - Started process (PID=1236) to work on /opt/airflow/dags/minio_to_snowflake.py
[2026-03-31T13:23:31.246+0000] {processor.py:830} INFO - Processing file /opt/airflow/dags/minio_to_snowflake.py for tasks to queue
[2026-03-31T13:23:31.248+0000] {logging_mixin.py:188} INFO - [2026-03-31T13:23:31.247+0000] {dagbag.py:545} INFO - Filling up the DagBag from /opt/airflow/dags/minio_to_snowflake.py
[2026-03-31T13:23:32.290+0000] {processor.py:840} INFO - DAG(s) 'minio_to_snowflake_pipeline' retrieved from /opt/airflow/dags/minio_to_snowflake.py
[2026-03-31T13:23:32.319+0000] {logging_mixin.py:188} INFO - [2026-03-31T13:23:32.318+0000] {dag.py:3089} INFO - Sync 1 DAGs
[2026-03-31T13:23:32.345+0000] {logging_mixin.py:188} INFO - [2026-03-31T13:23:32.344+0000] {dag.py:3947} INFO - Setting next_dagrun for minio_to_snowflake_pipeline to 2026-03-31 13:20:00+00:00, run_after=2026-03-31 13:30:00+00:00
[2026-03-31T13:23:32.368+0000] {processor.py:183} INFO - Processing /opt/airflow/dags/minio_to_snowflake.py took 1.132 seconds
[2026-03-31T13:24:02.443+0000] {processor.py:161} INFO - Started process (PID=1243) to work on /opt/airflow/dags/minio_to_snowflake.py
[2026-03-31T13:24:02.445+0000] {processor.py:830} INFO - Processing file /opt/airflow/dags/minio_to_snowflake.py for tasks to queue
[2026-03-31T13:24:02.447+0000] {logging_mixin.py:188} INFO - [2026-03-31T13:24:02.446+0000] {dagbag.py:545} INFO - Filling up the DagBag from /opt/airflow/dags/minio_to_snowflake.py
[2026-03-31T13:24:03.433+0000] {processor.py:840} INFO - DAG(s) 'minio_to_snowflake_pipeline' retrieved from /opt/airflow/dags/minio_to_snowflake.py
[2026-03-31T13:24:03.464+0000] {logging_mixin.py:188} INFO - [2026-03-31T13:24:03.464+0000] {dag.py:3089} INFO - Sync 1 DAGs
[2026-03-31T13:24:03.487+0000] {logging_mixin.py:188} INFO - [2026-03-31T13:24:03.487+0000] {dag.py:3947} INFO - Setting next_dagrun for minio_to_snowflake_pipeline to 2026-03-31 13:20:00+00:00, run_after=2026-03-31 13:30:00+00:00
[2026-03-31T13:24:03.509+0000] {processor.py:183} INFO - Processing /opt/airflow/dags/minio_to_snowflake.py took 1.074 seconds
[2026-03-31T13:24:33.663+0000] {processor.py:161} INFO - Started process (PID=1250) to work on /opt/airflow/dags/minio_to_snowflake.py
[2026-03-31T13:24:33.665+0000] {processor.py:830} INFO - Processing file /opt/airflow/dags/minio_to_snowflake.py for tasks to queue
[2026-03-31T13:24:33.666+0000] {logging_mixin.py:188} INFO - [2026-03-31T13:24:33.666+0000] {dagbag.py:545} INFO - Filling up the DagBag from /opt/airflow/dags/minio_to_snowflake.py
[2026-03-31T13:24:34.673+0000] {processor.py:840} INFO - DAG(s) 'minio_to_snowflake_pipeline' retrieved from /opt/airflow/dags/minio_to_snowflake.py
[2026-03-31T13:24:34.705+0000] {logging_mixin.py:188} INFO - [2026-03-31T13:24:34.704+0000] {dag.py:3089} INFO - Sync 1 DAGs
[2026-03-31T13:24:34.728+0000] {logging_mixin.py:188} INFO - [2026-03-31T13:24:34.727+0000] {dag.py:3947} INFO - Setting next_dagrun for minio_to_snowflake_pipeline to 2026-03-31 13:20:00+00:00, run_after=2026-03-31 13:30:00+00:00
[2026-03-31T13:24:34.749+0000] {processor.py:183} INFO - Processing /opt/airflow/dags/minio_to_snowflake.py took 1.094 seconds
[2026-03-31T13:25:04.934+0000] {processor.py:161} INFO - Started process (PID=1257) to work on /opt/airflow/dags/minio_to_snowflake.py
[2026-03-31T13:25:04.935+0000] {processor.py:830} INFO - Processing file /opt/airflow/dags/minio_to_snowflake.py for tasks to queue
[2026-03-31T13:25:04.937+0000] {logging_mixin.py:188} INFO - [2026-03-31T13:25:04.936+0000] {dagbag.py:545} INFO - Filling up the DagBag from /opt/airflow/dags/minio_to_snowflake.py
[2026-03-31T13:25:05.916+0000] {processor.py:840} INFO - DAG(s) 'minio_to_snowflake_pipeline' retrieved from /opt/airflow/dags/minio_to_snowflake.py
[2026-03-31T13:25:05.948+0000] {logging_mixin.py:188} INFO - [2026-03-31T13:25:05.948+0000] {dag.py:3089} INFO - Sync 1 DAGs
[2026-03-31T13:25:05.972+0000] {logging_mixin.py:188} INFO - [2026-03-31T13:25:05.971+0000] {dag.py:3947} INFO - Setting next_dagrun for minio_to_snowflake_pipeline to 2026-03-31 13:20:00+00:00, run_after=2026-03-31 13:30:00+00:00
[2026-03-31T13:25:05.993+0000] {processor.py:183} INFO - Processing /opt/airflow/dags/minio_to_snowflake.py took 1.068 seconds
[2026-03-31T13:25:36.209+0000] {processor.py:161} INFO - Started process (PID=1264) to work on /opt/airflow/dags/minio_to_snowflake.py
[2026-03-31T13:25:36.211+0000] {processor.py:830} INFO - Processing file /opt/airflow/dags/minio_to_snowflake.py for tasks to queue
[2026-03-31T13:25:36.214+0000] {logging_mixin.py:188} INFO - [2026-03-31T13:25:36.213+0000] {dagbag.py:545} INFO - Filling up the DagBag from /opt/airflow/dags/minio_to_snowflake.py
[2026-03-31T13:25:37.377+0000] {processor.py:840} INFO - DAG(s) 'minio_to_snowflake_pipeline' retrieved from /opt/airflow/dags/minio_to_snowflake.py
[2026-03-31T13:25:37.406+0000] {logging_mixin.py:188} INFO - [2026-03-31T13:25:37.405+0000] {dag.py:3089} INFO - Sync 1 DAGs
[2026-03-31T13:25:37.430+0000] {logging_mixin.py:188} INFO - [2026-03-31T13:25:37.430+0000] {dag.py:3947} INFO - Setting next_dagrun for minio_to_snowflake_pipeline to 2026-03-31 13:20:00+00:00, run_after=2026-03-31 13:30:00+00:00
[2026-03-31T13:25:37.453+0000] {processor.py:183} INFO - Processing /opt/airflow/dags/minio_to_snowflake.py took 1.259 seconds
[2026-03-31T13:26:07.691+0000] {processor.py:161} INFO - Started process (PID=1271) to work on /opt/airflow/dags/minio_to_snowflake.py
[2026-03-31T13:26:07.693+0000] {processor.py:830} INFO - Processing file /opt/airflow/dags/minio_to_snowflake.py for tasks to queue
[2026-03-31T13:26:07.694+0000] {logging_mixin.py:188} INFO - [2026-03-31T13:26:07.694+0000] {dagbag.py:545} INFO - Filling up the DagBag from /opt/airflow/dags/minio_to_snowflake.py
[2026-03-31T13:26:09.206+0000] {processor.py:840} INFO - DAG(s) 'minio_to_snowflake_pipeline' retrieved from /opt/airflow/dags/minio_to_snowflake.py
[2026-03-31T13:26:09.249+0000] {logging_mixin.py:188} INFO - [2026-03-31T13:26:09.248+0000] {dag.py:3089} INFO - Sync 1 DAGs
[2026-03-31T13:26:09.330+0000] {logging_mixin.py:188} INFO - [2026-03-31T13:26:09.330+0000] {dag.py:3947} INFO - Setting next_dagrun for minio_to_snowflake_pipeline to 2026-03-31 13:20:00+00:00, run_after=2026-03-31 13:30:00+00:00
[2026-03-31T13:26:09.365+0000] {processor.py:183} INFO - Processing /opt/airflow/dags/minio_to_snowflake.py took 1.682 seconds
[2026-03-31T13:26:39.640+0000] {processor.py:161} INFO - Started process (PID=1278) to work on /opt/airflow/dags/minio_to_snowflake.py
[2026-03-31T13:26:39.642+0000] {processor.py:830} INFO - Processing file /opt/airflow/dags/minio_to_snowflake.py for tasks to queue
[2026-03-31T13:26:39.643+0000] {logging_mixin.py:188} INFO - [2026-03-31T13:26:39.643+0000] {dagbag.py:545} INFO - Filling up the DagBag from /opt/airflow/dags/minio_to_snowflake.py
[2026-03-31T13:26:40.713+0000] {processor.py:840} INFO - DAG(s) 'minio_to_snowflake_pipeline' retrieved from /opt/airflow/dags/minio_to_snowflake.py
[2026-03-31T13:26:40.743+0000] {logging_mixin.py:188} INFO - [2026-03-31T13:26:40.743+0000] {dag.py:3089} INFO - Sync 1 DAGs
[2026-03-31T13:26:40.766+0000] {logging_mixin.py:188} INFO - [2026-03-31T13:26:40.766+0000] {dag.py:3947} INFO - Setting next_dagrun for minio_to_snowflake_pipeline to 2026-03-31 13:20:00+00:00, run_after=2026-03-31 13:30:00+00:00
[2026-03-31T13:26:40.786+0000] {processor.py:183} INFO - Processing /opt/airflow/dags/minio_to_snowflake.py took 1.154 seconds
[2026-03-31T13:27:11.010+0000] {processor.py:161} INFO - Started process (PID=1285) to work on /opt/airflow/dags/minio_to_snowflake.py
[2026-03-31T13:27:11.012+0000] {processor.py:830} INFO - Processing file /opt/airflow/dags/minio_to_snowflake.py for tasks to queue
[2026-03-31T13:27:11.013+0000] {logging_mixin.py:188} INFO - [2026-03-31T13:27:11.013+0000] {dagbag.py:545} INFO - Filling up the DagBag from /opt/airflow/dags/minio_to_snowflake.py
[2026-03-31T13:27:11.993+0000] {processor.py:840} INFO - DAG(s) 'minio_to_snowflake_pipeline' retrieved from /opt/airflow/dags/minio_to_snowflake.py
[2026-03-31T13:27:12.024+0000] {logging_mixin.py:188} INFO - [2026-03-31T13:27:12.023+0000] {dag.py:3089} INFO - Sync 1 DAGs
[2026-03-31T13:27:12.046+0000] {logging_mixin.py:188} INFO - [2026-03-31T13:27:12.046+0000] {dag.py:3947} INFO - Setting next_dagrun for minio_to_snowflake_pipeline to 2026-03-31 13:20:00+00:00, run_after=2026-03-31 13:30:00+00:00
[2026-03-31T13:27:12.071+0000] {processor.py:183} INFO - Processing /opt/airflow/dags/minio_to_snowflake.py took 1.068 seconds
[2026-03-31T13:27:42.200+0000] {processor.py:161} INFO - Started process (PID=1292) to work on /opt/airflow/dags/minio_to_snowflake.py
[2026-03-31T13:27:42.202+0000] {processor.py:830} INFO - Processing file /opt/airflow/dags/minio_to_snowflake.py for tasks to queue
[2026-03-31T13:27:42.204+0000] {logging_mixin.py:188} INFO - [2026-03-31T13:27:42.203+0000] {dagbag.py:545} INFO - Filling up the DagBag from /opt/airflow/dags/minio_to_snowflake.py
[2026-03-31T13:27:43.205+0000] {processor.py:840} INFO - DAG(s) 'minio_to_snowflake_pipeline' retrieved from /opt/airflow/dags/minio_to_snowflake.py
[2026-03-31T13:27:43.236+0000] {logging_mixin.py:188} INFO - [2026-03-31T13:27:43.235+0000] {dag.py:3089} INFO - Sync 1 DAGs
[2026-03-31T13:27:43.261+0000] {logging_mixin.py:188} INFO - [2026-03-31T13:27:43.261+0000] {dag.py:3947} INFO - Setting next_dagrun for minio_to_snowflake_pipeline to 2026-03-31 13:20:00+00:00, run_after=2026-03-31 13:30:00+00:00
[2026-03-31T13:27:43.281+0000] {processor.py:183} INFO - Processing /opt/airflow/dags/minio_to_snowflake.py took 1.093 seconds
[2026-03-31T13:28:13.511+0000] {processor.py:161} INFO - Started process (PID=1299) to work on /opt/airflow/dags/minio_to_snowflake.py
[2026-03-31T13:28:13.512+0000] {processor.py:830} INFO - Processing file /opt/airflow/dags/minio_to_snowflake.py for tasks to queue
[2026-03-31T13:28:13.514+0000] {logging_mixin.py:188} INFO - [2026-03-31T13:28:13.513+0000] {dagbag.py:545} INFO - Filling up the DagBag from /opt/airflow/dags/minio_to_snowflake.py
[2026-03-31T13:28:14.534+0000] {processor.py:840} INFO - DAG(s) 'minio_to_snowflake_pipeline' retrieved from /opt/airflow/dags/minio_to_snowflake.py
[2026-03-31T13:28:14.569+0000] {logging_mixin.py:188} INFO - [2026-03-31T13:28:14.569+0000] {dag.py:3089} INFO - Sync 1 DAGs
[2026-03-31T13:28:14.592+0000] {logging_mixin.py:188} INFO - [2026-03-31T13:28:14.592+0000] {dag.py:3947} INFO - Setting next_dagrun for minio_to_snowflake_pipeline to 2026-03-31 13:20:00+00:00, run_after=2026-03-31 13:30:00+00:00
[2026-03-31T13:28:14.612+0000] {processor.py:183} INFO - Processing /opt/airflow/dags/minio_to_snowflake.py took 1.108 seconds
[2026-03-31T13:28:44.761+0000] {processor.py:161} INFO - Started process (PID=1306) to work on /opt/airflow/dags/minio_to_snowflake.py
[2026-03-31T13:28:44.763+0000] {processor.py:830} INFO - Processing file /opt/airflow/dags/minio_to_snowflake.py for tasks to queue
[2026-03-31T13:28:44.767+0000] {logging_mixin.py:188} INFO - [2026-03-31T13:28:44.766+0000] {dagbag.py:545} INFO - Filling up the DagBag from /opt/airflow/dags/minio_to_snowflake.py
[2026-03-31T13:28:46.649+0000] {processor.py:840} INFO - DAG(s) 'minio_to_snowflake_pipeline' retrieved from /opt/airflow/dags/minio_to_snowflake.py
[2026-03-31T13:28:46.764+0000] {logging_mixin.py:188} INFO - [2026-03-31T13:28:46.763+0000] {dag.py:3089} INFO - Sync 1 DAGs
[2026-03-31T13:28:46.819+0000] {logging_mixin.py:188} INFO - [2026-03-31T13:28:46.819+0000] {dag.py:3947} INFO - Setting next_dagrun for minio_to_snowflake_pipeline to 2026-03-31 13:20:00+00:00, run_after=2026-03-31 13:30:00+00:00
[2026-03-31T13:28:46.840+0000] {processor.py:183} INFO - Processing /opt/airflow/dags/minio_to_snowflake.py took 2.092 seconds
[2026-03-31T13:29:17.061+0000] {processor.py:161} INFO - Started process (PID=1313) to work on /opt/airflow/dags/minio_to_snowflake.py
[2026-03-31T13:29:17.063+0000] {processor.py:830} INFO - Processing file /opt/airflow/dags/minio_to_snowflake.py for tasks to queue
[2026-03-31T13:29:17.064+0000] {logging_mixin.py:188} INFO - [2026-03-31T13:29:17.064+0000] {dagbag.py:545} INFO - Filling up the DagBag from /opt/airflow/dags/minio_to_snowflake.py
[2026-03-31T13:29:18.080+0000] {processor.py:840} INFO - DAG(s) 'minio_to_snowflake_pipeline' retrieved from /opt/airflow/dags/minio_to_snowflake.py
[2026-03-31T13:29:18.109+0000] {logging_mixin.py:188} INFO - [2026-03-31T13:29:18.109+0000] {dag.py:3089} INFO - Sync 1 DAGs
[2026-03-31T13:29:18.132+0000] {logging_mixin.py:188} INFO - [2026-03-31T13:29:18.131+0000] {dag.py:3947} INFO - Setting next_dagrun for minio_to_snowflake_pipeline to 2026-03-31 13:20:00+00:00, run_after=2026-03-31 13:30:00+00:00
[2026-03-31T13:29:18.156+0000] {processor.py:183} INFO - Processing /opt/airflow/dags/minio_to_snowflake.py took 1.102 seconds
[2026-03-31T13:29:48.270+0000] {processor.py:161} INFO - Started process (PID=1320) to work on /opt/airflow/dags/minio_to_snowflake.py
[2026-03-31T13:29:48.272+0000] {processor.py:830} INFO - Processing file /opt/airflow/dags/minio_to_snowflake.py for tasks to queue
[2026-03-31T13:29:48.274+0000] {logging_mixin.py:188} INFO - [2026-03-31T13:29:48.273+0000] {dagbag.py:545} INFO - Filling up the DagBag from /opt/airflow/dags/minio_to_snowflake.py
[2026-03-31T13:29:49.563+0000] {processor.py:840} INFO - DAG(s) 'minio_to_snowflake_pipeline' retrieved from /opt/airflow/dags/minio_to_snowflake.py
[2026-03-31T13:29:49.592+0000] {logging_mixin.py:188} INFO - [2026-03-31T13:29:49.591+0000] {dag.py:3089} INFO - Sync 1 DAGs
[2026-03-31T13:29:49.622+0000] {logging_mixin.py:188} INFO - [2026-03-31T13:29:49.621+0000] {dag.py:3947} INFO - Setting next_dagrun for minio_to_snowflake_pipeline to 2026-03-31 13:20:00+00:00, run_after=2026-03-31 13:30:00+00:00
[2026-03-31T13:29:49.656+0000] {processor.py:183} INFO - Processing /opt/airflow/dags/minio_to_snowflake.py took 1.394 seconds
[2026-03-31T13:30:19.931+0000] {processor.py:161} INFO - Started process (PID=1331) to work on /opt/airflow/dags/minio_to_snowflake.py
[2026-03-31T13:30:19.933+0000] {processor.py:830} INFO - Processing file /opt/airflow/dags/minio_to_snowflake.py for tasks to queue
[2026-03-31T13:30:19.935+0000] {logging_mixin.py:188} INFO - [2026-03-31T13:30:19.934+0000] {dagbag.py:545} INFO - Filling up the DagBag from /opt/airflow/dags/minio_to_snowflake.py
[2026-03-31T13:30:21.320+0000] {processor.py:840} INFO - DAG(s) 'minio_to_snowflake_pipeline' retrieved from /opt/airflow/dags/minio_to_snowflake.py
[2026-03-31T13:30:21.357+0000] {logging_mixin.py:188} INFO - [2026-03-31T13:30:21.356+0000] {dag.py:3089} INFO - Sync 1 DAGs
[2026-03-31T13:30:21.388+0000] {logging_mixin.py:188} INFO - [2026-03-31T13:30:21.387+0000] {dag.py:3947} INFO - Setting next_dagrun for minio_to_snowflake_pipeline to 2026-03-31 13:30:00+00:00, run_after=2026-03-31 13:40:00+00:00
[2026-03-31T13:30:21.414+0000] {processor.py:183} INFO - Processing /opt/airflow/dags/minio_to_snowflake.py took 1.491 seconds
[2026-03-31T13:30:51.855+0000] {processor.py:161} INFO - Started process (PID=1338) to work on /opt/airflow/dags/minio_to_snowflake.py
[2026-03-31T13:30:51.857+0000] {processor.py:830} INFO - Processing file /opt/airflow/dags/minio_to_snowflake.py for tasks to queue
[2026-03-31T13:30:51.859+0000] {logging_mixin.py:188} INFO - [2026-03-31T13:30:51.858+0000] {dagbag.py:545} INFO - Filling up the DagBag from /opt/airflow/dags/minio_to_snowflake.py
[2026-03-31T13:30:53.192+0000] {processor.py:840} INFO - DAG(s) 'minio_to_snowflake_pipeline' retrieved from /opt/airflow/dags/minio_to_snowflake.py
[2026-03-31T13:30:53.229+0000] {logging_mixin.py:188} INFO - [2026-03-31T13:30:53.228+0000] {dag.py:3089} INFO - Sync 1 DAGs
[2026-03-31T13:30:53.254+0000] {logging_mixin.py:188} INFO - [2026-03-31T13:30:53.254+0000] {dag.py:3947} INFO - Setting next_dagrun for minio_to_snowflake_pipeline to 2026-03-31 13:30:00+00:00, run_after=2026-03-31 13:40:00+00:00
[2026-03-31T13:30:53.322+0000] {processor.py:183} INFO - Processing /opt/airflow/dags/minio_to_snowflake.py took 1.476 seconds
[2026-03-31T13:31:23.561+0000] {processor.py:161} INFO - Started process (PID=1345) to work on /opt/airflow/dags/minio_to_snowflake.py
[2026-03-31T13:31:23.562+0000] {processor.py:830} INFO - Processing file /opt/airflow/dags/minio_to_snowflake.py for tasks to queue
[2026-03-31T13:31:23.564+0000] {logging_mixin.py:188} INFO - [2026-03-31T13:31:23.563+0000] {dagbag.py:545} INFO - Filling up the DagBag from /opt/airflow/dags/minio_to_snowflake.py
[2026-03-31T13:31:24.544+0000] {processor.py:840} INFO - DAG(s) 'minio_to_snowflake_pipeline' retrieved from /opt/airflow/dags/minio_to_snowflake.py
[2026-03-31T13:31:24.575+0000] {logging_mixin.py:188} INFO - [2026-03-31T13:31:24.574+0000] {dag.py:3089} INFO - Sync 1 DAGs
[2026-03-31T13:31:24.599+0000] {logging_mixin.py:188} INFO - [2026-03-31T13:31:24.599+0000] {dag.py:3947} INFO - Setting next_dagrun for minio_to_snowflake_pipeline to 2026-03-31 13:30:00+00:00, run_after=2026-03-31 13:40:00+00:00
[2026-03-31T13:31:24.619+0000] {processor.py:183} INFO - Processing /opt/airflow/dags/minio_to_snowflake.py took 1.067 seconds
[2026-03-31T13:31:54.776+0000] {processor.py:161} INFO - Started process (PID=1352) to work on /opt/airflow/dags/minio_to_snowflake.py
[2026-03-31T13:31:54.778+0000] {processor.py:830} INFO - Processing file /opt/airflow/dags/minio_to_snowflake.py for tasks to queue
[2026-03-31T13:31:54.779+0000] {logging_mixin.py:188} INFO - [2026-03-31T13:31:54.779+0000] {dagbag.py:545} INFO - Filling up the DagBag from /opt/airflow/dags/minio_to_snowflake.py
[2026-03-31T13:31:56.039+0000] {processor.py:840} INFO - DAG(s) 'minio_to_snowflake_pipeline' retrieved from /opt/airflow/dags/minio_to_snowflake.py
[2026-03-31T13:31:56.081+0000] {logging_mixin.py:188} INFO - [2026-03-31T13:31:56.080+0000] {dag.py:3089} INFO - Sync 1 DAGs
[2026-03-31T13:31:56.124+0000] {logging_mixin.py:188} INFO - [2026-03-31T13:31:56.124+0000] {dag.py:3947} INFO - Setting next_dagrun for minio_to_snowflake_pipeline to 2026-03-31 13:30:00+00:00, run_after=2026-03-31 13:40:00+00:00
[2026-03-31T13:31:56.159+0000] {processor.py:183} INFO - Processing /opt/airflow/dags/minio_to_snowflake.py took 1.392 seconds
[2026-03-31T13:32:26.408+0000] {processor.py:161} INFO - Started process (PID=1359) to work on /opt/airflow/dags/minio_to_snowflake.py
[2026-03-31T13:32:26.410+0000] {processor.py:830} INFO - Processing file /opt/airflow/dags/minio_to_snowflake.py for tasks to queue
[2026-03-31T13:32:26.412+0000] {logging_mixin.py:188} INFO - [2026-03-31T13:32:26.411+0000] {dagbag.py:545} INFO - Filling up the DagBag from /opt/airflow/dags/minio_to_snowflake.py
[2026-03-31T13:32:27.624+0000] {processor.py:840} INFO - DAG(s) 'minio_to_snowflake_pipeline' retrieved from /opt/airflow/dags/minio_to_snowflake.py
[2026-03-31T13:32:27.665+0000] {logging_mixin.py:188} INFO - [2026-03-31T13:32:27.664+0000] {dag.py:3089} INFO - Sync 1 DAGs
[2026-03-31T13:32:27.690+0000] {logging_mixin.py:188} INFO - [2026-03-31T13:32:27.690+0000] {dag.py:3947} INFO - Setting next_dagrun for minio_to_snowflake_pipeline to 2026-03-31 13:30:00+00:00, run_after=2026-03-31 13:40:00+00:00
[2026-03-31T13:32:27.712+0000] {processor.py:183} INFO - Processing /opt/airflow/dags/minio_to_snowflake.py took 1.312 seconds
[2026-03-31T13:32:57.986+0000] {processor.py:161} INFO - Started process (PID=1366) to work on /opt/airflow/dags/minio_to_snowflake.py
[2026-03-31T13:32:57.987+0000] {processor.py:830} INFO - Processing file /opt/airflow/dags/minio_to_snowflake.py for tasks to queue
[2026-03-31T13:32:57.989+0000] {logging_mixin.py:188} INFO - [2026-03-31T13:32:57.988+0000] {dagbag.py:545} INFO - Filling up the DagBag from /opt/airflow/dags/minio_to_snowflake.py
[2026-03-31T13:32:59.284+0000] {processor.py:840} INFO - DAG(s) 'minio_to_snowflake_pipeline' retrieved from /opt/airflow/dags/minio_to_snowflake.py
[2026-03-31T13:32:59.344+0000] {logging_mixin.py:188} INFO - [2026-03-31T13:32:59.343+0000] {dag.py:3089} INFO - Sync 1 DAGs
[2026-03-31T13:32:59.369+0000] {logging_mixin.py:188} INFO - [2026-03-31T13:32:59.369+0000] {dag.py:3947} INFO - Setting next_dagrun for minio_to_snowflake_pipeline to 2026-03-31 13:30:00+00:00, run_after=2026-03-31 13:40:00+00:00
[2026-03-31T13:32:59.388+0000] {processor.py:183} INFO - Processing /opt/airflow/dags/minio_to_snowflake.py took 1.410 seconds
[2026-03-31T13:33:29.642+0000] {processor.py:161} INFO - Started process (PID=1373) to work on /opt/airflow/dags/minio_to_snowflake.py
[2026-03-31T13:33:29.644+0000] {processor.py:830} INFO - Processing file /opt/airflow/dags/minio_to_snowflake.py for tasks to queue
[2026-03-31T13:33:29.645+0000] {logging_mixin.py:188} INFO - [2026-03-31T13:33:29.645+0000] {dagbag.py:545} INFO - Filling up the DagBag from /opt/airflow/dags/minio_to_snowflake.py
[2026-03-31T13:33:30.644+0000] {processor.py:840} INFO - DAG(s) 'minio_to_snowflake_pipeline' retrieved from /opt/airflow/dags/minio_to_snowflake.py
[2026-03-31T13:33:30.676+0000] {logging_mixin.py:188} INFO - [2026-03-31T13:33:30.675+0000] {dag.py:3089} INFO - Sync 1 DAGs
[2026-03-31T13:33:30.698+0000] {logging_mixin.py:188} INFO - [2026-03-31T13:33:30.698+0000] {dag.py:3947} INFO - Setting next_dagrun for minio_to_snowflake_pipeline to 2026-03-31 13:30:00+00:00, run_after=2026-03-31 13:40:00+00:00
[2026-03-31T13:33:30.732+0000] {processor.py:183} INFO - Processing /opt/airflow/dags/minio_to_snowflake.py took 1.098 seconds
[2026-03-31T13:34:00.910+0000] {processor.py:161} INFO - Started process (PID=1380) to work on /opt/airflow/dags/minio_to_snowflake.py
[2026-03-31T13:34:00.912+0000] {processor.py:830} INFO - Processing file /opt/airflow/dags/minio_to_snowflake.py for tasks to queue
[2026-03-31T13:34:00.914+0000] {logging_mixin.py:188} INFO - [2026-03-31T13:34:00.913+0000] {dagbag.py:545} INFO - Filling up the DagBag from /opt/airflow/dags/minio_to_snowflake.py
[2026-03-31T13:34:02.006+0000] {processor.py:840} INFO - DAG(s) 'minio_to_snowflake_pipeline' retrieved from /opt/airflow/dags/minio_to_snowflake.py
[2026-03-31T13:34:02.035+0000] {logging_mixin.py:188} INFO - [2026-03-31T13:34:02.035+0000] {dag.py:3089} INFO - Sync 1 DAGs
[2026-03-31T13:34:02.061+0000] {logging_mixin.py:188} INFO - [2026-03-31T13:34:02.060+0000] {dag.py:3947} INFO - Setting next_dagrun for minio_to_snowflake_pipeline to 2026-03-31 13:30:00+00:00, run_after=2026-03-31 13:40:00+00:00
[2026-03-31T13:34:02.082+0000] {processor.py:183} INFO - Processing /opt/airflow/dags/minio_to_snowflake.py took 1.187 seconds
[2026-03-31T13:34:32.204+0000] {processor.py:161} INFO - Started process (PID=1387) to work on /opt/airflow/dags/minio_to_snowflake.py
[2026-03-31T13:34:32.206+0000] {processor.py:830} INFO - Processing file /opt/airflow/dags/minio_to_snowflake.py for tasks to queue
[2026-03-31T13:34:32.208+0000] {logging_mixin.py:188} INFO - [2026-03-31T13:34:32.207+0000] {dagbag.py:545} INFO - Filling up the DagBag from /opt/airflow/dags/minio_to_snowflake.py
[2026-03-31T13:34:33.334+0000] {processor.py:840} INFO - DAG(s) 'minio_to_snowflake_pipeline' retrieved from /opt/airflow/dags/minio_to_snowflake.py
[2026-03-31T13:34:33.365+0000] {logging_mixin.py:188} INFO - [2026-03-31T13:34:33.365+0000] {dag.py:3089} INFO - Sync 1 DAGs
[2026-03-31T13:34:33.388+0000] {logging_mixin.py:188} INFO - [2026-03-31T13:34:33.387+0000] {dag.py:3947} INFO - Setting next_dagrun for minio_to_snowflake_pipeline to 2026-03-31 13:30:00+00:00, run_after=2026-03-31 13:40:00+00:00
[2026-03-31T13:34:33.410+0000] {processor.py:183} INFO - Processing /opt/airflow/dags/minio_to_snowflake.py took 1.217 seconds
[2026-03-31T13:35:03.519+0000] {processor.py:161} INFO - Started process (PID=1394) to work on /opt/airflow/dags/minio_to_snowflake.py
[2026-03-31T13:35:03.521+0000] {processor.py:830} INFO - Processing file /opt/airflow/dags/minio_to_snowflake.py for tasks to queue
[2026-03-31T13:35:03.522+0000] {logging_mixin.py:188} INFO - [2026-03-31T13:35:03.522+0000] {dagbag.py:545} INFO - Filling up the DagBag from /opt/airflow/dags/minio_to_snowflake.py
[2026-03-31T13:35:04.538+0000] {processor.py:840} INFO - DAG(s) 'minio_to_snowflake_pipeline' retrieved from /opt/airflow/dags/minio_to_snowflake.py
[2026-03-31T13:35:04.568+0000] {logging_mixin.py:188} INFO - [2026-03-31T13:35:04.567+0000] {dag.py:3089} INFO - Sync 1 DAGs
[2026-03-31T13:35:04.590+0000] {logging_mixin.py:188} INFO - [2026-03-31T13:35:04.590+0000] {dag.py:3947} INFO - Setting next_dagrun for minio_to_snowflake_pipeline to 2026-03-31 13:30:00+00:00, run_after=2026-03-31 13:40:00+00:00
[2026-03-31T13:35:04.613+0000] {processor.py:183} INFO - Processing /opt/airflow/dags/minio_to_snowflake.py took 1.102 seconds
[2026-03-31T13:35:34.822+0000] {processor.py:161} INFO - Started process (PID=1401) to work on /opt/airflow/dags/minio_to_snowflake.py
[2026-03-31T13:35:34.823+0000] {processor.py:830} INFO - Processing file /opt/airflow/dags/minio_to_snowflake.py for tasks to queue
[2026-03-31T13:35:34.825+0000] {logging_mixin.py:188} INFO - [2026-03-31T13:35:34.824+0000] {dagbag.py:545} INFO - Filling up the DagBag from /opt/airflow/dags/minio_to_snowflake.py
[2026-03-31T13:35:35.857+0000] {processor.py:840} INFO - DAG(s) 'minio_to_snowflake_pipeline' retrieved from /opt/airflow/dags/minio_to_snowflake.py
[2026-03-31T13:35:35.887+0000] {logging_mixin.py:188} INFO - [2026-03-31T13:35:35.886+0000] {dag.py:3089} INFO - Sync 1 DAGs
[2026-03-31T13:35:35.909+0000] {logging_mixin.py:188} INFO - [2026-03-31T13:35:35.909+0000] {dag.py:3947} INFO - Setting next_dagrun for minio_to_snowflake_pipeline to 2026-03-31 13:30:00+00:00, run_after=2026-03-31 13:40:00+00:00
[2026-03-31T13:35:35.931+0000] {processor.py:183} INFO - Processing /opt/airflow/dags/minio_to_snowflake.py took 1.121 seconds
[2026-03-31T13:36:06.111+0000] {processor.py:161} INFO - Started process (PID=1408) to work on /opt/airflow/dags/minio_to_snowflake.py
[2026-03-31T13:36:06.113+0000] {processor.py:830} INFO - Processing file /opt/airflow/dags/minio_to_snowflake.py for tasks to queue
[2026-03-31T13:36:06.114+0000] {logging_mixin.py:188} INFO - [2026-03-31T13:36:06.114+0000] {dagbag.py:545} INFO - Filling up the DagBag from /opt/airflow/dags/minio_to_snowflake.py
[2026-03-31T13:36:07.314+0000] {processor.py:840} INFO - DAG(s) 'minio_to_snowflake_pipeline' retrieved from /opt/airflow/dags/minio_to_snowflake.py
[2026-03-31T13:36:07.345+0000] {logging_mixin.py:188} INFO - [2026-03-31T13:36:07.343+0000] {dag.py:3089} INFO - Sync 1 DAGs
[2026-03-31T13:36:07.367+0000] {logging_mixin.py:188} INFO - [2026-03-31T13:36:07.367+0000] {dag.py:3947} INFO - Setting next_dagrun for minio_to_snowflake_pipeline to 2026-03-31 13:30:00+00:00, run_after=2026-03-31 13:40:00+00:00
[2026-03-31T13:36:07.390+0000] {processor.py:183} INFO - Processing /opt/airflow/dags/minio_to_snowflake.py took 1.289 seconds
[2026-03-31T13:36:37.621+0000] {processor.py:161} INFO - Started process (PID=1415) to work on /opt/airflow/dags/minio_to_snowflake.py
[2026-03-31T13:36:37.623+0000] {processor.py:830} INFO - Processing file /opt/airflow/dags/minio_to_snowflake.py for tasks to queue
[2026-03-31T13:36:37.624+0000] {logging_mixin.py:188} INFO - [2026-03-31T13:36:37.624+0000] {dagbag.py:545} INFO - Filling up the DagBag from /opt/airflow/dags/minio_to_snowflake.py
[2026-03-31T13:36:38.673+0000] {processor.py:840} INFO - DAG(s) 'minio_to_snowflake_pipeline' retrieved from /opt/airflow/dags/minio_to_snowflake.py
[2026-03-31T13:36:38.706+0000] {logging_mixin.py:188} INFO - [2026-03-31T13:36:38.705+0000] {dag.py:3089} INFO - Sync 1 DAGs
[2026-03-31T13:36:38.730+0000] {logging_mixin.py:188} INFO - [2026-03-31T13:36:38.729+0000] {dag.py:3947} INFO - Setting next_dagrun for minio_to_snowflake_pipeline to 2026-03-31 13:30:00+00:00, run_after=2026-03-31 13:40:00+00:00
[2026-03-31T13:36:38.752+0000] {processor.py:183} INFO - Processing /opt/airflow/dags/minio_to_snowflake.py took 1.139 seconds
[2026-03-31T13:37:08.845+0000] {processor.py:161} INFO - Started process (PID=1422) to work on /opt/airflow/dags/minio_to_snowflake.py
[2026-03-31T13:37:08.847+0000] {processor.py:830} INFO - Processing file /opt/airflow/dags/minio_to_snowflake.py for tasks to queue
[2026-03-31T13:37:08.848+0000] {logging_mixin.py:188} INFO - [2026-03-31T13:37:08.848+0000] {dagbag.py:545} INFO - Filling up the DagBag from /opt/airflow/dags/minio_to_snowflake.py
[2026-03-31T13:37:10.106+0000] {processor.py:840} INFO - DAG(s) 'minio_to_snowflake_pipeline' retrieved from /opt/airflow/dags/minio_to_snowflake.py
[2026-03-31T13:37:10.135+0000] {logging_mixin.py:188} INFO - [2026-03-31T13:37:10.134+0000] {dag.py:3089} INFO - Sync 1 DAGs
[2026-03-31T13:37:10.158+0000] {logging_mixin.py:188} INFO - [2026-03-31T13:37:10.157+0000] {dag.py:3947} INFO - Setting next_dagrun for minio_to_snowflake_pipeline to 2026-03-31 13:30:00+00:00, run_after=2026-03-31 13:40:00+00:00
[2026-03-31T13:37:10.178+0000] {processor.py:183} INFO - Processing /opt/airflow/dags/minio_to_snowflake.py took 1.341 seconds
[2026-03-31T13:37:40.405+0000] {processor.py:161} INFO - Started process (PID=1429) to work on /opt/airflow/dags/minio_to_snowflake.py
[2026-03-31T13:37:40.407+0000] {processor.py:830} INFO - Processing file /opt/airflow/dags/minio_to_snowflake.py for tasks to queue
[2026-03-31T13:37:40.408+0000] {logging_mixin.py:188} INFO - [2026-03-31T13:37:40.408+0000] {dagbag.py:545} INFO - Filling up the DagBag from /opt/airflow/dags/minio_to_snowflake.py
[2026-03-31T13:37:41.914+0000] {processor.py:840} INFO - DAG(s) 'minio_to_snowflake_pipeline' retrieved from /opt/airflow/dags/minio_to_snowflake.py
[2026-03-31T13:37:41.967+0000] {logging_mixin.py:188} INFO - [2026-03-31T13:37:41.966+0000] {dag.py:3089} INFO - Sync 1 DAGs
[2026-03-31T13:37:42.005+0000] {logging_mixin.py:188} INFO - [2026-03-31T13:37:42.005+0000] {dag.py:3947} INFO - Setting next_dagrun for minio_to_snowflake_pipeline to 2026-03-31 13:30:00+00:00, run_after=2026-03-31 13:40:00+00:00
[2026-03-31T13:37:42.050+0000] {processor.py:183} INFO - Processing /opt/airflow/dags/minio_to_snowflake.py took 1.652 seconds
[2026-03-31T13:38:12.321+0000] {processor.py:161} INFO - Started process (PID=1436) to work on /opt/airflow/dags/minio_to_snowflake.py
[2026-03-31T13:38:12.323+0000] {processor.py:830} INFO - Processing file /opt/airflow/dags/minio_to_snowflake.py for tasks to queue
[2026-03-31T13:38:12.325+0000] {logging_mixin.py:188} INFO - [2026-03-31T13:38:12.325+0000] {dagbag.py:545} INFO - Filling up the DagBag from /opt/airflow/dags/minio_to_snowflake.py
[2026-03-31T13:38:13.334+0000] {processor.py:840} INFO - DAG(s) 'minio_to_snowflake_pipeline' retrieved from /opt/airflow/dags/minio_to_snowflake.py
[2026-03-31T13:38:13.364+0000] {logging_mixin.py:188} INFO - [2026-03-31T13:38:13.363+0000] {dag.py:3089} INFO - Sync 1 DAGs
[2026-03-31T13:38:13.393+0000] {logging_mixin.py:188} INFO - [2026-03-31T13:38:13.392+0000] {dag.py:3947} INFO - Setting next_dagrun for minio_to_snowflake_pipeline to 2026-03-31 13:30:00+00:00, run_after=2026-03-31 13:40:00+00:00
[2026-03-31T13:38:13.417+0000] {processor.py:183} INFO - Processing /opt/airflow/dags/minio_to_snowflake.py took 1.104 seconds
[2026-03-31T13:38:43.525+0000] {processor.py:161} INFO - Started process (PID=1443) to work on /opt/airflow/dags/minio_to_snowflake.py
[2026-03-31T13:38:43.526+0000] {processor.py:830} INFO - Processing file /opt/airflow/dags/minio_to_snowflake.py for tasks to queue
[2026-03-31T13:38:43.528+0000] {logging_mixin.py:188} INFO - [2026-03-31T13:38:43.527+0000] {dagbag.py:545} INFO - Filling up the DagBag from /opt/airflow/dags/minio_to_snowflake.py
[2026-03-31T13:38:44.527+0000] {processor.py:840} INFO - DAG(s) 'minio_to_snowflake_pipeline' retrieved from /opt/airflow/dags/minio_to_snowflake.py
[2026-03-31T13:38:44.563+0000] {logging_mixin.py:188} INFO - [2026-03-31T13:38:44.563+0000] {dag.py:3089} INFO - Sync 1 DAGs
[2026-03-31T13:38:44.602+0000] {logging_mixin.py:188} INFO - [2026-03-31T13:38:44.601+0000] {dag.py:3947} INFO - Setting next_dagrun for minio_to_snowflake_pipeline to 2026-03-31 13:30:00+00:00, run_after=2026-03-31 13:40:00+00:00
[2026-03-31T13:38:44.633+0000] {processor.py:183} INFO - Processing /opt/airflow/dags/minio_to_snowflake.py took 1.116 seconds
[2026-03-31T13:39:14.834+0000] {processor.py:161} INFO - Started process (PID=1450) to work on /opt/airflow/dags/minio_to_snowflake.py
[2026-03-31T13:39:14.836+0000] {processor.py:830} INFO - Processing file /opt/airflow/dags/minio_to_snowflake.py for tasks to queue
[2026-03-31T13:39:14.837+0000] {logging_mixin.py:188} INFO - [2026-03-31T13:39:14.837+0000] {dagbag.py:545} INFO - Filling up the DagBag from /opt/airflow/dags/minio_to_snowflake.py
[2026-03-31T13:39:15.837+0000] {processor.py:840} INFO - DAG(s) 'minio_to_snowflake_pipeline' retrieved from /opt/airflow/dags/minio_to_snowflake.py
[2026-03-31T13:39:15.866+0000] {logging_mixin.py:188} INFO - [2026-03-31T13:39:15.866+0000] {dag.py:3089} INFO - Sync 1 DAGs
[2026-03-31T13:39:15.889+0000] {logging_mixin.py:188} INFO - [2026-03-31T13:39:15.889+0000] {dag.py:3947} INFO - Setting next_dagrun for minio_to_snowflake_pipeline to 2026-03-31 13:30:00+00:00, run_after=2026-03-31 13:40:00+00:00
[2026-03-31T13:39:15.911+0000] {processor.py:183} INFO - Processing /opt/airflow/dags/minio_to_snowflake.py took 1.084 seconds
[2026-03-31T13:39:46.044+0000] {processor.py:161} INFO - Started process (PID=1457) to work on /opt/airflow/dags/minio_to_snowflake.py
[2026-03-31T13:39:46.045+0000] {processor.py:830} INFO - Processing file /opt/airflow/dags/minio_to_snowflake.py for tasks to queue
[2026-03-31T13:39:46.047+0000] {logging_mixin.py:188} INFO - [2026-03-31T13:39:46.047+0000] {dagbag.py:545} INFO - Filling up the DagBag from /opt/airflow/dags/minio_to_snowflake.py
[2026-03-31T13:39:47.303+0000] {processor.py:840} INFO - DAG(s) 'minio_to_snowflake_pipeline' retrieved from /opt/airflow/dags/minio_to_snowflake.py
[2026-03-31T13:39:47.334+0000] {logging_mixin.py:188} INFO - [2026-03-31T13:39:47.333+0000] {dag.py:3089} INFO - Sync 1 DAGs
[2026-03-31T13:39:47.356+0000] {logging_mixin.py:188} INFO - [2026-03-31T13:39:47.356+0000] {dag.py:3947} INFO - Setting next_dagrun for minio_to_snowflake_pipeline to 2026-03-31 13:30:00+00:00, run_after=2026-03-31 13:40:00+00:00
[2026-03-31T13:39:47.378+0000] {processor.py:183} INFO - Processing /opt/airflow/dags/minio_to_snowflake.py took 1.342 seconds
[2026-03-31T13:40:17.626+0000] {processor.py:161} INFO - Started process (PID=1468) to work on /opt/airflow/dags/minio_to_snowflake.py
[2026-03-31T13:40:17.627+0000] {processor.py:830} INFO - Processing file /opt/airflow/dags/minio_to_snowflake.py for tasks to queue
[2026-03-31T13:40:17.629+0000] {logging_mixin.py:188} INFO - [2026-03-31T13:40:17.628+0000] {dagbag.py:545} INFO - Filling up the DagBag from /opt/airflow/dags/minio_to_snowflake.py
[2026-03-31T13:40:18.859+0000] {processor.py:840} INFO - DAG(s) 'minio_to_snowflake_pipeline' retrieved from /opt/airflow/dags/minio_to_snowflake.py
[2026-03-31T13:40:18.888+0000] {logging_mixin.py:188} INFO - [2026-03-31T13:40:18.887+0000] {dag.py:3089} INFO - Sync 1 DAGs
[2026-03-31T13:40:18.911+0000] {logging_mixin.py:188} INFO - [2026-03-31T13:40:18.911+0000] {dag.py:3947} INFO - Setting next_dagrun for minio_to_snowflake_pipeline to 2026-03-31 13:40:00+00:00, run_after=2026-03-31 13:50:00+00:00
[2026-03-31T13:40:18.949+0000] {processor.py:183} INFO - Processing /opt/airflow/dags/minio_to_snowflake.py took 1.333 seconds
[2026-03-31T13:40:49.342+0000] {processor.py:161} INFO - Started process (PID=1475) to work on /opt/airflow/dags/minio_to_snowflake.py
[2026-03-31T13:40:49.343+0000] {processor.py:830} INFO - Processing file /opt/airflow/dags/minio_to_snowflake.py for tasks to queue
[2026-03-31T13:40:49.345+0000] {logging_mixin.py:188} INFO - [2026-03-31T13:40:49.344+0000] {dagbag.py:545} INFO - Filling up the DagBag from /opt/airflow/dags/minio_to_snowflake.py
[2026-03-31T13:40:50.401+0000] {processor.py:840} INFO - DAG(s) 'minio_to_snowflake_pipeline' retrieved from /opt/airflow/dags/minio_to_snowflake.py
[2026-03-31T13:40:50.432+0000] {logging_mixin.py:188} INFO - [2026-03-31T13:40:50.432+0000] {dag.py:3089} INFO - Sync 1 DAGs
[2026-03-31T13:40:50.455+0000] {logging_mixin.py:188} INFO - [2026-03-31T13:40:50.455+0000] {dag.py:3947} INFO - Setting next_dagrun for minio_to_snowflake_pipeline to 2026-03-31 13:40:00+00:00, run_after=2026-03-31 13:50:00+00:00
[2026-03-31T13:40:50.477+0000] {processor.py:183} INFO - Processing /opt/airflow/dags/minio_to_snowflake.py took 1.146 seconds
[2026-03-31T13:41:20.553+0000] {processor.py:161} INFO - Started process (PID=1482) to work on /opt/airflow/dags/minio_to_snowflake.py
[2026-03-31T13:41:20.555+0000] {processor.py:830} INFO - Processing file /opt/airflow/dags/minio_to_snowflake.py for tasks to queue
[2026-03-31T13:41:20.556+0000] {logging_mixin.py:188} INFO - [2026-03-31T13:41:20.556+0000] {dagbag.py:545} INFO - Filling up the DagBag from /opt/airflow/dags/minio_to_snowflake.py
[2026-03-31T13:41:21.590+0000] {processor.py:840} INFO - DAG(s) 'minio_to_snowflake_pipeline' retrieved from /opt/airflow/dags/minio_to_snowflake.py
[2026-03-31T13:41:21.620+0000] {logging_mixin.py:188} INFO - [2026-03-31T13:41:21.619+0000] {dag.py:3089} INFO - Sync 1 DAGs
[2026-03-31T13:41:21.643+0000] {logging_mixin.py:188} INFO - [2026-03-31T13:41:21.642+0000] {dag.py:3947} INFO - Setting next_dagrun for minio_to_snowflake_pipeline to 2026-03-31 13:40:00+00:00, run_after=2026-03-31 13:50:00+00:00
[2026-03-31T13:41:21.665+0000] {processor.py:183} INFO - Processing /opt/airflow/dags/minio_to_snowflake.py took 1.121 seconds
[2026-03-31T13:41:51.935+0000] {processor.py:161} INFO - Started process (PID=1489) to work on /opt/airflow/dags/minio_to_snowflake.py
[2026-03-31T13:41:51.937+0000] {processor.py:830} INFO - Processing file /opt/airflow/dags/minio_to_snowflake.py for tasks to queue
[2026-03-31T13:41:51.938+0000] {logging_mixin.py:188} INFO - [2026-03-31T13:41:51.938+0000] {dagbag.py:545} INFO - Filling up the DagBag from /opt/airflow/dags/minio_to_snowflake.py
[2026-03-31T13:41:52.944+0000] {processor.py:840} INFO - DAG(s) 'minio_to_snowflake_pipeline' retrieved from /opt/airflow/dags/minio_to_snowflake.py
[2026-03-31T13:41:52.974+0000] {logging_mixin.py:188} INFO - [2026-03-31T13:41:52.973+0000] {dag.py:3089} INFO - Sync 1 DAGs
[2026-03-31T13:41:52.997+0000] {logging_mixin.py:188} INFO - [2026-03-31T13:41:52.997+0000] {dag.py:3947} INFO - Setting next_dagrun for minio_to_snowflake_pipeline to 2026-03-31 13:40:00+00:00, run_after=2026-03-31 13:50:00+00:00
[2026-03-31T13:41:53.022+0000] {processor.py:183} INFO - Processing /opt/airflow/dags/minio_to_snowflake.py took 1.095 seconds
[2026-03-31T13:42:23.161+0000] {processor.py:161} INFO - Started process (PID=1496) to work on /opt/airflow/dags/minio_to_snowflake.py
[2026-03-31T13:42:23.162+0000] {processor.py:830} INFO - Processing file /opt/airflow/dags/minio_to_snowflake.py for tasks to queue
[2026-03-31T13:42:23.164+0000] {logging_mixin.py:188} INFO - [2026-03-31T13:42:23.163+0000] {dagbag.py:545} INFO - Filling up the DagBag from /opt/airflow/dags/minio_to_snowflake.py
[2026-03-31T13:42:24.159+0000] {processor.py:840} INFO - DAG(s) 'minio_to_snowflake_pipeline' retrieved from /opt/airflow/dags/minio_to_snowflake.py
[2026-03-31T13:42:24.191+0000] {logging_mixin.py:188} INFO - [2026-03-31T13:42:24.188+0000] {dag.py:3089} INFO - Sync 1 DAGs
[2026-03-31T13:42:24.213+0000] {logging_mixin.py:188} INFO - [2026-03-31T13:42:24.213+0000] {dag.py:3947} INFO - Setting next_dagrun for minio_to_snowflake_pipeline to 2026-03-31 13:40:00+00:00, run_after=2026-03-31 13:50:00+00:00
[2026-03-31T13:42:24.235+0000] {processor.py:183} INFO - Processing /opt/airflow/dags/minio_to_snowflake.py took 1.083 seconds
[2026-03-31T13:42:54.384+0000] {processor.py:161} INFO - Started process (PID=1503) to work on /opt/airflow/dags/minio_to_snowflake.py
[2026-03-31T13:42:54.386+0000] {processor.py:830} INFO - Processing file /opt/airflow/dags/minio_to_snowflake.py for tasks to queue
[2026-03-31T13:42:54.387+0000] {logging_mixin.py:188} INFO - [2026-03-31T13:42:54.387+0000] {dagbag.py:545} INFO - Filling up the DagBag from /opt/airflow/dags/minio_to_snowflake.py
[2026-03-31T13:42:55.377+0000] {processor.py:840} INFO - DAG(s) 'minio_to_snowflake_pipeline' retrieved from /opt/airflow/dags/minio_to_snowflake.py
[2026-03-31T13:42:55.409+0000] {logging_mixin.py:188} INFO - [2026-03-31T13:42:55.408+0000] {dag.py:3089} INFO - Sync 1 DAGs
[2026-03-31T13:42:55.433+0000] {logging_mixin.py:188} INFO - [2026-03-31T13:42:55.433+0000] {dag.py:3947} INFO - Setting next_dagrun for minio_to_snowflake_pipeline to 2026-03-31 13:40:00+00:00, run_after=2026-03-31 13:50:00+00:00
[2026-03-31T13:42:55.455+0000] {processor.py:183} INFO - Processing /opt/airflow/dags/minio_to_snowflake.py took 1.079 seconds
[2026-03-31T13:43:25.706+0000] {processor.py:161} INFO - Started process (PID=1510) to work on /opt/airflow/dags/minio_to_snowflake.py
[2026-03-31T13:43:25.707+0000] {processor.py:830} INFO - Processing file /opt/airflow/dags/minio_to_snowflake.py for tasks to queue
[2026-03-31T13:43:25.709+0000] {logging_mixin.py:188} INFO - [2026-03-31T13:43:25.708+0000] {dagbag.py:545} INFO - Filling up the DagBag from /opt/airflow/dags/minio_to_snowflake.py
[2026-03-31T13:43:27.059+0000] {processor.py:840} INFO - DAG(s) 'minio_to_snowflake_pipeline' retrieved from /opt/airflow/dags/minio_to_snowflake.py
[2026-03-31T13:43:27.137+0000] {logging_mixin.py:188} INFO - [2026-03-31T13:43:27.129+0000] {dag.py:3089} INFO - Sync 1 DAGs
[2026-03-31T13:43:27.242+0000] {logging_mixin.py:188} INFO - [2026-03-31T13:43:27.240+0000] {dag.py:3947} INFO - Setting next_dagrun for minio_to_snowflake_pipeline to 2026-03-31 13:40:00+00:00, run_after=2026-03-31 13:50:00+00:00
[2026-03-31T13:43:27.547+0000] {processor.py:183} INFO - Processing /opt/airflow/dags/minio_to_snowflake.py took 1.850 seconds
[2026-03-31T13:43:57.818+0000] {processor.py:161} INFO - Started process (PID=1517) to work on /opt/airflow/dags/minio_to_snowflake.py
[2026-03-31T13:43:57.820+0000] {processor.py:830} INFO - Processing file /opt/airflow/dags/minio_to_snowflake.py for tasks to queue
[2026-03-31T13:43:57.821+0000] {logging_mixin.py:188} INFO - [2026-03-31T13:43:57.821+0000] {dagbag.py:545} INFO - Filling up the DagBag from /opt/airflow/dags/minio_to_snowflake.py
[2026-03-31T13:43:58.804+0000] {processor.py:840} INFO - DAG(s) 'minio_to_snowflake_pipeline' retrieved from /opt/airflow/dags/minio_to_snowflake.py
[2026-03-31T13:43:58.833+0000] {logging_mixin.py:188} INFO - [2026-03-31T13:43:58.832+0000] {dag.py:3089} INFO - Sync 1 DAGs
[2026-03-31T13:43:58.855+0000] {logging_mixin.py:188} INFO - [2026-03-31T13:43:58.854+0000] {dag.py:3947} INFO - Setting next_dagrun for minio_to_snowflake_pipeline to 2026-03-31 13:40:00+00:00, run_after=2026-03-31 13:50:00+00:00
[2026-03-31T13:43:58.878+0000] {processor.py:183} INFO - Processing /opt/airflow/dags/minio_to_snowflake.py took 1.068 seconds
[2026-03-31T13:44:29.108+0000] {processor.py:161} INFO - Started process (PID=1524) to work on /opt/airflow/dags/minio_to_snowflake.py
[2026-03-31T13:44:29.109+0000] {processor.py:830} INFO - Processing file /opt/airflow/dags/minio_to_snowflake.py for tasks to queue
[2026-03-31T13:44:29.111+0000] {logging_mixin.py:188} INFO - [2026-03-31T13:44:29.110+0000] {dagbag.py:545} INFO - Filling up the DagBag from /opt/airflow/dags/minio_to_snowflake.py
[2026-03-31T13:44:30.397+0000] {processor.py:840} INFO - DAG(s) 'minio_to_snowflake_pipeline' retrieved from /opt/airflow/dags/minio_to_snowflake.py
[2026-03-31T13:44:30.426+0000] {logging_mixin.py:188} INFO - [2026-03-31T13:44:30.425+0000] {dag.py:3089} INFO - Sync 1 DAGs
[2026-03-31T13:44:30.452+0000] {logging_mixin.py:188} INFO - [2026-03-31T13:44:30.452+0000] {dag.py:3947} INFO - Setting next_dagrun for minio_to_snowflake_pipeline to 2026-03-31 13:40:00+00:00, run_after=2026-03-31 13:50:00+00:00
[2026-03-31T13:44:30.475+0000] {processor.py:183} INFO - Processing /opt/airflow/dags/minio_to_snowflake.py took 1.375 seconds
[2026-03-31T13:45:00.743+0000] {processor.py:161} INFO - Started process (PID=1531) to work on /opt/airflow/dags/minio_to_snowflake.py
[2026-03-31T13:45:00.745+0000] {processor.py:830} INFO - Processing file /opt/airflow/dags/minio_to_snowflake.py for tasks to queue
[2026-03-31T13:45:00.747+0000] {logging_mixin.py:188} INFO - [2026-03-31T13:45:00.746+0000] {dagbag.py:545} INFO - Filling up the DagBag from /opt/airflow/dags/minio_to_snowflake.py
[2026-03-31T13:45:01.817+0000] {processor.py:840} INFO - DAG(s) 'minio_to_snowflake_pipeline' retrieved from /opt/airflow/dags/minio_to_snowflake.py
[2026-03-31T13:45:01.848+0000] {logging_mixin.py:188} INFO - [2026-03-31T13:45:01.847+0000] {dag.py:3089} INFO - Sync 1 DAGs
[2026-03-31T13:45:01.871+0000] {logging_mixin.py:188} INFO - [2026-03-31T13:45:01.870+0000] {dag.py:3947} INFO - Setting next_dagrun for minio_to_snowflake_pipeline to 2026-03-31 13:40:00+00:00, run_after=2026-03-31 13:50:00+00:00
[2026-03-31T13:45:01.892+0000] {processor.py:183} INFO - Processing /opt/airflow/dags/minio_to_snowflake.py took 1.158 seconds
[2026-03-31T13:45:32.138+0000] {processor.py:161} INFO - Started process (PID=1538) to work on /opt/airflow/dags/minio_to_snowflake.py
[2026-03-31T13:45:32.140+0000] {processor.py:830} INFO - Processing file /opt/airflow/dags/minio_to_snowflake.py for tasks to queue
[2026-03-31T13:45:32.141+0000] {logging_mixin.py:188} INFO - [2026-03-31T13:45:32.141+0000] {dagbag.py:545} INFO - Filling up the DagBag from /opt/airflow/dags/minio_to_snowflake.py
[2026-03-31T13:45:33.122+0000] {processor.py:840} INFO - DAG(s) 'minio_to_snowflake_pipeline' retrieved from /opt/airflow/dags/minio_to_snowflake.py
[2026-03-31T13:45:33.154+0000] {logging_mixin.py:188} INFO - [2026-03-31T13:45:33.153+0000] {dag.py:3089} INFO - Sync 1 DAGs
[2026-03-31T13:45:33.176+0000] {logging_mixin.py:188} INFO - [2026-03-31T13:45:33.175+0000] {dag.py:3947} INFO - Setting next_dagrun for minio_to_snowflake_pipeline to 2026-03-31 13:40:00+00:00, run_after=2026-03-31 13:50:00+00:00
[2026-03-31T13:45:33.198+0000] {processor.py:183} INFO - Processing /opt/airflow/dags/minio_to_snowflake.py took 1.068 seconds
[2026-03-31T13:46:03.376+0000] {processor.py:161} INFO - Started process (PID=1545) to work on /opt/airflow/dags/minio_to_snowflake.py
[2026-03-31T13:46:03.378+0000] {processor.py:830} INFO - Processing file /opt/airflow/dags/minio_to_snowflake.py for tasks to queue
[2026-03-31T13:46:03.380+0000] {logging_mixin.py:188} INFO - [2026-03-31T13:46:03.379+0000] {dagbag.py:545} INFO - Filling up the DagBag from /opt/airflow/dags/minio_to_snowflake.py
[2026-03-31T13:46:04.707+0000] {processor.py:840} INFO - DAG(s) 'minio_to_snowflake_pipeline' retrieved from /opt/airflow/dags/minio_to_snowflake.py
[2026-03-31T13:46:04.739+0000] {logging_mixin.py:188} INFO - [2026-03-31T13:46:04.738+0000] {dag.py:3089} INFO - Sync 1 DAGs
[2026-03-31T13:46:04.762+0000] {logging_mixin.py:188} INFO - [2026-03-31T13:46:04.762+0000] {dag.py:3947} INFO - Setting next_dagrun for minio_to_snowflake_pipeline to 2026-03-31 13:40:00+00:00, run_after=2026-03-31 13:50:00+00:00
[2026-03-31T13:46:04.784+0000] {processor.py:183} INFO - Processing /opt/airflow/dags/minio_to_snowflake.py took 1.417 seconds
[2026-03-31T13:46:35.010+0000] {processor.py:161} INFO - Started process (PID=1552) to work on /opt/airflow/dags/minio_to_snowflake.py
[2026-03-31T13:46:35.012+0000] {processor.py:830} INFO - Processing file /opt/airflow/dags/minio_to_snowflake.py for tasks to queue
[2026-03-31T13:46:35.013+0000] {logging_mixin.py:188} INFO - [2026-03-31T13:46:35.013+0000] {dagbag.py:545} INFO - Filling up the DagBag from /opt/airflow/dags/minio_to_snowflake.py
[2026-03-31T13:46:35.982+0000] {processor.py:840} INFO - DAG(s) 'minio_to_snowflake_pipeline' retrieved from /opt/airflow/dags/minio_to_snowflake.py
[2026-03-31T13:46:36.015+0000] {logging_mixin.py:188} INFO - [2026-03-31T13:46:36.015+0000] {dag.py:3089} INFO - Sync 1 DAGs
[2026-03-31T13:46:36.039+0000] {logging_mixin.py:188} INFO - [2026-03-31T13:46:36.039+0000] {dag.py:3947} INFO - Setting next_dagrun for minio_to_snowflake_pipeline to 2026-03-31 13:40:00+00:00, run_after=2026-03-31 13:50:00+00:00
[2026-03-31T13:46:36.062+0000] {processor.py:183} INFO - Processing /opt/airflow/dags/minio_to_snowflake.py took 1.060 seconds
[2026-03-31T13:47:06.219+0000] {processor.py:161} INFO - Started process (PID=1559) to work on /opt/airflow/dags/minio_to_snowflake.py
[2026-03-31T13:47:06.221+0000] {processor.py:830} INFO - Processing file /opt/airflow/dags/minio_to_snowflake.py for tasks to queue
[2026-03-31T13:47:06.222+0000] {logging_mixin.py:188} INFO - [2026-03-31T13:47:06.222+0000] {dagbag.py:545} INFO - Filling up the DagBag from /opt/airflow/dags/minio_to_snowflake.py
[2026-03-31T13:47:07.212+0000] {processor.py:840} INFO - DAG(s) 'minio_to_snowflake_pipeline' retrieved from /opt/airflow/dags/minio_to_snowflake.py
[2026-03-31T13:47:07.271+0000] {logging_mixin.py:188} INFO - [2026-03-31T13:47:07.270+0000] {dag.py:3089} INFO - Sync 1 DAGs
[2026-03-31T13:47:07.327+0000] {logging_mixin.py:188} INFO - [2026-03-31T13:47:07.327+0000] {dag.py:3947} INFO - Setting next_dagrun for minio_to_snowflake_pipeline to 2026-03-31 13:40:00+00:00, run_after=2026-03-31 13:50:00+00:00
[2026-03-31T13:47:07.379+0000] {processor.py:183} INFO - Processing /opt/airflow/dags/minio_to_snowflake.py took 1.171 seconds
[2026-03-31T13:47:37.563+0000] {processor.py:161} INFO - Started process (PID=1566) to work on /opt/airflow/dags/minio_to_snowflake.py
[2026-03-31T13:47:37.565+0000] {processor.py:830} INFO - Processing file /opt/airflow/dags/minio_to_snowflake.py for tasks to queue
[2026-03-31T13:47:37.567+0000] {logging_mixin.py:188} INFO - [2026-03-31T13:47:37.566+0000] {dagbag.py:545} INFO - Filling up the DagBag from /opt/airflow/dags/minio_to_snowflake.py
[2026-03-31T13:47:38.640+0000] {processor.py:840} INFO - DAG(s) 'minio_to_snowflake_pipeline' retrieved from /opt/airflow/dags/minio_to_snowflake.py
[2026-03-31T13:47:38.669+0000] {logging_mixin.py:188} INFO - [2026-03-31T13:47:38.668+0000] {dag.py:3089} INFO - Sync 1 DAGs
[2026-03-31T13:47:38.691+0000] {logging_mixin.py:188} INFO - [2026-03-31T13:47:38.691+0000] {dag.py:3947} INFO - Setting next_dagrun for minio_to_snowflake_pipeline to 2026-03-31 13:40:00+00:00, run_after=2026-03-31 13:50:00+00:00
[2026-03-31T13:47:38.711+0000] {processor.py:183} INFO - Processing /opt/airflow/dags/minio_to_snowflake.py took 1.171 seconds
[2026-03-31T13:48:08.844+0000] {processor.py:161} INFO - Started process (PID=1573) to work on /opt/airflow/dags/minio_to_snowflake.py
[2026-03-31T13:48:08.846+0000] {processor.py:830} INFO - Processing file /opt/airflow/dags/minio_to_snowflake.py for tasks to queue
[2026-03-31T13:48:08.847+0000] {logging_mixin.py:188} INFO - [2026-03-31T13:48:08.847+0000] {dagbag.py:545} INFO - Filling up the DagBag from /opt/airflow/dags/minio_to_snowflake.py
[2026-03-31T13:48:10.173+0000] {processor.py:840} INFO - DAG(s) 'minio_to_snowflake_pipeline' retrieved from /opt/airflow/dags/minio_to_snowflake.py
[2026-03-31T13:48:10.203+0000] {logging_mixin.py:188} INFO - [2026-03-31T13:48:10.202+0000] {dag.py:3089} INFO - Sync 1 DAGs
[2026-03-31T13:48:10.226+0000] {logging_mixin.py:188} INFO - [2026-03-31T13:48:10.226+0000] {dag.py:3947} INFO - Setting next_dagrun for minio_to_snowflake_pipeline to 2026-03-31 13:40:00+00:00, run_after=2026-03-31 13:50:00+00:00
[2026-03-31T13:48:10.248+0000] {processor.py:183} INFO - Processing /opt/airflow/dags/minio_to_snowflake.py took 1.412 seconds
[2026-03-31T13:48:40.524+0000] {processor.py:161} INFO - Started process (PID=1580) to work on /opt/airflow/dags/minio_to_snowflake.py
[2026-03-31T13:48:40.525+0000] {processor.py:830} INFO - Processing file /opt/airflow/dags/minio_to_snowflake.py for tasks to queue
[2026-03-31T13:48:40.527+0000] {logging_mixin.py:188} INFO - [2026-03-31T13:48:40.526+0000] {dagbag.py:545} INFO - Filling up the DagBag from /opt/airflow/dags/minio_to_snowflake.py
[2026-03-31T13:48:41.550+0000] {processor.py:840} INFO - DAG(s) 'minio_to_snowflake_pipeline' retrieved from /opt/airflow/dags/minio_to_snowflake.py
[2026-03-31T13:48:41.588+0000] {logging_mixin.py:188} INFO - [2026-03-31T13:48:41.587+0000] {dag.py:3089} INFO - Sync 1 DAGs
[2026-03-31T13:48:41.611+0000] {logging_mixin.py:188} INFO - [2026-03-31T13:48:41.611+0000] {dag.py:3947} INFO - Setting next_dagrun for minio_to_snowflake_pipeline to 2026-03-31 13:40:00+00:00, run_after=2026-03-31 13:50:00+00:00
[2026-03-31T13:48:41.631+0000] {processor.py:183} INFO - Processing /opt/airflow/dags/minio_to_snowflake.py took 1.116 seconds
[2026-03-31T13:49:11.731+0000] {processor.py:161} INFO - Started process (PID=1587) to work on /opt/airflow/dags/minio_to_snowflake.py
[2026-03-31T13:49:11.733+0000] {processor.py:830} INFO - Processing file /opt/airflow/dags/minio_to_snowflake.py for tasks to queue
[2026-03-31T13:49:11.735+0000] {logging_mixin.py:188} INFO - [2026-03-31T13:49:11.734+0000] {dagbag.py:545} INFO - Filling up the DagBag from /opt/airflow/dags/minio_to_snowflake.py
[2026-03-31T13:49:12.744+0000] {processor.py:840} INFO - DAG(s) 'minio_to_snowflake_pipeline' retrieved from /opt/airflow/dags/minio_to_snowflake.py
[2026-03-31T13:49:12.783+0000] {logging_mixin.py:188} INFO - [2026-03-31T13:49:12.782+0000] {dag.py:3089} INFO - Sync 1 DAGs
[2026-03-31T13:49:12.813+0000] {logging_mixin.py:188} INFO - [2026-03-31T13:49:12.813+0000] {dag.py:3947} INFO - Setting next_dagrun for minio_to_snowflake_pipeline to 2026-03-31 13:40:00+00:00, run_after=2026-03-31 13:50:00+00:00
[2026-03-31T13:49:12.842+0000] {processor.py:183} INFO - Processing /opt/airflow/dags/minio_to_snowflake.py took 1.119 seconds
[2026-03-31T13:49:43.052+0000] {processor.py:161} INFO - Started process (PID=1594) to work on /opt/airflow/dags/minio_to_snowflake.py
[2026-03-31T13:49:43.054+0000] {processor.py:830} INFO - Processing file /opt/airflow/dags/minio_to_snowflake.py for tasks to queue
[2026-03-31T13:49:43.056+0000] {logging_mixin.py:188} INFO - [2026-03-31T13:49:43.055+0000] {dagbag.py:545} INFO - Filling up the DagBag from /opt/airflow/dags/minio_to_snowflake.py
[2026-03-31T13:49:44.028+0000] {processor.py:840} INFO - DAG(s) 'minio_to_snowflake_pipeline' retrieved from /opt/airflow/dags/minio_to_snowflake.py
[2026-03-31T13:49:44.069+0000] {logging_mixin.py:188} INFO - [2026-03-31T13:49:44.068+0000] {dag.py:3089} INFO - Sync 1 DAGs
[2026-03-31T13:49:44.093+0000] {logging_mixin.py:188} INFO - [2026-03-31T13:49:44.092+0000] {dag.py:3947} INFO - Setting next_dagrun for minio_to_snowflake_pipeline to 2026-03-31 13:40:00+00:00, run_after=2026-03-31 13:50:00+00:00
[2026-03-31T13:49:44.126+0000] {processor.py:183} INFO - Processing /opt/airflow/dags/minio_to_snowflake.py took 1.082 seconds
[2026-03-31T13:50:14.281+0000] {processor.py:161} INFO - Started process (PID=1605) to work on /opt/airflow/dags/minio_to_snowflake.py
[2026-03-31T13:50:14.283+0000] {processor.py:830} INFO - Processing file /opt/airflow/dags/minio_to_snowflake.py for tasks to queue
[2026-03-31T13:50:14.284+0000] {logging_mixin.py:188} INFO - [2026-03-31T13:50:14.284+0000] {dagbag.py:545} INFO - Filling up the DagBag from /opt/airflow/dags/minio_to_snowflake.py
[2026-03-31T13:50:15.288+0000] {processor.py:840} INFO - DAG(s) 'minio_to_snowflake_pipeline' retrieved from /opt/airflow/dags/minio_to_snowflake.py
[2026-03-31T13:50:15.318+0000] {logging_mixin.py:188} INFO - [2026-03-31T13:50:15.317+0000] {dag.py:3089} INFO - Sync 1 DAGs
[2026-03-31T13:50:15.344+0000] {logging_mixin.py:188} INFO - [2026-03-31T13:50:15.343+0000] {dag.py:3947} INFO - Setting next_dagrun for minio_to_snowflake_pipeline to 2026-03-31 13:50:00+00:00, run_after=2026-03-31 14:00:00+00:00
[2026-03-31T13:50:15.364+0000] {processor.py:183} INFO - Processing /opt/airflow/dags/minio_to_snowflake.py took 1.091 seconds
[2026-03-31T13:50:45.652+0000] {processor.py:161} INFO - Started process (PID=1612) to work on /opt/airflow/dags/minio_to_snowflake.py
[2026-03-31T13:50:45.654+0000] {processor.py:830} INFO - Processing file /opt/airflow/dags/minio_to_snowflake.py for tasks to queue
[2026-03-31T13:50:45.655+0000] {logging_mixin.py:188} INFO - [2026-03-31T13:50:45.655+0000] {dagbag.py:545} INFO - Filling up the DagBag from /opt/airflow/dags/minio_to_snowflake.py
[2026-03-31T13:50:46.633+0000] {processor.py:840} INFO - DAG(s) 'minio_to_snowflake_pipeline' retrieved from /opt/airflow/dags/minio_to_snowflake.py
[2026-03-31T13:50:46.665+0000] {logging_mixin.py:188} INFO - [2026-03-31T13:50:46.663+0000] {dag.py:3089} INFO - Sync 1 DAGs
[2026-03-31T13:50:46.688+0000] {logging_mixin.py:188} INFO - [2026-03-31T13:50:46.688+0000] {dag.py:3947} INFO - Setting next_dagrun for minio_to_snowflake_pipeline to 2026-03-31 13:50:00+00:00, run_after=2026-03-31 14:00:00+00:00
[2026-03-31T13:50:46.713+0000] {processor.py:183} INFO - Processing /opt/airflow/dags/minio_to_snowflake.py took 1.068 seconds
[2026-03-31T13:51:16.916+0000] {processor.py:161} INFO - Started process (PID=1619) to work on /opt/airflow/dags/minio_to_snowflake.py
[2026-03-31T13:51:16.918+0000] {processor.py:830} INFO - Processing file /opt/airflow/dags/minio_to_snowflake.py for tasks to queue
[2026-03-31T13:51:16.919+0000] {logging_mixin.py:188} INFO - [2026-03-31T13:51:16.919+0000] {dagbag.py:545} INFO - Filling up the DagBag from /opt/airflow/dags/minio_to_snowflake.py
[2026-03-31T13:51:18.131+0000] {processor.py:840} INFO - DAG(s) 'minio_to_snowflake_pipeline' retrieved from /opt/airflow/dags/minio_to_snowflake.py
[2026-03-31T13:51:18.161+0000] {logging_mixin.py:188} INFO - [2026-03-31T13:51:18.160+0000] {dag.py:3089} INFO - Sync 1 DAGs
[2026-03-31T13:51:18.184+0000] {logging_mixin.py:188} INFO - [2026-03-31T13:51:18.184+0000] {dag.py:3947} INFO - Setting next_dagrun for minio_to_snowflake_pipeline to 2026-03-31 13:50:00+00:00, run_after=2026-03-31 14:00:00+00:00
[2026-03-31T13:51:18.207+0000] {processor.py:183} INFO - Processing /opt/airflow/dags/minio_to_snowflake.py took 1.298 seconds
[2026-03-31T13:51:48.458+0000] {processor.py:161} INFO - Started process (PID=1626) to work on /opt/airflow/dags/minio_to_snowflake.py
[2026-03-31T13:51:48.460+0000] {processor.py:830} INFO - Processing file /opt/airflow/dags/minio_to_snowflake.py for tasks to queue
[2026-03-31T13:51:48.462+0000] {logging_mixin.py:188} INFO - [2026-03-31T13:51:48.461+0000] {dagbag.py:545} INFO - Filling up the DagBag from /opt/airflow/dags/minio_to_snowflake.py
[2026-03-31T13:51:50.398+0000] {processor.py:840} INFO - DAG(s) 'minio_to_snowflake_pipeline' retrieved from /opt/airflow/dags/minio_to_snowflake.py
[2026-03-31T13:51:50.473+0000] {logging_mixin.py:188} INFO - [2026-03-31T13:51:50.472+0000] {dag.py:3089} INFO - Sync 1 DAGs
[2026-03-31T13:51:50.533+0000] {logging_mixin.py:188} INFO - [2026-03-31T13:51:50.532+0000] {dag.py:3947} INFO - Setting next_dagrun for minio_to_snowflake_pipeline to 2026-03-31 13:50:00+00:00, run_after=2026-03-31 14:00:00+00:00
[2026-03-31T13:51:50.571+0000] {processor.py:183} INFO - Processing /opt/airflow/dags/minio_to_snowflake.py took 2.125 seconds
[2026-03-31T13:52:20.671+0000] {processor.py:161} INFO - Started process (PID=1633) to work on /opt/airflow/dags/minio_to_snowflake.py
[2026-03-31T13:52:20.673+0000] {processor.py:830} INFO - Processing file /opt/airflow/dags/minio_to_snowflake.py for tasks to queue
[2026-03-31T13:52:20.675+0000] {logging_mixin.py:188} INFO - [2026-03-31T13:52:20.674+0000] {dagbag.py:545} INFO - Filling up the DagBag from /opt/airflow/dags/minio_to_snowflake.py
[2026-03-31T13:52:21.768+0000] {processor.py:840} INFO - DAG(s) 'minio_to_snowflake_pipeline' retrieved from /opt/airflow/dags/minio_to_snowflake.py
[2026-03-31T13:52:21.795+0000] {logging_mixin.py:188} INFO - [2026-03-31T13:52:21.795+0000] {dag.py:3089} INFO - Sync 1 DAGs
[2026-03-31T13:52:21.835+0000] {logging_mixin.py:188} INFO - [2026-03-31T13:52:21.835+0000] {dag.py:3947} INFO - Setting next_dagrun for minio_to_snowflake_pipeline to 2026-03-31 13:50:00+00:00, run_after=2026-03-31 14:00:00+00:00
[2026-03-31T13:52:21.857+0000] {processor.py:183} INFO - Processing /opt/airflow/dags/minio_to_snowflake.py took 1.193 seconds
[2026-03-31T13:52:52.070+0000] {processor.py:161} INFO - Started process (PID=1640) to work on /opt/airflow/dags/minio_to_snowflake.py
[2026-03-31T13:52:52.071+0000] {processor.py:830} INFO - Processing file /opt/airflow/dags/minio_to_snowflake.py for tasks to queue
[2026-03-31T13:52:52.073+0000] {logging_mixin.py:188} INFO - [2026-03-31T13:52:52.073+0000] {dagbag.py:545} INFO - Filling up the DagBag from /opt/airflow/dags/minio_to_snowflake.py
[2026-03-31T13:52:53.100+0000] {processor.py:840} INFO - DAG(s) 'minio_to_snowflake_pipeline' retrieved from /opt/airflow/dags/minio_to_snowflake.py
[2026-03-31T13:52:53.128+0000] {logging_mixin.py:188} INFO - [2026-03-31T13:52:53.128+0000] {dag.py:3089} INFO - Sync 1 DAGs
[2026-03-31T13:52:53.152+0000] {logging_mixin.py:188} INFO - [2026-03-31T13:52:53.152+0000] {dag.py:3947} INFO - Setting next_dagrun for minio_to_snowflake_pipeline to 2026-03-31 13:50:00+00:00, run_after=2026-03-31 14:00:00+00:00
[2026-03-31T13:52:53.173+0000] {processor.py:183} INFO - Processing /opt/airflow/dags/minio_to_snowflake.py took 1.110 seconds
[2026-03-31T13:53:23.315+0000] {processor.py:161} INFO - Started process (PID=1647) to work on /opt/airflow/dags/minio_to_snowflake.py
[2026-03-31T13:53:23.316+0000] {processor.py:830} INFO - Processing file /opt/airflow/dags/minio_to_snowflake.py for tasks to queue
[2026-03-31T13:53:23.318+0000] {logging_mixin.py:188} INFO - [2026-03-31T13:53:23.318+0000] {dagbag.py:545} INFO - Filling up the DagBag from /opt/airflow/dags/minio_to_snowflake.py
[2026-03-31T13:53:24.311+0000] {processor.py:840} INFO - DAG(s) 'minio_to_snowflake_pipeline' retrieved from /opt/airflow/dags/minio_to_snowflake.py
[2026-03-31T13:53:24.341+0000] {logging_mixin.py:188} INFO - [2026-03-31T13:53:24.341+0000] {dag.py:3089} INFO - Sync 1 DAGs
[2026-03-31T13:53:24.364+0000] {logging_mixin.py:188} INFO - [2026-03-31T13:53:24.364+0000] {dag.py:3947} INFO - Setting next_dagrun for minio_to_snowflake_pipeline to 2026-03-31 13:50:00+00:00, run_after=2026-03-31 14:00:00+00:00
[2026-03-31T13:53:24.388+0000] {processor.py:183} INFO - Processing /opt/airflow/dags/minio_to_snowflake.py took 1.083 seconds
[2026-03-31T13:53:54.609+0000] {processor.py:161} INFO - Started process (PID=1654) to work on /opt/airflow/dags/minio_to_snowflake.py
[2026-03-31T13:53:54.611+0000] {processor.py:830} INFO - Processing file /opt/airflow/dags/minio_to_snowflake.py for tasks to queue
[2026-03-31T13:53:54.612+0000] {logging_mixin.py:188} INFO - [2026-03-31T13:53:54.612+0000] {dagbag.py:545} INFO - Filling up the DagBag from /opt/airflow/dags/minio_to_snowflake.py
[2026-03-31T13:53:55.579+0000] {processor.py:840} INFO - DAG(s) 'minio_to_snowflake_pipeline' retrieved from /opt/airflow/dags/minio_to_snowflake.py
[2026-03-31T13:53:55.619+0000] {logging_mixin.py:188} INFO - [2026-03-31T13:53:55.619+0000] {dag.py:3089} INFO - Sync 1 DAGs
[2026-03-31T13:53:55.642+0000] {logging_mixin.py:188} INFO - [2026-03-31T13:53:55.641+0000] {dag.py:3947} INFO - Setting next_dagrun for minio_to_snowflake_pipeline to 2026-03-31 13:50:00+00:00, run_after=2026-03-31 14:00:00+00:00
[2026-03-31T13:53:55.663+0000] {processor.py:183} INFO - Processing /opt/airflow/dags/minio_to_snowflake.py took 1.063 seconds
[2026-03-31T13:54:25.841+0000] {processor.py:161} INFO - Started process (PID=1661) to work on /opt/airflow/dags/minio_to_snowflake.py
[2026-03-31T13:54:25.843+0000] {processor.py:830} INFO - Processing file /opt/airflow/dags/minio_to_snowflake.py for tasks to queue
[2026-03-31T13:54:25.845+0000] {logging_mixin.py:188} INFO - [2026-03-31T13:54:25.844+0000] {dagbag.py:545} INFO - Filling up the DagBag from /opt/airflow/dags/minio_to_snowflake.py
[2026-03-31T13:54:26.883+0000] {processor.py:840} INFO - DAG(s) 'minio_to_snowflake_pipeline' retrieved from /opt/airflow/dags/minio_to_snowflake.py
[2026-03-31T13:54:26.912+0000] {logging_mixin.py:188} INFO - [2026-03-31T13:54:26.912+0000] {dag.py:3089} INFO - Sync 1 DAGs
[2026-03-31T13:54:26.937+0000] {logging_mixin.py:188} INFO - [2026-03-31T13:54:26.937+0000] {dag.py:3947} INFO - Setting next_dagrun for minio_to_snowflake_pipeline to 2026-03-31 13:50:00+00:00, run_after=2026-03-31 14:00:00+00:00
[2026-03-31T13:54:26.959+0000] {processor.py:183} INFO - Processing /opt/airflow/dags/minio_to_snowflake.py took 1.128 seconds
[2026-03-31T13:54:57.147+0000] {processor.py:161} INFO - Started process (PID=1668) to work on /opt/airflow/dags/minio_to_snowflake.py
[2026-03-31T13:54:57.148+0000] {processor.py:830} INFO - Processing file /opt/airflow/dags/minio_to_snowflake.py for tasks to queue
[2026-03-31T13:54:57.150+0000] {logging_mixin.py:188} INFO - [2026-03-31T13:54:57.149+0000] {dagbag.py:545} INFO - Filling up the DagBag from /opt/airflow/dags/minio_to_snowflake.py
[2026-03-31T13:54:58.479+0000] {processor.py:840} INFO - DAG(s) 'minio_to_snowflake_pipeline' retrieved from /opt/airflow/dags/minio_to_snowflake.py
[2026-03-31T13:54:58.525+0000] {logging_mixin.py:188} INFO - [2026-03-31T13:54:58.523+0000] {dag.py:3089} INFO - Sync 1 DAGs
[2026-03-31T13:54:58.570+0000] {logging_mixin.py:188} INFO - [2026-03-31T13:54:58.570+0000] {dag.py:3947} INFO - Setting next_dagrun for minio_to_snowflake_pipeline to 2026-03-31 13:50:00+00:00, run_after=2026-03-31 14:00:00+00:00
[2026-03-31T13:54:58.602+0000] {processor.py:183} INFO - Processing /opt/airflow/dags/minio_to_snowflake.py took 1.463 seconds
[2026-03-31T13:55:28.868+0000] {processor.py:161} INFO - Started process (PID=1675) to work on /opt/airflow/dags/minio_to_snowflake.py
[2026-03-31T13:55:28.870+0000] {processor.py:830} INFO - Processing file /opt/airflow/dags/minio_to_snowflake.py for tasks to queue
[2026-03-31T13:55:28.872+0000] {logging_mixin.py:188} INFO - [2026-03-31T13:55:28.871+0000] {dagbag.py:545} INFO - Filling up the DagBag from /opt/airflow/dags/minio_to_snowflake.py
[2026-03-31T13:55:30.182+0000] {processor.py:840} INFO - DAG(s) 'minio_to_snowflake_pipeline' retrieved from /opt/airflow/dags/minio_to_snowflake.py
[2026-03-31T13:55:30.223+0000] {logging_mixin.py:188} INFO - [2026-03-31T13:55:30.222+0000] {dag.py:3089} INFO - Sync 1 DAGs
[2026-03-31T13:55:30.256+0000] {logging_mixin.py:188} INFO - [2026-03-31T13:55:30.255+0000] {dag.py:3947} INFO - Setting next_dagrun for minio_to_snowflake_pipeline to 2026-03-31 13:50:00+00:00, run_after=2026-03-31 14:00:00+00:00
[2026-03-31T13:55:30.292+0000] {processor.py:183} INFO - Processing /opt/airflow/dags/minio_to_snowflake.py took 1.431 seconds
[2026-03-31T13:56:00.534+0000] {processor.py:161} INFO - Started process (PID=1682) to work on /opt/airflow/dags/minio_to_snowflake.py
[2026-03-31T13:56:00.536+0000] {processor.py:830} INFO - Processing file /opt/airflow/dags/minio_to_snowflake.py for tasks to queue
[2026-03-31T13:56:00.537+0000] {logging_mixin.py:188} INFO - [2026-03-31T13:56:00.537+0000] {dagbag.py:545} INFO - Filling up the DagBag from /opt/airflow/dags/minio_to_snowflake.py
[2026-03-31T13:56:01.530+0000] {processor.py:840} INFO - DAG(s) 'minio_to_snowflake_pipeline' retrieved from /opt/airflow/dags/minio_to_snowflake.py
[2026-03-31T13:56:01.559+0000] {logging_mixin.py:188} INFO - [2026-03-31T13:56:01.559+0000] {dag.py:3089} INFO - Sync 1 DAGs
[2026-03-31T13:56:01.581+0000] {logging_mixin.py:188} INFO - [2026-03-31T13:56:01.581+0000] {dag.py:3947} INFO - Setting next_dagrun for minio_to_snowflake_pipeline to 2026-03-31 13:50:00+00:00, run_after=2026-03-31 14:00:00+00:00
[2026-03-31T13:56:01.601+0000] {processor.py:183} INFO - Processing /opt/airflow/dags/minio_to_snowflake.py took 1.075 seconds
[2026-03-31T13:56:31.731+0000] {processor.py:161} INFO - Started process (PID=1689) to work on /opt/airflow/dags/minio_to_snowflake.py
[2026-03-31T13:56:31.732+0000] {processor.py:830} INFO - Processing file /opt/airflow/dags/minio_to_snowflake.py for tasks to queue
[2026-03-31T13:56:31.734+0000] {logging_mixin.py:188} INFO - [2026-03-31T13:56:31.734+0000] {dagbag.py:545} INFO - Filling up the DagBag from /opt/airflow/dags/minio_to_snowflake.py
[2026-03-31T13:56:32.754+0000] {processor.py:840} INFO - DAG(s) 'minio_to_snowflake_pipeline' retrieved from /opt/airflow/dags/minio_to_snowflake.py
[2026-03-31T13:56:32.784+0000] {logging_mixin.py:188} INFO - [2026-03-31T13:56:32.783+0000] {dag.py:3089} INFO - Sync 1 DAGs
[2026-03-31T13:56:32.809+0000] {logging_mixin.py:188} INFO - [2026-03-31T13:56:32.809+0000] {dag.py:3947} INFO - Setting next_dagrun for minio_to_snowflake_pipeline to 2026-03-31 13:50:00+00:00, run_after=2026-03-31 14:00:00+00:00
[2026-03-31T13:56:32.832+0000] {processor.py:183} INFO - Processing /opt/airflow/dags/minio_to_snowflake.py took 1.109 seconds
[2026-03-31T13:57:03.071+0000] {processor.py:161} INFO - Started process (PID=1696) to work on /opt/airflow/dags/minio_to_snowflake.py
[2026-03-31T13:57:03.073+0000] {processor.py:830} INFO - Processing file /opt/airflow/dags/minio_to_snowflake.py for tasks to queue
[2026-03-31T13:57:03.074+0000] {logging_mixin.py:188} INFO - [2026-03-31T13:57:03.074+0000] {dagbag.py:545} INFO - Filling up the DagBag from /opt/airflow/dags/minio_to_snowflake.py
[2026-03-31T13:57:04.082+0000] {processor.py:840} INFO - DAG(s) 'minio_to_snowflake_pipeline' retrieved from /opt/airflow/dags/minio_to_snowflake.py
[2026-03-31T13:57:04.111+0000] {logging_mixin.py:188} INFO - [2026-03-31T13:57:04.111+0000] {dag.py:3089} INFO - Sync 1 DAGs
[2026-03-31T13:57:04.136+0000] {logging_mixin.py:188} INFO - [2026-03-31T13:57:04.136+0000] {dag.py:3947} INFO - Setting next_dagrun for minio_to_snowflake_pipeline to 2026-03-31 13:50:00+00:00, run_after=2026-03-31 14:00:00+00:00
[2026-03-31T13:57:04.158+0000] {processor.py:183} INFO - Processing /opt/airflow/dags/minio_to_snowflake.py took 1.094 seconds
[2026-03-31T13:57:34.320+0000] {processor.py:161} INFO - Started process (PID=1703) to work on /opt/airflow/dags/minio_to_snowflake.py
[2026-03-31T13:57:34.322+0000] {processor.py:830} INFO - Processing file /opt/airflow/dags/minio_to_snowflake.py for tasks to queue
[2026-03-31T13:57:34.325+0000] {logging_mixin.py:188} INFO - [2026-03-31T13:57:34.324+0000] {dagbag.py:545} INFO - Filling up the DagBag from /opt/airflow/dags/minio_to_snowflake.py
[2026-03-31T13:57:35.822+0000] {processor.py:840} INFO - DAG(s) 'minio_to_snowflake_pipeline' retrieved from /opt/airflow/dags/minio_to_snowflake.py
[2026-03-31T13:57:35.880+0000] {logging_mixin.py:188} INFO - [2026-03-31T13:57:35.880+0000] {dag.py:3089} INFO - Sync 1 DAGs
[2026-03-31T13:57:35.939+0000] {logging_mixin.py:188} INFO - [2026-03-31T13:57:35.938+0000] {dag.py:3947} INFO - Setting next_dagrun for minio_to_snowflake_pipeline to 2026-03-31 13:50:00+00:00, run_after=2026-03-31 14:00:00+00:00
[2026-03-31T13:57:35.975+0000] {processor.py:183} INFO - Processing /opt/airflow/dags/minio_to_snowflake.py took 1.666 seconds
[2026-03-31T13:58:06.244+0000] {processor.py:161} INFO - Started process (PID=1710) to work on /opt/airflow/dags/minio_to_snowflake.py
[2026-03-31T13:58:06.245+0000] {processor.py:830} INFO - Processing file /opt/airflow/dags/minio_to_snowflake.py for tasks to queue
[2026-03-31T13:58:06.247+0000] {logging_mixin.py:188} INFO - [2026-03-31T13:58:06.246+0000] {dagbag.py:545} INFO - Filling up the DagBag from /opt/airflow/dags/minio_to_snowflake.py
[2026-03-31T13:58:07.248+0000] {processor.py:840} INFO - DAG(s) 'minio_to_snowflake_pipeline' retrieved from /opt/airflow/dags/minio_to_snowflake.py
[2026-03-31T13:58:07.287+0000] {logging_mixin.py:188} INFO - [2026-03-31T13:58:07.286+0000] {dag.py:3089} INFO - Sync 1 DAGs
[2026-03-31T13:58:07.310+0000] {logging_mixin.py:188} INFO - [2026-03-31T13:58:07.309+0000] {dag.py:3947} INFO - Setting next_dagrun for minio_to_snowflake_pipeline to 2026-03-31 13:50:00+00:00, run_after=2026-03-31 14:00:00+00:00
[2026-03-31T13:58:07.333+0000] {processor.py:183} INFO - Processing /opt/airflow/dags/minio_to_snowflake.py took 1.100 seconds
[2026-03-31T13:58:37.496+0000] {processor.py:161} INFO - Started process (PID=1717) to work on /opt/airflow/dags/minio_to_snowflake.py
[2026-03-31T13:58:37.498+0000] {processor.py:830} INFO - Processing file /opt/airflow/dags/minio_to_snowflake.py for tasks to queue
[2026-03-31T13:58:37.500+0000] {logging_mixin.py:188} INFO - [2026-03-31T13:58:37.499+0000] {dagbag.py:545} INFO - Filling up the DagBag from /opt/airflow/dags/minio_to_snowflake.py
[2026-03-31T13:58:38.741+0000] {processor.py:840} INFO - DAG(s) 'minio_to_snowflake_pipeline' retrieved from /opt/airflow/dags/minio_to_snowflake.py
[2026-03-31T13:58:38.771+0000] {logging_mixin.py:188} INFO - [2026-03-31T13:58:38.770+0000] {dag.py:3089} INFO - Sync 1 DAGs
[2026-03-31T13:58:38.795+0000] {logging_mixin.py:188} INFO - [2026-03-31T13:58:38.795+0000] {dag.py:3947} INFO - Setting next_dagrun for minio_to_snowflake_pipeline to 2026-03-31 13:50:00+00:00, run_after=2026-03-31 14:00:00+00:00
[2026-03-31T13:58:38.817+0000] {processor.py:183} INFO - Processing /opt/airflow/dags/minio_to_snowflake.py took 1.330 seconds
[2026-03-31T13:59:09.122+0000] {processor.py:161} INFO - Started process (PID=1724) to work on /opt/airflow/dags/minio_to_snowflake.py
[2026-03-31T13:59:09.123+0000] {processor.py:830} INFO - Processing file /opt/airflow/dags/minio_to_snowflake.py for tasks to queue
[2026-03-31T13:59:09.125+0000] {logging_mixin.py:188} INFO - [2026-03-31T13:59:09.124+0000] {dagbag.py:545} INFO - Filling up the DagBag from /opt/airflow/dags/minio_to_snowflake.py
[2026-03-31T13:59:10.405+0000] {processor.py:840} INFO - DAG(s) 'minio_to_snowflake_pipeline' retrieved from /opt/airflow/dags/minio_to_snowflake.py
[2026-03-31T13:59:10.444+0000] {logging_mixin.py:188} INFO - [2026-03-31T13:59:10.443+0000] {dag.py:3089} INFO - Sync 1 DAGs
[2026-03-31T13:59:10.478+0000] {logging_mixin.py:188} INFO - [2026-03-31T13:59:10.477+0000] {dag.py:3947} INFO - Setting next_dagrun for minio_to_snowflake_pipeline to 2026-03-31 13:50:00+00:00, run_after=2026-03-31 14:00:00+00:00
[2026-03-31T13:59:10.501+0000] {processor.py:183} INFO - Processing /opt/airflow/dags/minio_to_snowflake.py took 1.388 seconds
[2026-03-31T13:59:40.733+0000] {processor.py:161} INFO - Started process (PID=1731) to work on /opt/airflow/dags/minio_to_snowflake.py
[2026-03-31T13:59:40.735+0000] {processor.py:830} INFO - Processing file /opt/airflow/dags/minio_to_snowflake.py for tasks to queue
[2026-03-31T13:59:40.736+0000] {logging_mixin.py:188} INFO - [2026-03-31T13:59:40.736+0000] {dagbag.py:545} INFO - Filling up the DagBag from /opt/airflow/dags/minio_to_snowflake.py
[2026-03-31T13:59:41.729+0000] {processor.py:840} INFO - DAG(s) 'minio_to_snowflake_pipeline' retrieved from /opt/airflow/dags/minio_to_snowflake.py
[2026-03-31T13:59:41.760+0000] {logging_mixin.py:188} INFO - [2026-03-31T13:59:41.759+0000] {dag.py:3089} INFO - Sync 1 DAGs
[2026-03-31T13:59:41.782+0000] {logging_mixin.py:188} INFO - [2026-03-31T13:59:41.782+0000] {dag.py:3947} INFO - Setting next_dagrun for minio_to_snowflake_pipeline to 2026-03-31 13:50:00+00:00, run_after=2026-03-31 14:00:00+00:00
[2026-03-31T13:59:41.806+0000] {processor.py:183} INFO - Processing /opt/airflow/dags/minio_to_snowflake.py took 1.080 seconds
[2026-03-31T14:00:11.941+0000] {processor.py:161} INFO - Started process (PID=1742) to work on /opt/airflow/dags/minio_to_snowflake.py
[2026-03-31T14:00:11.942+0000] {processor.py:830} INFO - Processing file /opt/airflow/dags/minio_to_snowflake.py for tasks to queue
[2026-03-31T14:00:11.944+0000] {logging_mixin.py:188} INFO - [2026-03-31T14:00:11.943+0000] {dagbag.py:545} INFO - Filling up the DagBag from /opt/airflow/dags/minio_to_snowflake.py
[2026-03-31T14:00:12.970+0000] {processor.py:840} INFO - DAG(s) 'minio_to_snowflake_pipeline' retrieved from /opt/airflow/dags/minio_to_snowflake.py
[2026-03-31T14:00:12.999+0000] {logging_mixin.py:188} INFO - [2026-03-31T14:00:12.998+0000] {dag.py:3089} INFO - Sync 1 DAGs
[2026-03-31T14:00:13.024+0000] {logging_mixin.py:188} INFO - [2026-03-31T14:00:13.023+0000] {dag.py:3947} INFO - Setting next_dagrun for minio_to_snowflake_pipeline to 2026-03-31 14:00:00+00:00, run_after=2026-03-31 14:10:00+00:00
[2026-03-31T14:00:13.046+0000] {processor.py:183} INFO - Processing /opt/airflow/dags/minio_to_snowflake.py took 1.113 seconds
[2026-03-31T14:00:43.372+0000] {processor.py:161} INFO - Started process (PID=1749) to work on /opt/airflow/dags/minio_to_snowflake.py
[2026-03-31T14:00:43.373+0000] {processor.py:830} INFO - Processing file /opt/airflow/dags/minio_to_snowflake.py for tasks to queue
[2026-03-31T14:00:43.375+0000] {logging_mixin.py:188} INFO - [2026-03-31T14:00:43.374+0000] {dagbag.py:545} INFO - Filling up the DagBag from /opt/airflow/dags/minio_to_snowflake.py
[2026-03-31T14:00:44.837+0000] {processor.py:840} INFO - DAG(s) 'minio_to_snowflake_pipeline' retrieved from /opt/airflow/dags/minio_to_snowflake.py
[2026-03-31T14:00:44.878+0000] {logging_mixin.py:188} INFO - [2026-03-31T14:00:44.877+0000] {dag.py:3089} INFO - Sync 1 DAGs
[2026-03-31T14:00:44.919+0000] {logging_mixin.py:188} INFO - [2026-03-31T14:00:44.919+0000] {dag.py:3947} INFO - Setting next_dagrun for minio_to_snowflake_pipeline to 2026-03-31 14:00:00+00:00, run_after=2026-03-31 14:10:00+00:00
[2026-03-31T14:00:44.953+0000] {processor.py:183} INFO - Processing /opt/airflow/dags/minio_to_snowflake.py took 1.588 seconds
[2026-03-31T14:01:15.272+0000] {processor.py:161} INFO - Started process (PID=1756) to work on /opt/airflow/dags/minio_to_snowflake.py
[2026-03-31T14:01:15.273+0000] {processor.py:830} INFO - Processing file /opt/airflow/dags/minio_to_snowflake.py for tasks to queue
[2026-03-31T14:01:15.275+0000] {logging_mixin.py:188} INFO - [2026-03-31T14:01:15.274+0000] {dagbag.py:545} INFO - Filling up the DagBag from /opt/airflow/dags/minio_to_snowflake.py
[2026-03-31T14:01:16.275+0000] {processor.py:840} INFO - DAG(s) 'minio_to_snowflake_pipeline' retrieved from /opt/airflow/dags/minio_to_snowflake.py
[2026-03-31T14:01:16.304+0000] {logging_mixin.py:188} INFO - [2026-03-31T14:01:16.304+0000] {dag.py:3089} INFO - Sync 1 DAGs
[2026-03-31T14:01:16.328+0000] {logging_mixin.py:188} INFO - [2026-03-31T14:01:16.328+0000] {dag.py:3947} INFO - Setting next_dagrun for minio_to_snowflake_pipeline to 2026-03-31 14:00:00+00:00, run_after=2026-03-31 14:10:00+00:00
[2026-03-31T14:01:16.351+0000] {processor.py:183} INFO - Processing /opt/airflow/dags/minio_to_snowflake.py took 1.088 seconds
[2026-03-31T14:01:46.482+0000] {processor.py:161} INFO - Started process (PID=1763) to work on /opt/airflow/dags/minio_to_snowflake.py
[2026-03-31T14:01:46.483+0000] {processor.py:830} INFO - Processing file /opt/airflow/dags/minio_to_snowflake.py for tasks to queue
[2026-03-31T14:01:46.485+0000] {logging_mixin.py:188} INFO - [2026-03-31T14:01:46.485+0000] {dagbag.py:545} INFO - Filling up the DagBag from /opt/airflow/dags/minio_to_snowflake.py
[2026-03-31T14:01:47.502+0000] {processor.py:840} INFO - DAG(s) 'minio_to_snowflake_pipeline' retrieved from /opt/airflow/dags/minio_to_snowflake.py
[2026-03-31T14:01:47.533+0000] {logging_mixin.py:188} INFO - [2026-03-31T14:01:47.532+0000] {dag.py:3089} INFO - Sync 1 DAGs
[2026-03-31T14:01:47.556+0000] {logging_mixin.py:188} INFO - [2026-03-31T14:01:47.556+0000] {dag.py:3947} INFO - Setting next_dagrun for minio_to_snowflake_pipeline to 2026-03-31 14:00:00+00:00, run_after=2026-03-31 14:10:00+00:00
[2026-03-31T14:01:47.580+0000] {processor.py:183} INFO - Processing /opt/airflow/dags/minio_to_snowflake.py took 1.109 seconds
[2026-03-31T14:02:17.789+0000] {processor.py:161} INFO - Started process (PID=1770) to work on /opt/airflow/dags/minio_to_snowflake.py
[2026-03-31T14:02:17.790+0000] {processor.py:830} INFO - Processing file /opt/airflow/dags/minio_to_snowflake.py for tasks to queue
[2026-03-31T14:02:17.792+0000] {logging_mixin.py:188} INFO - [2026-03-31T14:02:17.791+0000] {dagbag.py:545} INFO - Filling up the DagBag from /opt/airflow/dags/minio_to_snowflake.py
[2026-03-31T14:02:19.025+0000] {processor.py:840} INFO - DAG(s) 'minio_to_snowflake_pipeline' retrieved from /opt/airflow/dags/minio_to_snowflake.py
[2026-03-31T14:02:19.054+0000] {logging_mixin.py:188} INFO - [2026-03-31T14:02:19.053+0000] {dag.py:3089} INFO - Sync 1 DAGs
[2026-03-31T14:02:19.077+0000] {logging_mixin.py:188} INFO - [2026-03-31T14:02:19.077+0000] {dag.py:3947} INFO - Setting next_dagrun for minio_to_snowflake_pipeline to 2026-03-31 14:00:00+00:00, run_after=2026-03-31 14:10:00+00:00
[2026-03-31T14:02:19.098+0000] {processor.py:183} INFO - Processing /opt/airflow/dags/minio_to_snowflake.py took 1.317 seconds
[2026-03-31T14:02:49.340+0000] {processor.py:161} INFO - Started process (PID=1777) to work on /opt/airflow/dags/minio_to_snowflake.py
[2026-03-31T14:02:49.342+0000] {processor.py:830} INFO - Processing file /opt/airflow/dags/minio_to_snowflake.py for tasks to queue
[2026-03-31T14:02:49.343+0000] {logging_mixin.py:188} INFO - [2026-03-31T14:02:49.343+0000] {dagbag.py:545} INFO - Filling up the DagBag from /opt/airflow/dags/minio_to_snowflake.py
[2026-03-31T14:02:50.652+0000] {processor.py:840} INFO - DAG(s) 'minio_to_snowflake_pipeline' retrieved from /opt/airflow/dags/minio_to_snowflake.py
[2026-03-31T14:02:50.687+0000] {logging_mixin.py:188} INFO - [2026-03-31T14:02:50.687+0000] {dag.py:3089} INFO - Sync 1 DAGs
[2026-03-31T14:02:50.718+0000] {logging_mixin.py:188} INFO - [2026-03-31T14:02:50.718+0000] {dag.py:3947} INFO - Setting next_dagrun for minio_to_snowflake_pipeline to 2026-03-31 14:00:00+00:00, run_after=2026-03-31 14:10:00+00:00
[2026-03-31T14:02:50.752+0000] {processor.py:183} INFO - Processing /opt/airflow/dags/minio_to_snowflake.py took 1.422 seconds
[2026-03-31T14:03:21.026+0000] {processor.py:161} INFO - Started process (PID=1784) to work on /opt/airflow/dags/minio_to_snowflake.py
[2026-03-31T14:03:21.027+0000] {processor.py:830} INFO - Processing file /opt/airflow/dags/minio_to_snowflake.py for tasks to queue
[2026-03-31T14:03:21.029+0000] {logging_mixin.py:188} INFO - [2026-03-31T14:03:21.028+0000] {dagbag.py:545} INFO - Filling up the DagBag from /opt/airflow/dags/minio_to_snowflake.py
[2026-03-31T14:03:22.301+0000] {processor.py:840} INFO - DAG(s) 'minio_to_snowflake_pipeline' retrieved from /opt/airflow/dags/minio_to_snowflake.py
[2026-03-31T14:03:22.331+0000] {logging_mixin.py:188} INFO - [2026-03-31T14:03:22.331+0000] {dag.py:3089} INFO - Sync 1 DAGs
[2026-03-31T14:03:22.355+0000] {logging_mixin.py:188} INFO - [2026-03-31T14:03:22.355+0000] {dag.py:3947} INFO - Setting next_dagrun for minio_to_snowflake_pipeline to 2026-03-31 14:00:00+00:00, run_after=2026-03-31 14:10:00+00:00
[2026-03-31T14:03:22.378+0000] {processor.py:183} INFO - Processing /opt/airflow/dags/minio_to_snowflake.py took 1.360 seconds
[2026-03-31T14:03:52.606+0000] {processor.py:161} INFO - Started process (PID=1791) to work on /opt/airflow/dags/minio_to_snowflake.py
[2026-03-31T14:03:52.607+0000] {processor.py:830} INFO - Processing file /opt/airflow/dags/minio_to_snowflake.py for tasks to queue
[2026-03-31T14:03:52.609+0000] {logging_mixin.py:188} INFO - [2026-03-31T14:03:52.608+0000] {dagbag.py:545} INFO - Filling up the DagBag from /opt/airflow/dags/minio_to_snowflake.py
[2026-03-31T14:03:53.621+0000] {processor.py:840} INFO - DAG(s) 'minio_to_snowflake_pipeline' retrieved from /opt/airflow/dags/minio_to_snowflake.py
[2026-03-31T14:03:53.652+0000] {logging_mixin.py:188} INFO - [2026-03-31T14:03:53.651+0000] {dag.py:3089} INFO - Sync 1 DAGs
[2026-03-31T14:03:53.674+0000] {logging_mixin.py:188} INFO - [2026-03-31T14:03:53.674+0000] {dag.py:3947} INFO - Setting next_dagrun for minio_to_snowflake_pipeline to 2026-03-31 14:00:00+00:00, run_after=2026-03-31 14:10:00+00:00
[2026-03-31T14:03:53.696+0000] {processor.py:183} INFO - Processing /opt/airflow/dags/minio_to_snowflake.py took 1.099 seconds
[2026-03-31T14:04:23.847+0000] {processor.py:161} INFO - Started process (PID=1798) to work on /opt/airflow/dags/minio_to_snowflake.py
[2026-03-31T14:04:23.849+0000] {processor.py:830} INFO - Processing file /opt/airflow/dags/minio_to_snowflake.py for tasks to queue
[2026-03-31T14:04:23.850+0000] {logging_mixin.py:188} INFO - [2026-03-31T14:04:23.850+0000] {dagbag.py:545} INFO - Filling up the DagBag from /opt/airflow/dags/minio_to_snowflake.py
[2026-03-31T14:04:24.816+0000] {processor.py:840} INFO - DAG(s) 'minio_to_snowflake_pipeline' retrieved from /opt/airflow/dags/minio_to_snowflake.py
[2026-03-31T14:04:24.848+0000] {logging_mixin.py:188} INFO - [2026-03-31T14:04:24.847+0000] {dag.py:3089} INFO - Sync 1 DAGs
[2026-03-31T14:04:24.870+0000] {logging_mixin.py:188} INFO - [2026-03-31T14:04:24.870+0000] {dag.py:3947} INFO - Setting next_dagrun for minio_to_snowflake_pipeline to 2026-03-31 14:00:00+00:00, run_after=2026-03-31 14:10:00+00:00
[2026-03-31T14:04:24.892+0000] {processor.py:183} INFO - Processing /opt/airflow/dags/minio_to_snowflake.py took 1.053 seconds
[2026-03-31T14:04:55.120+0000] {processor.py:161} INFO - Started process (PID=1805) to work on /opt/airflow/dags/minio_to_snowflake.py
[2026-03-31T14:04:55.121+0000] {processor.py:830} INFO - Processing file /opt/airflow/dags/minio_to_snowflake.py for tasks to queue
[2026-03-31T14:04:55.123+0000] {logging_mixin.py:188} INFO - [2026-03-31T14:04:55.122+0000] {dagbag.py:545} INFO - Filling up the DagBag from /opt/airflow/dags/minio_to_snowflake.py
[2026-03-31T14:04:56.085+0000] {processor.py:840} INFO - DAG(s) 'minio_to_snowflake_pipeline' retrieved from /opt/airflow/dags/minio_to_snowflake.py
[2026-03-31T14:04:56.117+0000] {logging_mixin.py:188} INFO - [2026-03-31T14:04:56.116+0000] {dag.py:3089} INFO - Sync 1 DAGs
[2026-03-31T14:04:56.141+0000] {logging_mixin.py:188} INFO - [2026-03-31T14:04:56.141+0000] {dag.py:3947} INFO - Setting next_dagrun for minio_to_snowflake_pipeline to 2026-03-31 14:00:00+00:00, run_after=2026-03-31 14:10:00+00:00
[2026-03-31T14:04:56.161+0000] {processor.py:183} INFO - Processing /opt/airflow/dags/minio_to_snowflake.py took 1.049 seconds
[2026-03-31T14:05:26.391+0000] {processor.py:161} INFO - Started process (PID=1812) to work on /opt/airflow/dags/minio_to_snowflake.py
[2026-03-31T14:05:26.392+0000] {processor.py:830} INFO - Processing file /opt/airflow/dags/minio_to_snowflake.py for tasks to queue
[2026-03-31T14:05:26.394+0000] {logging_mixin.py:188} INFO - [2026-03-31T14:05:26.394+0000] {dagbag.py:545} INFO - Filling up the DagBag from /opt/airflow/dags/minio_to_snowflake.py
[2026-03-31T14:05:27.386+0000] {processor.py:840} INFO - DAG(s) 'minio_to_snowflake_pipeline' retrieved from /opt/airflow/dags/minio_to_snowflake.py
[2026-03-31T14:05:27.417+0000] {logging_mixin.py:188} INFO - [2026-03-31T14:05:27.417+0000] {dag.py:3089} INFO - Sync 1 DAGs
[2026-03-31T14:05:27.442+0000] {logging_mixin.py:188} INFO - [2026-03-31T14:05:27.442+0000] {dag.py:3947} INFO - Setting next_dagrun for minio_to_snowflake_pipeline to 2026-03-31 14:00:00+00:00, run_after=2026-03-31 14:10:00+00:00
[2026-03-31T14:05:27.492+0000] {processor.py:183} INFO - Processing /opt/airflow/dags/minio_to_snowflake.py took 1.108 seconds
[2026-03-31T14:05:57.659+0000] {processor.py:161} INFO - Started process (PID=1819) to work on /opt/airflow/dags/minio_to_snowflake.py
[2026-03-31T14:05:57.661+0000] {processor.py:830} INFO - Processing file /opt/airflow/dags/minio_to_snowflake.py for tasks to queue
[2026-03-31T14:05:57.663+0000] {logging_mixin.py:188} INFO - [2026-03-31T14:05:57.662+0000] {dagbag.py:545} INFO - Filling up the DagBag from /opt/airflow/dags/minio_to_snowflake.py
[2026-03-31T14:05:58.883+0000] {processor.py:840} INFO - DAG(s) 'minio_to_snowflake_pipeline' retrieved from /opt/airflow/dags/minio_to_snowflake.py
[2026-03-31T14:05:58.913+0000] {logging_mixin.py:188} INFO - [2026-03-31T14:05:58.913+0000] {dag.py:3089} INFO - Sync 1 DAGs
[2026-03-31T14:05:58.939+0000] {logging_mixin.py:188} INFO - [2026-03-31T14:05:58.938+0000] {dag.py:3947} INFO - Setting next_dagrun for minio_to_snowflake_pipeline to 2026-03-31 14:00:00+00:00, run_after=2026-03-31 14:10:00+00:00
[2026-03-31T14:05:59.032+0000] {processor.py:183} INFO - Processing /opt/airflow/dags/minio_to_snowflake.py took 1.381 seconds
[2026-03-31T14:06:29.361+0000] {processor.py:161} INFO - Started process (PID=1826) to work on /opt/airflow/dags/minio_to_snowflake.py
[2026-03-31T14:06:29.363+0000] {processor.py:830} INFO - Processing file /opt/airflow/dags/minio_to_snowflake.py for tasks to queue
[2026-03-31T14:06:29.365+0000] {logging_mixin.py:188} INFO - [2026-03-31T14:06:29.364+0000] {dagbag.py:545} INFO - Filling up the DagBag from /opt/airflow/dags/minio_to_snowflake.py
[2026-03-31T14:06:32.083+0000] {processor.py:840} INFO - DAG(s) 'minio_to_snowflake_pipeline' retrieved from /opt/airflow/dags/minio_to_snowflake.py
[2026-03-31T14:06:32.179+0000] {logging_mixin.py:188} INFO - [2026-03-31T14:06:32.178+0000] {dag.py:3089} INFO - Sync 1 DAGs
[2026-03-31T14:06:32.328+0000] {logging_mixin.py:188} INFO - [2026-03-31T14:06:32.328+0000] {dag.py:3947} INFO - Setting next_dagrun for minio_to_snowflake_pipeline to 2026-03-31 14:00:00+00:00, run_after=2026-03-31 14:10:00+00:00
[2026-03-31T14:06:32.433+0000] {processor.py:183} INFO - Processing /opt/airflow/dags/minio_to_snowflake.py took 3.091 seconds
[2026-03-31T14:07:02.869+0000] {processor.py:161} INFO - Started process (PID=1833) to work on /opt/airflow/dags/minio_to_snowflake.py
[2026-03-31T14:07:02.871+0000] {processor.py:830} INFO - Processing file /opt/airflow/dags/minio_to_snowflake.py for tasks to queue
[2026-03-31T14:07:02.873+0000] {logging_mixin.py:188} INFO - [2026-03-31T14:07:02.873+0000] {dagbag.py:545} INFO - Filling up the DagBag from /opt/airflow/dags/minio_to_snowflake.py
[2026-03-31T14:07:04.323+0000] {processor.py:840} INFO - DAG(s) 'minio_to_snowflake_pipeline' retrieved from /opt/airflow/dags/minio_to_snowflake.py
[2026-03-31T14:07:04.357+0000] {logging_mixin.py:188} INFO - [2026-03-31T14:07:04.356+0000] {dag.py:3089} INFO - Sync 1 DAGs
[2026-03-31T14:07:04.390+0000] {logging_mixin.py:188} INFO - [2026-03-31T14:07:04.390+0000] {dag.py:3947} INFO - Setting next_dagrun for minio_to_snowflake_pipeline to 2026-03-31 14:00:00+00:00, run_after=2026-03-31 14:10:00+00:00
[2026-03-31T14:07:04.421+0000] {processor.py:183} INFO - Processing /opt/airflow/dags/minio_to_snowflake.py took 1.562 seconds
[2026-03-31T14:07:34.686+0000] {processor.py:161} INFO - Started process (PID=1840) to work on /opt/airflow/dags/minio_to_snowflake.py
[2026-03-31T14:07:34.688+0000] {processor.py:830} INFO - Processing file /opt/airflow/dags/minio_to_snowflake.py for tasks to queue
[2026-03-31T14:07:34.690+0000] {logging_mixin.py:188} INFO - [2026-03-31T14:07:34.689+0000] {dagbag.py:545} INFO - Filling up the DagBag from /opt/airflow/dags/minio_to_snowflake.py
[2026-03-31T14:07:35.657+0000] {processor.py:840} INFO - DAG(s) 'minio_to_snowflake_pipeline' retrieved from /opt/airflow/dags/minio_to_snowflake.py
[2026-03-31T14:07:35.721+0000] {logging_mixin.py:188} INFO - [2026-03-31T14:07:35.720+0000] {dag.py:3089} INFO - Sync 1 DAGs
[2026-03-31T14:07:35.755+0000] {logging_mixin.py:188} INFO - [2026-03-31T14:07:35.755+0000] {dag.py:3947} INFO - Setting next_dagrun for minio_to_snowflake_pipeline to 2026-03-31 14:00:00+00:00, run_after=2026-03-31 14:10:00+00:00
[2026-03-31T14:07:35.788+0000] {processor.py:183} INFO - Processing /opt/airflow/dags/minio_to_snowflake.py took 1.110 seconds
[2026-03-31T14:08:05.892+0000] {processor.py:161} INFO - Started process (PID=1847) to work on /opt/airflow/dags/minio_to_snowflake.py
[2026-03-31T14:08:05.894+0000] {processor.py:830} INFO - Processing file /opt/airflow/dags/minio_to_snowflake.py for tasks to queue
[2026-03-31T14:08:05.895+0000] {logging_mixin.py:188} INFO - [2026-03-31T14:08:05.895+0000] {dagbag.py:545} INFO - Filling up the DagBag from /opt/airflow/dags/minio_to_snowflake.py
[2026-03-31T14:08:06.860+0000] {processor.py:840} INFO - DAG(s) 'minio_to_snowflake_pipeline' retrieved from /opt/airflow/dags/minio_to_snowflake.py
[2026-03-31T14:08:06.892+0000] {logging_mixin.py:188} INFO - [2026-03-31T14:08:06.891+0000] {dag.py:3089} INFO - Sync 1 DAGs
[2026-03-31T14:08:06.918+0000] {logging_mixin.py:188} INFO - [2026-03-31T14:08:06.918+0000] {dag.py:3947} INFO - Setting next_dagrun for minio_to_snowflake_pipeline to 2026-03-31 14:00:00+00:00, run_after=2026-03-31 14:10:00+00:00
[2026-03-31T14:08:06.940+0000] {processor.py:183} INFO - Processing /opt/airflow/dags/minio_to_snowflake.py took 1.059 seconds
[2026-03-31T14:08:37.094+0000] {processor.py:161} INFO - Started process (PID=1854) to work on /opt/airflow/dags/minio_to_snowflake.py
[2026-03-31T14:08:37.095+0000] {processor.py:830} INFO - Processing file /opt/airflow/dags/minio_to_snowflake.py for tasks to queue
[2026-03-31T14:08:37.097+0000] {logging_mixin.py:188} INFO - [2026-03-31T14:08:37.096+0000] {dagbag.py:545} INFO - Filling up the DagBag from /opt/airflow/dags/minio_to_snowflake.py
[2026-03-31T14:08:38.107+0000] {processor.py:840} INFO - DAG(s) 'minio_to_snowflake_pipeline' retrieved from /opt/airflow/dags/minio_to_snowflake.py
[2026-03-31T14:08:38.154+0000] {logging_mixin.py:188} INFO - [2026-03-31T14:08:38.153+0000] {dag.py:3089} INFO - Sync 1 DAGs
[2026-03-31T14:08:38.177+0000] {logging_mixin.py:188} INFO - [2026-03-31T14:08:38.177+0000] {dag.py:3947} INFO - Setting next_dagrun for minio_to_snowflake_pipeline to 2026-03-31 14:00:00+00:00, run_after=2026-03-31 14:10:00+00:00
[2026-03-31T14:08:38.202+0000] {processor.py:183} INFO - Processing /opt/airflow/dags/minio_to_snowflake.py took 1.117 seconds
[2026-03-31T14:09:08.436+0000] {processor.py:161} INFO - Started process (PID=1861) to work on /opt/airflow/dags/minio_to_snowflake.py
[2026-03-31T14:09:08.438+0000] {processor.py:830} INFO - Processing file /opt/airflow/dags/minio_to_snowflake.py for tasks to queue
[2026-03-31T14:09:08.442+0000] {logging_mixin.py:188} INFO - [2026-03-31T14:09:08.441+0000] {dagbag.py:545} INFO - Filling up the DagBag from /opt/airflow/dags/minio_to_snowflake.py
[2026-03-31T14:09:09.532+0000] {processor.py:840} INFO - DAG(s) 'minio_to_snowflake_pipeline' retrieved from /opt/airflow/dags/minio_to_snowflake.py
[2026-03-31T14:09:09.570+0000] {logging_mixin.py:188} INFO - [2026-03-31T14:09:09.569+0000] {dag.py:3089} INFO - Sync 1 DAGs
[2026-03-31T14:09:09.594+0000] {logging_mixin.py:188} INFO - [2026-03-31T14:09:09.594+0000] {dag.py:3947} INFO - Setting next_dagrun for minio_to_snowflake_pipeline to 2026-03-31 14:00:00+00:00, run_after=2026-03-31 14:10:00+00:00
[2026-03-31T14:09:09.615+0000] {processor.py:183} INFO - Processing /opt/airflow/dags/minio_to_snowflake.py took 1.206 seconds
[2026-03-31T14:09:39.841+0000] {processor.py:161} INFO - Started process (PID=1868) to work on /opt/airflow/dags/minio_to_snowflake.py
[2026-03-31T14:09:39.842+0000] {processor.py:830} INFO - Processing file /opt/airflow/dags/minio_to_snowflake.py for tasks to queue
[2026-03-31T14:09:39.844+0000] {logging_mixin.py:188} INFO - [2026-03-31T14:09:39.843+0000] {dagbag.py:545} INFO - Filling up the DagBag from /opt/airflow/dags/minio_to_snowflake.py
[2026-03-31T14:09:41.216+0000] {processor.py:840} INFO - DAG(s) 'minio_to_snowflake_pipeline' retrieved from /opt/airflow/dags/minio_to_snowflake.py
[2026-03-31T14:09:41.253+0000] {logging_mixin.py:188} INFO - [2026-03-31T14:09:41.253+0000] {dag.py:3089} INFO - Sync 1 DAGs
[2026-03-31T14:09:41.290+0000] {logging_mixin.py:188} INFO - [2026-03-31T14:09:41.290+0000] {dag.py:3947} INFO - Setting next_dagrun for minio_to_snowflake_pipeline to 2026-03-31 14:00:00+00:00, run_after=2026-03-31 14:10:00+00:00
[2026-03-31T14:09:41.330+0000] {processor.py:183} INFO - Processing /opt/airflow/dags/minio_to_snowflake.py took 1.497 seconds
[2026-03-31T14:10:11.599+0000] {processor.py:161} INFO - Started process (PID=1879) to work on /opt/airflow/dags/minio_to_snowflake.py
[2026-03-31T14:10:11.600+0000] {processor.py:830} INFO - Processing file /opt/airflow/dags/minio_to_snowflake.py for tasks to queue
[2026-03-31T14:10:11.603+0000] {logging_mixin.py:188} INFO - [2026-03-31T14:10:11.602+0000] {dagbag.py:545} INFO - Filling up the DagBag from /opt/airflow/dags/minio_to_snowflake.py
[2026-03-31T14:10:12.616+0000] {processor.py:840} INFO - DAG(s) 'minio_to_snowflake_pipeline' retrieved from /opt/airflow/dags/minio_to_snowflake.py
[2026-03-31T14:10:12.645+0000] {logging_mixin.py:188} INFO - [2026-03-31T14:10:12.645+0000] {dag.py:3089} INFO - Sync 1 DAGs
[2026-03-31T14:10:12.670+0000] {logging_mixin.py:188} INFO - [2026-03-31T14:10:12.670+0000] {dag.py:3947} INFO - Setting next_dagrun for minio_to_snowflake_pipeline to 2026-03-31 14:10:00+00:00, run_after=2026-03-31 14:20:00+00:00
[2026-03-31T14:10:12.690+0000] {processor.py:183} INFO - Processing /opt/airflow/dags/minio_to_snowflake.py took 1.099 seconds
[2026-03-31T14:10:42.826+0000] {processor.py:161} INFO - Started process (PID=1886) to work on /opt/airflow/dags/minio_to_snowflake.py
[2026-03-31T14:10:42.828+0000] {processor.py:830} INFO - Processing file /opt/airflow/dags/minio_to_snowflake.py for tasks to queue
[2026-03-31T14:10:42.830+0000] {logging_mixin.py:188} INFO - [2026-03-31T14:10:42.829+0000] {dagbag.py:545} INFO - Filling up the DagBag from /opt/airflow/dags/minio_to_snowflake.py
[2026-03-31T14:10:43.843+0000] {processor.py:840} INFO - DAG(s) 'minio_to_snowflake_pipeline' retrieved from /opt/airflow/dags/minio_to_snowflake.py
[2026-03-31T14:10:43.882+0000] {logging_mixin.py:188} INFO - [2026-03-31T14:10:43.882+0000] {dag.py:3089} INFO - Sync 1 DAGs
[2026-03-31T14:10:43.920+0000] {logging_mixin.py:188} INFO - [2026-03-31T14:10:43.920+0000] {dag.py:3947} INFO - Setting next_dagrun for minio_to_snowflake_pipeline to 2026-03-31 14:10:00+00:00, run_after=2026-03-31 14:20:00+00:00
[2026-03-31T14:10:43.952+0000] {processor.py:183} INFO - Processing /opt/airflow/dags/minio_to_snowflake.py took 1.139 seconds
[2026-03-31T14:11:14.113+0000] {processor.py:161} INFO - Started process (PID=1893) to work on /opt/airflow/dags/minio_to_snowflake.py
[2026-03-31T14:11:14.114+0000] {processor.py:830} INFO - Processing file /opt/airflow/dags/minio_to_snowflake.py for tasks to queue
[2026-03-31T14:11:14.116+0000] {logging_mixin.py:188} INFO - [2026-03-31T14:11:14.115+0000] {dagbag.py:545} INFO - Filling up the DagBag from /opt/airflow/dags/minio_to_snowflake.py
[2026-03-31T14:11:15.094+0000] {processor.py:840} INFO - DAG(s) 'minio_to_snowflake_pipeline' retrieved from /opt/airflow/dags/minio_to_snowflake.py
[2026-03-31T14:11:15.139+0000] {logging_mixin.py:188} INFO - [2026-03-31T14:11:15.138+0000] {dag.py:3089} INFO - Sync 1 DAGs
[2026-03-31T14:11:15.187+0000] {logging_mixin.py:188} INFO - [2026-03-31T14:11:15.187+0000] {dag.py:3947} INFO - Setting next_dagrun for minio_to_snowflake_pipeline to 2026-03-31 14:10:00+00:00, run_after=2026-03-31 14:20:00+00:00
[2026-03-31T14:11:15.218+0000] {processor.py:183} INFO - Processing /opt/airflow/dags/minio_to_snowflake.py took 1.113 seconds
[2026-03-31T14:11:45.437+0000] {processor.py:161} INFO - Started process (PID=1900) to work on /opt/airflow/dags/minio_to_snowflake.py
[2026-03-31T14:11:45.438+0000] {processor.py:830} INFO - Processing file /opt/airflow/dags/minio_to_snowflake.py for tasks to queue
[2026-03-31T14:11:45.440+0000] {logging_mixin.py:188} INFO - [2026-03-31T14:11:45.440+0000] {dagbag.py:545} INFO - Filling up the DagBag from /opt/airflow/dags/minio_to_snowflake.py
[2026-03-31T14:11:46.405+0000] {processor.py:840} INFO - DAG(s) 'minio_to_snowflake_pipeline' retrieved from /opt/airflow/dags/minio_to_snowflake.py
[2026-03-31T14:11:46.446+0000] {logging_mixin.py:188} INFO - [2026-03-31T14:11:46.445+0000] {dag.py:3089} INFO - Sync 1 DAGs
[2026-03-31T14:11:46.496+0000] {logging_mixin.py:188} INFO - [2026-03-31T14:11:46.495+0000] {dag.py:3947} INFO - Setting next_dagrun for minio_to_snowflake_pipeline to 2026-03-31 14:10:00+00:00, run_after=2026-03-31 14:20:00+00:00
[2026-03-31T14:11:46.537+0000] {processor.py:183} INFO - Processing /opt/airflow/dags/minio_to_snowflake.py took 1.107 seconds
[2026-03-31T14:12:16.677+0000] {processor.py:161} INFO - Started process (PID=1907) to work on /opt/airflow/dags/minio_to_snowflake.py
[2026-03-31T14:12:16.679+0000] {processor.py:830} INFO - Processing file /opt/airflow/dags/minio_to_snowflake.py for tasks to queue
[2026-03-31T14:12:16.682+0000] {logging_mixin.py:188} INFO - [2026-03-31T14:12:16.681+0000] {dagbag.py:545} INFO - Filling up the DagBag from /opt/airflow/dags/minio_to_snowflake.py
[2026-03-31T14:12:18.502+0000] {processor.py:840} INFO - DAG(s) 'minio_to_snowflake_pipeline' retrieved from /opt/airflow/dags/minio_to_snowflake.py
[2026-03-31T14:12:18.574+0000] {logging_mixin.py:188} INFO - [2026-03-31T14:12:18.573+0000] {dag.py:3089} INFO - Sync 1 DAGs
[2026-03-31T14:12:18.629+0000] {logging_mixin.py:188} INFO - [2026-03-31T14:12:18.629+0000] {dag.py:3947} INFO - Setting next_dagrun for minio_to_snowflake_pipeline to 2026-03-31 14:10:00+00:00, run_after=2026-03-31 14:20:00+00:00
[2026-03-31T14:12:18.712+0000] {processor.py:183} INFO - Processing /opt/airflow/dags/minio_to_snowflake.py took 2.048 seconds
[2026-03-31T14:12:48.933+0000] {processor.py:161} INFO - Started process (PID=1914) to work on /opt/airflow/dags/minio_to_snowflake.py
[2026-03-31T14:12:48.934+0000] {processor.py:830} INFO - Processing file /opt/airflow/dags/minio_to_snowflake.py for tasks to queue
[2026-03-31T14:12:48.936+0000] {logging_mixin.py:188} INFO - [2026-03-31T14:12:48.936+0000] {dagbag.py:545} INFO - Filling up the DagBag from /opt/airflow/dags/minio_to_snowflake.py
[2026-03-31T14:12:49.967+0000] {processor.py:840} INFO - DAG(s) 'minio_to_snowflake_pipeline' retrieved from /opt/airflow/dags/minio_to_snowflake.py
[2026-03-31T14:12:49.997+0000] {logging_mixin.py:188} INFO - [2026-03-31T14:12:49.996+0000] {dag.py:3089} INFO - Sync 1 DAGs
[2026-03-31T14:12:50.022+0000] {logging_mixin.py:188} INFO - [2026-03-31T14:12:50.022+0000] {dag.py:3947} INFO - Setting next_dagrun for minio_to_snowflake_pipeline to 2026-03-31 14:10:00+00:00, run_after=2026-03-31 14:20:00+00:00
[2026-03-31T14:12:50.047+0000] {processor.py:183} INFO - Processing /opt/airflow/dags/minio_to_snowflake.py took 1.123 seconds
[2026-03-31T14:13:20.175+0000] {processor.py:161} INFO - Started process (PID=1921) to work on /opt/airflow/dags/minio_to_snowflake.py
[2026-03-31T14:13:20.176+0000] {processor.py:830} INFO - Processing file /opt/airflow/dags/minio_to_snowflake.py for tasks to queue
[2026-03-31T14:13:20.179+0000] {logging_mixin.py:188} INFO - [2026-03-31T14:13:20.179+0000] {dagbag.py:545} INFO - Filling up the DagBag from /opt/airflow/dags/minio_to_snowflake.py
[2026-03-31T14:13:21.566+0000] {processor.py:840} INFO - DAG(s) 'minio_to_snowflake_pipeline' retrieved from /opt/airflow/dags/minio_to_snowflake.py
[2026-03-31T14:13:21.595+0000] {logging_mixin.py:188} INFO - [2026-03-31T14:13:21.595+0000] {dag.py:3089} INFO - Sync 1 DAGs
[2026-03-31T14:13:21.619+0000] {logging_mixin.py:188} INFO - [2026-03-31T14:13:21.619+0000] {dag.py:3947} INFO - Setting next_dagrun for minio_to_snowflake_pipeline to 2026-03-31 14:10:00+00:00, run_after=2026-03-31 14:20:00+00:00
[2026-03-31T14:13:21.640+0000] {processor.py:183} INFO - Processing /opt/airflow/dags/minio_to_snowflake.py took 1.474 seconds
[2026-03-31T14:13:51.900+0000] {processor.py:161} INFO - Started process (PID=1928) to work on /opt/airflow/dags/minio_to_snowflake.py
[2026-03-31T14:13:51.902+0000] {processor.py:830} INFO - Processing file /opt/airflow/dags/minio_to_snowflake.py for tasks to queue
[2026-03-31T14:13:51.904+0000] {logging_mixin.py:188} INFO - [2026-03-31T14:13:51.903+0000] {dagbag.py:545} INFO - Filling up the DagBag from /opt/airflow/dags/minio_to_snowflake.py
[2026-03-31T14:13:52.939+0000] {processor.py:840} INFO - DAG(s) 'minio_to_snowflake_pipeline' retrieved from /opt/airflow/dags/minio_to_snowflake.py
[2026-03-31T14:13:52.976+0000] {logging_mixin.py:188} INFO - [2026-03-31T14:13:52.975+0000] {dag.py:3089} INFO - Sync 1 DAGs
[2026-03-31T14:13:52.999+0000] {logging_mixin.py:188} INFO - [2026-03-31T14:13:52.999+0000] {dag.py:3947} INFO - Setting next_dagrun for minio_to_snowflake_pipeline to 2026-03-31 14:10:00+00:00, run_after=2026-03-31 14:20:00+00:00
[2026-03-31T14:13:53.019+0000] {processor.py:183} INFO - Processing /opt/airflow/dags/minio_to_snowflake.py took 1.128 seconds
[2026-03-31T15:46:43.372+0000] {processor.py:161} INFO - Started process (PID=1936) to work on /opt/airflow/dags/minio_to_snowflake.py
[2026-03-31T15:46:43.459+0000] {processor.py:830} INFO - Processing file /opt/airflow/dags/minio_to_snowflake.py for tasks to queue
[2026-03-31T15:46:43.515+0000] {logging_mixin.py:188} INFO - [2026-03-31T15:46:43.514+0000] {dagbag.py:545} INFO - Filling up the DagBag from /opt/airflow/dags/minio_to_snowflake.py
[2026-03-31T15:47:05.905+0000] {processor.py:840} INFO - DAG(s) 'minio_to_snowflake_pipeline' retrieved from /opt/airflow/dags/minio_to_snowflake.py
[2026-03-31T15:47:06.175+0000] {logging_mixin.py:188} INFO - [2026-03-31T15:47:06.161+0000] {dag.py:3089} INFO - Sync 1 DAGs
[2026-03-31T15:47:06.556+0000] {processor.py:183} INFO - Processing /opt/airflow/dags/minio_to_snowflake.py took 23.428 seconds
[2026-03-31T15:47:36.810+0000] {processor.py:161} INFO - Started process (PID=1950) to work on /opt/airflow/dags/minio_to_snowflake.py
[2026-03-31T15:47:36.813+0000] {processor.py:830} INFO - Processing file /opt/airflow/dags/minio_to_snowflake.py for tasks to queue
[2026-03-31T15:47:36.815+0000] {logging_mixin.py:188} INFO - [2026-03-31T15:47:36.814+0000] {dagbag.py:545} INFO - Filling up the DagBag from /opt/airflow/dags/minio_to_snowflake.py
[2026-03-31T15:47:39.120+0000] {processor.py:840} INFO - DAG(s) 'minio_to_snowflake_pipeline' retrieved from /opt/airflow/dags/minio_to_snowflake.py
[2026-03-31T15:47:39.220+0000] {logging_mixin.py:188} INFO - [2026-03-31T15:47:39.219+0000] {dag.py:3089} INFO - Sync 1 DAGs
[2026-03-31T15:47:39.271+0000] {logging_mixin.py:188} INFO - [2026-03-31T15:47:39.271+0000] {dag.py:3947} INFO - Setting next_dagrun for minio_to_snowflake_pipeline to 2026-03-31 15:40:00+00:00, run_after=2026-03-31 15:50:00+00:00
[2026-03-31T15:47:39.299+0000] {processor.py:183} INFO - Processing /opt/airflow/dags/minio_to_snowflake.py took 2.502 seconds
[2026-03-31T15:48:10.204+0000] {processor.py:161} INFO - Started process (PID=1957) to work on /opt/airflow/dags/minio_to_snowflake.py
[2026-03-31T15:48:10.207+0000] {processor.py:830} INFO - Processing file /opt/airflow/dags/minio_to_snowflake.py for tasks to queue
[2026-03-31T15:48:10.214+0000] {logging_mixin.py:188} INFO - [2026-03-31T15:48:10.210+0000] {dagbag.py:545} INFO - Filling up the DagBag from /opt/airflow/dags/minio_to_snowflake.py
[2026-03-31T15:48:16.089+0000] {processor.py:840} INFO - DAG(s) 'minio_to_snowflake_pipeline' retrieved from /opt/airflow/dags/minio_to_snowflake.py
[2026-03-31T15:48:16.285+0000] {logging_mixin.py:188} INFO - [2026-03-31T15:48:16.281+0000] {dag.py:3089} INFO - Sync 1 DAGs
[2026-03-31T15:48:16.374+0000] {logging_mixin.py:188} INFO - [2026-03-31T15:48:16.373+0000] {dag.py:3947} INFO - Setting next_dagrun for minio_to_snowflake_pipeline to 2026-03-31 15:40:00+00:00, run_after=2026-03-31 15:50:00+00:00
[2026-03-31T15:48:16.442+0000] {processor.py:183} INFO - Processing /opt/airflow/dags/minio_to_snowflake.py took 6.265 seconds
[2026-03-31T15:48:47.385+0000] {processor.py:161} INFO - Started process (PID=1964) to work on /opt/airflow/dags/minio_to_snowflake.py
[2026-03-31T15:48:47.418+0000] {processor.py:830} INFO - Processing file /opt/airflow/dags/minio_to_snowflake.py for tasks to queue
[2026-03-31T15:48:47.424+0000] {logging_mixin.py:188} INFO - [2026-03-31T15:48:47.423+0000] {dagbag.py:545} INFO - Filling up the DagBag from /opt/airflow/dags/minio_to_snowflake.py
[2026-03-31T15:48:49.528+0000] {processor.py:840} INFO - DAG(s) 'minio_to_snowflake_pipeline' retrieved from /opt/airflow/dags/minio_to_snowflake.py
[2026-03-31T15:48:49.600+0000] {logging_mixin.py:188} INFO - [2026-03-31T15:48:49.596+0000] {dag.py:3089} INFO - Sync 1 DAGs
[2026-03-31T15:48:49.639+0000] {logging_mixin.py:188} INFO - [2026-03-31T15:48:49.639+0000] {dag.py:3947} INFO - Setting next_dagrun for minio_to_snowflake_pipeline to 2026-03-31 15:40:00+00:00, run_after=2026-03-31 15:50:00+00:00
[2026-03-31T15:48:49.666+0000] {processor.py:183} INFO - Processing /opt/airflow/dags/minio_to_snowflake.py took 2.298 seconds
[2026-03-31T15:49:20.208+0000] {processor.py:161} INFO - Started process (PID=1971) to work on /opt/airflow/dags/minio_to_snowflake.py
[2026-03-31T15:49:20.213+0000] {processor.py:830} INFO - Processing file /opt/airflow/dags/minio_to_snowflake.py for tasks to queue
[2026-03-31T15:49:20.214+0000] {logging_mixin.py:188} INFO - [2026-03-31T15:49:20.214+0000] {dagbag.py:545} INFO - Filling up the DagBag from /opt/airflow/dags/minio_to_snowflake.py
[2026-03-31T15:49:21.669+0000] {processor.py:840} INFO - DAG(s) 'minio_to_snowflake_pipeline' retrieved from /opt/airflow/dags/minio_to_snowflake.py
[2026-03-31T15:49:21.729+0000] {logging_mixin.py:188} INFO - [2026-03-31T15:49:21.728+0000] {dag.py:3089} INFO - Sync 1 DAGs
[2026-03-31T15:49:21.788+0000] {logging_mixin.py:188} INFO - [2026-03-31T15:49:21.788+0000] {dag.py:3947} INFO - Setting next_dagrun for minio_to_snowflake_pipeline to 2026-03-31 15:40:00+00:00, run_after=2026-03-31 15:50:00+00:00
[2026-03-31T15:49:21.823+0000] {processor.py:183} INFO - Processing /opt/airflow/dags/minio_to_snowflake.py took 1.624 seconds
[2026-03-31T15:49:52.395+0000] {processor.py:161} INFO - Started process (PID=1978) to work on /opt/airflow/dags/minio_to_snowflake.py
[2026-03-31T15:49:52.408+0000] {processor.py:830} INFO - Processing file /opt/airflow/dags/minio_to_snowflake.py for tasks to queue
[2026-03-31T15:49:52.410+0000] {logging_mixin.py:188} INFO - [2026-03-31T15:49:52.409+0000] {dagbag.py:545} INFO - Filling up the DagBag from /opt/airflow/dags/minio_to_snowflake.py
[2026-03-31T15:49:53.832+0000] {processor.py:840} INFO - DAG(s) 'minio_to_snowflake_pipeline' retrieved from /opt/airflow/dags/minio_to_snowflake.py
[2026-03-31T15:49:53.870+0000] {logging_mixin.py:188} INFO - [2026-03-31T15:49:53.869+0000] {dag.py:3089} INFO - Sync 1 DAGs
[2026-03-31T15:49:53.898+0000] {logging_mixin.py:188} INFO - [2026-03-31T15:49:53.898+0000] {dag.py:3947} INFO - Setting next_dagrun for minio_to_snowflake_pipeline to 2026-03-31 15:40:00+00:00, run_after=2026-03-31 15:50:00+00:00
[2026-03-31T15:49:53.920+0000] {processor.py:183} INFO - Processing /opt/airflow/dags/minio_to_snowflake.py took 1.562 seconds
[2026-03-31T15:50:24.380+0000] {processor.py:161} INFO - Started process (PID=1989) to work on /opt/airflow/dags/minio_to_snowflake.py
[2026-03-31T15:50:24.381+0000] {processor.py:830} INFO - Processing file /opt/airflow/dags/minio_to_snowflake.py for tasks to queue
[2026-03-31T15:50:24.383+0000] {logging_mixin.py:188} INFO - [2026-03-31T15:50:24.382+0000] {dagbag.py:545} INFO - Filling up the DagBag from /opt/airflow/dags/minio_to_snowflake.py
[2026-03-31T15:50:25.799+0000] {processor.py:840} INFO - DAG(s) 'minio_to_snowflake_pipeline' retrieved from /opt/airflow/dags/minio_to_snowflake.py
[2026-03-31T15:50:25.844+0000] {logging_mixin.py:188} INFO - [2026-03-31T15:50:25.843+0000] {dag.py:3089} INFO - Sync 1 DAGs
[2026-03-31T15:50:25.876+0000] {logging_mixin.py:188} INFO - [2026-03-31T15:50:25.875+0000] {dag.py:3947} INFO - Setting next_dagrun for minio_to_snowflake_pipeline to 2026-03-31 15:50:00+00:00, run_after=2026-03-31 16:00:00+00:00
[2026-03-31T15:50:25.901+0000] {processor.py:183} INFO - Processing /opt/airflow/dags/minio_to_snowflake.py took 1.530 seconds
[2026-03-31T15:50:56.482+0000] {processor.py:161} INFO - Started process (PID=1996) to work on /opt/airflow/dags/minio_to_snowflake.py
[2026-03-31T15:50:56.495+0000] {processor.py:830} INFO - Processing file /opt/airflow/dags/minio_to_snowflake.py for tasks to queue
[2026-03-31T15:50:56.498+0000] {logging_mixin.py:188} INFO - [2026-03-31T15:50:56.497+0000] {dagbag.py:545} INFO - Filling up the DagBag from /opt/airflow/dags/minio_to_snowflake.py
[2026-03-31T15:51:00.907+0000] {processor.py:840} INFO - DAG(s) 'minio_to_snowflake_pipeline' retrieved from /opt/airflow/dags/minio_to_snowflake.py
[2026-03-31T15:51:00.950+0000] {logging_mixin.py:188} INFO - [2026-03-31T15:51:00.948+0000] {dag.py:3089} INFO - Sync 1 DAGs
[2026-03-31T15:51:00.992+0000] {logging_mixin.py:188} INFO - [2026-03-31T15:51:00.992+0000] {dag.py:3947} INFO - Setting next_dagrun for minio_to_snowflake_pipeline to 2026-03-31 15:50:00+00:00, run_after=2026-03-31 16:00:00+00:00
[2026-03-31T15:51:01.031+0000] {processor.py:183} INFO - Processing /opt/airflow/dags/minio_to_snowflake.py took 4.587 seconds
[2026-03-31T15:51:31.236+0000] {processor.py:161} INFO - Started process (PID=2003) to work on /opt/airflow/dags/minio_to_snowflake.py
[2026-03-31T15:51:31.237+0000] {processor.py:830} INFO - Processing file /opt/airflow/dags/minio_to_snowflake.py for tasks to queue
[2026-03-31T15:51:31.239+0000] {logging_mixin.py:188} INFO - [2026-03-31T15:51:31.238+0000] {dagbag.py:545} INFO - Filling up the DagBag from /opt/airflow/dags/minio_to_snowflake.py
[2026-03-31T15:51:32.804+0000] {processor.py:840} INFO - DAG(s) 'minio_to_snowflake_pipeline' retrieved from /opt/airflow/dags/minio_to_snowflake.py
[2026-03-31T15:51:32.843+0000] {logging_mixin.py:188} INFO - [2026-03-31T15:51:32.843+0000] {dag.py:3089} INFO - Sync 1 DAGs
[2026-03-31T15:51:32.875+0000] {logging_mixin.py:188} INFO - [2026-03-31T15:51:32.875+0000] {dag.py:3947} INFO - Setting next_dagrun for minio_to_snowflake_pipeline to 2026-03-31 15:50:00+00:00, run_after=2026-03-31 16:00:00+00:00
[2026-03-31T15:51:32.906+0000] {processor.py:183} INFO - Processing /opt/airflow/dags/minio_to_snowflake.py took 1.683 seconds
[2026-03-31T15:52:03.109+0000] {processor.py:161} INFO - Started process (PID=2010) to work on /opt/airflow/dags/minio_to_snowflake.py
[2026-03-31T15:52:03.111+0000] {processor.py:830} INFO - Processing file /opt/airflow/dags/minio_to_snowflake.py for tasks to queue
[2026-03-31T15:52:03.113+0000] {logging_mixin.py:188} INFO - [2026-03-31T15:52:03.113+0000] {dagbag.py:545} INFO - Filling up the DagBag from /opt/airflow/dags/minio_to_snowflake.py
[2026-03-31T15:52:06.524+0000] {processor.py:840} INFO - DAG(s) 'minio_to_snowflake_pipeline' retrieved from /opt/airflow/dags/minio_to_snowflake.py
[2026-03-31T15:52:06.619+0000] {logging_mixin.py:188} INFO - [2026-03-31T15:52:06.618+0000] {dag.py:3089} INFO - Sync 1 DAGs
[2026-03-31T15:52:06.706+0000] {logging_mixin.py:188} INFO - [2026-03-31T15:52:06.705+0000] {dag.py:3947} INFO - Setting next_dagrun for minio_to_snowflake_pipeline to 2026-03-31 15:50:00+00:00, run_after=2026-03-31 16:00:00+00:00
[2026-03-31T15:52:06.781+0000] {processor.py:183} INFO - Processing /opt/airflow/dags/minio_to_snowflake.py took 3.689 seconds
[2026-03-31T15:52:37.297+0000] {processor.py:161} INFO - Started process (PID=2017) to work on /opt/airflow/dags/minio_to_snowflake.py
[2026-03-31T15:52:37.300+0000] {processor.py:830} INFO - Processing file /opt/airflow/dags/minio_to_snowflake.py for tasks to queue
[2026-03-31T15:52:37.306+0000] {logging_mixin.py:188} INFO - [2026-03-31T15:52:37.305+0000] {dagbag.py:545} INFO - Filling up the DagBag from /opt/airflow/dags/minio_to_snowflake.py
[2026-03-31T15:52:40.659+0000] {processor.py:840} INFO - DAG(s) 'minio_to_snowflake_pipeline' retrieved from /opt/airflow/dags/minio_to_snowflake.py
[2026-03-31T15:52:40.759+0000] {logging_mixin.py:188} INFO - [2026-03-31T15:52:40.758+0000] {dag.py:3089} INFO - Sync 1 DAGs
[2026-03-31T15:52:40.821+0000] {logging_mixin.py:188} INFO - [2026-03-31T15:52:40.821+0000] {dag.py:3947} INFO - Setting next_dagrun for minio_to_snowflake_pipeline to 2026-03-31 15:50:00+00:00, run_after=2026-03-31 16:00:00+00:00
[2026-03-31T15:52:40.869+0000] {processor.py:183} INFO - Processing /opt/airflow/dags/minio_to_snowflake.py took 3.601 seconds
[2026-03-31T15:53:11.206+0000] {processor.py:161} INFO - Started process (PID=2024) to work on /opt/airflow/dags/minio_to_snowflake.py
[2026-03-31T15:53:11.209+0000] {processor.py:830} INFO - Processing file /opt/airflow/dags/minio_to_snowflake.py for tasks to queue
[2026-03-31T15:53:11.212+0000] {logging_mixin.py:188} INFO - [2026-03-31T15:53:11.210+0000] {dagbag.py:545} INFO - Filling up the DagBag from /opt/airflow/dags/minio_to_snowflake.py
[2026-03-31T15:53:13.722+0000] {processor.py:840} INFO - DAG(s) 'minio_to_snowflake_pipeline' retrieved from /opt/airflow/dags/minio_to_snowflake.py
[2026-03-31T15:53:13.836+0000] {logging_mixin.py:188} INFO - [2026-03-31T15:53:13.829+0000] {dag.py:3089} INFO - Sync 1 DAGs
[2026-03-31T15:53:13.901+0000] {logging_mixin.py:188} INFO - [2026-03-31T15:53:13.901+0000] {dag.py:3947} INFO - Setting next_dagrun for minio_to_snowflake_pipeline to 2026-03-31 15:50:00+00:00, run_after=2026-03-31 16:00:00+00:00
[2026-03-31T15:53:13.929+0000] {processor.py:183} INFO - Processing /opt/airflow/dags/minio_to_snowflake.py took 2.745 seconds
[2026-03-31T15:53:44.336+0000] {processor.py:161} INFO - Started process (PID=2031) to work on /opt/airflow/dags/minio_to_snowflake.py
[2026-03-31T15:53:44.338+0000] {processor.py:830} INFO - Processing file /opt/airflow/dags/minio_to_snowflake.py for tasks to queue
[2026-03-31T15:53:44.341+0000] {logging_mixin.py:188} INFO - [2026-03-31T15:53:44.340+0000] {dagbag.py:545} INFO - Filling up the DagBag from /opt/airflow/dags/minio_to_snowflake.py
[2026-03-31T15:53:45.972+0000] {processor.py:840} INFO - DAG(s) 'minio_to_snowflake_pipeline' retrieved from /opt/airflow/dags/minio_to_snowflake.py
[2026-03-31T15:53:46.020+0000] {logging_mixin.py:188} INFO - [2026-03-31T15:53:46.019+0000] {dag.py:3089} INFO - Sync 1 DAGs
[2026-03-31T15:53:46.052+0000] {logging_mixin.py:188} INFO - [2026-03-31T15:53:46.052+0000] {dag.py:3947} INFO - Setting next_dagrun for minio_to_snowflake_pipeline to 2026-03-31 15:50:00+00:00, run_after=2026-03-31 16:00:00+00:00
[2026-03-31T15:53:46.084+0000] {processor.py:183} INFO - Processing /opt/airflow/dags/minio_to_snowflake.py took 1.765 seconds
[2026-03-31T15:54:16.684+0000] {processor.py:161} INFO - Started process (PID=2038) to work on /opt/airflow/dags/minio_to_snowflake.py
[2026-03-31T15:54:16.686+0000] {processor.py:830} INFO - Processing file /opt/airflow/dags/minio_to_snowflake.py for tasks to queue
[2026-03-31T15:54:16.689+0000] {logging_mixin.py:188} INFO - [2026-03-31T15:54:16.688+0000] {dagbag.py:545} INFO - Filling up the DagBag from /opt/airflow/dags/minio_to_snowflake.py
[2026-03-31T15:54:20.344+0000] {processor.py:840} INFO - DAG(s) 'minio_to_snowflake_pipeline' retrieved from /opt/airflow/dags/minio_to_snowflake.py
[2026-03-31T15:54:20.561+0000] {logging_mixin.py:188} INFO - [2026-03-31T15:54:20.560+0000] {dag.py:3089} INFO - Sync 1 DAGs
[2026-03-31T15:54:20.640+0000] {logging_mixin.py:188} INFO - [2026-03-31T15:54:20.640+0000] {dag.py:3947} INFO - Setting next_dagrun for minio_to_snowflake_pipeline to 2026-03-31 15:50:00+00:00, run_after=2026-03-31 16:00:00+00:00
[2026-03-31T15:54:20.770+0000] {processor.py:183} INFO - Processing /opt/airflow/dags/minio_to_snowflake.py took 4.103 seconds
[2026-03-31T15:54:51.873+0000] {processor.py:161} INFO - Started process (PID=2045) to work on /opt/airflow/dags/minio_to_snowflake.py
[2026-03-31T15:54:51.876+0000] {processor.py:830} INFO - Processing file /opt/airflow/dags/minio_to_snowflake.py for tasks to queue
[2026-03-31T15:54:51.879+0000] {logging_mixin.py:188} INFO - [2026-03-31T15:54:51.878+0000] {dagbag.py:545} INFO - Filling up the DagBag from /opt/airflow/dags/minio_to_snowflake.py
[2026-03-31T15:54:55.085+0000] {processor.py:840} INFO - DAG(s) 'minio_to_snowflake_pipeline' retrieved from /opt/airflow/dags/minio_to_snowflake.py
[2026-03-31T15:54:55.155+0000] {logging_mixin.py:188} INFO - [2026-03-31T15:54:55.154+0000] {dag.py:3089} INFO - Sync 1 DAGs
[2026-03-31T15:54:55.202+0000] {logging_mixin.py:188} INFO - [2026-03-31T15:54:55.201+0000] {dag.py:3947} INFO - Setting next_dagrun for minio_to_snowflake_pipeline to 2026-03-31 15:50:00+00:00, run_after=2026-03-31 16:00:00+00:00
[2026-03-31T15:54:55.365+0000] {processor.py:183} INFO - Processing /opt/airflow/dags/minio_to_snowflake.py took 3.543 seconds
[2026-03-31T15:55:25.860+0000] {processor.py:161} INFO - Started process (PID=2052) to work on /opt/airflow/dags/minio_to_snowflake.py
[2026-03-31T15:55:25.863+0000] {processor.py:830} INFO - Processing file /opt/airflow/dags/minio_to_snowflake.py for tasks to queue
[2026-03-31T15:55:25.866+0000] {logging_mixin.py:188} INFO - [2026-03-31T15:55:25.865+0000] {dagbag.py:545} INFO - Filling up the DagBag from /opt/airflow/dags/minio_to_snowflake.py
[2026-03-31T15:55:28.281+0000] {processor.py:840} INFO - DAG(s) 'minio_to_snowflake_pipeline' retrieved from /opt/airflow/dags/minio_to_snowflake.py
[2026-03-31T15:55:28.392+0000] {logging_mixin.py:188} INFO - [2026-03-31T15:55:28.391+0000] {dag.py:3089} INFO - Sync 1 DAGs
[2026-03-31T15:55:28.484+0000] {logging_mixin.py:188} INFO - [2026-03-31T15:55:28.483+0000] {dag.py:3947} INFO - Setting next_dagrun for minio_to_snowflake_pipeline to 2026-03-31 15:50:00+00:00, run_after=2026-03-31 16:00:00+00:00
[2026-03-31T15:55:28.557+0000] {processor.py:183} INFO - Processing /opt/airflow/dags/minio_to_snowflake.py took 2.716 seconds
[2026-03-31T15:55:59.451+0000] {processor.py:161} INFO - Started process (PID=2059) to work on /opt/airflow/dags/minio_to_snowflake.py
[2026-03-31T15:55:59.467+0000] {processor.py:830} INFO - Processing file /opt/airflow/dags/minio_to_snowflake.py for tasks to queue
[2026-03-31T15:55:59.487+0000] {logging_mixin.py:188} INFO - [2026-03-31T15:55:59.485+0000] {dagbag.py:545} INFO - Filling up the DagBag from /opt/airflow/dags/minio_to_snowflake.py
[2026-03-31T15:56:03.901+0000] {processor.py:840} INFO - DAG(s) 'minio_to_snowflake_pipeline' retrieved from /opt/airflow/dags/minio_to_snowflake.py
[2026-03-31T15:56:04.048+0000] {logging_mixin.py:188} INFO - [2026-03-31T15:56:04.046+0000] {dag.py:3089} INFO - Sync 1 DAGs
[2026-03-31T15:56:04.174+0000] {logging_mixin.py:188} INFO - [2026-03-31T15:56:04.174+0000] {dag.py:3947} INFO - Setting next_dagrun for minio_to_snowflake_pipeline to 2026-03-31 15:50:00+00:00, run_after=2026-03-31 16:00:00+00:00
[2026-03-31T15:56:04.212+0000] {processor.py:183} INFO - Processing /opt/airflow/dags/minio_to_snowflake.py took 4.816 seconds
[2026-03-31T15:56:34.388+0000] {processor.py:161} INFO - Started process (PID=2066) to work on /opt/airflow/dags/minio_to_snowflake.py
[2026-03-31T15:56:34.390+0000] {processor.py:830} INFO - Processing file /opt/airflow/dags/minio_to_snowflake.py for tasks to queue
[2026-03-31T15:56:34.393+0000] {logging_mixin.py:188} INFO - [2026-03-31T15:56:34.392+0000] {dagbag.py:545} INFO - Filling up the DagBag from /opt/airflow/dags/minio_to_snowflake.py
[2026-03-31T15:56:39.736+0000] {processor.py:840} INFO - DAG(s) 'minio_to_snowflake_pipeline' retrieved from /opt/airflow/dags/minio_to_snowflake.py
[2026-03-31T15:56:40.477+0000] {logging_mixin.py:188} INFO - [2026-03-31T15:56:40.459+0000] {dag.py:3089} INFO - Sync 1 DAGs
[2026-03-31T15:56:40.941+0000] {logging_mixin.py:188} INFO - [2026-03-31T15:56:40.941+0000] {dag.py:3947} INFO - Setting next_dagrun for minio_to_snowflake_pipeline to 2026-03-31 15:50:00+00:00, run_after=2026-03-31 16:00:00+00:00
[2026-03-31T15:56:42.447+0000] {processor.py:183} INFO - Processing /opt/airflow/dags/minio_to_snowflake.py took 8.071 seconds
[2026-03-31T15:57:13.265+0000] {processor.py:161} INFO - Started process (PID=2073) to work on /opt/airflow/dags/minio_to_snowflake.py
[2026-03-31T15:57:13.267+0000] {processor.py:830} INFO - Processing file /opt/airflow/dags/minio_to_snowflake.py for tasks to queue
[2026-03-31T15:57:13.268+0000] {logging_mixin.py:188} INFO - [2026-03-31T15:57:13.268+0000] {dagbag.py:545} INFO - Filling up the DagBag from /opt/airflow/dags/minio_to_snowflake.py
[2026-03-31T15:57:15.362+0000] {processor.py:840} INFO - DAG(s) 'minio_to_snowflake_pipeline' retrieved from /opt/airflow/dags/minio_to_snowflake.py
[2026-03-31T15:57:15.410+0000] {logging_mixin.py:188} INFO - [2026-03-31T15:57:15.409+0000] {dag.py:3089} INFO - Sync 1 DAGs
[2026-03-31T15:57:15.450+0000] {logging_mixin.py:188} INFO - [2026-03-31T15:57:15.450+0000] {dag.py:3947} INFO - Setting next_dagrun for minio_to_snowflake_pipeline to 2026-03-31 15:50:00+00:00, run_after=2026-03-31 16:00:00+00:00
[2026-03-31T15:57:15.480+0000] {processor.py:183} INFO - Processing /opt/airflow/dags/minio_to_snowflake.py took 2.228 seconds
[2026-03-31T15:57:46.144+0000] {processor.py:161} INFO - Started process (PID=2080) to work on /opt/airflow/dags/minio_to_snowflake.py
[2026-03-31T15:57:46.148+0000] {processor.py:830} INFO - Processing file /opt/airflow/dags/minio_to_snowflake.py for tasks to queue
[2026-03-31T15:57:46.153+0000] {logging_mixin.py:188} INFO - [2026-03-31T15:57:46.152+0000] {dagbag.py:545} INFO - Filling up the DagBag from /opt/airflow/dags/minio_to_snowflake.py
[2026-03-31T15:57:48.449+0000] {processor.py:840} INFO - DAG(s) 'minio_to_snowflake_pipeline' retrieved from /opt/airflow/dags/minio_to_snowflake.py
[2026-03-31T15:57:48.493+0000] {logging_mixin.py:188} INFO - [2026-03-31T15:57:48.492+0000] {dag.py:3089} INFO - Sync 1 DAGs
[2026-03-31T15:57:48.550+0000] {logging_mixin.py:188} INFO - [2026-03-31T15:57:48.550+0000] {dag.py:3947} INFO - Setting next_dagrun for minio_to_snowflake_pipeline to 2026-03-31 15:50:00+00:00, run_after=2026-03-31 16:00:00+00:00
[2026-03-31T15:57:48.588+0000] {processor.py:183} INFO - Processing /opt/airflow/dags/minio_to_snowflake.py took 2.484 seconds
[2026-03-31T15:58:19.010+0000] {processor.py:161} INFO - Started process (PID=2087) to work on /opt/airflow/dags/minio_to_snowflake.py
[2026-03-31T15:58:19.014+0000] {processor.py:830} INFO - Processing file /opt/airflow/dags/minio_to_snowflake.py for tasks to queue
[2026-03-31T15:58:19.017+0000] {logging_mixin.py:188} INFO - [2026-03-31T15:58:19.016+0000] {dagbag.py:545} INFO - Filling up the DagBag from /opt/airflow/dags/minio_to_snowflake.py
[2026-03-31T15:58:20.905+0000] {processor.py:840} INFO - DAG(s) 'minio_to_snowflake_pipeline' retrieved from /opt/airflow/dags/minio_to_snowflake.py
[2026-03-31T15:58:20.952+0000] {logging_mixin.py:188} INFO - [2026-03-31T15:58:20.951+0000] {dag.py:3089} INFO - Sync 1 DAGs
[2026-03-31T15:58:20.983+0000] {logging_mixin.py:188} INFO - [2026-03-31T15:58:20.983+0000] {dag.py:3947} INFO - Setting next_dagrun for minio_to_snowflake_pipeline to 2026-03-31 15:50:00+00:00, run_after=2026-03-31 16:00:00+00:00
[2026-03-31T15:58:21.012+0000] {processor.py:183} INFO - Processing /opt/airflow/dags/minio_to_snowflake.py took 2.029 seconds
[2026-03-31T15:58:51.596+0000] {processor.py:161} INFO - Started process (PID=2094) to work on /opt/airflow/dags/minio_to_snowflake.py
[2026-03-31T15:58:51.599+0000] {processor.py:830} INFO - Processing file /opt/airflow/dags/minio_to_snowflake.py for tasks to queue
[2026-03-31T15:58:51.603+0000] {logging_mixin.py:188} INFO - [2026-03-31T15:58:51.602+0000] {dagbag.py:545} INFO - Filling up the DagBag from /opt/airflow/dags/minio_to_snowflake.py
[2026-03-31T15:58:53.867+0000] {processor.py:840} INFO - DAG(s) 'minio_to_snowflake_pipeline' retrieved from /opt/airflow/dags/minio_to_snowflake.py
[2026-03-31T15:58:53.973+0000] {logging_mixin.py:188} INFO - [2026-03-31T15:58:53.969+0000] {dag.py:3089} INFO - Sync 1 DAGs
[2026-03-31T15:58:54.082+0000] {logging_mixin.py:188} INFO - [2026-03-31T15:58:54.081+0000] {dag.py:3947} INFO - Setting next_dagrun for minio_to_snowflake_pipeline to 2026-03-31 15:50:00+00:00, run_after=2026-03-31 16:00:00+00:00
[2026-03-31T15:58:54.142+0000] {processor.py:183} INFO - Processing /opt/airflow/dags/minio_to_snowflake.py took 2.565 seconds
[2026-03-31T15:59:25.070+0000] {processor.py:161} INFO - Started process (PID=2101) to work on /opt/airflow/dags/minio_to_snowflake.py
[2026-03-31T15:59:25.077+0000] {processor.py:830} INFO - Processing file /opt/airflow/dags/minio_to_snowflake.py for tasks to queue
[2026-03-31T15:59:25.083+0000] {logging_mixin.py:188} INFO - [2026-03-31T15:59:25.080+0000] {dagbag.py:545} INFO - Filling up the DagBag from /opt/airflow/dags/minio_to_snowflake.py
[2026-03-31T15:59:27.142+0000] {processor.py:840} INFO - DAG(s) 'minio_to_snowflake_pipeline' retrieved from /opt/airflow/dags/minio_to_snowflake.py
[2026-03-31T15:59:27.182+0000] {logging_mixin.py:188} INFO - [2026-03-31T15:59:27.181+0000] {dag.py:3089} INFO - Sync 1 DAGs
[2026-03-31T15:59:27.220+0000] {logging_mixin.py:188} INFO - [2026-03-31T15:59:27.219+0000] {dag.py:3947} INFO - Setting next_dagrun for minio_to_snowflake_pipeline to 2026-03-31 15:50:00+00:00, run_after=2026-03-31 16:00:00+00:00
[2026-03-31T15:59:27.262+0000] {processor.py:183} INFO - Processing /opt/airflow/dags/minio_to_snowflake.py took 2.251 seconds
[2026-03-31T15:59:57.978+0000] {processor.py:161} INFO - Started process (PID=2108) to work on /opt/airflow/dags/minio_to_snowflake.py
[2026-03-31T15:59:57.981+0000] {processor.py:830} INFO - Processing file /opt/airflow/dags/minio_to_snowflake.py for tasks to queue
[2026-03-31T15:59:57.984+0000] {logging_mixin.py:188} INFO - [2026-03-31T15:59:57.983+0000] {dagbag.py:545} INFO - Filling up the DagBag from /opt/airflow/dags/minio_to_snowflake.py
[2026-03-31T15:59:59.441+0000] {processor.py:840} INFO - DAG(s) 'minio_to_snowflake_pipeline' retrieved from /opt/airflow/dags/minio_to_snowflake.py
[2026-03-31T15:59:59.489+0000] {logging_mixin.py:188} INFO - [2026-03-31T15:59:59.487+0000] {dag.py:3089} INFO - Sync 1 DAGs
[2026-03-31T15:59:59.545+0000] {logging_mixin.py:188} INFO - [2026-03-31T15:59:59.545+0000] {dag.py:3947} INFO - Setting next_dagrun for minio_to_snowflake_pipeline to 2026-03-31 15:50:00+00:00, run_after=2026-03-31 16:00:00+00:00
[2026-03-31T15:59:59.586+0000] {processor.py:183} INFO - Processing /opt/airflow/dags/minio_to_snowflake.py took 1.622 seconds
[2026-03-31T16:00:30.359+0000] {processor.py:161} INFO - Started process (PID=2119) to work on /opt/airflow/dags/minio_to_snowflake.py
[2026-03-31T16:00:30.361+0000] {processor.py:830} INFO - Processing file /opt/airflow/dags/minio_to_snowflake.py for tasks to queue
[2026-03-31T16:00:30.363+0000] {logging_mixin.py:188} INFO - [2026-03-31T16:00:30.362+0000] {dagbag.py:545} INFO - Filling up the DagBag from /opt/airflow/dags/minio_to_snowflake.py
[2026-03-31T16:00:33.411+0000] {processor.py:840} INFO - DAG(s) 'minio_to_snowflake_pipeline' retrieved from /opt/airflow/dags/minio_to_snowflake.py
[2026-03-31T16:00:33.512+0000] {logging_mixin.py:188} INFO - [2026-03-31T16:00:33.511+0000] {dag.py:3089} INFO - Sync 1 DAGs
[2026-03-31T16:00:33.563+0000] {logging_mixin.py:188} INFO - [2026-03-31T16:00:33.562+0000] {dag.py:3947} INFO - Setting next_dagrun for minio_to_snowflake_pipeline to 2026-03-31 16:00:00+00:00, run_after=2026-03-31 16:10:00+00:00
[2026-03-31T16:00:33.600+0000] {processor.py:183} INFO - Processing /opt/airflow/dags/minio_to_snowflake.py took 3.254 seconds
[2026-03-31T16:01:04.571+0000] {processor.py:161} INFO - Started process (PID=2126) to work on /opt/airflow/dags/minio_to_snowflake.py
[2026-03-31T16:01:04.573+0000] {processor.py:830} INFO - Processing file /opt/airflow/dags/minio_to_snowflake.py for tasks to queue
[2026-03-31T16:01:04.574+0000] {logging_mixin.py:188} INFO - [2026-03-31T16:01:04.574+0000] {dagbag.py:545} INFO - Filling up the DagBag from /opt/airflow/dags/minio_to_snowflake.py
[2026-03-31T16:01:06.480+0000] {processor.py:840} INFO - DAG(s) 'minio_to_snowflake_pipeline' retrieved from /opt/airflow/dags/minio_to_snowflake.py
[2026-03-31T16:01:06.551+0000] {logging_mixin.py:188} INFO - [2026-03-31T16:01:06.550+0000] {dag.py:3089} INFO - Sync 1 DAGs
[2026-03-31T16:01:06.615+0000] {logging_mixin.py:188} INFO - [2026-03-31T16:01:06.614+0000] {dag.py:3947} INFO - Setting next_dagrun for minio_to_snowflake_pipeline to 2026-03-31 16:00:00+00:00, run_after=2026-03-31 16:10:00+00:00
[2026-03-31T16:01:06.662+0000] {processor.py:183} INFO - Processing /opt/airflow/dags/minio_to_snowflake.py took 2.102 seconds
[2026-03-31T16:01:37.361+0000] {processor.py:161} INFO - Started process (PID=2133) to work on /opt/airflow/dags/minio_to_snowflake.py
[2026-03-31T16:01:37.365+0000] {processor.py:830} INFO - Processing file /opt/airflow/dags/minio_to_snowflake.py for tasks to queue
[2026-03-31T16:01:37.369+0000] {logging_mixin.py:188} INFO - [2026-03-31T16:01:37.368+0000] {dagbag.py:545} INFO - Filling up the DagBag from /opt/airflow/dags/minio_to_snowflake.py
[2026-03-31T16:01:39.118+0000] {processor.py:840} INFO - DAG(s) 'minio_to_snowflake_pipeline' retrieved from /opt/airflow/dags/minio_to_snowflake.py
[2026-03-31T16:01:39.158+0000] {logging_mixin.py:188} INFO - [2026-03-31T16:01:39.157+0000] {dag.py:3089} INFO - Sync 1 DAGs
[2026-03-31T16:01:39.193+0000] {logging_mixin.py:188} INFO - [2026-03-31T16:01:39.193+0000] {dag.py:3947} INFO - Setting next_dagrun for minio_to_snowflake_pipeline to 2026-03-31 16:00:00+00:00, run_after=2026-03-31 16:10:00+00:00
[2026-03-31T16:01:39.222+0000] {processor.py:183} INFO - Processing /opt/airflow/dags/minio_to_snowflake.py took 1.897 seconds
[2026-03-31T16:02:09.946+0000] {processor.py:161} INFO - Started process (PID=2140) to work on /opt/airflow/dags/minio_to_snowflake.py
[2026-03-31T16:02:09.948+0000] {processor.py:830} INFO - Processing file /opt/airflow/dags/minio_to_snowflake.py for tasks to queue
[2026-03-31T16:02:09.952+0000] {logging_mixin.py:188} INFO - [2026-03-31T16:02:09.951+0000] {dagbag.py:545} INFO - Filling up the DagBag from /opt/airflow/dags/minio_to_snowflake.py
[2026-03-31T16:02:11.851+0000] {processor.py:840} INFO - DAG(s) 'minio_to_snowflake_pipeline' retrieved from /opt/airflow/dags/minio_to_snowflake.py
[2026-03-31T16:02:11.913+0000] {logging_mixin.py:188} INFO - [2026-03-31T16:02:11.913+0000] {dag.py:3089} INFO - Sync 1 DAGs
[2026-03-31T16:02:11.953+0000] {logging_mixin.py:188} INFO - [2026-03-31T16:02:11.953+0000] {dag.py:3947} INFO - Setting next_dagrun for minio_to_snowflake_pipeline to 2026-03-31 16:00:00+00:00, run_after=2026-03-31 16:10:00+00:00
[2026-03-31T16:02:11.985+0000] {processor.py:183} INFO - Processing /opt/airflow/dags/minio_to_snowflake.py took 2.075 seconds
[2026-03-31T16:02:42.793+0000] {processor.py:161} INFO - Started process (PID=2147) to work on /opt/airflow/dags/minio_to_snowflake.py
[2026-03-31T16:02:42.795+0000] {processor.py:830} INFO - Processing file /opt/airflow/dags/minio_to_snowflake.py for tasks to queue
[2026-03-31T16:02:42.797+0000] {logging_mixin.py:188} INFO - [2026-03-31T16:02:42.797+0000] {dagbag.py:545} INFO - Filling up the DagBag from /opt/airflow/dags/minio_to_snowflake.py
[2026-03-31T16:02:45.297+0000] {processor.py:840} INFO - DAG(s) 'minio_to_snowflake_pipeline' retrieved from /opt/airflow/dags/minio_to_snowflake.py
[2026-03-31T16:02:45.363+0000] {logging_mixin.py:188} INFO - [2026-03-31T16:02:45.362+0000] {dag.py:3089} INFO - Sync 1 DAGs
[2026-03-31T16:02:45.522+0000] {logging_mixin.py:188} INFO - [2026-03-31T16:02:45.521+0000] {dag.py:3947} INFO - Setting next_dagrun for minio_to_snowflake_pipeline to 2026-03-31 16:00:00+00:00, run_after=2026-03-31 16:10:00+00:00
[2026-03-31T16:02:45.593+0000] {processor.py:183} INFO - Processing /opt/airflow/dags/minio_to_snowflake.py took 2.819 seconds
[2026-03-31T16:03:16.747+0000] {processor.py:161} INFO - Started process (PID=2154) to work on /opt/airflow/dags/minio_to_snowflake.py
[2026-03-31T16:03:16.757+0000] {processor.py:830} INFO - Processing file /opt/airflow/dags/minio_to_snowflake.py for tasks to queue
[2026-03-31T16:03:16.764+0000] {logging_mixin.py:188} INFO - [2026-03-31T16:03:16.762+0000] {dagbag.py:545} INFO - Filling up the DagBag from /opt/airflow/dags/minio_to_snowflake.py
[2026-03-31T16:03:19.293+0000] {processor.py:840} INFO - DAG(s) 'minio_to_snowflake_pipeline' retrieved from /opt/airflow/dags/minio_to_snowflake.py
[2026-03-31T16:03:19.389+0000] {logging_mixin.py:188} INFO - [2026-03-31T16:03:19.388+0000] {dag.py:3089} INFO - Sync 1 DAGs
[2026-03-31T16:03:19.443+0000] {logging_mixin.py:188} INFO - [2026-03-31T16:03:19.443+0000] {dag.py:3947} INFO - Setting next_dagrun for minio_to_snowflake_pipeline to 2026-03-31 16:00:00+00:00, run_after=2026-03-31 16:10:00+00:00
[2026-03-31T16:03:19.515+0000] {processor.py:183} INFO - Processing /opt/airflow/dags/minio_to_snowflake.py took 2.805 seconds
[2026-03-31T16:03:50.741+0000] {processor.py:161} INFO - Started process (PID=2161) to work on /opt/airflow/dags/minio_to_snowflake.py
[2026-03-31T16:03:50.743+0000] {processor.py:830} INFO - Processing file /opt/airflow/dags/minio_to_snowflake.py for tasks to queue
[2026-03-31T16:03:50.755+0000] {logging_mixin.py:188} INFO - [2026-03-31T16:03:50.754+0000] {dagbag.py:545} INFO - Filling up the DagBag from /opt/airflow/dags/minio_to_snowflake.py
[2026-03-31T16:03:57.528+0000] {processor.py:840} INFO - DAG(s) 'minio_to_snowflake_pipeline' retrieved from /opt/airflow/dags/minio_to_snowflake.py
[2026-03-31T16:03:57.612+0000] {logging_mixin.py:188} INFO - [2026-03-31T16:03:57.611+0000] {dag.py:3089} INFO - Sync 1 DAGs
[2026-03-31T16:03:57.679+0000] {logging_mixin.py:188} INFO - [2026-03-31T16:03:57.679+0000] {dag.py:3947} INFO - Setting next_dagrun for minio_to_snowflake_pipeline to 2026-03-31 16:00:00+00:00, run_after=2026-03-31 16:10:00+00:00
[2026-03-31T16:03:58.230+0000] {processor.py:183} INFO - Processing /opt/airflow/dags/minio_to_snowflake.py took 7.549 seconds
[2026-03-31T16:04:29.446+0000] {processor.py:161} INFO - Started process (PID=2168) to work on /opt/airflow/dags/minio_to_snowflake.py
[2026-03-31T16:04:29.450+0000] {processor.py:830} INFO - Processing file /opt/airflow/dags/minio_to_snowflake.py for tasks to queue
[2026-03-31T16:04:29.455+0000] {logging_mixin.py:188} INFO - [2026-03-31T16:04:29.454+0000] {dagbag.py:545} INFO - Filling up the DagBag from /opt/airflow/dags/minio_to_snowflake.py
[2026-03-31T16:04:34.755+0000] {processor.py:840} INFO - DAG(s) 'minio_to_snowflake_pipeline' retrieved from /opt/airflow/dags/minio_to_snowflake.py
[2026-03-31T16:04:34.815+0000] {logging_mixin.py:188} INFO - [2026-03-31T16:04:34.813+0000] {dag.py:3089} INFO - Sync 1 DAGs
[2026-03-31T16:04:34.849+0000] {logging_mixin.py:188} INFO - [2026-03-31T16:04:34.849+0000] {dag.py:3947} INFO - Setting next_dagrun for minio_to_snowflake_pipeline to 2026-03-31 16:00:00+00:00, run_after=2026-03-31 16:10:00+00:00
[2026-03-31T16:04:34.887+0000] {processor.py:183} INFO - Processing /opt/airflow/dags/minio_to_snowflake.py took 5.485 seconds
[2026-03-31T16:05:05.609+0000] {processor.py:161} INFO - Started process (PID=2175) to work on /opt/airflow/dags/minio_to_snowflake.py
[2026-03-31T16:05:05.611+0000] {processor.py:830} INFO - Processing file /opt/airflow/dags/minio_to_snowflake.py for tasks to queue
[2026-03-31T16:05:05.614+0000] {logging_mixin.py:188} INFO - [2026-03-31T16:05:05.613+0000] {dagbag.py:545} INFO - Filling up the DagBag from /opt/airflow/dags/minio_to_snowflake.py
[2026-03-31T16:05:08.383+0000] {processor.py:840} INFO - DAG(s) 'minio_to_snowflake_pipeline' retrieved from /opt/airflow/dags/minio_to_snowflake.py
[2026-03-31T16:05:08.448+0000] {logging_mixin.py:188} INFO - [2026-03-31T16:05:08.447+0000] {dag.py:3089} INFO - Sync 1 DAGs
[2026-03-31T16:05:08.513+0000] {logging_mixin.py:188} INFO - [2026-03-31T16:05:08.512+0000] {dag.py:3947} INFO - Setting next_dagrun for minio_to_snowflake_pipeline to 2026-03-31 16:00:00+00:00, run_after=2026-03-31 16:10:00+00:00
[2026-03-31T16:05:08.564+0000] {processor.py:183} INFO - Processing /opt/airflow/dags/minio_to_snowflake.py took 3.002 seconds
[2026-03-31T16:05:39.253+0000] {processor.py:161} INFO - Started process (PID=2182) to work on /opt/airflow/dags/minio_to_snowflake.py
[2026-03-31T16:05:39.256+0000] {processor.py:830} INFO - Processing file /opt/airflow/dags/minio_to_snowflake.py for tasks to queue
[2026-03-31T16:05:39.260+0000] {logging_mixin.py:188} INFO - [2026-03-31T16:05:39.259+0000] {dagbag.py:545} INFO - Filling up the DagBag from /opt/airflow/dags/minio_to_snowflake.py
[2026-03-31T16:05:42.499+0000] {processor.py:840} INFO - DAG(s) 'minio_to_snowflake_pipeline' retrieved from /opt/airflow/dags/minio_to_snowflake.py
[2026-03-31T16:05:42.600+0000] {logging_mixin.py:188} INFO - [2026-03-31T16:05:42.599+0000] {dag.py:3089} INFO - Sync 1 DAGs
[2026-03-31T16:05:42.700+0000] {logging_mixin.py:188} INFO - [2026-03-31T16:05:42.698+0000] {dag.py:3947} INFO - Setting next_dagrun for minio_to_snowflake_pipeline to 2026-03-31 16:00:00+00:00, run_after=2026-03-31 16:10:00+00:00
[2026-03-31T16:05:42.757+0000] {processor.py:183} INFO - Processing /opt/airflow/dags/minio_to_snowflake.py took 3.538 seconds
[2026-03-31T16:06:13.050+0000] {processor.py:161} INFO - Started process (PID=2189) to work on /opt/airflow/dags/minio_to_snowflake.py
[2026-03-31T16:06:13.054+0000] {processor.py:830} INFO - Processing file /opt/airflow/dags/minio_to_snowflake.py for tasks to queue
[2026-03-31T16:06:13.062+0000] {logging_mixin.py:188} INFO - [2026-03-31T16:06:13.060+0000] {dagbag.py:545} INFO - Filling up the DagBag from /opt/airflow/dags/minio_to_snowflake.py
[2026-03-31T16:06:16.683+0000] {processor.py:840} INFO - DAG(s) 'minio_to_snowflake_pipeline' retrieved from /opt/airflow/dags/minio_to_snowflake.py
[2026-03-31T16:06:17.610+0000] {logging_mixin.py:188} INFO - [2026-03-31T16:06:17.609+0000] {dag.py:3089} INFO - Sync 1 DAGs
[2026-03-31T16:06:17.943+0000] {logging_mixin.py:188} INFO - [2026-03-31T16:06:17.943+0000] {dag.py:3947} INFO - Setting next_dagrun for minio_to_snowflake_pipeline to 2026-03-31 16:00:00+00:00, run_after=2026-03-31 16:10:00+00:00
[2026-03-31T16:06:18.529+0000] {processor.py:183} INFO - Processing /opt/airflow/dags/minio_to_snowflake.py took 5.503 seconds
[2026-03-31T16:06:49.277+0000] {processor.py:161} INFO - Started process (PID=2196) to work on /opt/airflow/dags/minio_to_snowflake.py
[2026-03-31T16:06:49.297+0000] {processor.py:830} INFO - Processing file /opt/airflow/dags/minio_to_snowflake.py for tasks to queue
[2026-03-31T16:06:49.321+0000] {logging_mixin.py:188} INFO - [2026-03-31T16:06:49.320+0000] {dagbag.py:545} INFO - Filling up the DagBag from /opt/airflow/dags/minio_to_snowflake.py
[2026-03-31T16:06:54.942+0000] {processor.py:840} INFO - DAG(s) 'minio_to_snowflake_pipeline' retrieved from /opt/airflow/dags/minio_to_snowflake.py
[2026-03-31T16:06:54.984+0000] {logging_mixin.py:188} INFO - [2026-03-31T16:06:54.981+0000] {dag.py:3089} INFO - Sync 1 DAGs
[2026-03-31T16:06:55.019+0000] {logging_mixin.py:188} INFO - [2026-03-31T16:06:55.019+0000] {dag.py:3947} INFO - Setting next_dagrun for minio_to_snowflake_pipeline to 2026-03-31 16:00:00+00:00, run_after=2026-03-31 16:10:00+00:00
[2026-03-31T16:06:55.050+0000] {processor.py:183} INFO - Processing /opt/airflow/dags/minio_to_snowflake.py took 5.863 seconds
[2026-03-31T16:07:25.878+0000] {processor.py:161} INFO - Started process (PID=2203) to work on /opt/airflow/dags/minio_to_snowflake.py
[2026-03-31T16:07:25.884+0000] {processor.py:830} INFO - Processing file /opt/airflow/dags/minio_to_snowflake.py for tasks to queue
[2026-03-31T16:07:25.889+0000] {logging_mixin.py:188} INFO - [2026-03-31T16:07:25.887+0000] {dagbag.py:545} INFO - Filling up the DagBag from /opt/airflow/dags/minio_to_snowflake.py
[2026-03-31T16:07:27.814+0000] {processor.py:840} INFO - DAG(s) 'minio_to_snowflake_pipeline' retrieved from /opt/airflow/dags/minio_to_snowflake.py
[2026-03-31T16:07:27.853+0000] {logging_mixin.py:188} INFO - [2026-03-31T16:07:27.853+0000] {dag.py:3089} INFO - Sync 1 DAGs
[2026-03-31T16:07:27.912+0000] {logging_mixin.py:188} INFO - [2026-03-31T16:07:27.911+0000] {dag.py:3947} INFO - Setting next_dagrun for minio_to_snowflake_pipeline to 2026-03-31 16:00:00+00:00, run_after=2026-03-31 16:10:00+00:00
[2026-03-31T16:07:27.950+0000] {processor.py:183} INFO - Processing /opt/airflow/dags/minio_to_snowflake.py took 2.111 seconds
[2026-03-31T16:07:58.503+0000] {processor.py:161} INFO - Started process (PID=2210) to work on /opt/airflow/dags/minio_to_snowflake.py
[2026-03-31T16:07:58.506+0000] {processor.py:830} INFO - Processing file /opt/airflow/dags/minio_to_snowflake.py for tasks to queue
[2026-03-31T16:07:58.508+0000] {logging_mixin.py:188} INFO - [2026-03-31T16:07:58.507+0000] {dagbag.py:545} INFO - Filling up the DagBag from /opt/airflow/dags/minio_to_snowflake.py
[2026-03-31T16:08:00.470+0000] {processor.py:840} INFO - DAG(s) 'minio_to_snowflake_pipeline' retrieved from /opt/airflow/dags/minio_to_snowflake.py
[2026-03-31T16:08:00.515+0000] {logging_mixin.py:188} INFO - [2026-03-31T16:08:00.514+0000] {dag.py:3089} INFO - Sync 1 DAGs
[2026-03-31T16:08:00.546+0000] {logging_mixin.py:188} INFO - [2026-03-31T16:08:00.545+0000] {dag.py:3947} INFO - Setting next_dagrun for minio_to_snowflake_pipeline to 2026-03-31 16:00:00+00:00, run_after=2026-03-31 16:10:00+00:00
[2026-03-31T16:08:00.573+0000] {processor.py:183} INFO - Processing /opt/airflow/dags/minio_to_snowflake.py took 2.088 seconds
[2026-03-31T16:08:31.152+0000] {processor.py:161} INFO - Started process (PID=2217) to work on /opt/airflow/dags/minio_to_snowflake.py
[2026-03-31T16:08:31.158+0000] {processor.py:830} INFO - Processing file /opt/airflow/dags/minio_to_snowflake.py for tasks to queue
[2026-03-31T16:08:31.163+0000] {logging_mixin.py:188} INFO - [2026-03-31T16:08:31.162+0000] {dagbag.py:545} INFO - Filling up the DagBag from /opt/airflow/dags/minio_to_snowflake.py
[2026-03-31T16:08:33.982+0000] {processor.py:840} INFO - DAG(s) 'minio_to_snowflake_pipeline' retrieved from /opt/airflow/dags/minio_to_snowflake.py
[2026-03-31T16:08:34.038+0000] {logging_mixin.py:188} INFO - [2026-03-31T16:08:34.037+0000] {dag.py:3089} INFO - Sync 1 DAGs
[2026-03-31T16:08:34.079+0000] {logging_mixin.py:188} INFO - [2026-03-31T16:08:34.079+0000] {dag.py:3947} INFO - Setting next_dagrun for minio_to_snowflake_pipeline to 2026-03-31 16:00:00+00:00, run_after=2026-03-31 16:10:00+00:00
[2026-03-31T16:08:34.113+0000] {processor.py:183} INFO - Processing /opt/airflow/dags/minio_to_snowflake.py took 2.991 seconds
[2026-03-31T16:09:04.957+0000] {processor.py:161} INFO - Started process (PID=2224) to work on /opt/airflow/dags/minio_to_snowflake.py
[2026-03-31T16:09:04.960+0000] {processor.py:830} INFO - Processing file /opt/airflow/dags/minio_to_snowflake.py for tasks to queue
[2026-03-31T16:09:04.964+0000] {logging_mixin.py:188} INFO - [2026-03-31T16:09:04.962+0000] {dagbag.py:545} INFO - Filling up the DagBag from /opt/airflow/dags/minio_to_snowflake.py
[2026-03-31T16:09:06.927+0000] {processor.py:840} INFO - DAG(s) 'minio_to_snowflake_pipeline' retrieved from /opt/airflow/dags/minio_to_snowflake.py
[2026-03-31T16:09:06.972+0000] {logging_mixin.py:188} INFO - [2026-03-31T16:09:06.971+0000] {dag.py:3089} INFO - Sync 1 DAGs
[2026-03-31T16:09:07.007+0000] {logging_mixin.py:188} INFO - [2026-03-31T16:09:07.007+0000] {dag.py:3947} INFO - Setting next_dagrun for minio_to_snowflake_pipeline to 2026-03-31 16:00:00+00:00, run_after=2026-03-31 16:10:00+00:00
[2026-03-31T16:09:07.036+0000] {processor.py:183} INFO - Processing /opt/airflow/dags/minio_to_snowflake.py took 2.095 seconds
[2026-03-31T16:09:37.629+0000] {processor.py:161} INFO - Started process (PID=2231) to work on /opt/airflow/dags/minio_to_snowflake.py
[2026-03-31T16:09:37.633+0000] {processor.py:830} INFO - Processing file /opt/airflow/dags/minio_to_snowflake.py for tasks to queue
[2026-03-31T16:09:37.636+0000] {logging_mixin.py:188} INFO - [2026-03-31T16:09:37.635+0000] {dagbag.py:545} INFO - Filling up the DagBag from /opt/airflow/dags/minio_to_snowflake.py
[2026-03-31T16:09:41.490+0000] {processor.py:840} INFO - DAG(s) 'minio_to_snowflake_pipeline' retrieved from /opt/airflow/dags/minio_to_snowflake.py
[2026-03-31T16:09:41.629+0000] {logging_mixin.py:188} INFO - [2026-03-31T16:09:41.628+0000] {dag.py:3089} INFO - Sync 1 DAGs
[2026-03-31T16:09:41.733+0000] {logging_mixin.py:188} INFO - [2026-03-31T16:09:41.733+0000] {dag.py:3947} INFO - Setting next_dagrun for minio_to_snowflake_pipeline to 2026-03-31 16:00:00+00:00, run_after=2026-03-31 16:10:00+00:00
[2026-03-31T16:09:42.329+0000] {processor.py:183} INFO - Processing /opt/airflow/dags/minio_to_snowflake.py took 4.714 seconds
[2026-03-31T16:10:12.559+0000] {processor.py:161} INFO - Started process (PID=2242) to work on /opt/airflow/dags/minio_to_snowflake.py
[2026-03-31T16:10:12.562+0000] {processor.py:830} INFO - Processing file /opt/airflow/dags/minio_to_snowflake.py for tasks to queue
[2026-03-31T16:10:12.572+0000] {logging_mixin.py:188} INFO - [2026-03-31T16:10:12.571+0000] {dagbag.py:545} INFO - Filling up the DagBag from /opt/airflow/dags/minio_to_snowflake.py
[2026-03-31T16:10:14.853+0000] {processor.py:840} INFO - DAG(s) 'minio_to_snowflake_pipeline' retrieved from /opt/airflow/dags/minio_to_snowflake.py
[2026-03-31T16:10:14.893+0000] {logging_mixin.py:188} INFO - [2026-03-31T16:10:14.892+0000] {dag.py:3089} INFO - Sync 1 DAGs
[2026-03-31T16:10:14.928+0000] {logging_mixin.py:188} INFO - [2026-03-31T16:10:14.927+0000] {dag.py:3947} INFO - Setting next_dagrun for minio_to_snowflake_pipeline to 2026-03-31 16:10:00+00:00, run_after=2026-03-31 16:20:00+00:00
[2026-03-31T16:10:14.964+0000] {processor.py:183} INFO - Processing /opt/airflow/dags/minio_to_snowflake.py took 2.441 seconds
[2026-03-31T16:10:45.843+0000] {processor.py:161} INFO - Started process (PID=2249) to work on /opt/airflow/dags/minio_to_snowflake.py
[2026-03-31T16:10:45.845+0000] {processor.py:830} INFO - Processing file /opt/airflow/dags/minio_to_snowflake.py for tasks to queue
[2026-03-31T16:10:45.847+0000] {logging_mixin.py:188} INFO - [2026-03-31T16:10:45.846+0000] {dagbag.py:545} INFO - Filling up the DagBag from /opt/airflow/dags/minio_to_snowflake.py
[2026-03-31T16:10:49.424+0000] {processor.py:840} INFO - DAG(s) 'minio_to_snowflake_pipeline' retrieved from /opt/airflow/dags/minio_to_snowflake.py
[2026-03-31T16:10:49.677+0000] {logging_mixin.py:188} INFO - [2026-03-31T16:10:49.675+0000] {dag.py:3089} INFO - Sync 1 DAGs
[2026-03-31T16:10:49.788+0000] {logging_mixin.py:188} INFO - [2026-03-31T16:10:49.787+0000] {dag.py:3947} INFO - Setting next_dagrun for minio_to_snowflake_pipeline to 2026-03-31 16:10:00+00:00, run_after=2026-03-31 16:20:00+00:00
[2026-03-31T16:10:49.826+0000] {processor.py:183} INFO - Processing /opt/airflow/dags/minio_to_snowflake.py took 3.997 seconds
[2026-03-31T16:11:20.505+0000] {processor.py:161} INFO - Started process (PID=2256) to work on /opt/airflow/dags/minio_to_snowflake.py
[2026-03-31T16:11:20.507+0000] {processor.py:830} INFO - Processing file /opt/airflow/dags/minio_to_snowflake.py for tasks to queue
[2026-03-31T16:11:20.509+0000] {logging_mixin.py:188} INFO - [2026-03-31T16:11:20.508+0000] {dagbag.py:545} INFO - Filling up the DagBag from /opt/airflow/dags/minio_to_snowflake.py
[2026-03-31T16:11:22.294+0000] {processor.py:840} INFO - DAG(s) 'minio_to_snowflake_pipeline' retrieved from /opt/airflow/dags/minio_to_snowflake.py
[2026-03-31T16:11:22.333+0000] {logging_mixin.py:188} INFO - [2026-03-31T16:11:22.333+0000] {dag.py:3089} INFO - Sync 1 DAGs
[2026-03-31T16:11:22.377+0000] {logging_mixin.py:188} INFO - [2026-03-31T16:11:22.376+0000] {dag.py:3947} INFO - Setting next_dagrun for minio_to_snowflake_pipeline to 2026-03-31 16:10:00+00:00, run_after=2026-03-31 16:20:00+00:00
[2026-03-31T16:11:22.414+0000] {processor.py:183} INFO - Processing /opt/airflow/dags/minio_to_snowflake.py took 1.919 seconds
[2026-03-31T16:11:52.621+0000] {processor.py:161} INFO - Started process (PID=2263) to work on /opt/airflow/dags/minio_to_snowflake.py
[2026-03-31T16:11:52.625+0000] {processor.py:830} INFO - Processing file /opt/airflow/dags/minio_to_snowflake.py for tasks to queue
[2026-03-31T16:11:52.632+0000] {logging_mixin.py:188} INFO - [2026-03-31T16:11:52.628+0000] {dagbag.py:545} INFO - Filling up the DagBag from /opt/airflow/dags/minio_to_snowflake.py
[2026-03-31T16:11:58.815+0000] {processor.py:840} INFO - DAG(s) 'minio_to_snowflake_pipeline' retrieved from /opt/airflow/dags/minio_to_snowflake.py
[2026-03-31T16:12:00.918+0000] {logging_mixin.py:188} INFO - [2026-03-31T16:12:00.916+0000] {dag.py:3089} INFO - Sync 1 DAGs
[2026-03-31T16:12:01.040+0000] {logging_mixin.py:188} INFO - [2026-03-31T16:12:01.040+0000] {dag.py:3947} INFO - Setting next_dagrun for minio_to_snowflake_pipeline to 2026-03-31 16:10:00+00:00, run_after=2026-03-31 16:20:00+00:00
[2026-03-31T16:12:01.206+0000] {processor.py:183} INFO - Processing /opt/airflow/dags/minio_to_snowflake.py took 8.622 seconds
[2026-03-31T16:12:31.718+0000] {processor.py:161} INFO - Started process (PID=2270) to work on /opt/airflow/dags/minio_to_snowflake.py
[2026-03-31T16:12:31.721+0000] {processor.py:830} INFO - Processing file /opt/airflow/dags/minio_to_snowflake.py for tasks to queue
[2026-03-31T16:12:31.724+0000] {logging_mixin.py:188} INFO - [2026-03-31T16:12:31.723+0000] {dagbag.py:545} INFO - Filling up the DagBag from /opt/airflow/dags/minio_to_snowflake.py
[2026-03-31T16:12:33.575+0000] {processor.py:840} INFO - DAG(s) 'minio_to_snowflake_pipeline' retrieved from /opt/airflow/dags/minio_to_snowflake.py
[2026-03-31T16:12:33.634+0000] {logging_mixin.py:188} INFO - [2026-03-31T16:12:33.633+0000] {dag.py:3089} INFO - Sync 1 DAGs
[2026-03-31T16:12:33.666+0000] {logging_mixin.py:188} INFO - [2026-03-31T16:12:33.666+0000] {dag.py:3947} INFO - Setting next_dagrun for minio_to_snowflake_pipeline to 2026-03-31 16:10:00+00:00, run_after=2026-03-31 16:20:00+00:00
[2026-03-31T16:12:33.702+0000] {processor.py:183} INFO - Processing /opt/airflow/dags/minio_to_snowflake.py took 2.002 seconds
[2026-03-31T16:13:04.525+0000] {processor.py:161} INFO - Started process (PID=2277) to work on /opt/airflow/dags/minio_to_snowflake.py
[2026-03-31T16:13:04.527+0000] {processor.py:830} INFO - Processing file /opt/airflow/dags/minio_to_snowflake.py for tasks to queue
[2026-03-31T16:13:04.529+0000] {logging_mixin.py:188} INFO - [2026-03-31T16:13:04.528+0000] {dagbag.py:545} INFO - Filling up the DagBag from /opt/airflow/dags/minio_to_snowflake.py
[2026-03-31T16:13:06.601+0000] {processor.py:840} INFO - DAG(s) 'minio_to_snowflake_pipeline' retrieved from /opt/airflow/dags/minio_to_snowflake.py
[2026-03-31T16:13:06.641+0000] {logging_mixin.py:188} INFO - [2026-03-31T16:13:06.640+0000] {dag.py:3089} INFO - Sync 1 DAGs
[2026-03-31T16:13:06.679+0000] {logging_mixin.py:188} INFO - [2026-03-31T16:13:06.678+0000] {dag.py:3947} INFO - Setting next_dagrun for minio_to_snowflake_pipeline to 2026-03-31 16:10:00+00:00, run_after=2026-03-31 16:20:00+00:00
[2026-03-31T16:13:06.718+0000] {processor.py:183} INFO - Processing /opt/airflow/dags/minio_to_snowflake.py took 2.205 seconds
[2026-03-31T16:13:37.813+0000] {processor.py:161} INFO - Started process (PID=2284) to work on /opt/airflow/dags/minio_to_snowflake.py
[2026-03-31T16:13:37.816+0000] {processor.py:830} INFO - Processing file /opt/airflow/dags/minio_to_snowflake.py for tasks to queue
[2026-03-31T16:13:37.818+0000] {logging_mixin.py:188} INFO - [2026-03-31T16:13:37.817+0000] {dagbag.py:545} INFO - Filling up the DagBag from /opt/airflow/dags/minio_to_snowflake.py
[2026-03-31T16:13:40.765+0000] {processor.py:840} INFO - DAG(s) 'minio_to_snowflake_pipeline' retrieved from /opt/airflow/dags/minio_to_snowflake.py
[2026-03-31T16:13:40.812+0000] {logging_mixin.py:188} INFO - [2026-03-31T16:13:40.811+0000] {dag.py:3089} INFO - Sync 1 DAGs
[2026-03-31T16:13:40.850+0000] {logging_mixin.py:188} INFO - [2026-03-31T16:13:40.849+0000] {dag.py:3947} INFO - Setting next_dagrun for minio_to_snowflake_pipeline to 2026-03-31 16:10:00+00:00, run_after=2026-03-31 16:20:00+00:00
[2026-03-31T16:13:40.886+0000] {processor.py:183} INFO - Processing /opt/airflow/dags/minio_to_snowflake.py took 3.088 seconds
[2026-03-31T16:14:11.835+0000] {processor.py:161} INFO - Started process (PID=2291) to work on /opt/airflow/dags/minio_to_snowflake.py
[2026-03-31T16:14:11.836+0000] {processor.py:830} INFO - Processing file /opt/airflow/dags/minio_to_snowflake.py for tasks to queue
[2026-03-31T16:14:11.838+0000] {logging_mixin.py:188} INFO - [2026-03-31T16:14:11.837+0000] {dagbag.py:545} INFO - Filling up the DagBag from /opt/airflow/dags/minio_to_snowflake.py
[2026-03-31T16:14:14.318+0000] {processor.py:840} INFO - DAG(s) 'minio_to_snowflake_pipeline' retrieved from /opt/airflow/dags/minio_to_snowflake.py
[2026-03-31T16:14:14.433+0000] {logging_mixin.py:188} INFO - [2026-03-31T16:14:14.432+0000] {dag.py:3089} INFO - Sync 1 DAGs
[2026-03-31T16:14:14.499+0000] {logging_mixin.py:188} INFO - [2026-03-31T16:14:14.499+0000] {dag.py:3947} INFO - Setting next_dagrun for minio_to_snowflake_pipeline to 2026-03-31 16:10:00+00:00, run_after=2026-03-31 16:20:00+00:00
[2026-03-31T16:14:14.545+0000] {processor.py:183} INFO - Processing /opt/airflow/dags/minio_to_snowflake.py took 2.731 seconds
[2026-03-31T16:14:44.835+0000] {processor.py:161} INFO - Started process (PID=2298) to work on /opt/airflow/dags/minio_to_snowflake.py
[2026-03-31T16:14:44.836+0000] {processor.py:830} INFO - Processing file /opt/airflow/dags/minio_to_snowflake.py for tasks to queue
[2026-03-31T16:14:44.839+0000] {logging_mixin.py:188} INFO - [2026-03-31T16:14:44.838+0000] {dagbag.py:545} INFO - Filling up the DagBag from /opt/airflow/dags/minio_to_snowflake.py
[2026-03-31T16:14:47.372+0000] {processor.py:840} INFO - DAG(s) 'minio_to_snowflake_pipeline' retrieved from /opt/airflow/dags/minio_to_snowflake.py
[2026-03-31T16:14:47.422+0000] {logging_mixin.py:188} INFO - [2026-03-31T16:14:47.421+0000] {dag.py:3089} INFO - Sync 1 DAGs
[2026-03-31T16:14:47.457+0000] {logging_mixin.py:188} INFO - [2026-03-31T16:14:47.457+0000] {dag.py:3947} INFO - Setting next_dagrun for minio_to_snowflake_pipeline to 2026-03-31 16:10:00+00:00, run_after=2026-03-31 16:20:00+00:00
[2026-03-31T16:14:47.489+0000] {processor.py:183} INFO - Processing /opt/airflow/dags/minio_to_snowflake.py took 2.669 seconds
[2026-03-31T16:15:18.205+0000] {processor.py:161} INFO - Started process (PID=2305) to work on /opt/airflow/dags/minio_to_snowflake.py
[2026-03-31T16:15:18.207+0000] {processor.py:830} INFO - Processing file /opt/airflow/dags/minio_to_snowflake.py for tasks to queue
[2026-03-31T16:15:18.209+0000] {logging_mixin.py:188} INFO - [2026-03-31T16:15:18.208+0000] {dagbag.py:545} INFO - Filling up the DagBag from /opt/airflow/dags/minio_to_snowflake.py
[2026-03-31T16:15:20.528+0000] {processor.py:840} INFO - DAG(s) 'minio_to_snowflake_pipeline' retrieved from /opt/airflow/dags/minio_to_snowflake.py
[2026-03-31T16:15:20.599+0000] {logging_mixin.py:188} INFO - [2026-03-31T16:15:20.598+0000] {dag.py:3089} INFO - Sync 1 DAGs
[2026-03-31T16:15:20.657+0000] {logging_mixin.py:188} INFO - [2026-03-31T16:15:20.656+0000] {dag.py:3947} INFO - Setting next_dagrun for minio_to_snowflake_pipeline to 2026-03-31 16:10:00+00:00, run_after=2026-03-31 16:20:00+00:00
[2026-03-31T16:15:20.703+0000] {processor.py:183} INFO - Processing /opt/airflow/dags/minio_to_snowflake.py took 2.511 seconds
[2026-03-31T16:15:50.960+0000] {processor.py:161} INFO - Started process (PID=2312) to work on /opt/airflow/dags/minio_to_snowflake.py
[2026-03-31T16:15:50.966+0000] {processor.py:830} INFO - Processing file /opt/airflow/dags/minio_to_snowflake.py for tasks to queue
[2026-03-31T16:15:50.971+0000] {logging_mixin.py:188} INFO - [2026-03-31T16:15:50.969+0000] {dagbag.py:545} INFO - Filling up the DagBag from /opt/airflow/dags/minio_to_snowflake.py
[2026-03-31T16:15:53.374+0000] {processor.py:840} INFO - DAG(s) 'minio_to_snowflake_pipeline' retrieved from /opt/airflow/dags/minio_to_snowflake.py
[2026-03-31T16:15:53.416+0000] {logging_mixin.py:188} INFO - [2026-03-31T16:15:53.415+0000] {dag.py:3089} INFO - Sync 1 DAGs
[2026-03-31T16:15:53.458+0000] {logging_mixin.py:188} INFO - [2026-03-31T16:15:53.458+0000] {dag.py:3947} INFO - Setting next_dagrun for minio_to_snowflake_pipeline to 2026-03-31 16:10:00+00:00, run_after=2026-03-31 16:20:00+00:00
[2026-03-31T16:15:53.488+0000] {processor.py:183} INFO - Processing /opt/airflow/dags/minio_to_snowflake.py took 2.563 seconds
[2026-03-31T16:16:24.081+0000] {processor.py:161} INFO - Started process (PID=2319) to work on /opt/airflow/dags/minio_to_snowflake.py
[2026-03-31T16:16:24.087+0000] {processor.py:830} INFO - Processing file /opt/airflow/dags/minio_to_snowflake.py for tasks to queue
[2026-03-31T16:16:24.095+0000] {logging_mixin.py:188} INFO - [2026-03-31T16:16:24.092+0000] {dagbag.py:545} INFO - Filling up the DagBag from /opt/airflow/dags/minio_to_snowflake.py
[2026-03-31T16:16:26.295+0000] {processor.py:840} INFO - DAG(s) 'minio_to_snowflake_pipeline' retrieved from /opt/airflow/dags/minio_to_snowflake.py
[2026-03-31T16:16:26.348+0000] {logging_mixin.py:188} INFO - [2026-03-31T16:16:26.347+0000] {dag.py:3089} INFO - Sync 1 DAGs
[2026-03-31T16:16:26.396+0000] {logging_mixin.py:188} INFO - [2026-03-31T16:16:26.395+0000] {dag.py:3947} INFO - Setting next_dagrun for minio_to_snowflake_pipeline to 2026-03-31 16:10:00+00:00, run_after=2026-03-31 16:20:00+00:00
[2026-03-31T16:16:26.444+0000] {processor.py:183} INFO - Processing /opt/airflow/dags/minio_to_snowflake.py took 2.417 seconds
[2026-03-31T16:16:57.028+0000] {processor.py:161} INFO - Started process (PID=2326) to work on /opt/airflow/dags/minio_to_snowflake.py
[2026-03-31T16:16:57.034+0000] {processor.py:830} INFO - Processing file /opt/airflow/dags/minio_to_snowflake.py for tasks to queue
[2026-03-31T16:16:57.041+0000] {logging_mixin.py:188} INFO - [2026-03-31T16:16:57.039+0000] {dagbag.py:545} INFO - Filling up the DagBag from /opt/airflow/dags/minio_to_snowflake.py
[2026-03-31T16:16:58.750+0000] {processor.py:840} INFO - DAG(s) 'minio_to_snowflake_pipeline' retrieved from /opt/airflow/dags/minio_to_snowflake.py
[2026-03-31T16:16:58.797+0000] {logging_mixin.py:188} INFO - [2026-03-31T16:16:58.796+0000] {dag.py:3089} INFO - Sync 1 DAGs
[2026-03-31T16:16:58.836+0000] {logging_mixin.py:188} INFO - [2026-03-31T16:16:58.836+0000] {dag.py:3947} INFO - Setting next_dagrun for minio_to_snowflake_pipeline to 2026-03-31 16:10:00+00:00, run_after=2026-03-31 16:20:00+00:00
[2026-03-31T16:16:58.862+0000] {processor.py:183} INFO - Processing /opt/airflow/dags/minio_to_snowflake.py took 1.876 seconds
[2026-03-31T16:17:29.590+0000] {processor.py:161} INFO - Started process (PID=2333) to work on /opt/airflow/dags/minio_to_snowflake.py
[2026-03-31T16:17:29.592+0000] {processor.py:830} INFO - Processing file /opt/airflow/dags/minio_to_snowflake.py for tasks to queue
[2026-03-31T16:17:29.595+0000] {logging_mixin.py:188} INFO - [2026-03-31T16:17:29.594+0000] {dagbag.py:545} INFO - Filling up the DagBag from /opt/airflow/dags/minio_to_snowflake.py
[2026-03-31T16:17:32.004+0000] {processor.py:840} INFO - DAG(s) 'minio_to_snowflake_pipeline' retrieved from /opt/airflow/dags/minio_to_snowflake.py
[2026-03-31T16:17:32.096+0000] {logging_mixin.py:188} INFO - [2026-03-31T16:17:32.095+0000] {dag.py:3089} INFO - Sync 1 DAGs
[2026-03-31T16:17:32.137+0000] {logging_mixin.py:188} INFO - [2026-03-31T16:17:32.136+0000] {dag.py:3947} INFO - Setting next_dagrun for minio_to_snowflake_pipeline to 2026-03-31 16:10:00+00:00, run_after=2026-03-31 16:20:00+00:00
[2026-03-31T16:17:32.181+0000] {processor.py:183} INFO - Processing /opt/airflow/dags/minio_to_snowflake.py took 2.607 seconds
[2026-03-31T16:18:02.501+0000] {processor.py:161} INFO - Started process (PID=2340) to work on /opt/airflow/dags/minio_to_snowflake.py
[2026-03-31T16:18:02.506+0000] {processor.py:830} INFO - Processing file /opt/airflow/dags/minio_to_snowflake.py for tasks to queue
[2026-03-31T16:18:02.511+0000] {logging_mixin.py:188} INFO - [2026-03-31T16:18:02.509+0000] {dagbag.py:545} INFO - Filling up the DagBag from /opt/airflow/dags/minio_to_snowflake.py
[2026-03-31T16:18:04.436+0000] {processor.py:840} INFO - DAG(s) 'minio_to_snowflake_pipeline' retrieved from /opt/airflow/dags/minio_to_snowflake.py
[2026-03-31T16:18:04.480+0000] {logging_mixin.py:188} INFO - [2026-03-31T16:18:04.479+0000] {dag.py:3089} INFO - Sync 1 DAGs
[2026-03-31T16:18:04.521+0000] {logging_mixin.py:188} INFO - [2026-03-31T16:18:04.521+0000] {dag.py:3947} INFO - Setting next_dagrun for minio_to_snowflake_pipeline to 2026-03-31 16:10:00+00:00, run_after=2026-03-31 16:20:00+00:00
[2026-03-31T16:18:04.558+0000] {processor.py:183} INFO - Processing /opt/airflow/dags/minio_to_snowflake.py took 2.092 seconds
[2026-03-31T16:18:35.161+0000] {processor.py:161} INFO - Started process (PID=2347) to work on /opt/airflow/dags/minio_to_snowflake.py
[2026-03-31T16:18:35.164+0000] {processor.py:830} INFO - Processing file /opt/airflow/dags/minio_to_snowflake.py for tasks to queue
[2026-03-31T16:18:35.168+0000] {logging_mixin.py:188} INFO - [2026-03-31T16:18:35.167+0000] {dagbag.py:545} INFO - Filling up the DagBag from /opt/airflow/dags/minio_to_snowflake.py
[2026-03-31T16:18:37.025+0000] {processor.py:840} INFO - DAG(s) 'minio_to_snowflake_pipeline' retrieved from /opt/airflow/dags/minio_to_snowflake.py
[2026-03-31T16:18:37.117+0000] {logging_mixin.py:188} INFO - [2026-03-31T16:18:37.115+0000] {dag.py:3089} INFO - Sync 1 DAGs
[2026-03-31T16:18:37.206+0000] {logging_mixin.py:188} INFO - [2026-03-31T16:18:37.205+0000] {dag.py:3947} INFO - Setting next_dagrun for minio_to_snowflake_pipeline to 2026-03-31 16:10:00+00:00, run_after=2026-03-31 16:20:00+00:00
[2026-03-31T16:18:37.254+0000] {processor.py:183} INFO - Processing /opt/airflow/dags/minio_to_snowflake.py took 2.112 seconds
[2026-03-31T16:19:07.946+0000] {processor.py:161} INFO - Started process (PID=2354) to work on /opt/airflow/dags/minio_to_snowflake.py
[2026-03-31T16:19:07.948+0000] {processor.py:830} INFO - Processing file /opt/airflow/dags/minio_to_snowflake.py for tasks to queue
[2026-03-31T16:19:07.951+0000] {logging_mixin.py:188} INFO - [2026-03-31T16:19:07.950+0000] {dagbag.py:545} INFO - Filling up the DagBag from /opt/airflow/dags/minio_to_snowflake.py
[2026-03-31T16:19:10.242+0000] {processor.py:840} INFO - DAG(s) 'minio_to_snowflake_pipeline' retrieved from /opt/airflow/dags/minio_to_snowflake.py
[2026-03-31T16:19:10.329+0000] {logging_mixin.py:188} INFO - [2026-03-31T16:19:10.328+0000] {dag.py:3089} INFO - Sync 1 DAGs
[2026-03-31T16:19:10.371+0000] {logging_mixin.py:188} INFO - [2026-03-31T16:19:10.370+0000] {dag.py:3947} INFO - Setting next_dagrun for minio_to_snowflake_pipeline to 2026-03-31 16:10:00+00:00, run_after=2026-03-31 16:20:00+00:00
[2026-03-31T16:19:10.401+0000] {processor.py:183} INFO - Processing /opt/airflow/dags/minio_to_snowflake.py took 2.473 seconds
[2026-03-31T16:19:41.226+0000] {processor.py:161} INFO - Started process (PID=2361) to work on /opt/airflow/dags/minio_to_snowflake.py
[2026-03-31T16:19:41.231+0000] {processor.py:830} INFO - Processing file /opt/airflow/dags/minio_to_snowflake.py for tasks to queue
[2026-03-31T16:19:41.244+0000] {logging_mixin.py:188} INFO - [2026-03-31T16:19:41.236+0000] {dagbag.py:545} INFO - Filling up the DagBag from /opt/airflow/dags/minio_to_snowflake.py
[2026-03-31T16:19:43.037+0000] {processor.py:840} INFO - DAG(s) 'minio_to_snowflake_pipeline' retrieved from /opt/airflow/dags/minio_to_snowflake.py
[2026-03-31T16:19:43.112+0000] {logging_mixin.py:188} INFO - [2026-03-31T16:19:43.111+0000] {dag.py:3089} INFO - Sync 1 DAGs
[2026-03-31T16:19:43.156+0000] {logging_mixin.py:188} INFO - [2026-03-31T16:19:43.156+0000] {dag.py:3947} INFO - Setting next_dagrun for minio_to_snowflake_pipeline to 2026-03-31 16:10:00+00:00, run_after=2026-03-31 16:20:00+00:00
[2026-03-31T16:19:43.185+0000] {processor.py:183} INFO - Processing /opt/airflow/dags/minio_to_snowflake.py took 1.993 seconds
[2026-03-31T16:20:13.704+0000] {processor.py:161} INFO - Started process (PID=2372) to work on /opt/airflow/dags/minio_to_snowflake.py
[2026-03-31T16:20:13.708+0000] {processor.py:830} INFO - Processing file /opt/airflow/dags/minio_to_snowflake.py for tasks to queue
[2026-03-31T16:20:13.712+0000] {logging_mixin.py:188} INFO - [2026-03-31T16:20:13.710+0000] {dagbag.py:545} INFO - Filling up the DagBag from /opt/airflow/dags/minio_to_snowflake.py
[2026-03-31T16:20:15.903+0000] {processor.py:840} INFO - DAG(s) 'minio_to_snowflake_pipeline' retrieved from /opt/airflow/dags/minio_to_snowflake.py
[2026-03-31T16:20:15.964+0000] {logging_mixin.py:188} INFO - [2026-03-31T16:20:15.962+0000] {dag.py:3089} INFO - Sync 1 DAGs
[2026-03-31T16:20:16.015+0000] {logging_mixin.py:188} INFO - [2026-03-31T16:20:16.015+0000] {dag.py:3947} INFO - Setting next_dagrun for minio_to_snowflake_pipeline to 2026-03-31 16:20:00+00:00, run_after=2026-03-31 16:30:00+00:00
[2026-03-31T16:20:16.052+0000] {processor.py:183} INFO - Processing /opt/airflow/dags/minio_to_snowflake.py took 2.370 seconds
[2026-03-31T16:20:46.366+0000] {processor.py:161} INFO - Started process (PID=2379) to work on /opt/airflow/dags/minio_to_snowflake.py
[2026-03-31T16:20:46.374+0000] {processor.py:830} INFO - Processing file /opt/airflow/dags/minio_to_snowflake.py for tasks to queue
[2026-03-31T16:20:46.380+0000] {logging_mixin.py:188} INFO - [2026-03-31T16:20:46.378+0000] {dagbag.py:545} INFO - Filling up the DagBag from /opt/airflow/dags/minio_to_snowflake.py
[2026-03-31T16:20:48.368+0000] {processor.py:840} INFO - DAG(s) 'minio_to_snowflake_pipeline' retrieved from /opt/airflow/dags/minio_to_snowflake.py
[2026-03-31T16:20:48.451+0000] {logging_mixin.py:188} INFO - [2026-03-31T16:20:48.449+0000] {dag.py:3089} INFO - Sync 1 DAGs
[2026-03-31T16:20:48.563+0000] {logging_mixin.py:188} INFO - [2026-03-31T16:20:48.562+0000] {dag.py:3947} INFO - Setting next_dagrun for minio_to_snowflake_pipeline to 2026-03-31 16:20:00+00:00, run_after=2026-03-31 16:30:00+00:00
[2026-03-31T16:20:48.682+0000] {processor.py:183} INFO - Processing /opt/airflow/dags/minio_to_snowflake.py took 2.357 seconds
[2026-03-31T16:21:18.974+0000] {processor.py:161} INFO - Started process (PID=2386) to work on /opt/airflow/dags/minio_to_snowflake.py
[2026-03-31T16:21:18.983+0000] {processor.py:830} INFO - Processing file /opt/airflow/dags/minio_to_snowflake.py for tasks to queue
[2026-03-31T16:21:18.991+0000] {logging_mixin.py:188} INFO - [2026-03-31T16:21:18.988+0000] {dagbag.py:545} INFO - Filling up the DagBag from /opt/airflow/dags/minio_to_snowflake.py
[2026-03-31T16:21:23.321+0000] {processor.py:840} INFO - DAG(s) 'minio_to_snowflake_pipeline' retrieved from /opt/airflow/dags/minio_to_snowflake.py
[2026-03-31T16:21:23.436+0000] {logging_mixin.py:188} INFO - [2026-03-31T16:21:23.435+0000] {dag.py:3089} INFO - Sync 1 DAGs
[2026-03-31T16:21:23.506+0000] {logging_mixin.py:188} INFO - [2026-03-31T16:21:23.503+0000] {dag.py:3947} INFO - Setting next_dagrun for minio_to_snowflake_pipeline to 2026-03-31 16:20:00+00:00, run_after=2026-03-31 16:30:00+00:00
[2026-03-31T16:21:23.560+0000] {processor.py:183} INFO - Processing /opt/airflow/dags/minio_to_snowflake.py took 4.617 seconds
[2026-03-31T16:21:54.341+0000] {processor.py:161} INFO - Started process (PID=2393) to work on /opt/airflow/dags/minio_to_snowflake.py
[2026-03-31T16:21:54.344+0000] {processor.py:830} INFO - Processing file /opt/airflow/dags/minio_to_snowflake.py for tasks to queue
[2026-03-31T16:21:54.348+0000] {logging_mixin.py:188} INFO - [2026-03-31T16:21:54.347+0000] {dagbag.py:545} INFO - Filling up the DagBag from /opt/airflow/dags/minio_to_snowflake.py
[2026-03-31T16:22:03.925+0000] {processor.py:840} INFO - DAG(s) 'minio_to_snowflake_pipeline' retrieved from /opt/airflow/dags/minio_to_snowflake.py
[2026-03-31T16:22:04.203+0000] {logging_mixin.py:188} INFO - [2026-03-31T16:22:04.202+0000] {dag.py:3089} INFO - Sync 1 DAGs
[2026-03-31T16:22:04.478+0000] {logging_mixin.py:188} INFO - [2026-03-31T16:22:04.477+0000] {dag.py:3947} INFO - Setting next_dagrun for minio_to_snowflake_pipeline to 2026-03-31 16:20:00+00:00, run_after=2026-03-31 16:30:00+00:00
[2026-03-31T16:22:04.625+0000] {processor.py:183} INFO - Processing /opt/airflow/dags/minio_to_snowflake.py took 10.308 seconds
[2026-03-31T16:22:35.600+0000] {processor.py:161} INFO - Started process (PID=2400) to work on /opt/airflow/dags/minio_to_snowflake.py
[2026-03-31T16:22:35.604+0000] {processor.py:830} INFO - Processing file /opt/airflow/dags/minio_to_snowflake.py for tasks to queue
[2026-03-31T16:22:35.608+0000] {logging_mixin.py:188} INFO - [2026-03-31T16:22:35.607+0000] {dagbag.py:545} INFO - Filling up the DagBag from /opt/airflow/dags/minio_to_snowflake.py
[2026-03-31T16:22:38.812+0000] {processor.py:840} INFO - DAG(s) 'minio_to_snowflake_pipeline' retrieved from /opt/airflow/dags/minio_to_snowflake.py
[2026-03-31T16:22:38.925+0000] {logging_mixin.py:188} INFO - [2026-03-31T16:22:38.921+0000] {dag.py:3089} INFO - Sync 1 DAGs
[2026-03-31T16:22:38.985+0000] {logging_mixin.py:188} INFO - [2026-03-31T16:22:38.984+0000] {dag.py:3947} INFO - Setting next_dagrun for minio_to_snowflake_pipeline to 2026-03-31 16:20:00+00:00, run_after=2026-03-31 16:30:00+00:00
[2026-03-31T16:22:39.099+0000] {processor.py:183} INFO - Processing /opt/airflow/dags/minio_to_snowflake.py took 3.523 seconds
[2026-03-31T16:23:09.422+0000] {processor.py:161} INFO - Started process (PID=2407) to work on /opt/airflow/dags/minio_to_snowflake.py
[2026-03-31T16:23:09.425+0000] {processor.py:830} INFO - Processing file /opt/airflow/dags/minio_to_snowflake.py for tasks to queue
[2026-03-31T16:23:09.429+0000] {logging_mixin.py:188} INFO - [2026-03-31T16:23:09.428+0000] {dagbag.py:545} INFO - Filling up the DagBag from /opt/airflow/dags/minio_to_snowflake.py
[2026-03-31T16:23:13.078+0000] {processor.py:840} INFO - DAG(s) 'minio_to_snowflake_pipeline' retrieved from /opt/airflow/dags/minio_to_snowflake.py
[2026-03-31T16:23:13.183+0000] {logging_mixin.py:188} INFO - [2026-03-31T16:23:13.182+0000] {dag.py:3089} INFO - Sync 1 DAGs
[2026-03-31T16:23:13.247+0000] {logging_mixin.py:188} INFO - [2026-03-31T16:23:13.247+0000] {dag.py:3947} INFO - Setting next_dagrun for minio_to_snowflake_pipeline to 2026-03-31 16:20:00+00:00, run_after=2026-03-31 16:30:00+00:00
[2026-03-31T16:23:13.317+0000] {processor.py:183} INFO - Processing /opt/airflow/dags/minio_to_snowflake.py took 3.908 seconds
[2026-03-31T16:23:43.696+0000] {processor.py:161} INFO - Started process (PID=2414) to work on /opt/airflow/dags/minio_to_snowflake.py
[2026-03-31T16:23:43.699+0000] {processor.py:830} INFO - Processing file /opt/airflow/dags/minio_to_snowflake.py for tasks to queue
[2026-03-31T16:23:43.706+0000] {logging_mixin.py:188} INFO - [2026-03-31T16:23:43.705+0000] {dagbag.py:545} INFO - Filling up the DagBag from /opt/airflow/dags/minio_to_snowflake.py
[2026-03-31T16:23:47.347+0000] {processor.py:840} INFO - DAG(s) 'minio_to_snowflake_pipeline' retrieved from /opt/airflow/dags/minio_to_snowflake.py
[2026-03-31T16:23:47.421+0000] {logging_mixin.py:188} INFO - [2026-03-31T16:23:47.419+0000] {dag.py:3089} INFO - Sync 1 DAGs
[2026-03-31T16:23:47.467+0000] {logging_mixin.py:188} INFO - [2026-03-31T16:23:47.467+0000] {dag.py:3947} INFO - Setting next_dagrun for minio_to_snowflake_pipeline to 2026-03-31 16:20:00+00:00, run_after=2026-03-31 16:30:00+00:00
[2026-03-31T16:23:47.511+0000] {processor.py:183} INFO - Processing /opt/airflow/dags/minio_to_snowflake.py took 3.872 seconds
[2026-03-31T16:24:17.774+0000] {processor.py:161} INFO - Started process (PID=2421) to work on /opt/airflow/dags/minio_to_snowflake.py
[2026-03-31T16:24:17.776+0000] {processor.py:830} INFO - Processing file /opt/airflow/dags/minio_to_snowflake.py for tasks to queue
[2026-03-31T16:24:17.779+0000] {logging_mixin.py:188} INFO - [2026-03-31T16:24:17.778+0000] {dagbag.py:545} INFO - Filling up the DagBag from /opt/airflow/dags/minio_to_snowflake.py
[2026-03-31T16:24:20.439+0000] {processor.py:840} INFO - DAG(s) 'minio_to_snowflake_pipeline' retrieved from /opt/airflow/dags/minio_to_snowflake.py
[2026-03-31T16:24:20.525+0000] {logging_mixin.py:188} INFO - [2026-03-31T16:24:20.524+0000] {dag.py:3089} INFO - Sync 1 DAGs
[2026-03-31T16:24:20.618+0000] {logging_mixin.py:188} INFO - [2026-03-31T16:24:20.618+0000] {dag.py:3947} INFO - Setting next_dagrun for minio_to_snowflake_pipeline to 2026-03-31 16:20:00+00:00, run_after=2026-03-31 16:30:00+00:00
[2026-03-31T16:24:20.708+0000] {processor.py:183} INFO - Processing /opt/airflow/dags/minio_to_snowflake.py took 2.954 seconds
[2026-03-31T16:24:51.002+0000] {processor.py:161} INFO - Started process (PID=2428) to work on /opt/airflow/dags/minio_to_snowflake.py
[2026-03-31T16:24:51.007+0000] {processor.py:830} INFO - Processing file /opt/airflow/dags/minio_to_snowflake.py for tasks to queue
[2026-03-31T16:24:51.015+0000] {logging_mixin.py:188} INFO - [2026-03-31T16:24:51.014+0000] {dagbag.py:545} INFO - Filling up the DagBag from /opt/airflow/dags/minio_to_snowflake.py
[2026-03-31T16:24:54.656+0000] {processor.py:840} INFO - DAG(s) 'minio_to_snowflake_pipeline' retrieved from /opt/airflow/dags/minio_to_snowflake.py
[2026-03-31T16:24:54.790+0000] {logging_mixin.py:188} INFO - [2026-03-31T16:24:54.789+0000] {dag.py:3089} INFO - Sync 1 DAGs
[2026-03-31T16:24:54.901+0000] {logging_mixin.py:188} INFO - [2026-03-31T16:24:54.901+0000] {dag.py:3947} INFO - Setting next_dagrun for minio_to_snowflake_pipeline to 2026-03-31 16:20:00+00:00, run_after=2026-03-31 16:30:00+00:00
[2026-03-31T16:24:54.949+0000] {processor.py:183} INFO - Processing /opt/airflow/dags/minio_to_snowflake.py took 3.975 seconds
[2026-03-31T16:25:25.739+0000] {processor.py:161} INFO - Started process (PID=2435) to work on /opt/airflow/dags/minio_to_snowflake.py
[2026-03-31T16:25:25.752+0000] {processor.py:830} INFO - Processing file /opt/airflow/dags/minio_to_snowflake.py for tasks to queue
[2026-03-31T16:25:25.756+0000] {logging_mixin.py:188} INFO - [2026-03-31T16:25:25.755+0000] {dagbag.py:545} INFO - Filling up the DagBag from /opt/airflow/dags/minio_to_snowflake.py
[2026-03-31T16:25:30.412+0000] {processor.py:840} INFO - DAG(s) 'minio_to_snowflake_pipeline' retrieved from /opt/airflow/dags/minio_to_snowflake.py
[2026-03-31T16:25:30.612+0000] {logging_mixin.py:188} INFO - [2026-03-31T16:25:30.604+0000] {dag.py:3089} INFO - Sync 1 DAGs
[2026-03-31T16:25:30.766+0000] {logging_mixin.py:188} INFO - [2026-03-31T16:25:30.763+0000] {dag.py:3947} INFO - Setting next_dagrun for minio_to_snowflake_pipeline to 2026-03-31 16:20:00+00:00, run_after=2026-03-31 16:30:00+00:00
[2026-03-31T16:25:30.993+0000] {processor.py:183} INFO - Processing /opt/airflow/dags/minio_to_snowflake.py took 5.335 seconds
[2026-03-31T16:26:02.009+0000] {processor.py:161} INFO - Started process (PID=2442) to work on /opt/airflow/dags/minio_to_snowflake.py
[2026-03-31T16:26:02.012+0000] {processor.py:830} INFO - Processing file /opt/airflow/dags/minio_to_snowflake.py for tasks to queue
[2026-03-31T16:26:02.015+0000] {logging_mixin.py:188} INFO - [2026-03-31T16:26:02.014+0000] {dagbag.py:545} INFO - Filling up the DagBag from /opt/airflow/dags/minio_to_snowflake.py
[2026-03-31T16:26:05.030+0000] {processor.py:840} INFO - DAG(s) 'minio_to_snowflake_pipeline' retrieved from /opt/airflow/dags/minio_to_snowflake.py
[2026-03-31T16:26:05.103+0000] {logging_mixin.py:188} INFO - [2026-03-31T16:26:05.101+0000] {dag.py:3089} INFO - Sync 1 DAGs
[2026-03-31T16:26:05.153+0000] {logging_mixin.py:188} INFO - [2026-03-31T16:26:05.152+0000] {dag.py:3947} INFO - Setting next_dagrun for minio_to_snowflake_pipeline to 2026-03-31 16:20:00+00:00, run_after=2026-03-31 16:30:00+00:00
[2026-03-31T16:26:05.182+0000] {processor.py:183} INFO - Processing /opt/airflow/dags/minio_to_snowflake.py took 3.190 seconds
[2026-03-31T16:26:35.392+0000] {processor.py:161} INFO - Started process (PID=2449) to work on /opt/airflow/dags/minio_to_snowflake.py
[2026-03-31T16:26:35.395+0000] {processor.py:830} INFO - Processing file /opt/airflow/dags/minio_to_snowflake.py for tasks to queue
[2026-03-31T16:26:35.397+0000] {logging_mixin.py:188} INFO - [2026-03-31T16:26:35.396+0000] {dagbag.py:545} INFO - Filling up the DagBag from /opt/airflow/dags/minio_to_snowflake.py
[2026-03-31T16:26:39.713+0000] {processor.py:840} INFO - DAG(s) 'minio_to_snowflake_pipeline' retrieved from /opt/airflow/dags/minio_to_snowflake.py
[2026-03-31T16:26:39.870+0000] {logging_mixin.py:188} INFO - [2026-03-31T16:26:39.869+0000] {dag.py:3089} INFO - Sync 1 DAGs
[2026-03-31T16:26:40.030+0000] {logging_mixin.py:188} INFO - [2026-03-31T16:26:40.030+0000] {dag.py:3947} INFO - Setting next_dagrun for minio_to_snowflake_pipeline to 2026-03-31 16:20:00+00:00, run_after=2026-03-31 16:30:00+00:00
[2026-03-31T16:26:40.196+0000] {processor.py:183} INFO - Processing /opt/airflow/dags/minio_to_snowflake.py took 4.821 seconds
[2026-03-31T16:27:12.167+0000] {processor.py:161} INFO - Started process (PID=2456) to work on /opt/airflow/dags/minio_to_snowflake.py
[2026-03-31T16:27:12.171+0000] {processor.py:830} INFO - Processing file /opt/airflow/dags/minio_to_snowflake.py for tasks to queue
[2026-03-31T16:27:12.187+0000] {logging_mixin.py:188} INFO - [2026-03-31T16:27:12.186+0000] {dagbag.py:545} INFO - Filling up the DagBag from /opt/airflow/dags/minio_to_snowflake.py
[2026-03-31T16:27:18.928+0000] {processor.py:840} INFO - DAG(s) 'minio_to_snowflake_pipeline' retrieved from /opt/airflow/dags/minio_to_snowflake.py
[2026-03-31T16:27:19.223+0000] {logging_mixin.py:188} INFO - [2026-03-31T16:27:19.208+0000] {dag.py:3089} INFO - Sync 1 DAGs
[2026-03-31T16:27:19.450+0000] {logging_mixin.py:188} INFO - [2026-03-31T16:27:19.449+0000] {dag.py:3947} INFO - Setting next_dagrun for minio_to_snowflake_pipeline to 2026-03-31 16:20:00+00:00, run_after=2026-03-31 16:30:00+00:00
[2026-03-31T16:27:19.589+0000] {processor.py:183} INFO - Processing /opt/airflow/dags/minio_to_snowflake.py took 7.521 seconds
[2026-03-31T16:27:50.117+0000] {processor.py:161} INFO - Started process (PID=2463) to work on /opt/airflow/dags/minio_to_snowflake.py
[2026-03-31T16:27:50.121+0000] {processor.py:830} INFO - Processing file /opt/airflow/dags/minio_to_snowflake.py for tasks to queue
[2026-03-31T16:27:50.129+0000] {logging_mixin.py:188} INFO - [2026-03-31T16:27:50.124+0000] {dagbag.py:545} INFO - Filling up the DagBag from /opt/airflow/dags/minio_to_snowflake.py
[2026-03-31T16:27:53.400+0000] {processor.py:840} INFO - DAG(s) 'minio_to_snowflake_pipeline' retrieved from /opt/airflow/dags/minio_to_snowflake.py
[2026-03-31T16:27:53.448+0000] {logging_mixin.py:188} INFO - [2026-03-31T16:27:53.447+0000] {dag.py:3089} INFO - Sync 1 DAGs
[2026-03-31T16:27:53.488+0000] {logging_mixin.py:188} INFO - [2026-03-31T16:27:53.487+0000] {dag.py:3947} INFO - Setting next_dagrun for minio_to_snowflake_pipeline to 2026-03-31 16:20:00+00:00, run_after=2026-03-31 16:30:00+00:00
[2026-03-31T16:27:53.521+0000] {processor.py:183} INFO - Processing /opt/airflow/dags/minio_to_snowflake.py took 3.440 seconds
[2026-03-31T16:28:24.007+0000] {processor.py:161} INFO - Started process (PID=2470) to work on /opt/airflow/dags/minio_to_snowflake.py
[2026-03-31T16:28:24.009+0000] {processor.py:830} INFO - Processing file /opt/airflow/dags/minio_to_snowflake.py for tasks to queue
[2026-03-31T16:28:24.011+0000] {logging_mixin.py:188} INFO - [2026-03-31T16:28:24.010+0000] {dagbag.py:545} INFO - Filling up the DagBag from /opt/airflow/dags/minio_to_snowflake.py
[2026-03-31T16:28:26.641+0000] {processor.py:840} INFO - DAG(s) 'minio_to_snowflake_pipeline' retrieved from /opt/airflow/dags/minio_to_snowflake.py
[2026-03-31T16:28:26.752+0000] {logging_mixin.py:188} INFO - [2026-03-31T16:28:26.750+0000] {dag.py:3089} INFO - Sync 1 DAGs
[2026-03-31T16:28:26.803+0000] {logging_mixin.py:188} INFO - [2026-03-31T16:28:26.802+0000] {dag.py:3947} INFO - Setting next_dagrun for minio_to_snowflake_pipeline to 2026-03-31 16:20:00+00:00, run_after=2026-03-31 16:30:00+00:00
[2026-03-31T16:28:26.867+0000] {processor.py:183} INFO - Processing /opt/airflow/dags/minio_to_snowflake.py took 2.890 seconds
[2026-03-31T16:28:58.273+0000] {processor.py:161} INFO - Started process (PID=2477) to work on /opt/airflow/dags/minio_to_snowflake.py
[2026-03-31T16:28:58.282+0000] {processor.py:830} INFO - Processing file /opt/airflow/dags/minio_to_snowflake.py for tasks to queue
[2026-03-31T16:28:58.293+0000] {logging_mixin.py:188} INFO - [2026-03-31T16:28:58.286+0000] {dagbag.py:545} INFO - Filling up the DagBag from /opt/airflow/dags/minio_to_snowflake.py
[2026-03-31T16:29:04.461+0000] {processor.py:840} INFO - DAG(s) 'minio_to_snowflake_pipeline' retrieved from /opt/airflow/dags/minio_to_snowflake.py
[2026-03-31T16:29:04.587+0000] {logging_mixin.py:188} INFO - [2026-03-31T16:29:04.586+0000] {dag.py:3089} INFO - Sync 1 DAGs
[2026-03-31T16:29:04.723+0000] {logging_mixin.py:188} INFO - [2026-03-31T16:29:04.723+0000] {dag.py:3947} INFO - Setting next_dagrun for minio_to_snowflake_pipeline to 2026-03-31 16:20:00+00:00, run_after=2026-03-31 16:30:00+00:00
[2026-03-31T16:29:04.819+0000] {processor.py:183} INFO - Processing /opt/airflow/dags/minio_to_snowflake.py took 6.568 seconds
[2026-03-31T16:29:35.403+0000] {processor.py:161} INFO - Started process (PID=2484) to work on /opt/airflow/dags/minio_to_snowflake.py
[2026-03-31T16:29:35.411+0000] {processor.py:830} INFO - Processing file /opt/airflow/dags/minio_to_snowflake.py for tasks to queue
[2026-03-31T16:29:35.418+0000] {logging_mixin.py:188} INFO - [2026-03-31T16:29:35.415+0000] {dagbag.py:545} INFO - Filling up the DagBag from /opt/airflow/dags/minio_to_snowflake.py
[2026-03-31T16:29:38.428+0000] {processor.py:840} INFO - DAG(s) 'minio_to_snowflake_pipeline' retrieved from /opt/airflow/dags/minio_to_snowflake.py
[2026-03-31T16:29:38.483+0000] {logging_mixin.py:188} INFO - [2026-03-31T16:29:38.480+0000] {dag.py:3089} INFO - Sync 1 DAGs
[2026-03-31T16:29:38.534+0000] {logging_mixin.py:188} INFO - [2026-03-31T16:29:38.533+0000] {dag.py:3947} INFO - Setting next_dagrun for minio_to_snowflake_pipeline to 2026-03-31 16:20:00+00:00, run_after=2026-03-31 16:30:00+00:00
[2026-03-31T16:29:38.576+0000] {processor.py:183} INFO - Processing /opt/airflow/dags/minio_to_snowflake.py took 3.217 seconds
[2026-03-31T16:30:09.615+0000] {processor.py:161} INFO - Started process (PID=2495) to work on /opt/airflow/dags/minio_to_snowflake.py
[2026-03-31T16:30:09.619+0000] {processor.py:830} INFO - Processing file /opt/airflow/dags/minio_to_snowflake.py for tasks to queue
[2026-03-31T16:30:09.622+0000] {logging_mixin.py:188} INFO - [2026-03-31T16:30:09.621+0000] {dagbag.py:545} INFO - Filling up the DagBag from /opt/airflow/dags/minio_to_snowflake.py
[2026-03-31T16:30:11.791+0000] {processor.py:840} INFO - DAG(s) 'minio_to_snowflake_pipeline' retrieved from /opt/airflow/dags/minio_to_snowflake.py
[2026-03-31T16:30:11.842+0000] {logging_mixin.py:188} INFO - [2026-03-31T16:30:11.841+0000] {dag.py:3089} INFO - Sync 1 DAGs
[2026-03-31T16:30:11.891+0000] {logging_mixin.py:188} INFO - [2026-03-31T16:30:11.890+0000] {dag.py:3947} INFO - Setting next_dagrun for minio_to_snowflake_pipeline to 2026-03-31 16:30:00+00:00, run_after=2026-03-31 16:40:00+00:00
[2026-03-31T16:30:11.929+0000] {processor.py:183} INFO - Processing /opt/airflow/dags/minio_to_snowflake.py took 2.333 seconds
[2026-03-31T16:30:43.858+0000] {processor.py:161} INFO - Started process (PID=2502) to work on /opt/airflow/dags/minio_to_snowflake.py
[2026-03-31T16:30:43.872+0000] {processor.py:830} INFO - Processing file /opt/airflow/dags/minio_to_snowflake.py for tasks to queue
[2026-03-31T16:30:43.877+0000] {logging_mixin.py:188} INFO - [2026-03-31T16:30:43.876+0000] {dagbag.py:545} INFO - Filling up the DagBag from /opt/airflow/dags/minio_to_snowflake.py
[2026-03-31T16:30:47.694+0000] {processor.py:840} INFO - DAG(s) 'minio_to_snowflake_pipeline' retrieved from /opt/airflow/dags/minio_to_snowflake.py
[2026-03-31T16:30:47.810+0000] {logging_mixin.py:188} INFO - [2026-03-31T16:30:47.808+0000] {dag.py:3089} INFO - Sync 1 DAGs
[2026-03-31T16:30:47.924+0000] {logging_mixin.py:188} INFO - [2026-03-31T16:30:47.923+0000] {dag.py:3947} INFO - Setting next_dagrun for minio_to_snowflake_pipeline to 2026-03-31 16:30:00+00:00, run_after=2026-03-31 16:40:00+00:00
[2026-03-31T16:30:48.237+0000] {processor.py:183} INFO - Processing /opt/airflow/dags/minio_to_snowflake.py took 4.462 seconds
[2026-03-31T16:31:18.687+0000] {processor.py:161} INFO - Started process (PID=2509) to work on /opt/airflow/dags/minio_to_snowflake.py
[2026-03-31T16:31:18.690+0000] {processor.py:830} INFO - Processing file /opt/airflow/dags/minio_to_snowflake.py for tasks to queue
[2026-03-31T16:31:18.692+0000] {logging_mixin.py:188} INFO - [2026-03-31T16:31:18.691+0000] {dagbag.py:545} INFO - Filling up the DagBag from /opt/airflow/dags/minio_to_snowflake.py
[2026-03-31T16:31:23.283+0000] {processor.py:840} INFO - DAG(s) 'minio_to_snowflake_pipeline' retrieved from /opt/airflow/dags/minio_to_snowflake.py
[2026-03-31T16:31:23.341+0000] {logging_mixin.py:188} INFO - [2026-03-31T16:31:23.339+0000] {dag.py:3089} INFO - Sync 1 DAGs
[2026-03-31T16:31:23.397+0000] {logging_mixin.py:188} INFO - [2026-03-31T16:31:23.396+0000] {dag.py:3947} INFO - Setting next_dagrun for minio_to_snowflake_pipeline to 2026-03-31 16:30:00+00:00, run_after=2026-03-31 16:40:00+00:00
[2026-03-31T16:31:23.459+0000] {processor.py:183} INFO - Processing /opt/airflow/dags/minio_to_snowflake.py took 4.802 seconds
[2026-03-31T16:31:54.102+0000] {processor.py:161} INFO - Started process (PID=2516) to work on /opt/airflow/dags/minio_to_snowflake.py
[2026-03-31T16:31:54.104+0000] {processor.py:830} INFO - Processing file /opt/airflow/dags/minio_to_snowflake.py for tasks to queue
[2026-03-31T16:31:54.107+0000] {logging_mixin.py:188} INFO - [2026-03-31T16:31:54.106+0000] {dagbag.py:545} INFO - Filling up the DagBag from /opt/airflow/dags/minio_to_snowflake.py
[2026-03-31T16:31:56.009+0000] {processor.py:840} INFO - DAG(s) 'minio_to_snowflake_pipeline' retrieved from /opt/airflow/dags/minio_to_snowflake.py
[2026-03-31T16:31:56.081+0000] {logging_mixin.py:188} INFO - [2026-03-31T16:31:56.077+0000] {dag.py:3089} INFO - Sync 1 DAGs
[2026-03-31T16:31:56.142+0000] {logging_mixin.py:188} INFO - [2026-03-31T16:31:56.138+0000] {dag.py:3947} INFO - Setting next_dagrun for minio_to_snowflake_pipeline to 2026-03-31 16:30:00+00:00, run_after=2026-03-31 16:40:00+00:00
[2026-03-31T16:31:56.192+0000] {processor.py:183} INFO - Processing /opt/airflow/dags/minio_to_snowflake.py took 2.112 seconds
[2026-03-31T16:32:26.623+0000] {processor.py:161} INFO - Started process (PID=2523) to work on /opt/airflow/dags/minio_to_snowflake.py
[2026-03-31T16:32:26.626+0000] {processor.py:830} INFO - Processing file /opt/airflow/dags/minio_to_snowflake.py for tasks to queue
[2026-03-31T16:32:26.631+0000] {logging_mixin.py:188} INFO - [2026-03-31T16:32:26.629+0000] {dagbag.py:545} INFO - Filling up the DagBag from /opt/airflow/dags/minio_to_snowflake.py
[2026-03-31T16:32:28.248+0000] {processor.py:840} INFO - DAG(s) 'minio_to_snowflake_pipeline' retrieved from /opt/airflow/dags/minio_to_snowflake.py
[2026-03-31T16:32:28.314+0000] {logging_mixin.py:188} INFO - [2026-03-31T16:32:28.303+0000] {dag.py:3089} INFO - Sync 1 DAGs
[2026-03-31T16:32:28.347+0000] {logging_mixin.py:188} INFO - [2026-03-31T16:32:28.347+0000] {dag.py:3947} INFO - Setting next_dagrun for minio_to_snowflake_pipeline to 2026-03-31 16:30:00+00:00, run_after=2026-03-31 16:40:00+00:00
[2026-03-31T16:32:28.388+0000] {processor.py:183} INFO - Processing /opt/airflow/dags/minio_to_snowflake.py took 1.785 seconds
[2026-03-31T16:32:59.373+0000] {processor.py:161} INFO - Started process (PID=2530) to work on /opt/airflow/dags/minio_to_snowflake.py
[2026-03-31T16:32:59.376+0000] {processor.py:830} INFO - Processing file /opt/airflow/dags/minio_to_snowflake.py for tasks to queue
[2026-03-31T16:32:59.384+0000] {logging_mixin.py:188} INFO - [2026-03-31T16:32:59.382+0000] {dagbag.py:545} INFO - Filling up the DagBag from /opt/airflow/dags/minio_to_snowflake.py
[2026-03-31T16:33:01.685+0000] {processor.py:840} INFO - DAG(s) 'minio_to_snowflake_pipeline' retrieved from /opt/airflow/dags/minio_to_snowflake.py
[2026-03-31T16:33:01.747+0000] {logging_mixin.py:188} INFO - [2026-03-31T16:33:01.746+0000] {dag.py:3089} INFO - Sync 1 DAGs
[2026-03-31T16:33:01.784+0000] {logging_mixin.py:188} INFO - [2026-03-31T16:33:01.784+0000] {dag.py:3947} INFO - Setting next_dagrun for minio_to_snowflake_pipeline to 2026-03-31 16:30:00+00:00, run_after=2026-03-31 16:40:00+00:00
[2026-03-31T16:33:01.827+0000] {processor.py:183} INFO - Processing /opt/airflow/dags/minio_to_snowflake.py took 2.480 seconds
[2026-03-31T16:33:32.265+0000] {processor.py:161} INFO - Started process (PID=2537) to work on /opt/airflow/dags/minio_to_snowflake.py
[2026-03-31T16:33:32.268+0000] {processor.py:830} INFO - Processing file /opt/airflow/dags/minio_to_snowflake.py for tasks to queue
[2026-03-31T16:33:32.272+0000] {logging_mixin.py:188} INFO - [2026-03-31T16:33:32.270+0000] {dagbag.py:545} INFO - Filling up the DagBag from /opt/airflow/dags/minio_to_snowflake.py
[2026-03-31T16:33:34.047+0000] {processor.py:840} INFO - DAG(s) 'minio_to_snowflake_pipeline' retrieved from /opt/airflow/dags/minio_to_snowflake.py
[2026-03-31T16:33:34.114+0000] {logging_mixin.py:188} INFO - [2026-03-31T16:33:34.113+0000] {dag.py:3089} INFO - Sync 1 DAGs
[2026-03-31T16:33:34.172+0000] {logging_mixin.py:188} INFO - [2026-03-31T16:33:34.171+0000] {dag.py:3947} INFO - Setting next_dagrun for minio_to_snowflake_pipeline to 2026-03-31 16:30:00+00:00, run_after=2026-03-31 16:40:00+00:00
[2026-03-31T16:33:34.217+0000] {processor.py:183} INFO - Processing /opt/airflow/dags/minio_to_snowflake.py took 1.970 seconds
[2026-03-31T16:34:05.025+0000] {processor.py:161} INFO - Started process (PID=2544) to work on /opt/airflow/dags/minio_to_snowflake.py
[2026-03-31T16:34:05.032+0000] {processor.py:830} INFO - Processing file /opt/airflow/dags/minio_to_snowflake.py for tasks to queue
[2026-03-31T16:34:05.039+0000] {logging_mixin.py:188} INFO - [2026-03-31T16:34:05.036+0000] {dagbag.py:545} INFO - Filling up the DagBag from /opt/airflow/dags/minio_to_snowflake.py
[2026-03-31T16:34:07.297+0000] {processor.py:840} INFO - DAG(s) 'minio_to_snowflake_pipeline' retrieved from /opt/airflow/dags/minio_to_snowflake.py
[2026-03-31T16:34:07.354+0000] {logging_mixin.py:188} INFO - [2026-03-31T16:34:07.353+0000] {dag.py:3089} INFO - Sync 1 DAGs
[2026-03-31T16:34:07.401+0000] {logging_mixin.py:188} INFO - [2026-03-31T16:34:07.401+0000] {dag.py:3947} INFO - Setting next_dagrun for minio_to_snowflake_pipeline to 2026-03-31 16:30:00+00:00, run_after=2026-03-31 16:40:00+00:00
[2026-03-31T16:34:07.432+0000] {processor.py:183} INFO - Processing /opt/airflow/dags/minio_to_snowflake.py took 2.455 seconds
[2026-03-31T16:34:37.910+0000] {processor.py:161} INFO - Started process (PID=2551) to work on /opt/airflow/dags/minio_to_snowflake.py
[2026-03-31T16:34:37.913+0000] {processor.py:830} INFO - Processing file /opt/airflow/dags/minio_to_snowflake.py for tasks to queue
[2026-03-31T16:34:37.915+0000] {logging_mixin.py:188} INFO - [2026-03-31T16:34:37.914+0000] {dagbag.py:545} INFO - Filling up the DagBag from /opt/airflow/dags/minio_to_snowflake.py
[2026-03-31T16:34:39.634+0000] {processor.py:840} INFO - DAG(s) 'minio_to_snowflake_pipeline' retrieved from /opt/airflow/dags/minio_to_snowflake.py
[2026-03-31T16:34:39.679+0000] {logging_mixin.py:188} INFO - [2026-03-31T16:34:39.678+0000] {dag.py:3089} INFO - Sync 1 DAGs
[2026-03-31T16:34:39.721+0000] {logging_mixin.py:188} INFO - [2026-03-31T16:34:39.721+0000] {dag.py:3947} INFO - Setting next_dagrun for minio_to_snowflake_pipeline to 2026-03-31 16:30:00+00:00, run_after=2026-03-31 16:40:00+00:00
[2026-03-31T16:34:39.757+0000] {processor.py:183} INFO - Processing /opt/airflow/dags/minio_to_snowflake.py took 1.860 seconds
[2026-03-31T16:35:10.515+0000] {processor.py:161} INFO - Started process (PID=2558) to work on /opt/airflow/dags/minio_to_snowflake.py
[2026-03-31T16:35:10.517+0000] {processor.py:830} INFO - Processing file /opt/airflow/dags/minio_to_snowflake.py for tasks to queue
[2026-03-31T16:35:10.520+0000] {logging_mixin.py:188} INFO - [2026-03-31T16:35:10.519+0000] {dagbag.py:545} INFO - Filling up the DagBag from /opt/airflow/dags/minio_to_snowflake.py
[2026-03-31T16:35:12.646+0000] {processor.py:840} INFO - DAG(s) 'minio_to_snowflake_pipeline' retrieved from /opt/airflow/dags/minio_to_snowflake.py
[2026-03-31T16:35:12.683+0000] {logging_mixin.py:188} INFO - [2026-03-31T16:35:12.683+0000] {dag.py:3089} INFO - Sync 1 DAGs
[2026-03-31T16:35:12.715+0000] {logging_mixin.py:188} INFO - [2026-03-31T16:35:12.715+0000] {dag.py:3947} INFO - Setting next_dagrun for minio_to_snowflake_pipeline to 2026-03-31 16:30:00+00:00, run_after=2026-03-31 16:40:00+00:00
[2026-03-31T16:35:12.742+0000] {processor.py:183} INFO - Processing /opt/airflow/dags/minio_to_snowflake.py took 2.241 seconds
[2026-03-31T16:35:43.336+0000] {processor.py:161} INFO - Started process (PID=2565) to work on /opt/airflow/dags/minio_to_snowflake.py
[2026-03-31T16:35:43.338+0000] {processor.py:830} INFO - Processing file /opt/airflow/dags/minio_to_snowflake.py for tasks to queue
[2026-03-31T16:35:43.341+0000] {logging_mixin.py:188} INFO - [2026-03-31T16:35:43.340+0000] {dagbag.py:545} INFO - Filling up the DagBag from /opt/airflow/dags/minio_to_snowflake.py
[2026-03-31T16:35:45.417+0000] {processor.py:840} INFO - DAG(s) 'minio_to_snowflake_pipeline' retrieved from /opt/airflow/dags/minio_to_snowflake.py
[2026-03-31T16:35:45.462+0000] {logging_mixin.py:188} INFO - [2026-03-31T16:35:45.461+0000] {dag.py:3089} INFO - Sync 1 DAGs
[2026-03-31T16:35:45.493+0000] {logging_mixin.py:188} INFO - [2026-03-31T16:35:45.493+0000] {dag.py:3947} INFO - Setting next_dagrun for minio_to_snowflake_pipeline to 2026-03-31 16:30:00+00:00, run_after=2026-03-31 16:40:00+00:00
[2026-03-31T16:35:45.552+0000] {processor.py:183} INFO - Processing /opt/airflow/dags/minio_to_snowflake.py took 2.230 seconds
[2026-03-31T16:36:16.126+0000] {processor.py:161} INFO - Started process (PID=2572) to work on /opt/airflow/dags/minio_to_snowflake.py
[2026-03-31T16:36:16.130+0000] {processor.py:830} INFO - Processing file /opt/airflow/dags/minio_to_snowflake.py for tasks to queue
[2026-03-31T16:36:16.139+0000] {logging_mixin.py:188} INFO - [2026-03-31T16:36:16.133+0000] {dagbag.py:545} INFO - Filling up the DagBag from /opt/airflow/dags/minio_to_snowflake.py
[2026-03-31T16:36:18.407+0000] {processor.py:840} INFO - DAG(s) 'minio_to_snowflake_pipeline' retrieved from /opt/airflow/dags/minio_to_snowflake.py
[2026-03-31T16:36:18.526+0000] {logging_mixin.py:188} INFO - [2026-03-31T16:36:18.525+0000] {dag.py:3089} INFO - Sync 1 DAGs
[2026-03-31T16:36:18.635+0000] {logging_mixin.py:188} INFO - [2026-03-31T16:36:18.635+0000] {dag.py:3947} INFO - Setting next_dagrun for minio_to_snowflake_pipeline to 2026-03-31 16:30:00+00:00, run_after=2026-03-31 16:40:00+00:00
[2026-03-31T16:36:18.787+0000] {processor.py:183} INFO - Processing /opt/airflow/dags/minio_to_snowflake.py took 2.705 seconds
[2026-03-31T16:36:49.146+0000] {processor.py:161} INFO - Started process (PID=2579) to work on /opt/airflow/dags/minio_to_snowflake.py
[2026-03-31T16:36:49.149+0000] {processor.py:830} INFO - Processing file /opt/airflow/dags/minio_to_snowflake.py for tasks to queue
[2026-03-31T16:36:49.151+0000] {logging_mixin.py:188} INFO - [2026-03-31T16:36:49.150+0000] {dagbag.py:545} INFO - Filling up the DagBag from /opt/airflow/dags/minio_to_snowflake.py
[2026-03-31T16:36:51.240+0000] {processor.py:840} INFO - DAG(s) 'minio_to_snowflake_pipeline' retrieved from /opt/airflow/dags/minio_to_snowflake.py
[2026-03-31T16:36:51.306+0000] {logging_mixin.py:188} INFO - [2026-03-31T16:36:51.305+0000] {dag.py:3089} INFO - Sync 1 DAGs
[2026-03-31T16:36:51.358+0000] {logging_mixin.py:188} INFO - [2026-03-31T16:36:51.357+0000] {dag.py:3947} INFO - Setting next_dagrun for minio_to_snowflake_pipeline to 2026-03-31 16:30:00+00:00, run_after=2026-03-31 16:40:00+00:00
[2026-03-31T16:36:51.414+0000] {processor.py:183} INFO - Processing /opt/airflow/dags/minio_to_snowflake.py took 2.287 seconds
[2026-03-31T16:37:22.637+0000] {processor.py:161} INFO - Started process (PID=2586) to work on /opt/airflow/dags/minio_to_snowflake.py
[2026-03-31T16:37:22.661+0000] {processor.py:830} INFO - Processing file /opt/airflow/dags/minio_to_snowflake.py for tasks to queue
[2026-03-31T16:37:22.685+0000] {logging_mixin.py:188} INFO - [2026-03-31T16:37:22.684+0000] {dagbag.py:545} INFO - Filling up the DagBag from /opt/airflow/dags/minio_to_snowflake.py
[2026-03-31T16:37:24.140+0000] {processor.py:840} INFO - DAG(s) 'minio_to_snowflake_pipeline' retrieved from /opt/airflow/dags/minio_to_snowflake.py
[2026-03-31T16:37:24.180+0000] {logging_mixin.py:188} INFO - [2026-03-31T16:37:24.179+0000] {dag.py:3089} INFO - Sync 1 DAGs
[2026-03-31T16:37:24.209+0000] {logging_mixin.py:188} INFO - [2026-03-31T16:37:24.209+0000] {dag.py:3947} INFO - Setting next_dagrun for minio_to_snowflake_pipeline to 2026-03-31 16:30:00+00:00, run_after=2026-03-31 16:40:00+00:00
[2026-03-31T16:37:24.234+0000] {processor.py:183} INFO - Processing /opt/airflow/dags/minio_to_snowflake.py took 1.616 seconds
[2026-03-31T16:37:55.092+0000] {processor.py:161} INFO - Started process (PID=2593) to work on /opt/airflow/dags/minio_to_snowflake.py
[2026-03-31T16:37:55.101+0000] {processor.py:830} INFO - Processing file /opt/airflow/dags/minio_to_snowflake.py for tasks to queue
[2026-03-31T16:37:55.111+0000] {logging_mixin.py:188} INFO - [2026-03-31T16:37:55.108+0000] {dagbag.py:545} INFO - Filling up the DagBag from /opt/airflow/dags/minio_to_snowflake.py
[2026-03-31T16:37:57.250+0000] {processor.py:840} INFO - DAG(s) 'minio_to_snowflake_pipeline' retrieved from /opt/airflow/dags/minio_to_snowflake.py
[2026-03-31T16:37:57.300+0000] {logging_mixin.py:188} INFO - [2026-03-31T16:37:57.300+0000] {dag.py:3089} INFO - Sync 1 DAGs
[2026-03-31T16:37:57.334+0000] {logging_mixin.py:188} INFO - [2026-03-31T16:37:57.334+0000] {dag.py:3947} INFO - Setting next_dagrun for minio_to_snowflake_pipeline to 2026-03-31 16:30:00+00:00, run_after=2026-03-31 16:40:00+00:00
[2026-03-31T16:37:57.387+0000] {processor.py:183} INFO - Processing /opt/airflow/dags/minio_to_snowflake.py took 2.352 seconds
[2026-03-31T16:38:28.006+0000] {processor.py:161} INFO - Started process (PID=2600) to work on /opt/airflow/dags/minio_to_snowflake.py
[2026-03-31T16:38:28.007+0000] {processor.py:830} INFO - Processing file /opt/airflow/dags/minio_to_snowflake.py for tasks to queue
[2026-03-31T16:38:28.009+0000] {logging_mixin.py:188} INFO - [2026-03-31T16:38:28.009+0000] {dagbag.py:545} INFO - Filling up the DagBag from /opt/airflow/dags/minio_to_snowflake.py
[2026-03-31T16:38:30.292+0000] {processor.py:840} INFO - DAG(s) 'minio_to_snowflake_pipeline' retrieved from /opt/airflow/dags/minio_to_snowflake.py
[2026-03-31T16:38:30.360+0000] {logging_mixin.py:188} INFO - [2026-03-31T16:38:30.359+0000] {dag.py:3089} INFO - Sync 1 DAGs
[2026-03-31T16:38:30.418+0000] {logging_mixin.py:188} INFO - [2026-03-31T16:38:30.417+0000] {dag.py:3947} INFO - Setting next_dagrun for minio_to_snowflake_pipeline to 2026-03-31 16:30:00+00:00, run_after=2026-03-31 16:40:00+00:00
[2026-03-31T16:38:30.466+0000] {processor.py:183} INFO - Processing /opt/airflow/dags/minio_to_snowflake.py took 2.474 seconds
[2026-03-31T16:39:01.290+0000] {processor.py:161} INFO - Started process (PID=2607) to work on /opt/airflow/dags/minio_to_snowflake.py
[2026-03-31T16:39:01.295+0000] {processor.py:830} INFO - Processing file /opt/airflow/dags/minio_to_snowflake.py for tasks to queue
[2026-03-31T16:39:01.299+0000] {logging_mixin.py:188} INFO - [2026-03-31T16:39:01.297+0000] {dagbag.py:545} INFO - Filling up the DagBag from /opt/airflow/dags/minio_to_snowflake.py
[2026-03-31T16:39:03.050+0000] {processor.py:840} INFO - DAG(s) 'minio_to_snowflake_pipeline' retrieved from /opt/airflow/dags/minio_to_snowflake.py
[2026-03-31T16:39:03.131+0000] {logging_mixin.py:188} INFO - [2026-03-31T16:39:03.129+0000] {dag.py:3089} INFO - Sync 1 DAGs
[2026-03-31T16:39:03.197+0000] {logging_mixin.py:188} INFO - [2026-03-31T16:39:03.196+0000] {dag.py:3947} INFO - Setting next_dagrun for minio_to_snowflake_pipeline to 2026-03-31 16:30:00+00:00, run_after=2026-03-31 16:40:00+00:00
[2026-03-31T16:39:03.249+0000] {processor.py:183} INFO - Processing /opt/airflow/dags/minio_to_snowflake.py took 1.999 seconds
[2026-03-31T16:39:33.890+0000] {processor.py:161} INFO - Started process (PID=2614) to work on /opt/airflow/dags/minio_to_snowflake.py
[2026-03-31T16:39:33.892+0000] {processor.py:830} INFO - Processing file /opt/airflow/dags/minio_to_snowflake.py for tasks to queue
[2026-03-31T16:39:33.895+0000] {logging_mixin.py:188} INFO - [2026-03-31T16:39:33.894+0000] {dagbag.py:545} INFO - Filling up the DagBag from /opt/airflow/dags/minio_to_snowflake.py
[2026-03-31T16:39:36.035+0000] {processor.py:840} INFO - DAG(s) 'minio_to_snowflake_pipeline' retrieved from /opt/airflow/dags/minio_to_snowflake.py
[2026-03-31T16:39:36.091+0000] {logging_mixin.py:188} INFO - [2026-03-31T16:39:36.089+0000] {dag.py:3089} INFO - Sync 1 DAGs
[2026-03-31T16:39:36.147+0000] {logging_mixin.py:188} INFO - [2026-03-31T16:39:36.147+0000] {dag.py:3947} INFO - Setting next_dagrun for minio_to_snowflake_pipeline to 2026-03-31 16:30:00+00:00, run_after=2026-03-31 16:40:00+00:00
[2026-03-31T16:39:36.186+0000] {processor.py:183} INFO - Processing /opt/airflow/dags/minio_to_snowflake.py took 2.324 seconds
[2026-03-31T16:40:06.932+0000] {processor.py:161} INFO - Started process (PID=2625) to work on /opt/airflow/dags/minio_to_snowflake.py
[2026-03-31T16:40:06.936+0000] {processor.py:830} INFO - Processing file /opt/airflow/dags/minio_to_snowflake.py for tasks to queue
[2026-03-31T16:40:06.941+0000] {logging_mixin.py:188} INFO - [2026-03-31T16:40:06.938+0000] {dagbag.py:545} INFO - Filling up the DagBag from /opt/airflow/dags/minio_to_snowflake.py
[2026-03-31T16:40:08.876+0000] {processor.py:840} INFO - DAG(s) 'minio_to_snowflake_pipeline' retrieved from /opt/airflow/dags/minio_to_snowflake.py
[2026-03-31T16:40:08.923+0000] {logging_mixin.py:188} INFO - [2026-03-31T16:40:08.922+0000] {dag.py:3089} INFO - Sync 1 DAGs
[2026-03-31T16:40:08.973+0000] {logging_mixin.py:188} INFO - [2026-03-31T16:40:08.973+0000] {dag.py:3947} INFO - Setting next_dagrun for minio_to_snowflake_pipeline to 2026-03-31 16:40:00+00:00, run_after=2026-03-31 16:50:00+00:00
[2026-03-31T16:40:09.013+0000] {processor.py:183} INFO - Processing /opt/airflow/dags/minio_to_snowflake.py took 2.103 seconds
[2026-03-31T16:40:39.539+0000] {processor.py:161} INFO - Started process (PID=2632) to work on /opt/airflow/dags/minio_to_snowflake.py
[2026-03-31T16:40:39.543+0000] {processor.py:830} INFO - Processing file /opt/airflow/dags/minio_to_snowflake.py for tasks to queue
[2026-03-31T16:40:39.547+0000] {logging_mixin.py:188} INFO - [2026-03-31T16:40:39.546+0000] {dagbag.py:545} INFO - Filling up the DagBag from /opt/airflow/dags/minio_to_snowflake.py
[2026-03-31T16:40:41.492+0000] {processor.py:840} INFO - DAG(s) 'minio_to_snowflake_pipeline' retrieved from /opt/airflow/dags/minio_to_snowflake.py
[2026-03-31T16:40:41.559+0000] {logging_mixin.py:188} INFO - [2026-03-31T16:40:41.558+0000] {dag.py:3089} INFO - Sync 1 DAGs
[2026-03-31T16:40:41.642+0000] {logging_mixin.py:188} INFO - [2026-03-31T16:40:41.641+0000] {dag.py:3947} INFO - Setting next_dagrun for minio_to_snowflake_pipeline to 2026-03-31 16:40:00+00:00, run_after=2026-03-31 16:50:00+00:00
[2026-03-31T16:40:41.672+0000] {processor.py:183} INFO - Processing /opt/airflow/dags/minio_to_snowflake.py took 2.162 seconds
[2026-03-31T16:41:12.419+0000] {processor.py:161} INFO - Started process (PID=2639) to work on /opt/airflow/dags/minio_to_snowflake.py
[2026-03-31T16:41:12.421+0000] {processor.py:830} INFO - Processing file /opt/airflow/dags/minio_to_snowflake.py for tasks to queue
[2026-03-31T16:41:12.423+0000] {logging_mixin.py:188} INFO - [2026-03-31T16:41:12.422+0000] {dagbag.py:545} INFO - Filling up the DagBag from /opt/airflow/dags/minio_to_snowflake.py
[2026-03-31T16:41:14.882+0000] {processor.py:840} INFO - DAG(s) 'minio_to_snowflake_pipeline' retrieved from /opt/airflow/dags/minio_to_snowflake.py
[2026-03-31T16:41:14.955+0000] {logging_mixin.py:188} INFO - [2026-03-31T16:41:14.955+0000] {dag.py:3089} INFO - Sync 1 DAGs
[2026-03-31T16:41:14.990+0000] {logging_mixin.py:188} INFO - [2026-03-31T16:41:14.990+0000] {dag.py:3947} INFO - Setting next_dagrun for minio_to_snowflake_pipeline to 2026-03-31 16:40:00+00:00, run_after=2026-03-31 16:50:00+00:00
[2026-03-31T16:41:15.027+0000] {processor.py:183} INFO - Processing /opt/airflow/dags/minio_to_snowflake.py took 2.619 seconds
[2026-03-31T16:41:46.491+0000] {processor.py:161} INFO - Started process (PID=2646) to work on /opt/airflow/dags/minio_to_snowflake.py
[2026-03-31T16:41:46.550+0000] {processor.py:830} INFO - Processing file /opt/airflow/dags/minio_to_snowflake.py for tasks to queue
[2026-03-31T16:41:46.569+0000] {logging_mixin.py:188} INFO - [2026-03-31T16:41:46.568+0000] {dagbag.py:545} INFO - Filling up the DagBag from /opt/airflow/dags/minio_to_snowflake.py
[2026-03-31T16:41:54.100+0000] {processor.py:840} INFO - DAG(s) 'minio_to_snowflake_pipeline' retrieved from /opt/airflow/dags/minio_to_snowflake.py
[2026-03-31T16:41:54.235+0000] {logging_mixin.py:188} INFO - [2026-03-31T16:41:54.225+0000] {dag.py:3089} INFO - Sync 1 DAGs
[2026-03-31T16:41:54.403+0000] {logging_mixin.py:188} INFO - [2026-03-31T16:41:54.401+0000] {dag.py:3947} INFO - Setting next_dagrun for minio_to_snowflake_pipeline to 2026-03-31 16:40:00+00:00, run_after=2026-03-31 16:50:00+00:00
[2026-03-31T16:41:54.459+0000] {processor.py:183} INFO - Processing /opt/airflow/dags/minio_to_snowflake.py took 8.067 seconds
[2026-03-31T16:42:25.585+0000] {processor.py:161} INFO - Started process (PID=2653) to work on /opt/airflow/dags/minio_to_snowflake.py
[2026-03-31T16:42:25.588+0000] {processor.py:830} INFO - Processing file /opt/airflow/dags/minio_to_snowflake.py for tasks to queue
[2026-03-31T16:42:25.592+0000] {logging_mixin.py:188} INFO - [2026-03-31T16:42:25.591+0000] {dagbag.py:545} INFO - Filling up the DagBag from /opt/airflow/dags/minio_to_snowflake.py
[2026-03-31T16:42:27.837+0000] {processor.py:840} INFO - DAG(s) 'minio_to_snowflake_pipeline' retrieved from /opt/airflow/dags/minio_to_snowflake.py
[2026-03-31T16:42:27.949+0000] {logging_mixin.py:188} INFO - [2026-03-31T16:42:27.947+0000] {dag.py:3089} INFO - Sync 1 DAGs
[2026-03-31T16:42:28.020+0000] {logging_mixin.py:188} INFO - [2026-03-31T16:42:28.019+0000] {dag.py:3947} INFO - Setting next_dagrun for minio_to_snowflake_pipeline to 2026-03-31 16:40:00+00:00, run_after=2026-03-31 16:50:00+00:00
[2026-03-31T16:42:28.066+0000] {processor.py:183} INFO - Processing /opt/airflow/dags/minio_to_snowflake.py took 2.514 seconds
[2026-03-31T16:42:58.730+0000] {processor.py:161} INFO - Started process (PID=2660) to work on /opt/airflow/dags/minio_to_snowflake.py
[2026-03-31T16:42:58.732+0000] {processor.py:830} INFO - Processing file /opt/airflow/dags/minio_to_snowflake.py for tasks to queue
[2026-03-31T16:42:58.734+0000] {logging_mixin.py:188} INFO - [2026-03-31T16:42:58.733+0000] {dagbag.py:545} INFO - Filling up the DagBag from /opt/airflow/dags/minio_to_snowflake.py
[2026-03-31T16:43:00.844+0000] {processor.py:840} INFO - DAG(s) 'minio_to_snowflake_pipeline' retrieved from /opt/airflow/dags/minio_to_snowflake.py
[2026-03-31T16:43:00.897+0000] {logging_mixin.py:188} INFO - [2026-03-31T16:43:00.896+0000] {dag.py:3089} INFO - Sync 1 DAGs
[2026-03-31T16:43:00.954+0000] {logging_mixin.py:188} INFO - [2026-03-31T16:43:00.953+0000] {dag.py:3947} INFO - Setting next_dagrun for minio_to_snowflake_pipeline to 2026-03-31 16:40:00+00:00, run_after=2026-03-31 16:50:00+00:00
[2026-03-31T16:43:01.007+0000] {processor.py:183} INFO - Processing /opt/airflow/dags/minio_to_snowflake.py took 2.292 seconds
[2026-03-31T16:43:31.160+0000] {processor.py:161} INFO - Started process (PID=2667) to work on /opt/airflow/dags/minio_to_snowflake.py
[2026-03-31T16:43:31.164+0000] {processor.py:830} INFO - Processing file /opt/airflow/dags/minio_to_snowflake.py for tasks to queue
[2026-03-31T16:43:31.167+0000] {logging_mixin.py:188} INFO - [2026-03-31T16:43:31.166+0000] {dagbag.py:545} INFO - Filling up the DagBag from /opt/airflow/dags/minio_to_snowflake.py
[2026-03-31T16:43:33.677+0000] {processor.py:840} INFO - DAG(s) 'minio_to_snowflake_pipeline' retrieved from /opt/airflow/dags/minio_to_snowflake.py
[2026-03-31T16:43:33.733+0000] {logging_mixin.py:188} INFO - [2026-03-31T16:43:33.732+0000] {dag.py:3089} INFO - Sync 1 DAGs
[2026-03-31T16:43:33.776+0000] {logging_mixin.py:188} INFO - [2026-03-31T16:43:33.775+0000] {dag.py:3947} INFO - Setting next_dagrun for minio_to_snowflake_pipeline to 2026-03-31 16:40:00+00:00, run_after=2026-03-31 16:50:00+00:00
[2026-03-31T16:43:33.824+0000] {processor.py:183} INFO - Processing /opt/airflow/dags/minio_to_snowflake.py took 2.681 seconds
[2026-03-31T16:44:04.584+0000] {processor.py:161} INFO - Started process (PID=2674) to work on /opt/airflow/dags/minio_to_snowflake.py
[2026-03-31T16:44:04.589+0000] {processor.py:830} INFO - Processing file /opt/airflow/dags/minio_to_snowflake.py for tasks to queue
[2026-03-31T16:44:04.594+0000] {logging_mixin.py:188} INFO - [2026-03-31T16:44:04.592+0000] {dagbag.py:545} INFO - Filling up the DagBag from /opt/airflow/dags/minio_to_snowflake.py
[2026-03-31T16:44:07.419+0000] {processor.py:840} INFO - DAG(s) 'minio_to_snowflake_pipeline' retrieved from /opt/airflow/dags/minio_to_snowflake.py
[2026-03-31T16:44:07.567+0000] {logging_mixin.py:188} INFO - [2026-03-31T16:44:07.557+0000] {dag.py:3089} INFO - Sync 1 DAGs
[2026-03-31T16:44:07.646+0000] {logging_mixin.py:188} INFO - [2026-03-31T16:44:07.646+0000] {dag.py:3947} INFO - Setting next_dagrun for minio_to_snowflake_pipeline to 2026-03-31 16:40:00+00:00, run_after=2026-03-31 16:50:00+00:00
[2026-03-31T16:44:07.687+0000] {processor.py:183} INFO - Processing /opt/airflow/dags/minio_to_snowflake.py took 3.135 seconds
[2026-03-31T16:44:38.205+0000] {processor.py:161} INFO - Started process (PID=2681) to work on /opt/airflow/dags/minio_to_snowflake.py
[2026-03-31T16:44:38.218+0000] {processor.py:830} INFO - Processing file /opt/airflow/dags/minio_to_snowflake.py for tasks to queue
[2026-03-31T16:44:38.226+0000] {logging_mixin.py:188} INFO - [2026-03-31T16:44:38.225+0000] {dagbag.py:545} INFO - Filling up the DagBag from /opt/airflow/dags/minio_to_snowflake.py
[2026-03-31T16:44:41.433+0000] {processor.py:840} INFO - DAG(s) 'minio_to_snowflake_pipeline' retrieved from /opt/airflow/dags/minio_to_snowflake.py
[2026-03-31T16:44:41.528+0000] {logging_mixin.py:188} INFO - [2026-03-31T16:44:41.526+0000] {dag.py:3089} INFO - Sync 1 DAGs
[2026-03-31T16:44:41.598+0000] {logging_mixin.py:188} INFO - [2026-03-31T16:44:41.597+0000] {dag.py:3947} INFO - Setting next_dagrun for minio_to_snowflake_pipeline to 2026-03-31 16:40:00+00:00, run_after=2026-03-31 16:50:00+00:00
[2026-03-31T16:44:41.685+0000] {processor.py:183} INFO - Processing /opt/airflow/dags/minio_to_snowflake.py took 3.538 seconds
[2026-03-31T16:45:11.995+0000] {processor.py:161} INFO - Started process (PID=2688) to work on /opt/airflow/dags/minio_to_snowflake.py
[2026-03-31T16:45:12.001+0000] {processor.py:830} INFO - Processing file /opt/airflow/dags/minio_to_snowflake.py for tasks to queue
[2026-03-31T16:45:12.006+0000] {logging_mixin.py:188} INFO - [2026-03-31T16:45:12.004+0000] {dagbag.py:545} INFO - Filling up the DagBag from /opt/airflow/dags/minio_to_snowflake.py
[2026-03-31T16:45:15.192+0000] {processor.py:840} INFO - DAG(s) 'minio_to_snowflake_pipeline' retrieved from /opt/airflow/dags/minio_to_snowflake.py
[2026-03-31T16:45:15.256+0000] {logging_mixin.py:188} INFO - [2026-03-31T16:45:15.254+0000] {dag.py:3089} INFO - Sync 1 DAGs
[2026-03-31T16:45:15.366+0000] {logging_mixin.py:188} INFO - [2026-03-31T16:45:15.366+0000] {dag.py:3947} INFO - Setting next_dagrun for minio_to_snowflake_pipeline to 2026-03-31 16:40:00+00:00, run_after=2026-03-31 16:50:00+00:00
[2026-03-31T16:45:15.435+0000] {processor.py:183} INFO - Processing /opt/airflow/dags/minio_to_snowflake.py took 3.475 seconds
[2026-03-31T16:45:46.085+0000] {processor.py:161} INFO - Started process (PID=2695) to work on /opt/airflow/dags/minio_to_snowflake.py
[2026-03-31T16:45:46.087+0000] {processor.py:830} INFO - Processing file /opt/airflow/dags/minio_to_snowflake.py for tasks to queue
[2026-03-31T16:45:46.093+0000] {logging_mixin.py:188} INFO - [2026-03-31T16:45:46.090+0000] {dagbag.py:545} INFO - Filling up the DagBag from /opt/airflow/dags/minio_to_snowflake.py
[2026-03-31T16:45:48.958+0000] {processor.py:840} INFO - DAG(s) 'minio_to_snowflake_pipeline' retrieved from /opt/airflow/dags/minio_to_snowflake.py
[2026-03-31T16:45:49.086+0000] {logging_mixin.py:188} INFO - [2026-03-31T16:45:49.085+0000] {dag.py:3089} INFO - Sync 1 DAGs
[2026-03-31T16:45:49.148+0000] {logging_mixin.py:188} INFO - [2026-03-31T16:45:49.147+0000] {dag.py:3947} INFO - Setting next_dagrun for minio_to_snowflake_pipeline to 2026-03-31 16:40:00+00:00, run_after=2026-03-31 16:50:00+00:00
[2026-03-31T16:45:49.220+0000] {processor.py:183} INFO - Processing /opt/airflow/dags/minio_to_snowflake.py took 3.151 seconds
[2026-03-31T16:46:20.146+0000] {processor.py:161} INFO - Started process (PID=2702) to work on /opt/airflow/dags/minio_to_snowflake.py
[2026-03-31T16:46:20.149+0000] {processor.py:830} INFO - Processing file /opt/airflow/dags/minio_to_snowflake.py for tasks to queue
[2026-03-31T16:46:20.153+0000] {logging_mixin.py:188} INFO - [2026-03-31T16:46:20.151+0000] {dagbag.py:545} INFO - Filling up the DagBag from /opt/airflow/dags/minio_to_snowflake.py
[2026-03-31T16:46:23.424+0000] {processor.py:840} INFO - DAG(s) 'minio_to_snowflake_pipeline' retrieved from /opt/airflow/dags/minio_to_snowflake.py
[2026-03-31T16:46:23.577+0000] {logging_mixin.py:188} INFO - [2026-03-31T16:46:23.576+0000] {dag.py:3089} INFO - Sync 1 DAGs
[2026-03-31T16:46:23.639+0000] {logging_mixin.py:188} INFO - [2026-03-31T16:46:23.639+0000] {dag.py:3947} INFO - Setting next_dagrun for minio_to_snowflake_pipeline to 2026-03-31 16:40:00+00:00, run_after=2026-03-31 16:50:00+00:00
[2026-03-31T16:46:23.678+0000] {processor.py:183} INFO - Processing /opt/airflow/dags/minio_to_snowflake.py took 3.552 seconds
[2026-03-31T16:46:54.001+0000] {processor.py:161} INFO - Started process (PID=2709) to work on /opt/airflow/dags/minio_to_snowflake.py
[2026-03-31T16:46:54.009+0000] {processor.py:830} INFO - Processing file /opt/airflow/dags/minio_to_snowflake.py for tasks to queue
[2026-03-31T16:46:54.013+0000] {logging_mixin.py:188} INFO - [2026-03-31T16:46:54.012+0000] {dagbag.py:545} INFO - Filling up the DagBag from /opt/airflow/dags/minio_to_snowflake.py
[2026-03-31T16:46:59.822+0000] {processor.py:840} INFO - DAG(s) 'minio_to_snowflake_pipeline' retrieved from /opt/airflow/dags/minio_to_snowflake.py
[2026-03-31T16:46:59.905+0000] {logging_mixin.py:188} INFO - [2026-03-31T16:46:59.904+0000] {dag.py:3089} INFO - Sync 1 DAGs
[2026-03-31T16:46:59.973+0000] {logging_mixin.py:188} INFO - [2026-03-31T16:46:59.973+0000] {dag.py:3947} INFO - Setting next_dagrun for minio_to_snowflake_pipeline to 2026-03-31 16:40:00+00:00, run_after=2026-03-31 16:50:00+00:00
[2026-03-31T16:47:00.144+0000] {processor.py:183} INFO - Processing /opt/airflow/dags/minio_to_snowflake.py took 6.187 seconds
[2026-03-31T16:47:30.353+0000] {processor.py:161} INFO - Started process (PID=2716) to work on /opt/airflow/dags/minio_to_snowflake.py
[2026-03-31T16:47:30.355+0000] {processor.py:830} INFO - Processing file /opt/airflow/dags/minio_to_snowflake.py for tasks to queue
[2026-03-31T16:47:30.358+0000] {logging_mixin.py:188} INFO - [2026-03-31T16:47:30.357+0000] {dagbag.py:545} INFO - Filling up the DagBag from /opt/airflow/dags/minio_to_snowflake.py
[2026-03-31T16:47:32.941+0000] {processor.py:840} INFO - DAG(s) 'minio_to_snowflake_pipeline' retrieved from /opt/airflow/dags/minio_to_snowflake.py
[2026-03-31T16:47:33.022+0000] {logging_mixin.py:188} INFO - [2026-03-31T16:47:33.022+0000] {dag.py:3089} INFO - Sync 1 DAGs
[2026-03-31T16:47:33.076+0000] {logging_mixin.py:188} INFO - [2026-03-31T16:47:33.075+0000] {dag.py:3947} INFO - Setting next_dagrun for minio_to_snowflake_pipeline to 2026-03-31 16:40:00+00:00, run_after=2026-03-31 16:50:00+00:00
[2026-03-31T16:47:33.114+0000] {processor.py:183} INFO - Processing /opt/airflow/dags/minio_to_snowflake.py took 2.780 seconds
[2026-03-31T16:48:03.387+0000] {processor.py:161} INFO - Started process (PID=2723) to work on /opt/airflow/dags/minio_to_snowflake.py
[2026-03-31T16:48:03.390+0000] {processor.py:830} INFO - Processing file /opt/airflow/dags/minio_to_snowflake.py for tasks to queue
[2026-03-31T16:48:03.393+0000] {logging_mixin.py:188} INFO - [2026-03-31T16:48:03.391+0000] {dagbag.py:545} INFO - Filling up the DagBag from /opt/airflow/dags/minio_to_snowflake.py
[2026-03-31T16:48:06.524+0000] {processor.py:840} INFO - DAG(s) 'minio_to_snowflake_pipeline' retrieved from /opt/airflow/dags/minio_to_snowflake.py
[2026-03-31T16:48:06.594+0000] {logging_mixin.py:188} INFO - [2026-03-31T16:48:06.593+0000] {dag.py:3089} INFO - Sync 1 DAGs
[2026-03-31T16:48:06.650+0000] {logging_mixin.py:188} INFO - [2026-03-31T16:48:06.650+0000] {dag.py:3947} INFO - Setting next_dagrun for minio_to_snowflake_pipeline to 2026-03-31 16:40:00+00:00, run_after=2026-03-31 16:50:00+00:00
[2026-03-31T16:48:06.689+0000] {processor.py:183} INFO - Processing /opt/airflow/dags/minio_to_snowflake.py took 3.331 seconds
[2026-03-31T16:48:37.475+0000] {processor.py:161} INFO - Started process (PID=2730) to work on /opt/airflow/dags/minio_to_snowflake.py
[2026-03-31T16:48:37.479+0000] {processor.py:830} INFO - Processing file /opt/airflow/dags/minio_to_snowflake.py for tasks to queue
[2026-03-31T16:48:37.482+0000] {logging_mixin.py:188} INFO - [2026-03-31T16:48:37.481+0000] {dagbag.py:545} INFO - Filling up the DagBag from /opt/airflow/dags/minio_to_snowflake.py
[2026-03-31T16:48:39.750+0000] {processor.py:840} INFO - DAG(s) 'minio_to_snowflake_pipeline' retrieved from /opt/airflow/dags/minio_to_snowflake.py
[2026-03-31T16:48:39.789+0000] {logging_mixin.py:188} INFO - [2026-03-31T16:48:39.788+0000] {dag.py:3089} INFO - Sync 1 DAGs
[2026-03-31T16:48:39.818+0000] {logging_mixin.py:188} INFO - [2026-03-31T16:48:39.818+0000] {dag.py:3947} INFO - Setting next_dagrun for minio_to_snowflake_pipeline to 2026-03-31 16:40:00+00:00, run_after=2026-03-31 16:50:00+00:00
[2026-03-31T16:48:39.846+0000] {processor.py:183} INFO - Processing /opt/airflow/dags/minio_to_snowflake.py took 2.406 seconds
[2026-03-31T16:49:10.474+0000] {processor.py:161} INFO - Started process (PID=2737) to work on /opt/airflow/dags/minio_to_snowflake.py
[2026-03-31T16:49:10.476+0000] {processor.py:830} INFO - Processing file /opt/airflow/dags/minio_to_snowflake.py for tasks to queue
[2026-03-31T16:49:10.478+0000] {logging_mixin.py:188} INFO - [2026-03-31T16:49:10.477+0000] {dagbag.py:545} INFO - Filling up the DagBag from /opt/airflow/dags/minio_to_snowflake.py
[2026-03-31T16:49:12.255+0000] {processor.py:840} INFO - DAG(s) 'minio_to_snowflake_pipeline' retrieved from /opt/airflow/dags/minio_to_snowflake.py
[2026-03-31T16:49:12.295+0000] {logging_mixin.py:188} INFO - [2026-03-31T16:49:12.294+0000] {dag.py:3089} INFO - Sync 1 DAGs
[2026-03-31T16:49:12.324+0000] {logging_mixin.py:188} INFO - [2026-03-31T16:49:12.324+0000] {dag.py:3947} INFO - Setting next_dagrun for minio_to_snowflake_pipeline to 2026-03-31 16:40:00+00:00, run_after=2026-03-31 16:50:00+00:00
[2026-03-31T16:49:12.361+0000] {processor.py:183} INFO - Processing /opt/airflow/dags/minio_to_snowflake.py took 1.905 seconds
[2026-03-31T16:49:43.362+0000] {processor.py:161} INFO - Started process (PID=2744) to work on /opt/airflow/dags/minio_to_snowflake.py
[2026-03-31T16:49:43.379+0000] {processor.py:830} INFO - Processing file /opt/airflow/dags/minio_to_snowflake.py for tasks to queue
[2026-03-31T16:49:43.390+0000] {logging_mixin.py:188} INFO - [2026-03-31T16:49:43.389+0000] {dagbag.py:545} INFO - Filling up the DagBag from /opt/airflow/dags/minio_to_snowflake.py
[2026-03-31T16:49:49.121+0000] {processor.py:840} INFO - DAG(s) 'minio_to_snowflake_pipeline' retrieved from /opt/airflow/dags/minio_to_snowflake.py
[2026-03-31T16:49:49.162+0000] {logging_mixin.py:188} INFO - [2026-03-31T16:49:49.162+0000] {dag.py:3089} INFO - Sync 1 DAGs
[2026-03-31T16:49:49.204+0000] {logging_mixin.py:188} INFO - [2026-03-31T16:49:49.204+0000] {dag.py:3947} INFO - Setting next_dagrun for minio_to_snowflake_pipeline to 2026-03-31 16:40:00+00:00, run_after=2026-03-31 16:50:00+00:00
[2026-03-31T16:49:49.235+0000] {processor.py:183} INFO - Processing /opt/airflow/dags/minio_to_snowflake.py took 5.970 seconds
[2026-03-31T16:50:19.700+0000] {processor.py:161} INFO - Started process (PID=2755) to work on /opt/airflow/dags/minio_to_snowflake.py
[2026-03-31T16:50:19.709+0000] {processor.py:830} INFO - Processing file /opt/airflow/dags/minio_to_snowflake.py for tasks to queue
[2026-03-31T16:50:19.719+0000] {logging_mixin.py:188} INFO - [2026-03-31T16:50:19.715+0000] {dagbag.py:545} INFO - Filling up the DagBag from /opt/airflow/dags/minio_to_snowflake.py
[2026-03-31T16:50:21.617+0000] {processor.py:840} INFO - DAG(s) 'minio_to_snowflake_pipeline' retrieved from /opt/airflow/dags/minio_to_snowflake.py
[2026-03-31T16:50:21.666+0000] {logging_mixin.py:188} INFO - [2026-03-31T16:50:21.665+0000] {dag.py:3089} INFO - Sync 1 DAGs
[2026-03-31T16:50:21.699+0000] {logging_mixin.py:188} INFO - [2026-03-31T16:50:21.698+0000] {dag.py:3947} INFO - Setting next_dagrun for minio_to_snowflake_pipeline to 2026-03-31 16:50:00+00:00, run_after=2026-03-31 17:00:00+00:00
[2026-03-31T16:50:21.741+0000] {processor.py:183} INFO - Processing /opt/airflow/dags/minio_to_snowflake.py took 2.086 seconds
[2026-03-31T16:50:52.337+0000] {processor.py:161} INFO - Started process (PID=2762) to work on /opt/airflow/dags/minio_to_snowflake.py
[2026-03-31T16:50:52.340+0000] {processor.py:830} INFO - Processing file /opt/airflow/dags/minio_to_snowflake.py for tasks to queue
[2026-03-31T16:50:52.345+0000] {logging_mixin.py:188} INFO - [2026-03-31T16:50:52.343+0000] {dagbag.py:545} INFO - Filling up the DagBag from /opt/airflow/dags/minio_to_snowflake.py
[2026-03-31T16:50:54.317+0000] {processor.py:840} INFO - DAG(s) 'minio_to_snowflake_pipeline' retrieved from /opt/airflow/dags/minio_to_snowflake.py
[2026-03-31T16:50:54.368+0000] {logging_mixin.py:188} INFO - [2026-03-31T16:50:54.367+0000] {dag.py:3089} INFO - Sync 1 DAGs
[2026-03-31T16:50:54.409+0000] {logging_mixin.py:188} INFO - [2026-03-31T16:50:54.409+0000] {dag.py:3947} INFO - Setting next_dagrun for minio_to_snowflake_pipeline to 2026-03-31 16:50:00+00:00, run_after=2026-03-31 17:00:00+00:00
[2026-03-31T16:50:54.448+0000] {processor.py:183} INFO - Processing /opt/airflow/dags/minio_to_snowflake.py took 2.170 seconds
[2026-03-31T16:51:25.147+0000] {processor.py:161} INFO - Started process (PID=2769) to work on /opt/airflow/dags/minio_to_snowflake.py
[2026-03-31T16:51:25.151+0000] {processor.py:830} INFO - Processing file /opt/airflow/dags/minio_to_snowflake.py for tasks to queue
[2026-03-31T16:51:25.158+0000] {logging_mixin.py:188} INFO - [2026-03-31T16:51:25.153+0000] {dagbag.py:545} INFO - Filling up the DagBag from /opt/airflow/dags/minio_to_snowflake.py
[2026-03-31T16:51:26.931+0000] {processor.py:840} INFO - DAG(s) 'minio_to_snowflake_pipeline' retrieved from /opt/airflow/dags/minio_to_snowflake.py
[2026-03-31T16:51:26.972+0000] {logging_mixin.py:188} INFO - [2026-03-31T16:51:26.972+0000] {dag.py:3089} INFO - Sync 1 DAGs
[2026-03-31T16:51:27.008+0000] {logging_mixin.py:188} INFO - [2026-03-31T16:51:27.008+0000] {dag.py:3947} INFO - Setting next_dagrun for minio_to_snowflake_pipeline to 2026-03-31 16:50:00+00:00, run_after=2026-03-31 17:00:00+00:00
[2026-03-31T16:51:27.035+0000] {processor.py:183} INFO - Processing /opt/airflow/dags/minio_to_snowflake.py took 1.929 seconds
[2026-03-31T16:51:57.861+0000] {processor.py:161} INFO - Started process (PID=2776) to work on /opt/airflow/dags/minio_to_snowflake.py
[2026-03-31T16:51:57.863+0000] {processor.py:830} INFO - Processing file /opt/airflow/dags/minio_to_snowflake.py for tasks to queue
[2026-03-31T16:51:57.867+0000] {logging_mixin.py:188} INFO - [2026-03-31T16:51:57.866+0000] {dagbag.py:545} INFO - Filling up the DagBag from /opt/airflow/dags/minio_to_snowflake.py
[2026-03-31T16:51:59.898+0000] {processor.py:840} INFO - DAG(s) 'minio_to_snowflake_pipeline' retrieved from /opt/airflow/dags/minio_to_snowflake.py
[2026-03-31T16:51:59.956+0000] {logging_mixin.py:188} INFO - [2026-03-31T16:51:59.955+0000] {dag.py:3089} INFO - Sync 1 DAGs
[2026-03-31T16:52:00.018+0000] {logging_mixin.py:188} INFO - [2026-03-31T16:52:00.006+0000] {dag.py:3947} INFO - Setting next_dagrun for minio_to_snowflake_pipeline to 2026-03-31 16:50:00+00:00, run_after=2026-03-31 17:00:00+00:00
[2026-03-31T16:52:00.081+0000] {processor.py:183} INFO - Processing /opt/airflow/dags/minio_to_snowflake.py took 2.234 seconds
[2026-03-31T16:52:30.375+0000] {processor.py:161} INFO - Started process (PID=2783) to work on /opt/airflow/dags/minio_to_snowflake.py
[2026-03-31T16:52:30.377+0000] {processor.py:830} INFO - Processing file /opt/airflow/dags/minio_to_snowflake.py for tasks to queue
[2026-03-31T16:52:30.380+0000] {logging_mixin.py:188} INFO - [2026-03-31T16:52:30.379+0000] {dagbag.py:545} INFO - Filling up the DagBag from /opt/airflow/dags/minio_to_snowflake.py
[2026-03-31T16:52:32.810+0000] {processor.py:840} INFO - DAG(s) 'minio_to_snowflake_pipeline' retrieved from /opt/airflow/dags/minio_to_snowflake.py
[2026-03-31T16:52:32.868+0000] {logging_mixin.py:188} INFO - [2026-03-31T16:52:32.867+0000] {dag.py:3089} INFO - Sync 1 DAGs
[2026-03-31T16:52:32.917+0000] {logging_mixin.py:188} INFO - [2026-03-31T16:52:32.917+0000] {dag.py:3947} INFO - Setting next_dagrun for minio_to_snowflake_pipeline to 2026-03-31 16:50:00+00:00, run_after=2026-03-31 17:00:00+00:00
[2026-03-31T16:52:32.960+0000] {processor.py:183} INFO - Processing /opt/airflow/dags/minio_to_snowflake.py took 2.603 seconds
[2026-03-31T16:53:03.640+0000] {processor.py:161} INFO - Started process (PID=2790) to work on /opt/airflow/dags/minio_to_snowflake.py
[2026-03-31T16:53:03.643+0000] {processor.py:830} INFO - Processing file /opt/airflow/dags/minio_to_snowflake.py for tasks to queue
[2026-03-31T16:53:03.645+0000] {logging_mixin.py:188} INFO - [2026-03-31T16:53:03.645+0000] {dagbag.py:545} INFO - Filling up the DagBag from /opt/airflow/dags/minio_to_snowflake.py
[2026-03-31T16:53:08.075+0000] {processor.py:840} INFO - DAG(s) 'minio_to_snowflake_pipeline' retrieved from /opt/airflow/dags/minio_to_snowflake.py
[2026-03-31T16:53:08.235+0000] {logging_mixin.py:188} INFO - [2026-03-31T16:53:08.224+0000] {dag.py:3089} INFO - Sync 1 DAGs
[2026-03-31T16:53:08.359+0000] {logging_mixin.py:188} INFO - [2026-03-31T16:53:08.358+0000] {dag.py:3947} INFO - Setting next_dagrun for minio_to_snowflake_pipeline to 2026-03-31 16:50:00+00:00, run_after=2026-03-31 17:00:00+00:00
[2026-03-31T16:53:08.469+0000] {processor.py:183} INFO - Processing /opt/airflow/dags/minio_to_snowflake.py took 4.858 seconds
[2026-03-31T16:53:39.996+0000] {processor.py:161} INFO - Started process (PID=2797) to work on /opt/airflow/dags/minio_to_snowflake.py
[2026-03-31T16:53:39.999+0000] {processor.py:830} INFO - Processing file /opt/airflow/dags/minio_to_snowflake.py for tasks to queue
[2026-03-31T16:53:40.004+0000] {logging_mixin.py:188} INFO - [2026-03-31T16:53:40.003+0000] {dagbag.py:545} INFO - Filling up the DagBag from /opt/airflow/dags/minio_to_snowflake.py
[2026-03-31T16:53:46.952+0000] {processor.py:840} INFO - DAG(s) 'minio_to_snowflake_pipeline' retrieved from /opt/airflow/dags/minio_to_snowflake.py
[2026-03-31T16:53:47.050+0000] {logging_mixin.py:188} INFO - [2026-03-31T16:53:47.049+0000] {dag.py:3089} INFO - Sync 1 DAGs
[2026-03-31T16:53:47.113+0000] {logging_mixin.py:188} INFO - [2026-03-31T16:53:47.113+0000] {dag.py:3947} INFO - Setting next_dagrun for minio_to_snowflake_pipeline to 2026-03-31 16:50:00+00:00, run_after=2026-03-31 17:00:00+00:00
[2026-03-31T16:53:47.153+0000] {processor.py:183} INFO - Processing /opt/airflow/dags/minio_to_snowflake.py took 7.194 seconds
[2026-03-31T16:54:17.645+0000] {processor.py:161} INFO - Started process (PID=2804) to work on /opt/airflow/dags/minio_to_snowflake.py
[2026-03-31T16:54:17.649+0000] {processor.py:830} INFO - Processing file /opt/airflow/dags/minio_to_snowflake.py for tasks to queue
[2026-03-31T16:54:17.653+0000] {logging_mixin.py:188} INFO - [2026-03-31T16:54:17.652+0000] {dagbag.py:545} INFO - Filling up the DagBag from /opt/airflow/dags/minio_to_snowflake.py
[2026-03-31T16:54:19.155+0000] {processor.py:840} INFO - DAG(s) 'minio_to_snowflake_pipeline' retrieved from /opt/airflow/dags/minio_to_snowflake.py
[2026-03-31T16:54:19.198+0000] {logging_mixin.py:188} INFO - [2026-03-31T16:54:19.197+0000] {dag.py:3089} INFO - Sync 1 DAGs
[2026-03-31T16:54:19.231+0000] {logging_mixin.py:188} INFO - [2026-03-31T16:54:19.231+0000] {dag.py:3947} INFO - Setting next_dagrun for minio_to_snowflake_pipeline to 2026-03-31 16:50:00+00:00, run_after=2026-03-31 17:00:00+00:00
[2026-03-31T16:54:19.262+0000] {processor.py:183} INFO - Processing /opt/airflow/dags/minio_to_snowflake.py took 1.637 seconds
[2026-03-31T16:54:49.979+0000] {processor.py:161} INFO - Started process (PID=2811) to work on /opt/airflow/dags/minio_to_snowflake.py
[2026-03-31T16:54:49.981+0000] {processor.py:830} INFO - Processing file /opt/airflow/dags/minio_to_snowflake.py for tasks to queue
[2026-03-31T16:54:49.984+0000] {logging_mixin.py:188} INFO - [2026-03-31T16:54:49.983+0000] {dagbag.py:545} INFO - Filling up the DagBag from /opt/airflow/dags/minio_to_snowflake.py
[2026-03-31T16:54:51.653+0000] {processor.py:840} INFO - DAG(s) 'minio_to_snowflake_pipeline' retrieved from /opt/airflow/dags/minio_to_snowflake.py
[2026-03-31T16:54:51.720+0000] {logging_mixin.py:188} INFO - [2026-03-31T16:54:51.719+0000] {dag.py:3089} INFO - Sync 1 DAGs
[2026-03-31T16:54:51.772+0000] {logging_mixin.py:188} INFO - [2026-03-31T16:54:51.771+0000] {dag.py:3947} INFO - Setting next_dagrun for minio_to_snowflake_pipeline to 2026-03-31 16:50:00+00:00, run_after=2026-03-31 17:00:00+00:00
[2026-03-31T16:54:51.810+0000] {processor.py:183} INFO - Processing /opt/airflow/dags/minio_to_snowflake.py took 1.843 seconds
[2026-03-31T16:55:22.553+0000] {processor.py:161} INFO - Started process (PID=2818) to work on /opt/airflow/dags/minio_to_snowflake.py
[2026-03-31T16:55:22.554+0000] {processor.py:830} INFO - Processing file /opt/airflow/dags/minio_to_snowflake.py for tasks to queue
[2026-03-31T16:55:22.557+0000] {logging_mixin.py:188} INFO - [2026-03-31T16:55:22.556+0000] {dagbag.py:545} INFO - Filling up the DagBag from /opt/airflow/dags/minio_to_snowflake.py
[2026-03-31T16:55:24.906+0000] {processor.py:840} INFO - DAG(s) 'minio_to_snowflake_pipeline' retrieved from /opt/airflow/dags/minio_to_snowflake.py
[2026-03-31T16:55:24.956+0000] {logging_mixin.py:188} INFO - [2026-03-31T16:55:24.954+0000] {dag.py:3089} INFO - Sync 1 DAGs
[2026-03-31T16:55:24.998+0000] {logging_mixin.py:188} INFO - [2026-03-31T16:55:24.998+0000] {dag.py:3947} INFO - Setting next_dagrun for minio_to_snowflake_pipeline to 2026-03-31 16:50:00+00:00, run_after=2026-03-31 17:00:00+00:00
[2026-03-31T16:55:25.036+0000] {processor.py:183} INFO - Processing /opt/airflow/dags/minio_to_snowflake.py took 2.498 seconds
[2026-03-31T16:55:55.464+0000] {processor.py:161} INFO - Started process (PID=2825) to work on /opt/airflow/dags/minio_to_snowflake.py
[2026-03-31T16:55:55.467+0000] {processor.py:830} INFO - Processing file /opt/airflow/dags/minio_to_snowflake.py for tasks to queue
[2026-03-31T16:55:55.470+0000] {logging_mixin.py:188} INFO - [2026-03-31T16:55:55.469+0000] {dagbag.py:545} INFO - Filling up the DagBag from /opt/airflow/dags/minio_to_snowflake.py
[2026-03-31T16:55:58.394+0000] {processor.py:840} INFO - DAG(s) 'minio_to_snowflake_pipeline' retrieved from /opt/airflow/dags/minio_to_snowflake.py
[2026-03-31T16:55:58.475+0000] {logging_mixin.py:188} INFO - [2026-03-31T16:55:58.474+0000] {dag.py:3089} INFO - Sync 1 DAGs
[2026-03-31T16:55:58.553+0000] {logging_mixin.py:188} INFO - [2026-03-31T16:55:58.552+0000] {dag.py:3947} INFO - Setting next_dagrun for minio_to_snowflake_pipeline to 2026-03-31 16:50:00+00:00, run_after=2026-03-31 17:00:00+00:00
[2026-03-31T16:55:58.600+0000] {processor.py:183} INFO - Processing /opt/airflow/dags/minio_to_snowflake.py took 3.169 seconds
[2026-03-31T16:56:29.202+0000] {processor.py:161} INFO - Started process (PID=2832) to work on /opt/airflow/dags/minio_to_snowflake.py
[2026-03-31T16:56:29.204+0000] {processor.py:830} INFO - Processing file /opt/airflow/dags/minio_to_snowflake.py for tasks to queue
[2026-03-31T16:56:29.207+0000] {logging_mixin.py:188} INFO - [2026-03-31T16:56:29.206+0000] {dagbag.py:545} INFO - Filling up the DagBag from /opt/airflow/dags/minio_to_snowflake.py
[2026-03-31T16:56:30.798+0000] {processor.py:840} INFO - DAG(s) 'minio_to_snowflake_pipeline' retrieved from /opt/airflow/dags/minio_to_snowflake.py
[2026-03-31T16:56:30.849+0000] {logging_mixin.py:188} INFO - [2026-03-31T16:56:30.848+0000] {dag.py:3089} INFO - Sync 1 DAGs
[2026-03-31T16:56:30.894+0000] {logging_mixin.py:188} INFO - [2026-03-31T16:56:30.894+0000] {dag.py:3947} INFO - Setting next_dagrun for minio_to_snowflake_pipeline to 2026-03-31 16:50:00+00:00, run_after=2026-03-31 17:00:00+00:00
[2026-03-31T16:56:30.933+0000] {processor.py:183} INFO - Processing /opt/airflow/dags/minio_to_snowflake.py took 1.750 seconds
[2026-03-31T16:57:01.959+0000] {processor.py:161} INFO - Started process (PID=2839) to work on /opt/airflow/dags/minio_to_snowflake.py
[2026-03-31T16:57:01.970+0000] {processor.py:830} INFO - Processing file /opt/airflow/dags/minio_to_snowflake.py for tasks to queue
[2026-03-31T16:57:01.980+0000] {logging_mixin.py:188} INFO - [2026-03-31T16:57:01.978+0000] {dagbag.py:545} INFO - Filling up the DagBag from /opt/airflow/dags/minio_to_snowflake.py
[2026-03-31T16:57:04.396+0000] {processor.py:840} INFO - DAG(s) 'minio_to_snowflake_pipeline' retrieved from /opt/airflow/dags/minio_to_snowflake.py
[2026-03-31T16:57:04.505+0000] {logging_mixin.py:188} INFO - [2026-03-31T16:57:04.504+0000] {dag.py:3089} INFO - Sync 1 DAGs
[2026-03-31T16:57:04.560+0000] {logging_mixin.py:188} INFO - [2026-03-31T16:57:04.560+0000] {dag.py:3947} INFO - Setting next_dagrun for minio_to_snowflake_pipeline to 2026-03-31 16:50:00+00:00, run_after=2026-03-31 17:00:00+00:00
[2026-03-31T16:57:04.624+0000] {processor.py:183} INFO - Processing /opt/airflow/dags/minio_to_snowflake.py took 2.726 seconds
[2026-03-31T16:57:35.608+0000] {processor.py:161} INFO - Started process (PID=2846) to work on /opt/airflow/dags/minio_to_snowflake.py
[2026-03-31T16:57:35.610+0000] {processor.py:830} INFO - Processing file /opt/airflow/dags/minio_to_snowflake.py for tasks to queue
[2026-03-31T16:57:35.612+0000] {logging_mixin.py:188} INFO - [2026-03-31T16:57:35.611+0000] {dagbag.py:545} INFO - Filling up the DagBag from /opt/airflow/dags/minio_to_snowflake.py
[2026-03-31T16:57:37.334+0000] {processor.py:840} INFO - DAG(s) 'minio_to_snowflake_pipeline' retrieved from /opt/airflow/dags/minio_to_snowflake.py
[2026-03-31T16:57:37.379+0000] {logging_mixin.py:188} INFO - [2026-03-31T16:57:37.378+0000] {dag.py:3089} INFO - Sync 1 DAGs
[2026-03-31T16:57:37.414+0000] {logging_mixin.py:188} INFO - [2026-03-31T16:57:37.414+0000] {dag.py:3947} INFO - Setting next_dagrun for minio_to_snowflake_pipeline to 2026-03-31 16:50:00+00:00, run_after=2026-03-31 17:00:00+00:00
[2026-03-31T16:57:37.445+0000] {processor.py:183} INFO - Processing /opt/airflow/dags/minio_to_snowflake.py took 1.854 seconds
[2026-03-31T16:58:08.103+0000] {processor.py:161} INFO - Started process (PID=2853) to work on /opt/airflow/dags/minio_to_snowflake.py
[2026-03-31T16:58:08.105+0000] {processor.py:830} INFO - Processing file /opt/airflow/dags/minio_to_snowflake.py for tasks to queue
[2026-03-31T16:58:08.106+0000] {logging_mixin.py:188} INFO - [2026-03-31T16:58:08.106+0000] {dagbag.py:545} INFO - Filling up the DagBag from /opt/airflow/dags/minio_to_snowflake.py
[2026-03-31T16:58:10.234+0000] {processor.py:840} INFO - DAG(s) 'minio_to_snowflake_pipeline' retrieved from /opt/airflow/dags/minio_to_snowflake.py
[2026-03-31T16:58:10.284+0000] {logging_mixin.py:188} INFO - [2026-03-31T16:58:10.284+0000] {dag.py:3089} INFO - Sync 1 DAGs
[2026-03-31T16:58:10.353+0000] {logging_mixin.py:188} INFO - [2026-03-31T16:58:10.352+0000] {dag.py:3947} INFO - Setting next_dagrun for minio_to_snowflake_pipeline to 2026-03-31 16:50:00+00:00, run_after=2026-03-31 17:00:00+00:00
[2026-03-31T16:58:10.399+0000] {processor.py:183} INFO - Processing /opt/airflow/dags/minio_to_snowflake.py took 2.310 seconds
[2026-03-31T16:58:41.132+0000] {processor.py:161} INFO - Started process (PID=2860) to work on /opt/airflow/dags/minio_to_snowflake.py
[2026-03-31T16:58:41.137+0000] {processor.py:830} INFO - Processing file /opt/airflow/dags/minio_to_snowflake.py for tasks to queue
[2026-03-31T16:58:41.141+0000] {logging_mixin.py:188} INFO - [2026-03-31T16:58:41.139+0000] {dagbag.py:545} INFO - Filling up the DagBag from /opt/airflow/dags/minio_to_snowflake.py
[2026-03-31T16:58:42.778+0000] {processor.py:840} INFO - DAG(s) 'minio_to_snowflake_pipeline' retrieved from /opt/airflow/dags/minio_to_snowflake.py
[2026-03-31T16:58:42.848+0000] {logging_mixin.py:188} INFO - [2026-03-31T16:58:42.847+0000] {dag.py:3089} INFO - Sync 1 DAGs
[2026-03-31T16:58:42.905+0000] {logging_mixin.py:188} INFO - [2026-03-31T16:58:42.904+0000] {dag.py:3947} INFO - Setting next_dagrun for minio_to_snowflake_pipeline to 2026-03-31 16:50:00+00:00, run_after=2026-03-31 17:00:00+00:00
[2026-03-31T16:58:42.958+0000] {processor.py:183} INFO - Processing /opt/airflow/dags/minio_to_snowflake.py took 1.884 seconds
[2026-03-31T16:59:13.807+0000] {processor.py:161} INFO - Started process (PID=2867) to work on /opt/airflow/dags/minio_to_snowflake.py
[2026-03-31T16:59:13.810+0000] {processor.py:830} INFO - Processing file /opt/airflow/dags/minio_to_snowflake.py for tasks to queue
[2026-03-31T16:59:13.813+0000] {logging_mixin.py:188} INFO - [2026-03-31T16:59:13.812+0000] {dagbag.py:545} INFO - Filling up the DagBag from /opt/airflow/dags/minio_to_snowflake.py
[2026-03-31T16:59:16.755+0000] {processor.py:840} INFO - DAG(s) 'minio_to_snowflake_pipeline' retrieved from /opt/airflow/dags/minio_to_snowflake.py
[2026-03-31T16:59:16.791+0000] {logging_mixin.py:188} INFO - [2026-03-31T16:59:16.790+0000] {dag.py:3089} INFO - Sync 1 DAGs
[2026-03-31T16:59:16.837+0000] {logging_mixin.py:188} INFO - [2026-03-31T16:59:16.836+0000] {dag.py:3947} INFO - Setting next_dagrun for minio_to_snowflake_pipeline to 2026-03-31 16:50:00+00:00, run_after=2026-03-31 17:00:00+00:00
[2026-03-31T16:59:16.898+0000] {processor.py:183} INFO - Processing /opt/airflow/dags/minio_to_snowflake.py took 3.112 seconds
[2026-03-31T16:59:47.561+0000] {processor.py:161} INFO - Started process (PID=2874) to work on /opt/airflow/dags/minio_to_snowflake.py
[2026-03-31T16:59:47.563+0000] {processor.py:830} INFO - Processing file /opt/airflow/dags/minio_to_snowflake.py for tasks to queue
[2026-03-31T16:59:47.567+0000] {logging_mixin.py:188} INFO - [2026-03-31T16:59:47.565+0000] {dagbag.py:545} INFO - Filling up the DagBag from /opt/airflow/dags/minio_to_snowflake.py
[2026-03-31T16:59:50.806+0000] {processor.py:840} INFO - DAG(s) 'minio_to_snowflake_pipeline' retrieved from /opt/airflow/dags/minio_to_snowflake.py
[2026-03-31T16:59:50.857+0000] {logging_mixin.py:188} INFO - [2026-03-31T16:59:50.856+0000] {dag.py:3089} INFO - Sync 1 DAGs
[2026-03-31T16:59:50.928+0000] {logging_mixin.py:188} INFO - [2026-03-31T16:59:50.925+0000] {dag.py:3947} INFO - Setting next_dagrun for minio_to_snowflake_pipeline to 2026-03-31 16:50:00+00:00, run_after=2026-03-31 17:00:00+00:00
[2026-03-31T16:59:51.179+0000] {processor.py:183} INFO - Processing /opt/airflow/dags/minio_to_snowflake.py took 3.631 seconds
[2026-03-31T17:00:21.886+0000] {processor.py:161} INFO - Started process (PID=2885) to work on /opt/airflow/dags/minio_to_snowflake.py
[2026-03-31T17:00:21.889+0000] {processor.py:830} INFO - Processing file /opt/airflow/dags/minio_to_snowflake.py for tasks to queue
[2026-03-31T17:00:21.892+0000] {logging_mixin.py:188} INFO - [2026-03-31T17:00:21.891+0000] {dagbag.py:545} INFO - Filling up the DagBag from /opt/airflow/dags/minio_to_snowflake.py
[2026-03-31T17:00:24.541+0000] {processor.py:840} INFO - DAG(s) 'minio_to_snowflake_pipeline' retrieved from /opt/airflow/dags/minio_to_snowflake.py
[2026-03-31T17:00:24.729+0000] {logging_mixin.py:188} INFO - [2026-03-31T17:00:24.728+0000] {dag.py:3089} INFO - Sync 1 DAGs
[2026-03-31T17:00:24.863+0000] {logging_mixin.py:188} INFO - [2026-03-31T17:00:24.862+0000] {dag.py:3947} INFO - Setting next_dagrun for minio_to_snowflake_pipeline to 2026-03-31 17:00:00+00:00, run_after=2026-03-31 17:10:00+00:00
[2026-03-31T17:00:24.972+0000] {processor.py:183} INFO - Processing /opt/airflow/dags/minio_to_snowflake.py took 3.098 seconds
[2026-03-31T17:00:55.694+0000] {processor.py:161} INFO - Started process (PID=2892) to work on /opt/airflow/dags/minio_to_snowflake.py
[2026-03-31T17:00:55.699+0000] {processor.py:830} INFO - Processing file /opt/airflow/dags/minio_to_snowflake.py for tasks to queue
[2026-03-31T17:00:55.706+0000] {logging_mixin.py:188} INFO - [2026-03-31T17:00:55.703+0000] {dagbag.py:545} INFO - Filling up the DagBag from /opt/airflow/dags/minio_to_snowflake.py
[2026-03-31T17:00:57.757+0000] {processor.py:840} INFO - DAG(s) 'minio_to_snowflake_pipeline' retrieved from /opt/airflow/dags/minio_to_snowflake.py
[2026-03-31T17:00:57.796+0000] {logging_mixin.py:188} INFO - [2026-03-31T17:00:57.796+0000] {dag.py:3089} INFO - Sync 1 DAGs
[2026-03-31T17:00:57.838+0000] {logging_mixin.py:188} INFO - [2026-03-31T17:00:57.837+0000] {dag.py:3947} INFO - Setting next_dagrun for minio_to_snowflake_pipeline to 2026-03-31 17:00:00+00:00, run_after=2026-03-31 17:10:00+00:00
[2026-03-31T17:00:57.865+0000] {processor.py:183} INFO - Processing /opt/airflow/dags/minio_to_snowflake.py took 2.217 seconds
[2026-03-31T17:01:28.455+0000] {processor.py:161} INFO - Started process (PID=2899) to work on /opt/airflow/dags/minio_to_snowflake.py
[2026-03-31T17:01:28.456+0000] {processor.py:830} INFO - Processing file /opt/airflow/dags/minio_to_snowflake.py for tasks to queue
[2026-03-31T17:01:28.458+0000] {logging_mixin.py:188} INFO - [2026-03-31T17:01:28.457+0000] {dagbag.py:545} INFO - Filling up the DagBag from /opt/airflow/dags/minio_to_snowflake.py
[2026-03-31T17:01:29.990+0000] {processor.py:840} INFO - DAG(s) 'minio_to_snowflake_pipeline' retrieved from /opt/airflow/dags/minio_to_snowflake.py
[2026-03-31T17:01:30.034+0000] {logging_mixin.py:188} INFO - [2026-03-31T17:01:30.033+0000] {dag.py:3089} INFO - Sync 1 DAGs
[2026-03-31T17:01:30.085+0000] {logging_mixin.py:188} INFO - [2026-03-31T17:01:30.084+0000] {dag.py:3947} INFO - Setting next_dagrun for minio_to_snowflake_pipeline to 2026-03-31 17:00:00+00:00, run_after=2026-03-31 17:10:00+00:00
[2026-03-31T17:01:30.117+0000] {processor.py:183} INFO - Processing /opt/airflow/dags/minio_to_snowflake.py took 1.674 seconds
[2026-03-31T17:02:01.347+0000] {processor.py:161} INFO - Started process (PID=2906) to work on /opt/airflow/dags/minio_to_snowflake.py
[2026-03-31T17:02:01.355+0000] {processor.py:830} INFO - Processing file /opt/airflow/dags/minio_to_snowflake.py for tasks to queue
[2026-03-31T17:02:01.363+0000] {logging_mixin.py:188} INFO - [2026-03-31T17:02:01.360+0000] {dagbag.py:545} INFO - Filling up the DagBag from /opt/airflow/dags/minio_to_snowflake.py
[2026-03-31T17:02:03.162+0000] {processor.py:840} INFO - DAG(s) 'minio_to_snowflake_pipeline' retrieved from /opt/airflow/dags/minio_to_snowflake.py
[2026-03-31T17:02:03.213+0000] {logging_mixin.py:188} INFO - [2026-03-31T17:02:03.212+0000] {dag.py:3089} INFO - Sync 1 DAGs
[2026-03-31T17:02:03.240+0000] {logging_mixin.py:188} INFO - [2026-03-31T17:02:03.240+0000] {dag.py:3947} INFO - Setting next_dagrun for minio_to_snowflake_pipeline to 2026-03-31 17:00:00+00:00, run_after=2026-03-31 17:10:00+00:00
[2026-03-31T17:02:03.275+0000] {processor.py:183} INFO - Processing /opt/airflow/dags/minio_to_snowflake.py took 1.971 seconds
[2026-03-31T17:02:33.927+0000] {processor.py:161} INFO - Started process (PID=2913) to work on /opt/airflow/dags/minio_to_snowflake.py
[2026-03-31T17:02:33.929+0000] {processor.py:830} INFO - Processing file /opt/airflow/dags/minio_to_snowflake.py for tasks to queue
[2026-03-31T17:02:33.932+0000] {logging_mixin.py:188} INFO - [2026-03-31T17:02:33.931+0000] {dagbag.py:545} INFO - Filling up the DagBag from /opt/airflow/dags/minio_to_snowflake.py
[2026-03-31T17:02:36.586+0000] {processor.py:840} INFO - DAG(s) 'minio_to_snowflake_pipeline' retrieved from /opt/airflow/dags/minio_to_snowflake.py
[2026-03-31T17:02:36.636+0000] {logging_mixin.py:188} INFO - [2026-03-31T17:02:36.635+0000] {dag.py:3089} INFO - Sync 1 DAGs
[2026-03-31T17:02:36.681+0000] {logging_mixin.py:188} INFO - [2026-03-31T17:02:36.680+0000] {dag.py:3947} INFO - Setting next_dagrun for minio_to_snowflake_pipeline to 2026-03-31 17:00:00+00:00, run_after=2026-03-31 17:10:00+00:00
[2026-03-31T17:02:36.770+0000] {processor.py:183} INFO - Processing /opt/airflow/dags/minio_to_snowflake.py took 2.862 seconds
[2026-03-31T17:03:07.571+0000] {processor.py:161} INFO - Started process (PID=2920) to work on /opt/airflow/dags/minio_to_snowflake.py
[2026-03-31T17:03:07.573+0000] {processor.py:830} INFO - Processing file /opt/airflow/dags/minio_to_snowflake.py for tasks to queue
[2026-03-31T17:03:07.575+0000] {logging_mixin.py:188} INFO - [2026-03-31T17:03:07.574+0000] {dagbag.py:545} INFO - Filling up the DagBag from /opt/airflow/dags/minio_to_snowflake.py
[2026-03-31T17:03:09.310+0000] {processor.py:840} INFO - DAG(s) 'minio_to_snowflake_pipeline' retrieved from /opt/airflow/dags/minio_to_snowflake.py
[2026-03-31T17:03:09.413+0000] {logging_mixin.py:188} INFO - [2026-03-31T17:03:09.412+0000] {dag.py:3089} INFO - Sync 1 DAGs
[2026-03-31T17:03:09.516+0000] {logging_mixin.py:188} INFO - [2026-03-31T17:03:09.516+0000] {dag.py:3947} INFO - Setting next_dagrun for minio_to_snowflake_pipeline to 2026-03-31 17:00:00+00:00, run_after=2026-03-31 17:10:00+00:00
[2026-03-31T17:03:09.585+0000] {processor.py:183} INFO - Processing /opt/airflow/dags/minio_to_snowflake.py took 2.024 seconds
[2026-03-31T17:03:40.404+0000] {processor.py:161} INFO - Started process (PID=2927) to work on /opt/airflow/dags/minio_to_snowflake.py
[2026-03-31T17:03:40.406+0000] {processor.py:830} INFO - Processing file /opt/airflow/dags/minio_to_snowflake.py for tasks to queue
[2026-03-31T17:03:40.408+0000] {logging_mixin.py:188} INFO - [2026-03-31T17:03:40.408+0000] {dagbag.py:545} INFO - Filling up the DagBag from /opt/airflow/dags/minio_to_snowflake.py
[2026-03-31T17:03:42.297+0000] {processor.py:840} INFO - DAG(s) 'minio_to_snowflake_pipeline' retrieved from /opt/airflow/dags/minio_to_snowflake.py
[2026-03-31T17:03:42.338+0000] {logging_mixin.py:188} INFO - [2026-03-31T17:03:42.337+0000] {dag.py:3089} INFO - Sync 1 DAGs
[2026-03-31T17:03:42.369+0000] {logging_mixin.py:188} INFO - [2026-03-31T17:03:42.368+0000] {dag.py:3947} INFO - Setting next_dagrun for minio_to_snowflake_pipeline to 2026-03-31 17:00:00+00:00, run_after=2026-03-31 17:10:00+00:00
[2026-03-31T17:03:42.393+0000] {processor.py:183} INFO - Processing /opt/airflow/dags/minio_to_snowflake.py took 2.003 seconds
[2026-03-31T17:04:13.199+0000] {processor.py:161} INFO - Started process (PID=2934) to work on /opt/airflow/dags/minio_to_snowflake.py
[2026-03-31T17:04:13.201+0000] {processor.py:830} INFO - Processing file /opt/airflow/dags/minio_to_snowflake.py for tasks to queue
[2026-03-31T17:04:13.204+0000] {logging_mixin.py:188} INFO - [2026-03-31T17:04:13.203+0000] {dagbag.py:545} INFO - Filling up the DagBag from /opt/airflow/dags/minio_to_snowflake.py
[2026-03-31T17:04:16.370+0000] {processor.py:840} INFO - DAG(s) 'minio_to_snowflake_pipeline' retrieved from /opt/airflow/dags/minio_to_snowflake.py
[2026-03-31T17:04:16.427+0000] {logging_mixin.py:188} INFO - [2026-03-31T17:04:16.425+0000] {dag.py:3089} INFO - Sync 1 DAGs
[2026-03-31T17:04:16.463+0000] {logging_mixin.py:188} INFO - [2026-03-31T17:04:16.462+0000] {dag.py:3947} INFO - Setting next_dagrun for minio_to_snowflake_pipeline to 2026-03-31 17:00:00+00:00, run_after=2026-03-31 17:10:00+00:00
[2026-03-31T17:04:16.494+0000] {processor.py:183} INFO - Processing /opt/airflow/dags/minio_to_snowflake.py took 3.309 seconds
[2026-03-31T17:04:46.956+0000] {processor.py:161} INFO - Started process (PID=2941) to work on /opt/airflow/dags/minio_to_snowflake.py
[2026-03-31T17:04:46.968+0000] {processor.py:830} INFO - Processing file /opt/airflow/dags/minio_to_snowflake.py for tasks to queue
[2026-03-31T17:04:46.972+0000] {logging_mixin.py:188} INFO - [2026-03-31T17:04:46.970+0000] {dagbag.py:545} INFO - Filling up the DagBag from /opt/airflow/dags/minio_to_snowflake.py
[2026-03-31T17:04:48.510+0000] {processor.py:840} INFO - DAG(s) 'minio_to_snowflake_pipeline' retrieved from /opt/airflow/dags/minio_to_snowflake.py
[2026-03-31T17:04:48.555+0000] {logging_mixin.py:188} INFO - [2026-03-31T17:04:48.555+0000] {dag.py:3089} INFO - Sync 1 DAGs
[2026-03-31T17:04:48.592+0000] {logging_mixin.py:188} INFO - [2026-03-31T17:04:48.591+0000] {dag.py:3947} INFO - Setting next_dagrun for minio_to_snowflake_pipeline to 2026-03-31 17:00:00+00:00, run_after=2026-03-31 17:10:00+00:00
[2026-03-31T17:04:48.622+0000] {processor.py:183} INFO - Processing /opt/airflow/dags/minio_to_snowflake.py took 1.704 seconds
[2026-03-31T17:05:19.207+0000] {processor.py:161} INFO - Started process (PID=2948) to work on /opt/airflow/dags/minio_to_snowflake.py
[2026-03-31T17:05:19.210+0000] {processor.py:830} INFO - Processing file /opt/airflow/dags/minio_to_snowflake.py for tasks to queue
[2026-03-31T17:05:19.214+0000] {logging_mixin.py:188} INFO - [2026-03-31T17:05:19.212+0000] {dagbag.py:545} INFO - Filling up the DagBag from /opt/airflow/dags/minio_to_snowflake.py
[2026-03-31T17:05:21.269+0000] {processor.py:840} INFO - DAG(s) 'minio_to_snowflake_pipeline' retrieved from /opt/airflow/dags/minio_to_snowflake.py
[2026-03-31T17:05:21.311+0000] {logging_mixin.py:188} INFO - [2026-03-31T17:05:21.311+0000] {dag.py:3089} INFO - Sync 1 DAGs
[2026-03-31T17:05:21.336+0000] {logging_mixin.py:188} INFO - [2026-03-31T17:05:21.336+0000] {dag.py:3947} INFO - Setting next_dagrun for minio_to_snowflake_pipeline to 2026-03-31 17:00:00+00:00, run_after=2026-03-31 17:10:00+00:00
[2026-03-31T17:05:21.356+0000] {processor.py:183} INFO - Processing /opt/airflow/dags/minio_to_snowflake.py took 2.165 seconds
[2026-03-31T17:05:51.620+0000] {processor.py:161} INFO - Started process (PID=2955) to work on /opt/airflow/dags/minio_to_snowflake.py
[2026-03-31T17:05:51.622+0000] {processor.py:830} INFO - Processing file /opt/airflow/dags/minio_to_snowflake.py for tasks to queue
[2026-03-31T17:05:51.623+0000] {logging_mixin.py:188} INFO - [2026-03-31T17:05:51.623+0000] {dagbag.py:545} INFO - Filling up the DagBag from /opt/airflow/dags/minio_to_snowflake.py
[2026-03-31T17:05:52.780+0000] {processor.py:840} INFO - DAG(s) 'minio_to_snowflake_pipeline' retrieved from /opt/airflow/dags/minio_to_snowflake.py
[2026-03-31T17:05:52.811+0000] {logging_mixin.py:188} INFO - [2026-03-31T17:05:52.811+0000] {dag.py:3089} INFO - Sync 1 DAGs
[2026-03-31T17:05:52.835+0000] {logging_mixin.py:188} INFO - [2026-03-31T17:05:52.834+0000] {dag.py:3947} INFO - Setting next_dagrun for minio_to_snowflake_pipeline to 2026-03-31 17:00:00+00:00, run_after=2026-03-31 17:10:00+00:00
[2026-03-31T17:05:52.857+0000] {processor.py:183} INFO - Processing /opt/airflow/dags/minio_to_snowflake.py took 1.247 seconds
[2026-03-31T17:06:23.246+0000] {processor.py:161} INFO - Started process (PID=2962) to work on /opt/airflow/dags/minio_to_snowflake.py
[2026-03-31T17:06:23.248+0000] {processor.py:830} INFO - Processing file /opt/airflow/dags/minio_to_snowflake.py for tasks to queue
[2026-03-31T17:06:23.250+0000] {logging_mixin.py:188} INFO - [2026-03-31T17:06:23.249+0000] {dagbag.py:545} INFO - Filling up the DagBag from /opt/airflow/dags/minio_to_snowflake.py
[2026-03-31T17:06:24.935+0000] {processor.py:840} INFO - DAG(s) 'minio_to_snowflake_pipeline' retrieved from /opt/airflow/dags/minio_to_snowflake.py
[2026-03-31T17:06:24.973+0000] {logging_mixin.py:188} INFO - [2026-03-31T17:06:24.972+0000] {dag.py:3089} INFO - Sync 1 DAGs
[2026-03-31T17:06:25.001+0000] {logging_mixin.py:188} INFO - [2026-03-31T17:06:25.001+0000] {dag.py:3947} INFO - Setting next_dagrun for minio_to_snowflake_pipeline to 2026-03-31 17:00:00+00:00, run_after=2026-03-31 17:10:00+00:00
[2026-03-31T17:06:25.029+0000] {processor.py:183} INFO - Processing /opt/airflow/dags/minio_to_snowflake.py took 1.791 seconds
[2026-03-31T17:06:55.366+0000] {processor.py:161} INFO - Started process (PID=2969) to work on /opt/airflow/dags/minio_to_snowflake.py
[2026-03-31T17:06:55.367+0000] {processor.py:830} INFO - Processing file /opt/airflow/dags/minio_to_snowflake.py for tasks to queue
[2026-03-31T17:06:55.369+0000] {logging_mixin.py:188} INFO - [2026-03-31T17:06:55.368+0000] {dagbag.py:545} INFO - Filling up the DagBag from /opt/airflow/dags/minio_to_snowflake.py
[2026-03-31T17:06:56.652+0000] {processor.py:840} INFO - DAG(s) 'minio_to_snowflake_pipeline' retrieved from /opt/airflow/dags/minio_to_snowflake.py
[2026-03-31T17:06:56.684+0000] {logging_mixin.py:188} INFO - [2026-03-31T17:06:56.683+0000] {dag.py:3089} INFO - Sync 1 DAGs
[2026-03-31T17:06:56.711+0000] {logging_mixin.py:188} INFO - [2026-03-31T17:06:56.711+0000] {dag.py:3947} INFO - Setting next_dagrun for minio_to_snowflake_pipeline to 2026-03-31 17:00:00+00:00, run_after=2026-03-31 17:10:00+00:00
[2026-03-31T17:06:56.734+0000] {processor.py:183} INFO - Processing /opt/airflow/dags/minio_to_snowflake.py took 1.380 seconds
[2026-03-31T17:07:27.011+0000] {processor.py:161} INFO - Started process (PID=2976) to work on /opt/airflow/dags/minio_to_snowflake.py
[2026-03-31T17:07:27.013+0000] {processor.py:830} INFO - Processing file /opt/airflow/dags/minio_to_snowflake.py for tasks to queue
[2026-03-31T17:07:27.014+0000] {logging_mixin.py:188} INFO - [2026-03-31T17:07:27.014+0000] {dagbag.py:545} INFO - Filling up the DagBag from /opt/airflow/dags/minio_to_snowflake.py
[2026-03-31T17:07:28.109+0000] {processor.py:840} INFO - DAG(s) 'minio_to_snowflake_pipeline' retrieved from /opt/airflow/dags/minio_to_snowflake.py
[2026-03-31T17:07:28.140+0000] {logging_mixin.py:188} INFO - [2026-03-31T17:07:28.139+0000] {dag.py:3089} INFO - Sync 1 DAGs
[2026-03-31T17:07:28.166+0000] {logging_mixin.py:188} INFO - [2026-03-31T17:07:28.166+0000] {dag.py:3947} INFO - Setting next_dagrun for minio_to_snowflake_pipeline to 2026-03-31 17:00:00+00:00, run_after=2026-03-31 17:10:00+00:00
[2026-03-31T17:07:28.217+0000] {processor.py:183} INFO - Processing /opt/airflow/dags/minio_to_snowflake.py took 1.216 seconds
[2026-03-31T17:07:58.660+0000] {processor.py:161} INFO - Started process (PID=2983) to work on /opt/airflow/dags/minio_to_snowflake.py
[2026-03-31T17:07:58.662+0000] {processor.py:830} INFO - Processing file /opt/airflow/dags/minio_to_snowflake.py for tasks to queue
[2026-03-31T17:07:58.664+0000] {logging_mixin.py:188} INFO - [2026-03-31T17:07:58.663+0000] {dagbag.py:545} INFO - Filling up the DagBag from /opt/airflow/dags/minio_to_snowflake.py
[2026-03-31T17:07:59.811+0000] {processor.py:840} INFO - DAG(s) 'minio_to_snowflake_pipeline' retrieved from /opt/airflow/dags/minio_to_snowflake.py
[2026-03-31T17:07:59.843+0000] {logging_mixin.py:188} INFO - [2026-03-31T17:07:59.842+0000] {dag.py:3089} INFO - Sync 1 DAGs
[2026-03-31T17:07:59.867+0000] {logging_mixin.py:188} INFO - [2026-03-31T17:07:59.867+0000] {dag.py:3947} INFO - Setting next_dagrun for minio_to_snowflake_pipeline to 2026-03-31 17:00:00+00:00, run_after=2026-03-31 17:10:00+00:00
[2026-03-31T17:07:59.959+0000] {processor.py:183} INFO - Processing /opt/airflow/dags/minio_to_snowflake.py took 1.312 seconds
[2026-03-31T17:08:30.221+0000] {processor.py:161} INFO - Started process (PID=2990) to work on /opt/airflow/dags/minio_to_snowflake.py
[2026-03-31T17:08:30.224+0000] {processor.py:830} INFO - Processing file /opt/airflow/dags/minio_to_snowflake.py for tasks to queue
[2026-03-31T17:08:30.225+0000] {logging_mixin.py:188} INFO - [2026-03-31T17:08:30.225+0000] {dagbag.py:545} INFO - Filling up the DagBag from /opt/airflow/dags/minio_to_snowflake.py
[2026-03-31T17:08:31.335+0000] {processor.py:840} INFO - DAG(s) 'minio_to_snowflake_pipeline' retrieved from /opt/airflow/dags/minio_to_snowflake.py
[2026-03-31T17:08:31.368+0000] {logging_mixin.py:188} INFO - [2026-03-31T17:08:31.367+0000] {dag.py:3089} INFO - Sync 1 DAGs
[2026-03-31T17:08:31.396+0000] {logging_mixin.py:188} INFO - [2026-03-31T17:08:31.396+0000] {dag.py:3947} INFO - Setting next_dagrun for minio_to_snowflake_pipeline to 2026-03-31 17:00:00+00:00, run_after=2026-03-31 17:10:00+00:00
[2026-03-31T17:08:31.436+0000] {processor.py:183} INFO - Processing /opt/airflow/dags/minio_to_snowflake.py took 1.224 seconds
[2026-03-31T17:09:01.888+0000] {processor.py:161} INFO - Started process (PID=2997) to work on /opt/airflow/dags/minio_to_snowflake.py
[2026-03-31T17:09:01.901+0000] {processor.py:830} INFO - Processing file /opt/airflow/dags/minio_to_snowflake.py for tasks to queue
[2026-03-31T17:09:01.922+0000] {logging_mixin.py:188} INFO - [2026-03-31T17:09:01.921+0000] {dagbag.py:545} INFO - Filling up the DagBag from /opt/airflow/dags/minio_to_snowflake.py
[2026-03-31T17:09:09.459+0000] {processor.py:840} INFO - DAG(s) 'minio_to_snowflake_pipeline' retrieved from /opt/airflow/dags/minio_to_snowflake.py
[2026-03-31T17:09:09.702+0000] {logging_mixin.py:188} INFO - [2026-03-31T17:09:09.701+0000] {dag.py:3089} INFO - Sync 1 DAGs
[2026-03-31T17:09:09.962+0000] {logging_mixin.py:188} INFO - [2026-03-31T17:09:09.961+0000] {dag.py:3947} INFO - Setting next_dagrun for minio_to_snowflake_pipeline to 2026-03-31 17:00:00+00:00, run_after=2026-03-31 17:10:00+00:00
[2026-03-31T17:09:10.114+0000] {processor.py:183} INFO - Processing /opt/airflow/dags/minio_to_snowflake.py took 8.261 seconds
[2026-03-31T17:09:40.494+0000] {processor.py:161} INFO - Started process (PID=3004) to work on /opt/airflow/dags/minio_to_snowflake.py
[2026-03-31T17:09:40.495+0000] {processor.py:830} INFO - Processing file /opt/airflow/dags/minio_to_snowflake.py for tasks to queue
[2026-03-31T17:09:40.497+0000] {logging_mixin.py:188} INFO - [2026-03-31T17:09:40.496+0000] {dagbag.py:545} INFO - Filling up the DagBag from /opt/airflow/dags/minio_to_snowflake.py
[2026-03-31T17:09:42.969+0000] {processor.py:840} INFO - DAG(s) 'minio_to_snowflake_pipeline' retrieved from /opt/airflow/dags/minio_to_snowflake.py
[2026-03-31T17:09:43.027+0000] {logging_mixin.py:188} INFO - [2026-03-31T17:09:43.025+0000] {dag.py:3089} INFO - Sync 1 DAGs
[2026-03-31T17:09:43.087+0000] {logging_mixin.py:188} INFO - [2026-03-31T17:09:43.087+0000] {dag.py:3947} INFO - Setting next_dagrun for minio_to_snowflake_pipeline to 2026-03-31 17:00:00+00:00, run_after=2026-03-31 17:10:00+00:00
[2026-03-31T17:09:43.131+0000] {processor.py:183} INFO - Processing /opt/airflow/dags/minio_to_snowflake.py took 2.652 seconds
[2026-03-31T17:10:13.643+0000] {processor.py:161} INFO - Started process (PID=3015) to work on /opt/airflow/dags/minio_to_snowflake.py
[2026-03-31T17:10:13.645+0000] {processor.py:830} INFO - Processing file /opt/airflow/dags/minio_to_snowflake.py for tasks to queue
[2026-03-31T17:10:13.647+0000] {logging_mixin.py:188} INFO - [2026-03-31T17:10:13.646+0000] {dagbag.py:545} INFO - Filling up the DagBag from /opt/airflow/dags/minio_to_snowflake.py
[2026-03-31T17:10:15.646+0000] {processor.py:840} INFO - DAG(s) 'minio_to_snowflake_pipeline' retrieved from /opt/airflow/dags/minio_to_snowflake.py
[2026-03-31T17:10:15.692+0000] {logging_mixin.py:188} INFO - [2026-03-31T17:10:15.692+0000] {dag.py:3089} INFO - Sync 1 DAGs
[2026-03-31T17:10:15.726+0000] {logging_mixin.py:188} INFO - [2026-03-31T17:10:15.726+0000] {dag.py:3947} INFO - Setting next_dagrun for minio_to_snowflake_pipeline to 2026-03-31 17:10:00+00:00, run_after=2026-03-31 17:20:00+00:00
[2026-03-31T17:10:15.761+0000] {processor.py:183} INFO - Processing /opt/airflow/dags/minio_to_snowflake.py took 2.132 seconds
[2026-03-31T17:10:46.098+0000] {processor.py:161} INFO - Started process (PID=3022) to work on /opt/airflow/dags/minio_to_snowflake.py
[2026-03-31T17:10:46.100+0000] {processor.py:830} INFO - Processing file /opt/airflow/dags/minio_to_snowflake.py for tasks to queue
[2026-03-31T17:10:46.102+0000] {logging_mixin.py:188} INFO - [2026-03-31T17:10:46.101+0000] {dagbag.py:545} INFO - Filling up the DagBag from /opt/airflow/dags/minio_to_snowflake.py
[2026-03-31T17:10:47.855+0000] {processor.py:840} INFO - DAG(s) 'minio_to_snowflake_pipeline' retrieved from /opt/airflow/dags/minio_to_snowflake.py
[2026-03-31T17:10:47.898+0000] {logging_mixin.py:188} INFO - [2026-03-31T17:10:47.897+0000] {dag.py:3089} INFO - Sync 1 DAGs
[2026-03-31T17:10:47.938+0000] {logging_mixin.py:188} INFO - [2026-03-31T17:10:47.937+0000] {dag.py:3947} INFO - Setting next_dagrun for minio_to_snowflake_pipeline to 2026-03-31 17:10:00+00:00, run_after=2026-03-31 17:20:00+00:00
[2026-03-31T17:10:47.971+0000] {processor.py:183} INFO - Processing /opt/airflow/dags/minio_to_snowflake.py took 1.884 seconds
[2026-03-31T17:11:18.340+0000] {processor.py:161} INFO - Started process (PID=3029) to work on /opt/airflow/dags/minio_to_snowflake.py
[2026-03-31T17:11:18.341+0000] {processor.py:830} INFO - Processing file /opt/airflow/dags/minio_to_snowflake.py for tasks to queue
[2026-03-31T17:11:18.343+0000] {logging_mixin.py:188} INFO - [2026-03-31T17:11:18.343+0000] {dagbag.py:545} INFO - Filling up the DagBag from /opt/airflow/dags/minio_to_snowflake.py
[2026-03-31T17:11:19.827+0000] {processor.py:840} INFO - DAG(s) 'minio_to_snowflake_pipeline' retrieved from /opt/airflow/dags/minio_to_snowflake.py
[2026-03-31T17:11:19.858+0000] {logging_mixin.py:188} INFO - [2026-03-31T17:11:19.858+0000] {dag.py:3089} INFO - Sync 1 DAGs
[2026-03-31T17:11:19.892+0000] {logging_mixin.py:188} INFO - [2026-03-31T17:11:19.891+0000] {dag.py:3947} INFO - Setting next_dagrun for minio_to_snowflake_pipeline to 2026-03-31 17:10:00+00:00, run_after=2026-03-31 17:20:00+00:00
[2026-03-31T17:11:19.916+0000] {processor.py:183} INFO - Processing /opt/airflow/dags/minio_to_snowflake.py took 1.585 seconds
[2026-03-31T17:11:50.301+0000] {processor.py:161} INFO - Started process (PID=3036) to work on /opt/airflow/dags/minio_to_snowflake.py
[2026-03-31T17:11:50.303+0000] {processor.py:830} INFO - Processing file /opt/airflow/dags/minio_to_snowflake.py for tasks to queue
[2026-03-31T17:11:50.306+0000] {logging_mixin.py:188} INFO - [2026-03-31T17:11:50.305+0000] {dagbag.py:545} INFO - Filling up the DagBag from /opt/airflow/dags/minio_to_snowflake.py
[2026-03-31T17:11:51.677+0000] {processor.py:840} INFO - DAG(s) 'minio_to_snowflake_pipeline' retrieved from /opt/airflow/dags/minio_to_snowflake.py
[2026-03-31T17:11:51.733+0000] {logging_mixin.py:188} INFO - [2026-03-31T17:11:51.731+0000] {dag.py:3089} INFO - Sync 1 DAGs
[2026-03-31T17:11:51.785+0000] {logging_mixin.py:188} INFO - [2026-03-31T17:11:51.785+0000] {dag.py:3947} INFO - Setting next_dagrun for minio_to_snowflake_pipeline to 2026-03-31 17:10:00+00:00, run_after=2026-03-31 17:20:00+00:00
[2026-03-31T17:11:51.957+0000] {processor.py:183} INFO - Processing /opt/airflow/dags/minio_to_snowflake.py took 1.665 seconds
[2026-03-31T17:12:22.264+0000] {processor.py:161} INFO - Started process (PID=3043) to work on /opt/airflow/dags/minio_to_snowflake.py
[2026-03-31T17:12:22.266+0000] {processor.py:830} INFO - Processing file /opt/airflow/dags/minio_to_snowflake.py for tasks to queue
[2026-03-31T17:12:22.269+0000] {logging_mixin.py:188} INFO - [2026-03-31T17:12:22.268+0000] {dagbag.py:545} INFO - Filling up the DagBag from /opt/airflow/dags/minio_to_snowflake.py
[2026-03-31T17:12:23.726+0000] {processor.py:840} INFO - DAG(s) 'minio_to_snowflake_pipeline' retrieved from /opt/airflow/dags/minio_to_snowflake.py
[2026-03-31T17:12:23.760+0000] {logging_mixin.py:188} INFO - [2026-03-31T17:12:23.759+0000] {dag.py:3089} INFO - Sync 1 DAGs
[2026-03-31T17:12:23.784+0000] {logging_mixin.py:188} INFO - [2026-03-31T17:12:23.784+0000] {dag.py:3947} INFO - Setting next_dagrun for minio_to_snowflake_pipeline to 2026-03-31 17:10:00+00:00, run_after=2026-03-31 17:20:00+00:00
[2026-03-31T17:12:23.807+0000] {processor.py:183} INFO - Processing /opt/airflow/dags/minio_to_snowflake.py took 1.554 seconds
[2026-03-31T17:12:54.868+0000] {processor.py:161} INFO - Started process (PID=3050) to work on /opt/airflow/dags/minio_to_snowflake.py
[2026-03-31T17:12:54.875+0000] {processor.py:830} INFO - Processing file /opt/airflow/dags/minio_to_snowflake.py for tasks to queue
[2026-03-31T17:12:54.877+0000] {logging_mixin.py:188} INFO - [2026-03-31T17:12:54.876+0000] {dagbag.py:545} INFO - Filling up the DagBag from /opt/airflow/dags/minio_to_snowflake.py
[2026-03-31T17:13:02.851+0000] {processor.py:840} INFO - DAG(s) 'minio_to_snowflake_pipeline' retrieved from /opt/airflow/dags/minio_to_snowflake.py
[2026-03-31T17:13:02.920+0000] {logging_mixin.py:188} INFO - [2026-03-31T17:13:02.919+0000] {dag.py:3089} INFO - Sync 1 DAGs
[2026-03-31T17:13:02.975+0000] {logging_mixin.py:188} INFO - [2026-03-31T17:13:02.975+0000] {dag.py:3947} INFO - Setting next_dagrun for minio_to_snowflake_pipeline to 2026-03-31 17:10:00+00:00, run_after=2026-03-31 17:20:00+00:00
[2026-03-31T17:13:03.050+0000] {processor.py:183} INFO - Processing /opt/airflow/dags/minio_to_snowflake.py took 8.221 seconds
[2026-03-31T17:13:33.446+0000] {processor.py:161} INFO - Started process (PID=3057) to work on /opt/airflow/dags/minio_to_snowflake.py
[2026-03-31T17:13:33.454+0000] {processor.py:830} INFO - Processing file /opt/airflow/dags/minio_to_snowflake.py for tasks to queue
[2026-03-31T17:13:33.458+0000] {logging_mixin.py:188} INFO - [2026-03-31T17:13:33.457+0000] {dagbag.py:545} INFO - Filling up the DagBag from /opt/airflow/dags/minio_to_snowflake.py
[2026-03-31T17:13:36.641+0000] {processor.py:840} INFO - DAG(s) 'minio_to_snowflake_pipeline' retrieved from /opt/airflow/dags/minio_to_snowflake.py
[2026-03-31T17:13:36.707+0000] {logging_mixin.py:188} INFO - [2026-03-31T17:13:36.706+0000] {dag.py:3089} INFO - Sync 1 DAGs
[2026-03-31T17:13:36.755+0000] {logging_mixin.py:188} INFO - [2026-03-31T17:13:36.755+0000] {dag.py:3947} INFO - Setting next_dagrun for minio_to_snowflake_pipeline to 2026-03-31 17:10:00+00:00, run_after=2026-03-31 17:20:00+00:00
[2026-03-31T17:13:36.802+0000] {processor.py:183} INFO - Processing /opt/airflow/dags/minio_to_snowflake.py took 3.374 seconds
[2026-03-31T17:14:06.983+0000] {processor.py:161} INFO - Started process (PID=3064) to work on /opt/airflow/dags/minio_to_snowflake.py
[2026-03-31T17:14:06.985+0000] {processor.py:830} INFO - Processing file /opt/airflow/dags/minio_to_snowflake.py for tasks to queue
[2026-03-31T17:14:06.988+0000] {logging_mixin.py:188} INFO - [2026-03-31T17:14:06.987+0000] {dagbag.py:545} INFO - Filling up the DagBag from /opt/airflow/dags/minio_to_snowflake.py
[2026-03-31T17:14:09.487+0000] {processor.py:840} INFO - DAG(s) 'minio_to_snowflake_pipeline' retrieved from /opt/airflow/dags/minio_to_snowflake.py
[2026-03-31T17:14:09.733+0000] {logging_mixin.py:188} INFO - [2026-03-31T17:14:09.719+0000] {dag.py:3089} INFO - Sync 1 DAGs
[2026-03-31T17:14:09.966+0000] {logging_mixin.py:188} INFO - [2026-03-31T17:14:09.966+0000] {dag.py:3947} INFO - Setting next_dagrun for minio_to_snowflake_pipeline to 2026-03-31 17:10:00+00:00, run_after=2026-03-31 17:20:00+00:00
[2026-03-31T17:14:10.074+0000] {processor.py:183} INFO - Processing /opt/airflow/dags/minio_to_snowflake.py took 3.101 seconds
[2026-03-31T17:14:40.783+0000] {processor.py:161} INFO - Started process (PID=3071) to work on /opt/airflow/dags/minio_to_snowflake.py
[2026-03-31T17:14:40.785+0000] {processor.py:830} INFO - Processing file /opt/airflow/dags/minio_to_snowflake.py for tasks to queue
[2026-03-31T17:14:40.788+0000] {logging_mixin.py:188} INFO - [2026-03-31T17:14:40.786+0000] {dagbag.py:545} INFO - Filling up the DagBag from /opt/airflow/dags/minio_to_snowflake.py
[2026-03-31T17:14:43.294+0000] {processor.py:840} INFO - DAG(s) 'minio_to_snowflake_pipeline' retrieved from /opt/airflow/dags/minio_to_snowflake.py
[2026-03-31T17:14:43.450+0000] {logging_mixin.py:188} INFO - [2026-03-31T17:14:43.447+0000] {dag.py:3089} INFO - Sync 1 DAGs
[2026-03-31T17:14:43.520+0000] {logging_mixin.py:188} INFO - [2026-03-31T17:14:43.519+0000] {dag.py:3947} INFO - Setting next_dagrun for minio_to_snowflake_pipeline to 2026-03-31 17:10:00+00:00, run_after=2026-03-31 17:20:00+00:00
[2026-03-31T17:14:43.573+0000] {processor.py:183} INFO - Processing /opt/airflow/dags/minio_to_snowflake.py took 2.802 seconds
[2026-03-31T17:15:14.052+0000] {processor.py:161} INFO - Started process (PID=3078) to work on /opt/airflow/dags/minio_to_snowflake.py
[2026-03-31T17:15:14.055+0000] {processor.py:830} INFO - Processing file /opt/airflow/dags/minio_to_snowflake.py for tasks to queue
[2026-03-31T17:15:14.067+0000] {logging_mixin.py:188} INFO - [2026-03-31T17:15:14.059+0000] {dagbag.py:545} INFO - Filling up the DagBag from /opt/airflow/dags/minio_to_snowflake.py
[2026-03-31T17:15:17.397+0000] {processor.py:840} INFO - DAG(s) 'minio_to_snowflake_pipeline' retrieved from /opt/airflow/dags/minio_to_snowflake.py
[2026-03-31T17:15:17.489+0000] {logging_mixin.py:188} INFO - [2026-03-31T17:15:17.488+0000] {dag.py:3089} INFO - Sync 1 DAGs
[2026-03-31T17:15:17.590+0000] {logging_mixin.py:188} INFO - [2026-03-31T17:15:17.589+0000] {dag.py:3947} INFO - Setting next_dagrun for minio_to_snowflake_pipeline to 2026-03-31 17:10:00+00:00, run_after=2026-03-31 17:20:00+00:00
[2026-03-31T17:15:17.639+0000] {processor.py:183} INFO - Processing /opt/airflow/dags/minio_to_snowflake.py took 3.610 seconds
[2026-03-31T17:15:47.934+0000] {processor.py:161} INFO - Started process (PID=3085) to work on /opt/airflow/dags/minio_to_snowflake.py
[2026-03-31T17:15:47.936+0000] {processor.py:830} INFO - Processing file /opt/airflow/dags/minio_to_snowflake.py for tasks to queue
[2026-03-31T17:15:47.939+0000] {logging_mixin.py:188} INFO - [2026-03-31T17:15:47.938+0000] {dagbag.py:545} INFO - Filling up the DagBag from /opt/airflow/dags/minio_to_snowflake.py
[2026-03-31T17:15:52.622+0000] {processor.py:840} INFO - DAG(s) 'minio_to_snowflake_pipeline' retrieved from /opt/airflow/dags/minio_to_snowflake.py
[2026-03-31T17:15:52.909+0000] {logging_mixin.py:188} INFO - [2026-03-31T17:15:52.907+0000] {dag.py:3089} INFO - Sync 1 DAGs
[2026-03-31T17:15:53.302+0000] {logging_mixin.py:188} INFO - [2026-03-31T17:15:53.301+0000] {dag.py:3947} INFO - Setting next_dagrun for minio_to_snowflake_pipeline to 2026-03-31 17:10:00+00:00, run_after=2026-03-31 17:20:00+00:00
[2026-03-31T17:15:53.661+0000] {processor.py:183} INFO - Processing /opt/airflow/dags/minio_to_snowflake.py took 5.744 seconds
[2026-03-31T17:16:24.798+0000] {processor.py:161} INFO - Started process (PID=3092) to work on /opt/airflow/dags/minio_to_snowflake.py
[2026-03-31T17:16:24.800+0000] {processor.py:830} INFO - Processing file /opt/airflow/dags/minio_to_snowflake.py for tasks to queue
[2026-03-31T17:16:24.802+0000] {logging_mixin.py:188} INFO - [2026-03-31T17:16:24.801+0000] {dagbag.py:545} INFO - Filling up the DagBag from /opt/airflow/dags/minio_to_snowflake.py
[2026-03-31T17:16:26.120+0000] {processor.py:840} INFO - DAG(s) 'minio_to_snowflake_pipeline' retrieved from /opt/airflow/dags/minio_to_snowflake.py
[2026-03-31T17:16:26.149+0000] {logging_mixin.py:188} INFO - [2026-03-31T17:16:26.149+0000] {dag.py:3089} INFO - Sync 1 DAGs
[2026-03-31T17:16:26.174+0000] {logging_mixin.py:188} INFO - [2026-03-31T17:16:26.173+0000] {dag.py:3947} INFO - Setting next_dagrun for minio_to_snowflake_pipeline to 2026-03-31 17:10:00+00:00, run_after=2026-03-31 17:20:00+00:00
[2026-03-31T17:16:26.198+0000] {processor.py:183} INFO - Processing /opt/airflow/dags/minio_to_snowflake.py took 1.412 seconds
[2026-03-31T17:16:56.924+0000] {processor.py:161} INFO - Started process (PID=3099) to work on /opt/airflow/dags/minio_to_snowflake.py
[2026-03-31T17:16:56.931+0000] {processor.py:830} INFO - Processing file /opt/airflow/dags/minio_to_snowflake.py for tasks to queue
[2026-03-31T17:16:56.933+0000] {logging_mixin.py:188} INFO - [2026-03-31T17:16:56.932+0000] {dagbag.py:545} INFO - Filling up the DagBag from /opt/airflow/dags/minio_to_snowflake.py
[2026-03-31T17:16:58.070+0000] {processor.py:840} INFO - DAG(s) 'minio_to_snowflake_pipeline' retrieved from /opt/airflow/dags/minio_to_snowflake.py
[2026-03-31T17:16:58.103+0000] {logging_mixin.py:188} INFO - [2026-03-31T17:16:58.103+0000] {dag.py:3089} INFO - Sync 1 DAGs
[2026-03-31T17:16:58.125+0000] {logging_mixin.py:188} INFO - [2026-03-31T17:16:58.125+0000] {dag.py:3947} INFO - Setting next_dagrun for minio_to_snowflake_pipeline to 2026-03-31 17:10:00+00:00, run_after=2026-03-31 17:20:00+00:00
[2026-03-31T17:16:58.147+0000] {processor.py:183} INFO - Processing /opt/airflow/dags/minio_to_snowflake.py took 1.256 seconds
[2026-03-31T17:17:28.619+0000] {processor.py:161} INFO - Started process (PID=3106) to work on /opt/airflow/dags/minio_to_snowflake.py
[2026-03-31T17:17:28.653+0000] {processor.py:830} INFO - Processing file /opt/airflow/dags/minio_to_snowflake.py for tasks to queue
[2026-03-31T17:17:28.665+0000] {logging_mixin.py:188} INFO - [2026-03-31T17:17:28.663+0000] {dagbag.py:545} INFO - Filling up the DagBag from /opt/airflow/dags/minio_to_snowflake.py
[2026-03-31T17:17:33.983+0000] {processor.py:840} INFO - DAG(s) 'minio_to_snowflake_pipeline' retrieved from /opt/airflow/dags/minio_to_snowflake.py
[2026-03-31T17:17:34.032+0000] {logging_mixin.py:188} INFO - [2026-03-31T17:17:34.031+0000] {dag.py:3089} INFO - Sync 1 DAGs
[2026-03-31T17:17:34.071+0000] {logging_mixin.py:188} INFO - [2026-03-31T17:17:34.071+0000] {dag.py:3947} INFO - Setting next_dagrun for minio_to_snowflake_pipeline to 2026-03-31 17:10:00+00:00, run_after=2026-03-31 17:20:00+00:00
[2026-03-31T17:17:34.104+0000] {processor.py:183} INFO - Processing /opt/airflow/dags/minio_to_snowflake.py took 5.525 seconds
[2026-03-31T17:18:05.046+0000] {processor.py:161} INFO - Started process (PID=3113) to work on /opt/airflow/dags/minio_to_snowflake.py
[2026-03-31T17:18:05.048+0000] {processor.py:830} INFO - Processing file /opt/airflow/dags/minio_to_snowflake.py for tasks to queue
[2026-03-31T17:18:05.050+0000] {logging_mixin.py:188} INFO - [2026-03-31T17:18:05.050+0000] {dagbag.py:545} INFO - Filling up the DagBag from /opt/airflow/dags/minio_to_snowflake.py
[2026-03-31T17:18:09.093+0000] {processor.py:840} INFO - DAG(s) 'minio_to_snowflake_pipeline' retrieved from /opt/airflow/dags/minio_to_snowflake.py
[2026-03-31T17:18:09.132+0000] {logging_mixin.py:188} INFO - [2026-03-31T17:18:09.131+0000] {dag.py:3089} INFO - Sync 1 DAGs
[2026-03-31T17:18:09.202+0000] {logging_mixin.py:188} INFO - [2026-03-31T17:18:09.202+0000] {dag.py:3947} INFO - Setting next_dagrun for minio_to_snowflake_pipeline to 2026-03-31 17:10:00+00:00, run_after=2026-03-31 17:20:00+00:00
[2026-03-31T17:18:09.270+0000] {processor.py:183} INFO - Processing /opt/airflow/dags/minio_to_snowflake.py took 4.254 seconds
[2026-03-31T17:18:40.338+0000] {processor.py:161} INFO - Started process (PID=3120) to work on /opt/airflow/dags/minio_to_snowflake.py
[2026-03-31T17:18:40.371+0000] {processor.py:830} INFO - Processing file /opt/airflow/dags/minio_to_snowflake.py for tasks to queue
[2026-03-31T17:18:40.386+0000] {logging_mixin.py:188} INFO - [2026-03-31T17:18:40.376+0000] {dagbag.py:545} INFO - Filling up the DagBag from /opt/airflow/dags/minio_to_snowflake.py
[2026-03-31T17:18:43.714+0000] {processor.py:840} INFO - DAG(s) 'minio_to_snowflake_pipeline' retrieved from /opt/airflow/dags/minio_to_snowflake.py
[2026-03-31T17:18:43.835+0000] {logging_mixin.py:188} INFO - [2026-03-31T17:18:43.834+0000] {dag.py:3089} INFO - Sync 1 DAGs
[2026-03-31T17:18:43.969+0000] {logging_mixin.py:188} INFO - [2026-03-31T17:18:43.968+0000] {dag.py:3947} INFO - Setting next_dagrun for minio_to_snowflake_pipeline to 2026-03-31 17:10:00+00:00, run_after=2026-03-31 17:20:00+00:00
[2026-03-31T17:18:44.073+0000] {processor.py:183} INFO - Processing /opt/airflow/dags/minio_to_snowflake.py took 3.771 seconds
[2026-03-31T17:19:14.716+0000] {processor.py:161} INFO - Started process (PID=3127) to work on /opt/airflow/dags/minio_to_snowflake.py
[2026-03-31T17:19:14.718+0000] {processor.py:830} INFO - Processing file /opt/airflow/dags/minio_to_snowflake.py for tasks to queue
[2026-03-31T17:19:14.721+0000] {logging_mixin.py:188} INFO - [2026-03-31T17:19:14.719+0000] {dagbag.py:545} INFO - Filling up the DagBag from /opt/airflow/dags/minio_to_snowflake.py
[2026-03-31T17:19:16.491+0000] {processor.py:840} INFO - DAG(s) 'minio_to_snowflake_pipeline' retrieved from /opt/airflow/dags/minio_to_snowflake.py
[2026-03-31T17:19:16.530+0000] {logging_mixin.py:188} INFO - [2026-03-31T17:19:16.529+0000] {dag.py:3089} INFO - Sync 1 DAGs
[2026-03-31T17:19:16.563+0000] {logging_mixin.py:188} INFO - [2026-03-31T17:19:16.563+0000] {dag.py:3947} INFO - Setting next_dagrun for minio_to_snowflake_pipeline to 2026-03-31 17:10:00+00:00, run_after=2026-03-31 17:20:00+00:00
[2026-03-31T17:19:16.586+0000] {processor.py:183} INFO - Processing /opt/airflow/dags/minio_to_snowflake.py took 1.883 seconds
[2026-03-31T17:19:47.949+0000] {processor.py:161} INFO - Started process (PID=3134) to work on /opt/airflow/dags/minio_to_snowflake.py
[2026-03-31T17:19:47.976+0000] {processor.py:830} INFO - Processing file /opt/airflow/dags/minio_to_snowflake.py for tasks to queue
[2026-03-31T17:19:47.994+0000] {logging_mixin.py:188} INFO - [2026-03-31T17:19:47.985+0000] {dagbag.py:545} INFO - Filling up the DagBag from /opt/airflow/dags/minio_to_snowflake.py
[2026-03-31T17:19:56.236+0000] {processor.py:840} INFO - DAG(s) 'minio_to_snowflake_pipeline' retrieved from /opt/airflow/dags/minio_to_snowflake.py
[2026-03-31T17:19:56.379+0000] {logging_mixin.py:188} INFO - [2026-03-31T17:19:56.378+0000] {dag.py:3089} INFO - Sync 1 DAGs
[2026-03-31T17:19:56.430+0000] {logging_mixin.py:188} INFO - [2026-03-31T17:19:56.430+0000] {dag.py:3947} INFO - Setting next_dagrun for minio_to_snowflake_pipeline to 2026-03-31 17:10:00+00:00, run_after=2026-03-31 17:20:00+00:00
[2026-03-31T17:19:56.463+0000] {processor.py:183} INFO - Processing /opt/airflow/dags/minio_to_snowflake.py took 8.667 seconds
[2026-03-31T17:20:26.978+0000] {processor.py:161} INFO - Started process (PID=3145) to work on /opt/airflow/dags/minio_to_snowflake.py
[2026-03-31T17:20:26.981+0000] {processor.py:830} INFO - Processing file /opt/airflow/dags/minio_to_snowflake.py for tasks to queue
[2026-03-31T17:20:26.987+0000] {logging_mixin.py:188} INFO - [2026-03-31T17:20:26.985+0000] {dagbag.py:545} INFO - Filling up the DagBag from /opt/airflow/dags/minio_to_snowflake.py
[2026-03-31T17:20:30.925+0000] {processor.py:840} INFO - DAG(s) 'minio_to_snowflake_pipeline' retrieved from /opt/airflow/dags/minio_to_snowflake.py
[2026-03-31T17:20:31.018+0000] {logging_mixin.py:188} INFO - [2026-03-31T17:20:31.017+0000] {dag.py:3089} INFO - Sync 1 DAGs
[2026-03-31T17:20:31.078+0000] {logging_mixin.py:188} INFO - [2026-03-31T17:20:31.077+0000] {dag.py:3947} INFO - Setting next_dagrun for minio_to_snowflake_pipeline to 2026-03-31 17:20:00+00:00, run_after=2026-03-31 17:30:00+00:00
[2026-03-31T17:20:31.111+0000] {processor.py:183} INFO - Processing /opt/airflow/dags/minio_to_snowflake.py took 4.157 seconds
[2026-03-31T17:21:01.652+0000] {processor.py:161} INFO - Started process (PID=3152) to work on /opt/airflow/dags/minio_to_snowflake.py
[2026-03-31T17:21:01.658+0000] {processor.py:830} INFO - Processing file /opt/airflow/dags/minio_to_snowflake.py for tasks to queue
[2026-03-31T17:21:01.661+0000] {logging_mixin.py:188} INFO - [2026-03-31T17:21:01.660+0000] {dagbag.py:545} INFO - Filling up the DagBag from /opt/airflow/dags/minio_to_snowflake.py
[2026-03-31T17:21:03.371+0000] {processor.py:840} INFO - DAG(s) 'minio_to_snowflake_pipeline' retrieved from /opt/airflow/dags/minio_to_snowflake.py
[2026-03-31T17:21:03.409+0000] {logging_mixin.py:188} INFO - [2026-03-31T17:21:03.409+0000] {dag.py:3089} INFO - Sync 1 DAGs
[2026-03-31T17:21:03.441+0000] {logging_mixin.py:188} INFO - [2026-03-31T17:21:03.441+0000] {dag.py:3947} INFO - Setting next_dagrun for minio_to_snowflake_pipeline to 2026-03-31 17:20:00+00:00, run_after=2026-03-31 17:30:00+00:00
[2026-03-31T17:21:03.469+0000] {processor.py:183} INFO - Processing /opt/airflow/dags/minio_to_snowflake.py took 1.833 seconds
[2026-03-31T17:21:33.807+0000] {processor.py:161} INFO - Started process (PID=3159) to work on /opt/airflow/dags/minio_to_snowflake.py
[2026-03-31T17:21:33.809+0000] {processor.py:830} INFO - Processing file /opt/airflow/dags/minio_to_snowflake.py for tasks to queue
[2026-03-31T17:21:33.811+0000] {logging_mixin.py:188} INFO - [2026-03-31T17:21:33.811+0000] {dagbag.py:545} INFO - Filling up the DagBag from /opt/airflow/dags/minio_to_snowflake.py
[2026-03-31T17:21:34.880+0000] {processor.py:840} INFO - DAG(s) 'minio_to_snowflake_pipeline' retrieved from /opt/airflow/dags/minio_to_snowflake.py
[2026-03-31T17:21:34.940+0000] {logging_mixin.py:188} INFO - [2026-03-31T17:21:34.932+0000] {dag.py:3089} INFO - Sync 1 DAGs
[2026-03-31T17:21:34.977+0000] {logging_mixin.py:188} INFO - [2026-03-31T17:21:34.977+0000] {dag.py:3947} INFO - Setting next_dagrun for minio_to_snowflake_pipeline to 2026-03-31 17:20:00+00:00, run_after=2026-03-31 17:30:00+00:00
[2026-03-31T17:21:35.014+0000] {processor.py:183} INFO - Processing /opt/airflow/dags/minio_to_snowflake.py took 1.216 seconds
[2026-03-31T17:22:05.485+0000] {processor.py:161} INFO - Started process (PID=3166) to work on /opt/airflow/dags/minio_to_snowflake.py
[2026-03-31T17:22:05.487+0000] {processor.py:830} INFO - Processing file /opt/airflow/dags/minio_to_snowflake.py for tasks to queue
[2026-03-31T17:22:05.488+0000] {logging_mixin.py:188} INFO - [2026-03-31T17:22:05.488+0000] {dagbag.py:545} INFO - Filling up the DagBag from /opt/airflow/dags/minio_to_snowflake.py
[2026-03-31T17:22:06.804+0000] {processor.py:840} INFO - DAG(s) 'minio_to_snowflake_pipeline' retrieved from /opt/airflow/dags/minio_to_snowflake.py
[2026-03-31T17:22:06.845+0000] {logging_mixin.py:188} INFO - [2026-03-31T17:22:06.844+0000] {dag.py:3089} INFO - Sync 1 DAGs
[2026-03-31T17:22:06.888+0000] {logging_mixin.py:188} INFO - [2026-03-31T17:22:06.887+0000] {dag.py:3947} INFO - Setting next_dagrun for minio_to_snowflake_pipeline to 2026-03-31 17:20:00+00:00, run_after=2026-03-31 17:30:00+00:00
[2026-03-31T17:22:06.926+0000] {processor.py:183} INFO - Processing /opt/airflow/dags/minio_to_snowflake.py took 1.457 seconds
[2026-03-31T17:22:37.456+0000] {processor.py:161} INFO - Started process (PID=3173) to work on /opt/airflow/dags/minio_to_snowflake.py
[2026-03-31T17:22:37.500+0000] {processor.py:830} INFO - Processing file /opt/airflow/dags/minio_to_snowflake.py for tasks to queue
[2026-03-31T17:22:37.504+0000] {logging_mixin.py:188} INFO - [2026-03-31T17:22:37.503+0000] {dagbag.py:545} INFO - Filling up the DagBag from /opt/airflow/dags/minio_to_snowflake.py
[2026-03-31T17:22:41.182+0000] {processor.py:840} INFO - DAG(s) 'minio_to_snowflake_pipeline' retrieved from /opt/airflow/dags/minio_to_snowflake.py
[2026-03-31T17:22:41.271+0000] {logging_mixin.py:188} INFO - [2026-03-31T17:22:41.269+0000] {dag.py:3089} INFO - Sync 1 DAGs
[2026-03-31T17:22:41.359+0000] {logging_mixin.py:188} INFO - [2026-03-31T17:22:41.359+0000] {dag.py:3947} INFO - Setting next_dagrun for minio_to_snowflake_pipeline to 2026-03-31 17:20:00+00:00, run_after=2026-03-31 17:30:00+00:00
[2026-03-31T17:22:41.411+0000] {processor.py:183} INFO - Processing /opt/airflow/dags/minio_to_snowflake.py took 3.989 seconds
[2026-03-31T17:23:11.683+0000] {processor.py:161} INFO - Started process (PID=3180) to work on /opt/airflow/dags/minio_to_snowflake.py
[2026-03-31T17:23:11.685+0000] {processor.py:830} INFO - Processing file /opt/airflow/dags/minio_to_snowflake.py for tasks to queue
[2026-03-31T17:23:11.687+0000] {logging_mixin.py:188} INFO - [2026-03-31T17:23:11.686+0000] {dagbag.py:545} INFO - Filling up the DagBag from /opt/airflow/dags/minio_to_snowflake.py
[2026-03-31T17:23:12.859+0000] {processor.py:840} INFO - DAG(s) 'minio_to_snowflake_pipeline' retrieved from /opt/airflow/dags/minio_to_snowflake.py
[2026-03-31T17:23:12.888+0000] {logging_mixin.py:188} INFO - [2026-03-31T17:23:12.887+0000] {dag.py:3089} INFO - Sync 1 DAGs
[2026-03-31T17:23:12.912+0000] {logging_mixin.py:188} INFO - [2026-03-31T17:23:12.912+0000] {dag.py:3947} INFO - Setting next_dagrun for minio_to_snowflake_pipeline to 2026-03-31 17:20:00+00:00, run_after=2026-03-31 17:30:00+00:00
[2026-03-31T17:23:12.939+0000] {processor.py:183} INFO - Processing /opt/airflow/dags/minio_to_snowflake.py took 1.264 seconds
[2026-03-31T17:23:43.238+0000] {processor.py:161} INFO - Started process (PID=3187) to work on /opt/airflow/dags/minio_to_snowflake.py
[2026-03-31T17:23:43.239+0000] {processor.py:830} INFO - Processing file /opt/airflow/dags/minio_to_snowflake.py for tasks to queue
[2026-03-31T17:23:43.241+0000] {logging_mixin.py:188} INFO - [2026-03-31T17:23:43.240+0000] {dagbag.py:545} INFO - Filling up the DagBag from /opt/airflow/dags/minio_to_snowflake.py
[2026-03-31T17:23:44.903+0000] {processor.py:840} INFO - DAG(s) 'minio_to_snowflake_pipeline' retrieved from /opt/airflow/dags/minio_to_snowflake.py
[2026-03-31T17:23:44.942+0000] {logging_mixin.py:188} INFO - [2026-03-31T17:23:44.941+0000] {dag.py:3089} INFO - Sync 1 DAGs
[2026-03-31T17:23:44.977+0000] {logging_mixin.py:188} INFO - [2026-03-31T17:23:44.976+0000] {dag.py:3947} INFO - Setting next_dagrun for minio_to_snowflake_pipeline to 2026-03-31 17:20:00+00:00, run_after=2026-03-31 17:30:00+00:00
[2026-03-31T17:23:45.001+0000] {processor.py:183} INFO - Processing /opt/airflow/dags/minio_to_snowflake.py took 1.773 seconds
[2026-03-31T17:24:15.675+0000] {processor.py:161} INFO - Started process (PID=3194) to work on /opt/airflow/dags/minio_to_snowflake.py
[2026-03-31T17:24:15.679+0000] {processor.py:830} INFO - Processing file /opt/airflow/dags/minio_to_snowflake.py for tasks to queue
[2026-03-31T17:24:15.689+0000] {logging_mixin.py:188} INFO - [2026-03-31T17:24:15.686+0000] {dagbag.py:545} INFO - Filling up the DagBag from /opt/airflow/dags/minio_to_snowflake.py
[2026-03-31T17:24:17.940+0000] {processor.py:840} INFO - DAG(s) 'minio_to_snowflake_pipeline' retrieved from /opt/airflow/dags/minio_to_snowflake.py
[2026-03-31T17:24:17.995+0000] {logging_mixin.py:188} INFO - [2026-03-31T17:24:17.994+0000] {dag.py:3089} INFO - Sync 1 DAGs
[2026-03-31T17:24:18.029+0000] {logging_mixin.py:188} INFO - [2026-03-31T17:24:18.029+0000] {dag.py:3947} INFO - Setting next_dagrun for minio_to_snowflake_pipeline to 2026-03-31 17:20:00+00:00, run_after=2026-03-31 17:30:00+00:00
[2026-03-31T17:24:18.060+0000] {processor.py:183} INFO - Processing /opt/airflow/dags/minio_to_snowflake.py took 2.410 seconds
[2026-03-31T17:24:48.491+0000] {processor.py:161} INFO - Started process (PID=3201) to work on /opt/airflow/dags/minio_to_snowflake.py
[2026-03-31T17:24:48.493+0000] {processor.py:830} INFO - Processing file /opt/airflow/dags/minio_to_snowflake.py for tasks to queue
[2026-03-31T17:24:48.499+0000] {logging_mixin.py:188} INFO - [2026-03-31T17:24:48.499+0000] {dagbag.py:545} INFO - Filling up the DagBag from /opt/airflow/dags/minio_to_snowflake.py
[2026-03-31T17:24:49.845+0000] {processor.py:840} INFO - DAG(s) 'minio_to_snowflake_pipeline' retrieved from /opt/airflow/dags/minio_to_snowflake.py
[2026-03-31T17:24:49.916+0000] {logging_mixin.py:188} INFO - [2026-03-31T17:24:49.914+0000] {dag.py:3089} INFO - Sync 1 DAGs
[2026-03-31T17:24:50.017+0000] {logging_mixin.py:188} INFO - [2026-03-31T17:24:50.016+0000] {dag.py:3947} INFO - Setting next_dagrun for minio_to_snowflake_pipeline to 2026-03-31 17:20:00+00:00, run_after=2026-03-31 17:30:00+00:00
[2026-03-31T17:24:50.081+0000] {processor.py:183} INFO - Processing /opt/airflow/dags/minio_to_snowflake.py took 1.611 seconds
[2026-03-31T17:25:20.401+0000] {processor.py:161} INFO - Started process (PID=3208) to work on /opt/airflow/dags/minio_to_snowflake.py
[2026-03-31T17:25:20.403+0000] {processor.py:830} INFO - Processing file /opt/airflow/dags/minio_to_snowflake.py for tasks to queue
[2026-03-31T17:25:20.405+0000] {logging_mixin.py:188} INFO - [2026-03-31T17:25:20.404+0000] {dagbag.py:545} INFO - Filling up the DagBag from /opt/airflow/dags/minio_to_snowflake.py
[2026-03-31T17:25:21.918+0000] {processor.py:840} INFO - DAG(s) 'minio_to_snowflake_pipeline' retrieved from /opt/airflow/dags/minio_to_snowflake.py
[2026-03-31T17:25:21.964+0000] {logging_mixin.py:188} INFO - [2026-03-31T17:25:21.963+0000] {dag.py:3089} INFO - Sync 1 DAGs
[2026-03-31T17:25:22.005+0000] {logging_mixin.py:188} INFO - [2026-03-31T17:25:22.004+0000] {dag.py:3947} INFO - Setting next_dagrun for minio_to_snowflake_pipeline to 2026-03-31 17:20:00+00:00, run_after=2026-03-31 17:30:00+00:00
[2026-03-31T17:25:22.034+0000] {processor.py:183} INFO - Processing /opt/airflow/dags/minio_to_snowflake.py took 1.642 seconds
[2026-03-31T17:25:52.252+0000] {processor.py:161} INFO - Started process (PID=3215) to work on /opt/airflow/dags/minio_to_snowflake.py
[2026-03-31T17:25:52.253+0000] {processor.py:830} INFO - Processing file /opt/airflow/dags/minio_to_snowflake.py for tasks to queue
[2026-03-31T17:25:52.255+0000] {logging_mixin.py:188} INFO - [2026-03-31T17:25:52.255+0000] {dagbag.py:545} INFO - Filling up the DagBag from /opt/airflow/dags/minio_to_snowflake.py
[2026-03-31T17:25:53.378+0000] {processor.py:840} INFO - DAG(s) 'minio_to_snowflake_pipeline' retrieved from /opt/airflow/dags/minio_to_snowflake.py
[2026-03-31T17:25:53.413+0000] {logging_mixin.py:188} INFO - [2026-03-31T17:25:53.412+0000] {dag.py:3089} INFO - Sync 1 DAGs
[2026-03-31T17:25:53.436+0000] {logging_mixin.py:188} INFO - [2026-03-31T17:25:53.436+0000] {dag.py:3947} INFO - Setting next_dagrun for minio_to_snowflake_pipeline to 2026-03-31 17:20:00+00:00, run_after=2026-03-31 17:30:00+00:00
[2026-03-31T17:25:53.457+0000] {processor.py:183} INFO - Processing /opt/airflow/dags/minio_to_snowflake.py took 1.217 seconds
[2026-03-31T17:26:23.888+0000] {processor.py:161} INFO - Started process (PID=3222) to work on /opt/airflow/dags/minio_to_snowflake.py
[2026-03-31T17:26:23.890+0000] {processor.py:830} INFO - Processing file /opt/airflow/dags/minio_to_snowflake.py for tasks to queue
[2026-03-31T17:26:23.892+0000] {logging_mixin.py:188} INFO - [2026-03-31T17:26:23.891+0000] {dagbag.py:545} INFO - Filling up the DagBag from /opt/airflow/dags/minio_to_snowflake.py
[2026-03-31T17:26:25.021+0000] {processor.py:840} INFO - DAG(s) 'minio_to_snowflake_pipeline' retrieved from /opt/airflow/dags/minio_to_snowflake.py
[2026-03-31T17:26:25.052+0000] {logging_mixin.py:188} INFO - [2026-03-31T17:26:25.051+0000] {dag.py:3089} INFO - Sync 1 DAGs
[2026-03-31T17:26:25.074+0000] {logging_mixin.py:188} INFO - [2026-03-31T17:26:25.074+0000] {dag.py:3947} INFO - Setting next_dagrun for minio_to_snowflake_pipeline to 2026-03-31 17:20:00+00:00, run_after=2026-03-31 17:30:00+00:00
[2026-03-31T17:26:25.143+0000] {processor.py:183} INFO - Processing /opt/airflow/dags/minio_to_snowflake.py took 1.264 seconds
[2026-03-31T17:26:55.911+0000] {processor.py:161} INFO - Started process (PID=3229) to work on /opt/airflow/dags/minio_to_snowflake.py
[2026-03-31T17:26:55.914+0000] {processor.py:830} INFO - Processing file /opt/airflow/dags/minio_to_snowflake.py for tasks to queue
[2026-03-31T17:26:55.917+0000] {logging_mixin.py:188} INFO - [2026-03-31T17:26:55.916+0000] {dagbag.py:545} INFO - Filling up the DagBag from /opt/airflow/dags/minio_to_snowflake.py
[2026-03-31T17:26:57.315+0000] {processor.py:840} INFO - DAG(s) 'minio_to_snowflake_pipeline' retrieved from /opt/airflow/dags/minio_to_snowflake.py
[2026-03-31T17:26:57.379+0000] {logging_mixin.py:188} INFO - [2026-03-31T17:26:57.378+0000] {dag.py:3089} INFO - Sync 1 DAGs
[2026-03-31T17:26:57.410+0000] {logging_mixin.py:188} INFO - [2026-03-31T17:26:57.410+0000] {dag.py:3947} INFO - Setting next_dagrun for minio_to_snowflake_pipeline to 2026-03-31 17:20:00+00:00, run_after=2026-03-31 17:30:00+00:00
[2026-03-31T17:26:57.431+0000] {processor.py:183} INFO - Processing /opt/airflow/dags/minio_to_snowflake.py took 1.538 seconds
[2026-03-31T17:27:27.814+0000] {processor.py:161} INFO - Started process (PID=3236) to work on /opt/airflow/dags/minio_to_snowflake.py
[2026-03-31T17:27:27.815+0000] {processor.py:830} INFO - Processing file /opt/airflow/dags/minio_to_snowflake.py for tasks to queue
[2026-03-31T17:27:27.817+0000] {logging_mixin.py:188} INFO - [2026-03-31T17:27:27.817+0000] {dagbag.py:545} INFO - Filling up the DagBag from /opt/airflow/dags/minio_to_snowflake.py
[2026-03-31T17:27:29.199+0000] {processor.py:840} INFO - DAG(s) 'minio_to_snowflake_pipeline' retrieved from /opt/airflow/dags/minio_to_snowflake.py
[2026-03-31T17:27:29.226+0000] {logging_mixin.py:188} INFO - [2026-03-31T17:27:29.226+0000] {dag.py:3089} INFO - Sync 1 DAGs
[2026-03-31T17:27:29.251+0000] {logging_mixin.py:188} INFO - [2026-03-31T17:27:29.251+0000] {dag.py:3947} INFO - Setting next_dagrun for minio_to_snowflake_pipeline to 2026-03-31 17:20:00+00:00, run_after=2026-03-31 17:30:00+00:00
[2026-03-31T17:27:29.270+0000] {processor.py:183} INFO - Processing /opt/airflow/dags/minio_to_snowflake.py took 1.469 seconds
[2026-03-31T17:27:59.787+0000] {processor.py:161} INFO - Started process (PID=3243) to work on /opt/airflow/dags/minio_to_snowflake.py
[2026-03-31T17:27:59.790+0000] {processor.py:830} INFO - Processing file /opt/airflow/dags/minio_to_snowflake.py for tasks to queue
[2026-03-31T17:27:59.793+0000] {logging_mixin.py:188} INFO - [2026-03-31T17:27:59.792+0000] {dagbag.py:545} INFO - Filling up the DagBag from /opt/airflow/dags/minio_to_snowflake.py
[2026-03-31T17:28:01.540+0000] {processor.py:840} INFO - DAG(s) 'minio_to_snowflake_pipeline' retrieved from /opt/airflow/dags/minio_to_snowflake.py
[2026-03-31T17:28:01.597+0000] {logging_mixin.py:188} INFO - [2026-03-31T17:28:01.596+0000] {dag.py:3089} INFO - Sync 1 DAGs
[2026-03-31T17:28:01.659+0000] {logging_mixin.py:188} INFO - [2026-03-31T17:28:01.658+0000] {dag.py:3947} INFO - Setting next_dagrun for minio_to_snowflake_pipeline to 2026-03-31 17:20:00+00:00, run_after=2026-03-31 17:30:00+00:00
[2026-03-31T17:28:01.692+0000] {processor.py:183} INFO - Processing /opt/airflow/dags/minio_to_snowflake.py took 1.920 seconds
[2026-03-31T17:28:32.187+0000] {processor.py:161} INFO - Started process (PID=3250) to work on /opt/airflow/dags/minio_to_snowflake.py
[2026-03-31T17:28:32.188+0000] {processor.py:830} INFO - Processing file /opt/airflow/dags/minio_to_snowflake.py for tasks to queue
[2026-03-31T17:28:32.190+0000] {logging_mixin.py:188} INFO - [2026-03-31T17:28:32.190+0000] {dagbag.py:545} INFO - Filling up the DagBag from /opt/airflow/dags/minio_to_snowflake.py
[2026-03-31T17:28:34.479+0000] {processor.py:840} INFO - DAG(s) 'minio_to_snowflake_pipeline' retrieved from /opt/airflow/dags/minio_to_snowflake.py
[2026-03-31T17:28:34.514+0000] {logging_mixin.py:188} INFO - [2026-03-31T17:28:34.514+0000] {dag.py:3089} INFO - Sync 1 DAGs
[2026-03-31T17:28:34.544+0000] {logging_mixin.py:188} INFO - [2026-03-31T17:28:34.543+0000] {dag.py:3947} INFO - Setting next_dagrun for minio_to_snowflake_pipeline to 2026-03-31 17:20:00+00:00, run_after=2026-03-31 17:30:00+00:00
[2026-03-31T17:28:34.569+0000] {processor.py:183} INFO - Processing /opt/airflow/dags/minio_to_snowflake.py took 2.394 seconds
[2026-03-31T17:29:04.980+0000] {processor.py:161} INFO - Started process (PID=3257) to work on /opt/airflow/dags/minio_to_snowflake.py
[2026-03-31T17:29:04.981+0000] {processor.py:830} INFO - Processing file /opt/airflow/dags/minio_to_snowflake.py for tasks to queue
[2026-03-31T17:29:04.983+0000] {logging_mixin.py:188} INFO - [2026-03-31T17:29:04.982+0000] {dagbag.py:545} INFO - Filling up the DagBag from /opt/airflow/dags/minio_to_snowflake.py
[2026-03-31T17:29:06.757+0000] {processor.py:840} INFO - DAG(s) 'minio_to_snowflake_pipeline' retrieved from /opt/airflow/dags/minio_to_snowflake.py
[2026-03-31T17:29:06.824+0000] {logging_mixin.py:188} INFO - [2026-03-31T17:29:06.824+0000] {dag.py:3089} INFO - Sync 1 DAGs
[2026-03-31T17:29:06.872+0000] {logging_mixin.py:188} INFO - [2026-03-31T17:29:06.871+0000] {dag.py:3947} INFO - Setting next_dagrun for minio_to_snowflake_pipeline to 2026-03-31 17:20:00+00:00, run_after=2026-03-31 17:30:00+00:00
[2026-03-31T17:29:06.937+0000] {processor.py:183} INFO - Processing /opt/airflow/dags/minio_to_snowflake.py took 1.970 seconds
[2026-03-31T17:29:37.419+0000] {processor.py:161} INFO - Started process (PID=3264) to work on /opt/airflow/dags/minio_to_snowflake.py
[2026-03-31T17:29:37.428+0000] {processor.py:830} INFO - Processing file /opt/airflow/dags/minio_to_snowflake.py for tasks to queue
[2026-03-31T17:29:37.433+0000] {logging_mixin.py:188} INFO - [2026-03-31T17:29:37.431+0000] {dagbag.py:545} INFO - Filling up the DagBag from /opt/airflow/dags/minio_to_snowflake.py
[2026-03-31T17:29:38.621+0000] {processor.py:840} INFO - DAG(s) 'minio_to_snowflake_pipeline' retrieved from /opt/airflow/dags/minio_to_snowflake.py
[2026-03-31T17:29:38.659+0000] {logging_mixin.py:188} INFO - [2026-03-31T17:29:38.658+0000] {dag.py:3089} INFO - Sync 1 DAGs
[2026-03-31T17:29:38.702+0000] {logging_mixin.py:188} INFO - [2026-03-31T17:29:38.702+0000] {dag.py:3947} INFO - Setting next_dagrun for minio_to_snowflake_pipeline to 2026-03-31 17:20:00+00:00, run_after=2026-03-31 17:30:00+00:00
[2026-03-31T17:29:38.721+0000] {processor.py:183} INFO - Processing /opt/airflow/dags/minio_to_snowflake.py took 1.320 seconds
[2026-03-31T17:30:09.267+0000] {processor.py:161} INFO - Started process (PID=3275) to work on /opt/airflow/dags/minio_to_snowflake.py
[2026-03-31T17:30:09.275+0000] {processor.py:830} INFO - Processing file /opt/airflow/dags/minio_to_snowflake.py for tasks to queue
[2026-03-31T17:30:09.283+0000] {logging_mixin.py:188} INFO - [2026-03-31T17:30:09.282+0000] {dagbag.py:545} INFO - Filling up the DagBag from /opt/airflow/dags/minio_to_snowflake.py
[2026-03-31T17:30:11.450+0000] {processor.py:840} INFO - DAG(s) 'minio_to_snowflake_pipeline' retrieved from /opt/airflow/dags/minio_to_snowflake.py
[2026-03-31T17:30:11.487+0000] {logging_mixin.py:188} INFO - [2026-03-31T17:30:11.486+0000] {dag.py:3089} INFO - Sync 1 DAGs
[2026-03-31T17:30:11.511+0000] {logging_mixin.py:188} INFO - [2026-03-31T17:30:11.510+0000] {dag.py:3947} INFO - Setting next_dagrun for minio_to_snowflake_pipeline to 2026-03-31 17:30:00+00:00, run_after=2026-03-31 17:40:00+00:00
[2026-03-31T17:30:11.530+0000] {processor.py:183} INFO - Processing /opt/airflow/dags/minio_to_snowflake.py took 2.287 seconds
[2026-03-31T17:30:42.285+0000] {processor.py:161} INFO - Started process (PID=3282) to work on /opt/airflow/dags/minio_to_snowflake.py
[2026-03-31T17:30:42.290+0000] {processor.py:830} INFO - Processing file /opt/airflow/dags/minio_to_snowflake.py for tasks to queue
[2026-03-31T17:30:42.293+0000] {logging_mixin.py:188} INFO - [2026-03-31T17:30:42.292+0000] {dagbag.py:545} INFO - Filling up the DagBag from /opt/airflow/dags/minio_to_snowflake.py
[2026-03-31T17:30:43.590+0000] {processor.py:840} INFO - DAG(s) 'minio_to_snowflake_pipeline' retrieved from /opt/airflow/dags/minio_to_snowflake.py
[2026-03-31T17:30:43.619+0000] {logging_mixin.py:188} INFO - [2026-03-31T17:30:43.618+0000] {dag.py:3089} INFO - Sync 1 DAGs
[2026-03-31T17:30:43.640+0000] {logging_mixin.py:188} INFO - [2026-03-31T17:30:43.640+0000] {dag.py:3947} INFO - Setting next_dagrun for minio_to_snowflake_pipeline to 2026-03-31 17:30:00+00:00, run_after=2026-03-31 17:40:00+00:00
[2026-03-31T17:30:43.660+0000] {processor.py:183} INFO - Processing /opt/airflow/dags/minio_to_snowflake.py took 1.413 seconds
[2026-03-31T17:31:14.324+0000] {processor.py:161} INFO - Started process (PID=3289) to work on /opt/airflow/dags/minio_to_snowflake.py
[2026-03-31T17:31:14.326+0000] {processor.py:830} INFO - Processing file /opt/airflow/dags/minio_to_snowflake.py for tasks to queue
[2026-03-31T17:31:14.328+0000] {logging_mixin.py:188} INFO - [2026-03-31T17:31:14.327+0000] {dagbag.py:545} INFO - Filling up the DagBag from /opt/airflow/dags/minio_to_snowflake.py
[2026-03-31T17:31:16.131+0000] {processor.py:840} INFO - DAG(s) 'minio_to_snowflake_pipeline' retrieved from /opt/airflow/dags/minio_to_snowflake.py
[2026-03-31T17:31:16.168+0000] {logging_mixin.py:188} INFO - [2026-03-31T17:31:16.167+0000] {dag.py:3089} INFO - Sync 1 DAGs
[2026-03-31T17:31:16.197+0000] {logging_mixin.py:188} INFO - [2026-03-31T17:31:16.197+0000] {dag.py:3947} INFO - Setting next_dagrun for minio_to_snowflake_pipeline to 2026-03-31 17:30:00+00:00, run_after=2026-03-31 17:40:00+00:00
[2026-03-31T17:31:16.222+0000] {processor.py:183} INFO - Processing /opt/airflow/dags/minio_to_snowflake.py took 1.909 seconds
[2026-03-31T17:31:46.659+0000] {processor.py:161} INFO - Started process (PID=3296) to work on /opt/airflow/dags/minio_to_snowflake.py
[2026-03-31T17:31:46.661+0000] {processor.py:830} INFO - Processing file /opt/airflow/dags/minio_to_snowflake.py for tasks to queue
[2026-03-31T17:31:46.662+0000] {logging_mixin.py:188} INFO - [2026-03-31T17:31:46.662+0000] {dagbag.py:545} INFO - Filling up the DagBag from /opt/airflow/dags/minio_to_snowflake.py
[2026-03-31T17:31:48.159+0000] {processor.py:840} INFO - DAG(s) 'minio_to_snowflake_pipeline' retrieved from /opt/airflow/dags/minio_to_snowflake.py
[2026-03-31T17:31:48.202+0000] {logging_mixin.py:188} INFO - [2026-03-31T17:31:48.201+0000] {dag.py:3089} INFO - Sync 1 DAGs
[2026-03-31T17:31:48.226+0000] {logging_mixin.py:188} INFO - [2026-03-31T17:31:48.226+0000] {dag.py:3947} INFO - Setting next_dagrun for minio_to_snowflake_pipeline to 2026-03-31 17:30:00+00:00, run_after=2026-03-31 17:40:00+00:00
[2026-03-31T17:31:48.247+0000] {processor.py:183} INFO - Processing /opt/airflow/dags/minio_to_snowflake.py took 1.596 seconds
[2026-03-31T17:32:18.709+0000] {processor.py:161} INFO - Started process (PID=3303) to work on /opt/airflow/dags/minio_to_snowflake.py
[2026-03-31T17:32:18.711+0000] {processor.py:830} INFO - Processing file /opt/airflow/dags/minio_to_snowflake.py for tasks to queue
[2026-03-31T17:32:18.713+0000] {logging_mixin.py:188} INFO - [2026-03-31T17:32:18.712+0000] {dagbag.py:545} INFO - Filling up the DagBag from /opt/airflow/dags/minio_to_snowflake.py
[2026-03-31T17:32:20.137+0000] {processor.py:840} INFO - DAG(s) 'minio_to_snowflake_pipeline' retrieved from /opt/airflow/dags/minio_to_snowflake.py
[2026-03-31T17:32:20.176+0000] {logging_mixin.py:188} INFO - [2026-03-31T17:32:20.175+0000] {dag.py:3089} INFO - Sync 1 DAGs
[2026-03-31T17:32:20.201+0000] {logging_mixin.py:188} INFO - [2026-03-31T17:32:20.201+0000] {dag.py:3947} INFO - Setting next_dagrun for minio_to_snowflake_pipeline to 2026-03-31 17:30:00+00:00, run_after=2026-03-31 17:40:00+00:00
[2026-03-31T17:32:20.220+0000] {processor.py:183} INFO - Processing /opt/airflow/dags/minio_to_snowflake.py took 1.520 seconds
[2026-03-31T17:32:50.522+0000] {processor.py:161} INFO - Started process (PID=3310) to work on /opt/airflow/dags/minio_to_snowflake.py
[2026-03-31T17:32:50.548+0000] {processor.py:830} INFO - Processing file /opt/airflow/dags/minio_to_snowflake.py for tasks to queue
[2026-03-31T17:32:50.570+0000] {logging_mixin.py:188} INFO - [2026-03-31T17:32:50.561+0000] {dagbag.py:545} INFO - Filling up the DagBag from /opt/airflow/dags/minio_to_snowflake.py
[2026-03-31T17:32:53.542+0000] {processor.py:840} INFO - DAG(s) 'minio_to_snowflake_pipeline' retrieved from /opt/airflow/dags/minio_to_snowflake.py
[2026-03-31T17:32:53.595+0000] {logging_mixin.py:188} INFO - [2026-03-31T17:32:53.594+0000] {dag.py:3089} INFO - Sync 1 DAGs
[2026-03-31T17:32:53.635+0000] {logging_mixin.py:188} INFO - [2026-03-31T17:32:53.635+0000] {dag.py:3947} INFO - Setting next_dagrun for minio_to_snowflake_pipeline to 2026-03-31 17:30:00+00:00, run_after=2026-03-31 17:40:00+00:00
[2026-03-31T17:32:53.675+0000] {processor.py:183} INFO - Processing /opt/airflow/dags/minio_to_snowflake.py took 3.249 seconds
[2026-03-31T17:33:23.872+0000] {processor.py:161} INFO - Started process (PID=3317) to work on /opt/airflow/dags/minio_to_snowflake.py
[2026-03-31T17:33:23.874+0000] {processor.py:830} INFO - Processing file /opt/airflow/dags/minio_to_snowflake.py for tasks to queue
[2026-03-31T17:33:23.876+0000] {logging_mixin.py:188} INFO - [2026-03-31T17:33:23.875+0000] {dagbag.py:545} INFO - Filling up the DagBag from /opt/airflow/dags/minio_to_snowflake.py
[2026-03-31T17:33:25.140+0000] {processor.py:840} INFO - DAG(s) 'minio_to_snowflake_pipeline' retrieved from /opt/airflow/dags/minio_to_snowflake.py
[2026-03-31T17:33:25.179+0000] {logging_mixin.py:188} INFO - [2026-03-31T17:33:25.177+0000] {dag.py:3089} INFO - Sync 1 DAGs
[2026-03-31T17:33:25.217+0000] {logging_mixin.py:188} INFO - [2026-03-31T17:33:25.216+0000] {dag.py:3947} INFO - Setting next_dagrun for minio_to_snowflake_pipeline to 2026-03-31 17:30:00+00:00, run_after=2026-03-31 17:40:00+00:00
[2026-03-31T17:33:25.258+0000] {processor.py:183} INFO - Processing /opt/airflow/dags/minio_to_snowflake.py took 1.397 seconds
[2026-03-31T17:33:55.802+0000] {processor.py:161} INFO - Started process (PID=3324) to work on /opt/airflow/dags/minio_to_snowflake.py
[2026-03-31T17:33:55.804+0000] {processor.py:830} INFO - Processing file /opt/airflow/dags/minio_to_snowflake.py for tasks to queue
[2026-03-31T17:33:55.807+0000] {logging_mixin.py:188} INFO - [2026-03-31T17:33:55.806+0000] {dagbag.py:545} INFO - Filling up the DagBag from /opt/airflow/dags/minio_to_snowflake.py
[2026-03-31T17:33:57.579+0000] {processor.py:840} INFO - DAG(s) 'minio_to_snowflake_pipeline' retrieved from /opt/airflow/dags/minio_to_snowflake.py
[2026-03-31T17:33:57.642+0000] {logging_mixin.py:188} INFO - [2026-03-31T17:33:57.640+0000] {dag.py:3089} INFO - Sync 1 DAGs
[2026-03-31T17:33:57.716+0000] {logging_mixin.py:188} INFO - [2026-03-31T17:33:57.714+0000] {dag.py:3947} INFO - Setting next_dagrun for minio_to_snowflake_pipeline to 2026-03-31 17:30:00+00:00, run_after=2026-03-31 17:40:00+00:00
[2026-03-31T17:33:57.772+0000] {processor.py:183} INFO - Processing /opt/airflow/dags/minio_to_snowflake.py took 1.987 seconds
[2026-03-31T17:34:28.048+0000] {processor.py:161} INFO - Started process (PID=3331) to work on /opt/airflow/dags/minio_to_snowflake.py
[2026-03-31T17:34:28.050+0000] {processor.py:830} INFO - Processing file /opt/airflow/dags/minio_to_snowflake.py for tasks to queue
[2026-03-31T17:34:28.051+0000] {logging_mixin.py:188} INFO - [2026-03-31T17:34:28.051+0000] {dagbag.py:545} INFO - Filling up the DagBag from /opt/airflow/dags/minio_to_snowflake.py
[2026-03-31T17:34:29.471+0000] {processor.py:840} INFO - DAG(s) 'minio_to_snowflake_pipeline' retrieved from /opt/airflow/dags/minio_to_snowflake.py
[2026-03-31T17:34:29.512+0000] {logging_mixin.py:188} INFO - [2026-03-31T17:34:29.512+0000] {dag.py:3089} INFO - Sync 1 DAGs
[2026-03-31T17:34:29.542+0000] {logging_mixin.py:188} INFO - [2026-03-31T17:34:29.542+0000] {dag.py:3947} INFO - Setting next_dagrun for minio_to_snowflake_pipeline to 2026-03-31 17:30:00+00:00, run_after=2026-03-31 17:40:00+00:00
[2026-03-31T17:34:29.571+0000] {processor.py:183} INFO - Processing /opt/airflow/dags/minio_to_snowflake.py took 1.533 seconds
[2026-03-31T17:34:59.679+0000] {processor.py:161} INFO - Started process (PID=3338) to work on /opt/airflow/dags/minio_to_snowflake.py
[2026-03-31T17:34:59.680+0000] {processor.py:830} INFO - Processing file /opt/airflow/dags/minio_to_snowflake.py for tasks to queue
[2026-03-31T17:34:59.682+0000] {logging_mixin.py:188} INFO - [2026-03-31T17:34:59.682+0000] {dagbag.py:545} INFO - Filling up the DagBag from /opt/airflow/dags/minio_to_snowflake.py
[2026-03-31T17:35:01.858+0000] {processor.py:840} INFO - DAG(s) 'minio_to_snowflake_pipeline' retrieved from /opt/airflow/dags/minio_to_snowflake.py
[2026-03-31T17:35:01.907+0000] {logging_mixin.py:188} INFO - [2026-03-31T17:35:01.906+0000] {dag.py:3089} INFO - Sync 1 DAGs
[2026-03-31T17:35:01.952+0000] {logging_mixin.py:188} INFO - [2026-03-31T17:35:01.952+0000] {dag.py:3947} INFO - Setting next_dagrun for minio_to_snowflake_pipeline to 2026-03-31 17:30:00+00:00, run_after=2026-03-31 17:40:00+00:00
[2026-03-31T17:35:01.992+0000] {processor.py:183} INFO - Processing /opt/airflow/dags/minio_to_snowflake.py took 2.327 seconds
[2026-03-31T17:35:32.540+0000] {processor.py:161} INFO - Started process (PID=3345) to work on /opt/airflow/dags/minio_to_snowflake.py
[2026-03-31T17:35:32.542+0000] {processor.py:830} INFO - Processing file /opt/airflow/dags/minio_to_snowflake.py for tasks to queue
[2026-03-31T17:35:32.546+0000] {logging_mixin.py:188} INFO - [2026-03-31T17:35:32.545+0000] {dagbag.py:545} INFO - Filling up the DagBag from /opt/airflow/dags/minio_to_snowflake.py
[2026-03-31T17:35:34.631+0000] {processor.py:840} INFO - DAG(s) 'minio_to_snowflake_pipeline' retrieved from /opt/airflow/dags/minio_to_snowflake.py
[2026-03-31T17:35:34.776+0000] {logging_mixin.py:188} INFO - [2026-03-31T17:35:34.772+0000] {dag.py:3089} INFO - Sync 1 DAGs
[2026-03-31T17:35:34.889+0000] {logging_mixin.py:188} INFO - [2026-03-31T17:35:34.889+0000] {dag.py:3947} INFO - Setting next_dagrun for minio_to_snowflake_pipeline to 2026-03-31 17:30:00+00:00, run_after=2026-03-31 17:40:00+00:00
[2026-03-31T17:35:35.038+0000] {processor.py:183} INFO - Processing /opt/airflow/dags/minio_to_snowflake.py took 2.527 seconds
[2026-03-31T17:36:05.485+0000] {processor.py:161} INFO - Started process (PID=3352) to work on /opt/airflow/dags/minio_to_snowflake.py
[2026-03-31T17:36:05.487+0000] {processor.py:830} INFO - Processing file /opt/airflow/dags/minio_to_snowflake.py for tasks to queue
[2026-03-31T17:36:05.490+0000] {logging_mixin.py:188} INFO - [2026-03-31T17:36:05.489+0000] {dagbag.py:545} INFO - Filling up the DagBag from /opt/airflow/dags/minio_to_snowflake.py
[2026-03-31T17:36:07.122+0000] {processor.py:840} INFO - DAG(s) 'minio_to_snowflake_pipeline' retrieved from /opt/airflow/dags/minio_to_snowflake.py
[2026-03-31T17:36:07.161+0000] {logging_mixin.py:188} INFO - [2026-03-31T17:36:07.161+0000] {dag.py:3089} INFO - Sync 1 DAGs
[2026-03-31T17:36:07.199+0000] {logging_mixin.py:188} INFO - [2026-03-31T17:36:07.198+0000] {dag.py:3947} INFO - Setting next_dagrun for minio_to_snowflake_pipeline to 2026-03-31 17:30:00+00:00, run_after=2026-03-31 17:40:00+00:00
[2026-03-31T17:36:07.229+0000] {processor.py:183} INFO - Processing /opt/airflow/dags/minio_to_snowflake.py took 1.753 seconds
[2026-03-31T17:36:38.545+0000] {processor.py:161} INFO - Started process (PID=3359) to work on /opt/airflow/dags/minio_to_snowflake.py
[2026-03-31T17:36:38.555+0000] {processor.py:830} INFO - Processing file /opt/airflow/dags/minio_to_snowflake.py for tasks to queue
[2026-03-31T17:36:38.563+0000] {logging_mixin.py:188} INFO - [2026-03-31T17:36:38.562+0000] {dagbag.py:545} INFO - Filling up the DagBag from /opt/airflow/dags/minio_to_snowflake.py
[2026-03-31T17:36:41.631+0000] {processor.py:840} INFO - DAG(s) 'minio_to_snowflake_pipeline' retrieved from /opt/airflow/dags/minio_to_snowflake.py
[2026-03-31T17:36:41.686+0000] {logging_mixin.py:188} INFO - [2026-03-31T17:36:41.685+0000] {dag.py:3089} INFO - Sync 1 DAGs
[2026-03-31T17:36:41.738+0000] {logging_mixin.py:188} INFO - [2026-03-31T17:36:41.738+0000] {dag.py:3947} INFO - Setting next_dagrun for minio_to_snowflake_pipeline to 2026-03-31 17:30:00+00:00, run_after=2026-03-31 17:40:00+00:00
[2026-03-31T17:36:41.772+0000] {processor.py:183} INFO - Processing /opt/airflow/dags/minio_to_snowflake.py took 3.281 seconds
[2026-03-31T17:37:12.241+0000] {processor.py:161} INFO - Started process (PID=3366) to work on /opt/airflow/dags/minio_to_snowflake.py
[2026-03-31T17:37:12.246+0000] {processor.py:830} INFO - Processing file /opt/airflow/dags/minio_to_snowflake.py for tasks to queue
[2026-03-31T17:37:12.256+0000] {logging_mixin.py:188} INFO - [2026-03-31T17:37:12.255+0000] {dagbag.py:545} INFO - Filling up the DagBag from /opt/airflow/dags/minio_to_snowflake.py
[2026-03-31T17:37:13.700+0000] {processor.py:840} INFO - DAG(s) 'minio_to_snowflake_pipeline' retrieved from /opt/airflow/dags/minio_to_snowflake.py
[2026-03-31T17:37:13.750+0000] {logging_mixin.py:188} INFO - [2026-03-31T17:37:13.749+0000] {dag.py:3089} INFO - Sync 1 DAGs
[2026-03-31T17:37:13.787+0000] {logging_mixin.py:188} INFO - [2026-03-31T17:37:13.787+0000] {dag.py:3947} INFO - Setting next_dagrun for minio_to_snowflake_pipeline to 2026-03-31 17:30:00+00:00, run_after=2026-03-31 17:40:00+00:00
[2026-03-31T17:37:13.832+0000] {processor.py:183} INFO - Processing /opt/airflow/dags/minio_to_snowflake.py took 1.613 seconds
[2026-03-31T17:37:44.175+0000] {processor.py:161} INFO - Started process (PID=3373) to work on /opt/airflow/dags/minio_to_snowflake.py
[2026-03-31T17:37:44.182+0000] {processor.py:830} INFO - Processing file /opt/airflow/dags/minio_to_snowflake.py for tasks to queue
[2026-03-31T17:37:44.190+0000] {logging_mixin.py:188} INFO - [2026-03-31T17:37:44.188+0000] {dagbag.py:545} INFO - Filling up the DagBag from /opt/airflow/dags/minio_to_snowflake.py
[2026-03-31T17:37:46.463+0000] {processor.py:840} INFO - DAG(s) 'minio_to_snowflake_pipeline' retrieved from /opt/airflow/dags/minio_to_snowflake.py
[2026-03-31T17:37:46.514+0000] {logging_mixin.py:188} INFO - [2026-03-31T17:37:46.513+0000] {dag.py:3089} INFO - Sync 1 DAGs
[2026-03-31T17:37:46.578+0000] {logging_mixin.py:188} INFO - [2026-03-31T17:37:46.577+0000] {dag.py:3947} INFO - Setting next_dagrun for minio_to_snowflake_pipeline to 2026-03-31 17:30:00+00:00, run_after=2026-03-31 17:40:00+00:00
[2026-03-31T17:37:46.627+0000] {processor.py:183} INFO - Processing /opt/airflow/dags/minio_to_snowflake.py took 2.500 seconds
[2026-03-31T17:38:17.232+0000] {processor.py:161} INFO - Started process (PID=3380) to work on /opt/airflow/dags/minio_to_snowflake.py
[2026-03-31T17:38:17.236+0000] {processor.py:830} INFO - Processing file /opt/airflow/dags/minio_to_snowflake.py for tasks to queue
[2026-03-31T17:38:17.241+0000] {logging_mixin.py:188} INFO - [2026-03-31T17:38:17.239+0000] {dagbag.py:545} INFO - Filling up the DagBag from /opt/airflow/dags/minio_to_snowflake.py
[2026-03-31T17:38:19.323+0000] {processor.py:840} INFO - DAG(s) 'minio_to_snowflake_pipeline' retrieved from /opt/airflow/dags/minio_to_snowflake.py
[2026-03-31T17:38:19.378+0000] {logging_mixin.py:188} INFO - [2026-03-31T17:38:19.377+0000] {dag.py:3089} INFO - Sync 1 DAGs
[2026-03-31T17:38:19.421+0000] {logging_mixin.py:188} INFO - [2026-03-31T17:38:19.421+0000] {dag.py:3947} INFO - Setting next_dagrun for minio_to_snowflake_pipeline to 2026-03-31 17:30:00+00:00, run_after=2026-03-31 17:40:00+00:00
[2026-03-31T17:38:19.531+0000] {processor.py:183} INFO - Processing /opt/airflow/dags/minio_to_snowflake.py took 2.319 seconds
[2026-03-31T17:38:50.050+0000] {processor.py:161} INFO - Started process (PID=3387) to work on /opt/airflow/dags/minio_to_snowflake.py
[2026-03-31T17:38:50.053+0000] {processor.py:830} INFO - Processing file /opt/airflow/dags/minio_to_snowflake.py for tasks to queue
[2026-03-31T17:38:50.060+0000] {logging_mixin.py:188} INFO - [2026-03-31T17:38:50.056+0000] {dagbag.py:545} INFO - Filling up the DagBag from /opt/airflow/dags/minio_to_snowflake.py
[2026-03-31T17:38:52.716+0000] {processor.py:840} INFO - DAG(s) 'minio_to_snowflake_pipeline' retrieved from /opt/airflow/dags/minio_to_snowflake.py
[2026-03-31T17:38:52.773+0000] {logging_mixin.py:188} INFO - [2026-03-31T17:38:52.773+0000] {dag.py:3089} INFO - Sync 1 DAGs
[2026-03-31T17:38:52.804+0000] {logging_mixin.py:188} INFO - [2026-03-31T17:38:52.804+0000] {dag.py:3947} INFO - Setting next_dagrun for minio_to_snowflake_pipeline to 2026-03-31 17:30:00+00:00, run_after=2026-03-31 17:40:00+00:00
[2026-03-31T17:38:52.829+0000] {processor.py:183} INFO - Processing /opt/airflow/dags/minio_to_snowflake.py took 2.810 seconds
[2026-03-31T17:39:23.848+0000] {processor.py:161} INFO - Started process (PID=3394) to work on /opt/airflow/dags/minio_to_snowflake.py
[2026-03-31T17:39:23.853+0000] {processor.py:830} INFO - Processing file /opt/airflow/dags/minio_to_snowflake.py for tasks to queue
[2026-03-31T17:39:23.855+0000] {logging_mixin.py:188} INFO - [2026-03-31T17:39:23.854+0000] {dagbag.py:545} INFO - Filling up the DagBag from /opt/airflow/dags/minio_to_snowflake.py
[2026-03-31T17:39:25.470+0000] {processor.py:840} INFO - DAG(s) 'minio_to_snowflake_pipeline' retrieved from /opt/airflow/dags/minio_to_snowflake.py
[2026-03-31T17:39:25.506+0000] {logging_mixin.py:188} INFO - [2026-03-31T17:39:25.505+0000] {dag.py:3089} INFO - Sync 1 DAGs
[2026-03-31T17:39:25.534+0000] {logging_mixin.py:188} INFO - [2026-03-31T17:39:25.534+0000] {dag.py:3947} INFO - Setting next_dagrun for minio_to_snowflake_pipeline to 2026-03-31 17:30:00+00:00, run_after=2026-03-31 17:40:00+00:00
[2026-03-31T17:39:25.572+0000] {processor.py:183} INFO - Processing /opt/airflow/dags/minio_to_snowflake.py took 1.786 seconds
[2026-03-31T17:39:56.327+0000] {processor.py:161} INFO - Started process (PID=3401) to work on /opt/airflow/dags/minio_to_snowflake.py
[2026-03-31T17:39:56.336+0000] {processor.py:830} INFO - Processing file /opt/airflow/dags/minio_to_snowflake.py for tasks to queue
[2026-03-31T17:39:56.344+0000] {logging_mixin.py:188} INFO - [2026-03-31T17:39:56.343+0000] {dagbag.py:545} INFO - Filling up the DagBag from /opt/airflow/dags/minio_to_snowflake.py
[2026-03-31T17:39:58.518+0000] {processor.py:840} INFO - DAG(s) 'minio_to_snowflake_pipeline' retrieved from /opt/airflow/dags/minio_to_snowflake.py
[2026-03-31T17:39:58.568+0000] {logging_mixin.py:188} INFO - [2026-03-31T17:39:58.567+0000] {dag.py:3089} INFO - Sync 1 DAGs
[2026-03-31T17:39:58.711+0000] {logging_mixin.py:188} INFO - [2026-03-31T17:39:58.711+0000] {dag.py:3947} INFO - Setting next_dagrun for minio_to_snowflake_pipeline to 2026-03-31 17:30:00+00:00, run_after=2026-03-31 17:40:00+00:00
[2026-03-31T17:39:59.007+0000] {processor.py:183} INFO - Processing /opt/airflow/dags/minio_to_snowflake.py took 2.710 seconds
[2026-03-31T17:40:29.704+0000] {processor.py:161} INFO - Started process (PID=3412) to work on /opt/airflow/dags/minio_to_snowflake.py
[2026-03-31T17:40:29.724+0000] {processor.py:830} INFO - Processing file /opt/airflow/dags/minio_to_snowflake.py for tasks to queue
[2026-03-31T17:40:29.728+0000] {logging_mixin.py:188} INFO - [2026-03-31T17:40:29.727+0000] {dagbag.py:545} INFO - Filling up the DagBag from /opt/airflow/dags/minio_to_snowflake.py
[2026-03-31T17:40:33.560+0000] {processor.py:840} INFO - DAG(s) 'minio_to_snowflake_pipeline' retrieved from /opt/airflow/dags/minio_to_snowflake.py
[2026-03-31T17:40:33.608+0000] {logging_mixin.py:188} INFO - [2026-03-31T17:40:33.607+0000] {dag.py:3089} INFO - Sync 1 DAGs
[2026-03-31T17:40:33.644+0000] {logging_mixin.py:188} INFO - [2026-03-31T17:40:33.644+0000] {dag.py:3947} INFO - Setting next_dagrun for minio_to_snowflake_pipeline to 2026-03-31 17:40:00+00:00, run_after=2026-03-31 17:50:00+00:00
[2026-03-31T17:40:33.671+0000] {processor.py:183} INFO - Processing /opt/airflow/dags/minio_to_snowflake.py took 4.014 seconds
[2026-03-31T17:41:05.593+0000] {processor.py:161} INFO - Started process (PID=3419) to work on /opt/airflow/dags/minio_to_snowflake.py
[2026-03-31T17:41:05.605+0000] {processor.py:830} INFO - Processing file /opt/airflow/dags/minio_to_snowflake.py for tasks to queue
[2026-03-31T17:41:05.618+0000] {logging_mixin.py:188} INFO - [2026-03-31T17:41:05.612+0000] {dagbag.py:545} INFO - Filling up the DagBag from /opt/airflow/dags/minio_to_snowflake.py
[2026-03-31T17:41:09.177+0000] {processor.py:840} INFO - DAG(s) 'minio_to_snowflake_pipeline' retrieved from /opt/airflow/dags/minio_to_snowflake.py
[2026-03-31T17:41:09.469+0000] {logging_mixin.py:188} INFO - [2026-03-31T17:41:09.467+0000] {dag.py:3089} INFO - Sync 1 DAGs
[2026-03-31T17:41:09.658+0000] {logging_mixin.py:188} INFO - [2026-03-31T17:41:09.657+0000] {dag.py:3947} INFO - Setting next_dagrun for minio_to_snowflake_pipeline to 2026-03-31 17:40:00+00:00, run_after=2026-03-31 17:50:00+00:00
[2026-03-31T17:41:09.821+0000] {processor.py:183} INFO - Processing /opt/airflow/dags/minio_to_snowflake.py took 4.282 seconds
[2026-03-31T17:41:40.146+0000] {processor.py:161} INFO - Started process (PID=3426) to work on /opt/airflow/dags/minio_to_snowflake.py
[2026-03-31T17:41:40.155+0000] {processor.py:830} INFO - Processing file /opt/airflow/dags/minio_to_snowflake.py for tasks to queue
[2026-03-31T17:41:40.158+0000] {logging_mixin.py:188} INFO - [2026-03-31T17:41:40.157+0000] {dagbag.py:545} INFO - Filling up the DagBag from /opt/airflow/dags/minio_to_snowflake.py
[2026-03-31T17:41:42.090+0000] {processor.py:840} INFO - DAG(s) 'minio_to_snowflake_pipeline' retrieved from /opt/airflow/dags/minio_to_snowflake.py
[2026-03-31T17:41:42.192+0000] {logging_mixin.py:188} INFO - [2026-03-31T17:41:42.190+0000] {dag.py:3089} INFO - Sync 1 DAGs
[2026-03-31T17:41:42.266+0000] {logging_mixin.py:188} INFO - [2026-03-31T17:41:42.266+0000] {dag.py:3947} INFO - Setting next_dagrun for minio_to_snowflake_pipeline to 2026-03-31 17:40:00+00:00, run_after=2026-03-31 17:50:00+00:00
[2026-03-31T17:41:42.330+0000] {processor.py:183} INFO - Processing /opt/airflow/dags/minio_to_snowflake.py took 2.202 seconds
[2026-03-31T17:42:12.639+0000] {processor.py:161} INFO - Started process (PID=3433) to work on /opt/airflow/dags/minio_to_snowflake.py
[2026-03-31T17:42:12.641+0000] {processor.py:830} INFO - Processing file /opt/airflow/dags/minio_to_snowflake.py for tasks to queue
[2026-03-31T17:42:12.643+0000] {logging_mixin.py:188} INFO - [2026-03-31T17:42:12.642+0000] {dagbag.py:545} INFO - Filling up the DagBag from /opt/airflow/dags/minio_to_snowflake.py
[2026-03-31T17:42:16.420+0000] {processor.py:840} INFO - DAG(s) 'minio_to_snowflake_pipeline' retrieved from /opt/airflow/dags/minio_to_snowflake.py
[2026-03-31T17:42:16.529+0000] {logging_mixin.py:188} INFO - [2026-03-31T17:42:16.527+0000] {dag.py:3089} INFO - Sync 1 DAGs
[2026-03-31T17:42:16.621+0000] {logging_mixin.py:188} INFO - [2026-03-31T17:42:16.620+0000] {dag.py:3947} INFO - Setting next_dagrun for minio_to_snowflake_pipeline to 2026-03-31 17:40:00+00:00, run_after=2026-03-31 17:50:00+00:00
[2026-03-31T17:42:16.766+0000] {processor.py:183} INFO - Processing /opt/airflow/dags/minio_to_snowflake.py took 4.139 seconds
[2026-03-31T17:42:47.330+0000] {processor.py:161} INFO - Started process (PID=3440) to work on /opt/airflow/dags/minio_to_snowflake.py
[2026-03-31T17:42:47.337+0000] {processor.py:830} INFO - Processing file /opt/airflow/dags/minio_to_snowflake.py for tasks to queue
[2026-03-31T17:42:47.345+0000] {logging_mixin.py:188} INFO - [2026-03-31T17:42:47.342+0000] {dagbag.py:545} INFO - Filling up the DagBag from /opt/airflow/dags/minio_to_snowflake.py
[2026-03-31T17:42:49.471+0000] {processor.py:840} INFO - DAG(s) 'minio_to_snowflake_pipeline' retrieved from /opt/airflow/dags/minio_to_snowflake.py
[2026-03-31T17:42:49.517+0000] {logging_mixin.py:188} INFO - [2026-03-31T17:42:49.516+0000] {dag.py:3089} INFO - Sync 1 DAGs
[2026-03-31T17:42:49.561+0000] {logging_mixin.py:188} INFO - [2026-03-31T17:42:49.560+0000] {dag.py:3947} INFO - Setting next_dagrun for minio_to_snowflake_pipeline to 2026-03-31 17:40:00+00:00, run_after=2026-03-31 17:50:00+00:00
[2026-03-31T17:42:49.592+0000] {processor.py:183} INFO - Processing /opt/airflow/dags/minio_to_snowflake.py took 2.304 seconds
[2026-03-31T17:43:20.070+0000] {processor.py:161} INFO - Started process (PID=3447) to work on /opt/airflow/dags/minio_to_snowflake.py
[2026-03-31T17:43:20.074+0000] {processor.py:830} INFO - Processing file /opt/airflow/dags/minio_to_snowflake.py for tasks to queue
[2026-03-31T17:43:20.077+0000] {logging_mixin.py:188} INFO - [2026-03-31T17:43:20.076+0000] {dagbag.py:545} INFO - Filling up the DagBag from /opt/airflow/dags/minio_to_snowflake.py
[2026-03-31T17:43:23.953+0000] {processor.py:840} INFO - DAG(s) 'minio_to_snowflake_pipeline' retrieved from /opt/airflow/dags/minio_to_snowflake.py
[2026-03-31T17:43:24.097+0000] {logging_mixin.py:188} INFO - [2026-03-31T17:43:24.086+0000] {dag.py:3089} INFO - Sync 1 DAGs
[2026-03-31T17:43:24.233+0000] {logging_mixin.py:188} INFO - [2026-03-31T17:43:24.233+0000] {dag.py:3947} INFO - Setting next_dagrun for minio_to_snowflake_pipeline to 2026-03-31 17:40:00+00:00, run_after=2026-03-31 17:50:00+00:00
[2026-03-31T17:43:24.314+0000] {processor.py:183} INFO - Processing /opt/airflow/dags/minio_to_snowflake.py took 4.261 seconds
[2026-03-31T17:43:55.158+0000] {processor.py:161} INFO - Started process (PID=3454) to work on /opt/airflow/dags/minio_to_snowflake.py
[2026-03-31T17:43:55.160+0000] {processor.py:830} INFO - Processing file /opt/airflow/dags/minio_to_snowflake.py for tasks to queue
[2026-03-31T17:43:55.163+0000] {logging_mixin.py:188} INFO - [2026-03-31T17:43:55.162+0000] {dagbag.py:545} INFO - Filling up the DagBag from /opt/airflow/dags/minio_to_snowflake.py
[2026-03-31T17:43:59.120+0000] {processor.py:840} INFO - DAG(s) 'minio_to_snowflake_pipeline' retrieved from /opt/airflow/dags/minio_to_snowflake.py
[2026-03-31T17:43:59.199+0000] {logging_mixin.py:188} INFO - [2026-03-31T17:43:59.197+0000] {dag.py:3089} INFO - Sync 1 DAGs
[2026-03-31T17:43:59.265+0000] {logging_mixin.py:188} INFO - [2026-03-31T17:43:59.264+0000] {dag.py:3947} INFO - Setting next_dagrun for minio_to_snowflake_pipeline to 2026-03-31 17:40:00+00:00, run_after=2026-03-31 17:50:00+00:00
[2026-03-31T17:43:59.331+0000] {processor.py:183} INFO - Processing /opt/airflow/dags/minio_to_snowflake.py took 4.202 seconds
[2026-03-31T17:44:30.465+0000] {processor.py:161} INFO - Started process (PID=3461) to work on /opt/airflow/dags/minio_to_snowflake.py
[2026-03-31T17:44:30.479+0000] {processor.py:830} INFO - Processing file /opt/airflow/dags/minio_to_snowflake.py for tasks to queue
[2026-03-31T17:44:30.483+0000] {logging_mixin.py:188} INFO - [2026-03-31T17:44:30.482+0000] {dagbag.py:545} INFO - Filling up the DagBag from /opt/airflow/dags/minio_to_snowflake.py
[2026-03-31T17:44:38.974+0000] {processor.py:840} INFO - DAG(s) 'minio_to_snowflake_pipeline' retrieved from /opt/airflow/dags/minio_to_snowflake.py
[2026-03-31T17:44:39.186+0000] {logging_mixin.py:188} INFO - [2026-03-31T17:44:39.185+0000] {dag.py:3089} INFO - Sync 1 DAGs
[2026-03-31T17:44:39.479+0000] {logging_mixin.py:188} INFO - [2026-03-31T17:44:39.478+0000] {dag.py:3947} INFO - Setting next_dagrun for minio_to_snowflake_pipeline to 2026-03-31 17:40:00+00:00, run_after=2026-03-31 17:50:00+00:00
[2026-03-31T17:44:39.641+0000] {processor.py:183} INFO - Processing /opt/airflow/dags/minio_to_snowflake.py took 9.191 seconds
[2026-03-31T17:45:10.487+0000] {processor.py:161} INFO - Started process (PID=3468) to work on /opt/airflow/dags/minio_to_snowflake.py
[2026-03-31T17:45:10.492+0000] {processor.py:830} INFO - Processing file /opt/airflow/dags/minio_to_snowflake.py for tasks to queue
[2026-03-31T17:45:10.496+0000] {logging_mixin.py:188} INFO - [2026-03-31T17:45:10.495+0000] {dagbag.py:545} INFO - Filling up the DagBag from /opt/airflow/dags/minio_to_snowflake.py
[2026-03-31T17:45:12.244+0000] {processor.py:840} INFO - DAG(s) 'minio_to_snowflake_pipeline' retrieved from /opt/airflow/dags/minio_to_snowflake.py
[2026-03-31T17:45:12.327+0000] {logging_mixin.py:188} INFO - [2026-03-31T17:45:12.326+0000] {dag.py:3089} INFO - Sync 1 DAGs
[2026-03-31T17:45:12.387+0000] {logging_mixin.py:188} INFO - [2026-03-31T17:45:12.386+0000] {dag.py:3947} INFO - Setting next_dagrun for minio_to_snowflake_pipeline to 2026-03-31 17:40:00+00:00, run_after=2026-03-31 17:50:00+00:00
[2026-03-31T17:45:12.424+0000] {processor.py:183} INFO - Processing /opt/airflow/dags/minio_to_snowflake.py took 1.957 seconds
[2026-03-31T17:45:43.251+0000] {processor.py:161} INFO - Started process (PID=3475) to work on /opt/airflow/dags/minio_to_snowflake.py
[2026-03-31T17:45:43.253+0000] {processor.py:830} INFO - Processing file /opt/airflow/dags/minio_to_snowflake.py for tasks to queue
[2026-03-31T17:45:43.256+0000] {logging_mixin.py:188} INFO - [2026-03-31T17:45:43.255+0000] {dagbag.py:545} INFO - Filling up the DagBag from /opt/airflow/dags/minio_to_snowflake.py
[2026-03-31T17:45:45.421+0000] {processor.py:840} INFO - DAG(s) 'minio_to_snowflake_pipeline' retrieved from /opt/airflow/dags/minio_to_snowflake.py
[2026-03-31T17:45:45.483+0000] {logging_mixin.py:188} INFO - [2026-03-31T17:45:45.482+0000] {dag.py:3089} INFO - Sync 1 DAGs
[2026-03-31T17:45:45.532+0000] {logging_mixin.py:188} INFO - [2026-03-31T17:45:45.531+0000] {dag.py:3947} INFO - Setting next_dagrun for minio_to_snowflake_pipeline to 2026-03-31 17:40:00+00:00, run_after=2026-03-31 17:50:00+00:00
[2026-03-31T17:45:45.562+0000] {processor.py:183} INFO - Processing /opt/airflow/dags/minio_to_snowflake.py took 2.340 seconds
[2026-03-31T17:46:16.393+0000] {processor.py:161} INFO - Started process (PID=3482) to work on /opt/airflow/dags/minio_to_snowflake.py
[2026-03-31T17:46:16.397+0000] {processor.py:830} INFO - Processing file /opt/airflow/dags/minio_to_snowflake.py for tasks to queue
[2026-03-31T17:46:16.413+0000] {logging_mixin.py:188} INFO - [2026-03-31T17:46:16.412+0000] {dagbag.py:545} INFO - Filling up the DagBag from /opt/airflow/dags/minio_to_snowflake.py
[2026-03-31T17:46:22.805+0000] {processor.py:840} INFO - DAG(s) 'minio_to_snowflake_pipeline' retrieved from /opt/airflow/dags/minio_to_snowflake.py
[2026-03-31T17:46:22.906+0000] {logging_mixin.py:188} INFO - [2026-03-31T17:46:22.905+0000] {dag.py:3089} INFO - Sync 1 DAGs
[2026-03-31T17:46:23.004+0000] {logging_mixin.py:188} INFO - [2026-03-31T17:46:23.003+0000] {dag.py:3947} INFO - Setting next_dagrun for minio_to_snowflake_pipeline to 2026-03-31 17:40:00+00:00, run_after=2026-03-31 17:50:00+00:00
[2026-03-31T17:46:23.311+0000] {processor.py:183} INFO - Processing /opt/airflow/dags/minio_to_snowflake.py took 6.973 seconds
[2026-03-31T17:46:54.048+0000] {processor.py:161} INFO - Started process (PID=3489) to work on /opt/airflow/dags/minio_to_snowflake.py
[2026-03-31T17:46:54.051+0000] {processor.py:830} INFO - Processing file /opt/airflow/dags/minio_to_snowflake.py for tasks to queue
[2026-03-31T17:46:54.053+0000] {logging_mixin.py:188} INFO - [2026-03-31T17:46:54.052+0000] {dagbag.py:545} INFO - Filling up the DagBag from /opt/airflow/dags/minio_to_snowflake.py
[2026-03-31T17:46:56.434+0000] {processor.py:840} INFO - DAG(s) 'minio_to_snowflake_pipeline' retrieved from /opt/airflow/dags/minio_to_snowflake.py
[2026-03-31T17:46:56.499+0000] {logging_mixin.py:188} INFO - [2026-03-31T17:46:56.494+0000] {dag.py:3089} INFO - Sync 1 DAGs
[2026-03-31T17:46:56.608+0000] {logging_mixin.py:188} INFO - [2026-03-31T17:46:56.605+0000] {dag.py:3947} INFO - Setting next_dagrun for minio_to_snowflake_pipeline to 2026-03-31 17:40:00+00:00, run_after=2026-03-31 17:50:00+00:00
[2026-03-31T17:46:56.675+0000] {processor.py:183} INFO - Processing /opt/airflow/dags/minio_to_snowflake.py took 2.655 seconds
[2026-03-31T17:47:27.019+0000] {processor.py:161} INFO - Started process (PID=3496) to work on /opt/airflow/dags/minio_to_snowflake.py
[2026-03-31T17:47:27.023+0000] {processor.py:830} INFO - Processing file /opt/airflow/dags/minio_to_snowflake.py for tasks to queue
[2026-03-31T17:47:27.027+0000] {logging_mixin.py:188} INFO - [2026-03-31T17:47:27.025+0000] {dagbag.py:545} INFO - Filling up the DagBag from /opt/airflow/dags/minio_to_snowflake.py
[2026-03-31T17:47:30.192+0000] {processor.py:840} INFO - DAG(s) 'minio_to_snowflake_pipeline' retrieved from /opt/airflow/dags/minio_to_snowflake.py
[2026-03-31T17:47:30.251+0000] {logging_mixin.py:188} INFO - [2026-03-31T17:47:30.249+0000] {dag.py:3089} INFO - Sync 1 DAGs
[2026-03-31T17:47:30.300+0000] {logging_mixin.py:188} INFO - [2026-03-31T17:47:30.300+0000] {dag.py:3947} INFO - Setting next_dagrun for minio_to_snowflake_pipeline to 2026-03-31 17:40:00+00:00, run_after=2026-03-31 17:50:00+00:00
[2026-03-31T17:47:30.344+0000] {processor.py:183} INFO - Processing /opt/airflow/dags/minio_to_snowflake.py took 3.357 seconds
[2026-03-31T17:48:01.133+0000] {processor.py:161} INFO - Started process (PID=3503) to work on /opt/airflow/dags/minio_to_snowflake.py
[2026-03-31T17:48:01.135+0000] {processor.py:830} INFO - Processing file /opt/airflow/dags/minio_to_snowflake.py for tasks to queue
[2026-03-31T17:48:01.139+0000] {logging_mixin.py:188} INFO - [2026-03-31T17:48:01.137+0000] {dagbag.py:545} INFO - Filling up the DagBag from /opt/airflow/dags/minio_to_snowflake.py
[2026-03-31T17:48:03.739+0000] {processor.py:840} INFO - DAG(s) 'minio_to_snowflake_pipeline' retrieved from /opt/airflow/dags/minio_to_snowflake.py
[2026-03-31T17:48:03.976+0000] {logging_mixin.py:188} INFO - [2026-03-31T17:48:03.969+0000] {dag.py:3089} INFO - Sync 1 DAGs
[2026-03-31T17:48:04.131+0000] {logging_mixin.py:188} INFO - [2026-03-31T17:48:04.130+0000] {dag.py:3947} INFO - Setting next_dagrun for minio_to_snowflake_pipeline to 2026-03-31 17:40:00+00:00, run_after=2026-03-31 17:50:00+00:00
[2026-03-31T17:48:04.214+0000] {processor.py:183} INFO - Processing /opt/airflow/dags/minio_to_snowflake.py took 3.112 seconds
[2026-03-31T17:48:34.686+0000] {processor.py:161} INFO - Started process (PID=3510) to work on /opt/airflow/dags/minio_to_snowflake.py
[2026-03-31T17:48:34.689+0000] {processor.py:830} INFO - Processing file /opt/airflow/dags/minio_to_snowflake.py for tasks to queue
[2026-03-31T17:48:34.692+0000] {logging_mixin.py:188} INFO - [2026-03-31T17:48:34.691+0000] {dagbag.py:545} INFO - Filling up the DagBag from /opt/airflow/dags/minio_to_snowflake.py
[2026-03-31T17:48:36.557+0000] {processor.py:840} INFO - DAG(s) 'minio_to_snowflake_pipeline' retrieved from /opt/airflow/dags/minio_to_snowflake.py
[2026-03-31T17:48:36.598+0000] {logging_mixin.py:188} INFO - [2026-03-31T17:48:36.597+0000] {dag.py:3089} INFO - Sync 1 DAGs
[2026-03-31T17:48:36.647+0000] {logging_mixin.py:188} INFO - [2026-03-31T17:48:36.646+0000] {dag.py:3947} INFO - Setting next_dagrun for minio_to_snowflake_pipeline to 2026-03-31 17:40:00+00:00, run_after=2026-03-31 17:50:00+00:00
[2026-03-31T17:48:36.672+0000] {processor.py:183} INFO - Processing /opt/airflow/dags/minio_to_snowflake.py took 2.005 seconds
[2026-03-31T17:49:07.442+0000] {processor.py:161} INFO - Started process (PID=3517) to work on /opt/airflow/dags/minio_to_snowflake.py
[2026-03-31T17:49:07.444+0000] {processor.py:830} INFO - Processing file /opt/airflow/dags/minio_to_snowflake.py for tasks to queue
[2026-03-31T17:49:07.446+0000] {logging_mixin.py:188} INFO - [2026-03-31T17:49:07.446+0000] {dagbag.py:545} INFO - Filling up the DagBag from /opt/airflow/dags/minio_to_snowflake.py
[2026-03-31T17:49:09.197+0000] {processor.py:840} INFO - DAG(s) 'minio_to_snowflake_pipeline' retrieved from /opt/airflow/dags/minio_to_snowflake.py
[2026-03-31T17:49:09.235+0000] {logging_mixin.py:188} INFO - [2026-03-31T17:49:09.234+0000] {dag.py:3089} INFO - Sync 1 DAGs
[2026-03-31T17:49:09.271+0000] {logging_mixin.py:188} INFO - [2026-03-31T17:49:09.270+0000] {dag.py:3947} INFO - Setting next_dagrun for minio_to_snowflake_pipeline to 2026-03-31 17:40:00+00:00, run_after=2026-03-31 17:50:00+00:00
[2026-03-31T17:49:09.306+0000] {processor.py:183} INFO - Processing /opt/airflow/dags/minio_to_snowflake.py took 1.878 seconds
[2026-03-31T17:49:40.116+0000] {processor.py:161} INFO - Started process (PID=3524) to work on /opt/airflow/dags/minio_to_snowflake.py
[2026-03-31T17:49:40.118+0000] {processor.py:830} INFO - Processing file /opt/airflow/dags/minio_to_snowflake.py for tasks to queue
[2026-03-31T17:49:40.120+0000] {logging_mixin.py:188} INFO - [2026-03-31T17:49:40.119+0000] {dagbag.py:545} INFO - Filling up the DagBag from /opt/airflow/dags/minio_to_snowflake.py
[2026-03-31T17:49:42.204+0000] {processor.py:840} INFO - DAG(s) 'minio_to_snowflake_pipeline' retrieved from /opt/airflow/dags/minio_to_snowflake.py
[2026-03-31T17:49:42.316+0000] {logging_mixin.py:188} INFO - [2026-03-31T17:49:42.315+0000] {dag.py:3089} INFO - Sync 1 DAGs
[2026-03-31T17:49:42.376+0000] {logging_mixin.py:188} INFO - [2026-03-31T17:49:42.375+0000] {dag.py:3947} INFO - Setting next_dagrun for minio_to_snowflake_pipeline to 2026-03-31 17:40:00+00:00, run_after=2026-03-31 17:50:00+00:00
[2026-03-31T17:49:42.423+0000] {processor.py:183} INFO - Processing /opt/airflow/dags/minio_to_snowflake.py took 2.319 seconds
[2026-03-31T17:50:12.882+0000] {processor.py:161} INFO - Started process (PID=3535) to work on /opt/airflow/dags/minio_to_snowflake.py
[2026-03-31T17:50:12.884+0000] {processor.py:830} INFO - Processing file /opt/airflow/dags/minio_to_snowflake.py for tasks to queue
[2026-03-31T17:50:12.886+0000] {logging_mixin.py:188} INFO - [2026-03-31T17:50:12.885+0000] {dagbag.py:545} INFO - Filling up the DagBag from /opt/airflow/dags/minio_to_snowflake.py
[2026-03-31T17:50:14.953+0000] {processor.py:840} INFO - DAG(s) 'minio_to_snowflake_pipeline' retrieved from /opt/airflow/dags/minio_to_snowflake.py
[2026-03-31T17:50:15.002+0000] {logging_mixin.py:188} INFO - [2026-03-31T17:50:15.001+0000] {dag.py:3089} INFO - Sync 1 DAGs
[2026-03-31T17:50:15.050+0000] {logging_mixin.py:188} INFO - [2026-03-31T17:50:15.049+0000] {dag.py:3947} INFO - Setting next_dagrun for minio_to_snowflake_pipeline to 2026-03-31 17:50:00+00:00, run_after=2026-03-31 18:00:00+00:00
[2026-03-31T17:50:15.084+0000] {processor.py:183} INFO - Processing /opt/airflow/dags/minio_to_snowflake.py took 2.219 seconds
[2026-03-31T17:50:45.763+0000] {processor.py:161} INFO - Started process (PID=3542) to work on /opt/airflow/dags/minio_to_snowflake.py
[2026-03-31T17:50:45.765+0000] {processor.py:830} INFO - Processing file /opt/airflow/dags/minio_to_snowflake.py for tasks to queue
[2026-03-31T17:50:45.768+0000] {logging_mixin.py:188} INFO - [2026-03-31T17:50:45.766+0000] {dagbag.py:545} INFO - Filling up the DagBag from /opt/airflow/dags/minio_to_snowflake.py
[2026-03-31T17:50:47.863+0000] {processor.py:840} INFO - DAG(s) 'minio_to_snowflake_pipeline' retrieved from /opt/airflow/dags/minio_to_snowflake.py
[2026-03-31T17:50:47.980+0000] {logging_mixin.py:188} INFO - [2026-03-31T17:50:47.979+0000] {dag.py:3089} INFO - Sync 1 DAGs
[2026-03-31T17:50:48.034+0000] {logging_mixin.py:188} INFO - [2026-03-31T17:50:48.034+0000] {dag.py:3947} INFO - Setting next_dagrun for minio_to_snowflake_pipeline to 2026-03-31 17:50:00+00:00, run_after=2026-03-31 18:00:00+00:00
[2026-03-31T17:50:48.065+0000] {processor.py:183} INFO - Processing /opt/airflow/dags/minio_to_snowflake.py took 2.318 seconds
[2026-03-31T17:51:18.543+0000] {processor.py:161} INFO - Started process (PID=3549) to work on /opt/airflow/dags/minio_to_snowflake.py
[2026-03-31T17:51:18.545+0000] {processor.py:830} INFO - Processing file /opt/airflow/dags/minio_to_snowflake.py for tasks to queue
[2026-03-31T17:51:18.548+0000] {logging_mixin.py:188} INFO - [2026-03-31T17:51:18.547+0000] {dagbag.py:545} INFO - Filling up the DagBag from /opt/airflow/dags/minio_to_snowflake.py
[2026-03-31T17:51:20.469+0000] {processor.py:840} INFO - DAG(s) 'minio_to_snowflake_pipeline' retrieved from /opt/airflow/dags/minio_to_snowflake.py
[2026-03-31T17:51:20.498+0000] {logging_mixin.py:188} INFO - [2026-03-31T17:51:20.497+0000] {dag.py:3089} INFO - Sync 1 DAGs
[2026-03-31T17:51:20.525+0000] {logging_mixin.py:188} INFO - [2026-03-31T17:51:20.525+0000] {dag.py:3947} INFO - Setting next_dagrun for minio_to_snowflake_pipeline to 2026-03-31 17:50:00+00:00, run_after=2026-03-31 18:00:00+00:00
[2026-03-31T17:51:20.551+0000] {processor.py:183} INFO - Processing /opt/airflow/dags/minio_to_snowflake.py took 2.028 seconds
[2026-03-31T20:51:31.982+0000] {processor.py:161} INFO - Started process (PID=3556) to work on /opt/airflow/dags/minio_to_snowflake.py
[2026-03-31T20:51:31.988+0000] {processor.py:830} INFO - Processing file /opt/airflow/dags/minio_to_snowflake.py for tasks to queue
[2026-03-31T20:51:32.012+0000] {logging_mixin.py:188} INFO - [2026-03-31T20:51:32.011+0000] {dagbag.py:545} INFO - Filling up the DagBag from /opt/airflow/dags/minio_to_snowflake.py
