[2026-03-31T13:03:02.208+0000] {local_task_job_runner.py:120} INFO - ::group::Pre task execution logs
[2026-03-31T13:03:02.932+0000] {taskinstance.py:2076} INFO - Dependencies all met for dep_context=non-requeueable deps ti=<TaskInstance: minio_to_snowflake_pipeline.process_and_load scheduled__2026-03-31T12:50:00+00:00 [queued]>
[2026-03-31T13:03:03.071+0000] {taskinstance.py:2076} INFO - Dependencies all met for dep_context=requeueable deps ti=<TaskInstance: minio_to_snowflake_pipeline.process_and_load scheduled__2026-03-31T12:50:00+00:00 [queued]>
[2026-03-31T13:03:03.091+0000] {taskinstance.py:2306} INFO - Starting attempt 1 of 2
[2026-03-31T13:03:03.238+0000] {taskinstance.py:2330} INFO - Executing <Task(PythonOperator): process_and_load> on 2026-03-31 12:50:00+00:00
[2026-03-31T13:03:03.673+0000] {logging_mixin.py:188} WARNING - /home/airflow/.local/lib/python3.12/site-packages/airflow/task/task_runner/standard_task_runner.py:62 DeprecationWarning: This process (pid=416) is multi-threaded, use of fork() may lead to deadlocks in the child.
[2026-03-31T13:03:03.747+0000] {standard_task_runner.py:64} INFO - Started process 419 to run task
[2026-03-31T13:03:03.649+0000] {standard_task_runner.py:90} INFO - Running: ['airflow', 'tasks', 'run', 'minio_to_snowflake_pipeline', 'process_and_load', 'scheduled__2026-03-31T12:50:00+00:00', '--job-id', '2', '--raw', '--subdir', 'DAGS_FOLDER/minio_to_snowflake.py', '--cfg-path', '/tmp/tmppudracf5']
[2026-03-31T13:03:03.786+0000] {standard_task_runner.py:91} INFO - Job 2: Subtask process_and_load
[2026-03-31T13:03:04.839+0000] {task_command.py:426} INFO - Running <TaskInstance: minio_to_snowflake_pipeline.process_and_load scheduled__2026-03-31T12:50:00+00:00 [running]> on host 982f7ea64bb9
[2026-03-31T13:03:06.083+0000] {taskinstance.py:2648} INFO - Exporting env vars: AIRFLOW_CTX_DAG_OWNER='airflow' AIRFLOW_CTX_DAG_ID='minio_to_snowflake_pipeline' AIRFLOW_CTX_TASK_ID='process_and_load' AIRFLOW_CTX_EXECUTION_DATE='2026-03-31T12:50:00+00:00' AIRFLOW_CTX_TRY_NUMBER='1' AIRFLOW_CTX_DAG_RUN_ID='scheduled__2026-03-31T12:50:00+00:00'
[2026-03-31T13:03:06.088+0000] {taskinstance.py:430} INFO - ::endgroup::
[2026-03-31T13:03:06.801+0000] {logging_mixin.py:188} INFO - Found 286 raw files in MinIO.
[2026-03-31T13:03:06.822+0000] {connection.py:408} INFO - Snowflake Connector for Python Version: 3.11.0, Python Version: 3.12.4, Platform: Linux-6.6.87.2-microsoft-standard-WSL2-x86_64-with-glibc2.36
[2026-03-31T13:03:06.831+0000] {connection.py:1258} INFO - This connection is in OCSP Fail Open Mode. TLS Certificates would be checked for validity and revocation status. Any other Certificate Revocation related exceptions or OCSP Responder failures would be disregarded in favor of connectivity.
[2026-03-31T13:03:17.582+0000] {cursor.py:1149} INFO - Number of results in first chunk: 1
[2026-03-31T13:03:17.825+0000] {cursor.py:1149} INFO - Number of results in first chunk: 1
[2026-03-31T13:03:18.083+0000] {cursor.py:1149} INFO - Number of results in first chunk: 1
[2026-03-31T13:03:18.344+0000] {cursor.py:1149} INFO - Number of results in first chunk: 1
[2026-03-31T13:03:20.049+0000] {cursor.py:1149} INFO - Number of results in first chunk: 1
[2026-03-31T13:03:33.055+0000] {cursor.py:1149} INFO - Number of results in first chunk: 1
[2026-03-31T13:03:34.750+0000] {cursor.py:1149} INFO - Number of results in first chunk: 23
[2026-03-31T13:03:35.232+0000] {cursor.py:1149} INFO - Number of results in first chunk: 1
[2026-03-31T13:03:37.175+0000] {cursor.py:1149} INFO - Number of results in first chunk: 1
[2026-03-31T13:03:37.176+0000] {logging_mixin.py:188} INFO - ✅ Loaded 65 rows into BILLING
[2026-03-31T13:03:37.846+0000] {cursor.py:1149} INFO - Number of results in first chunk: 1
[2026-03-31T13:03:39.531+0000] {cursor.py:1149} INFO - Number of results in first chunk: 1
[2026-03-31T13:03:39.958+0000] {cursor.py:1149} INFO - Number of results in first chunk: 23
[2026-03-31T13:03:40.303+0000] {cursor.py:1149} INFO - Number of results in first chunk: 1
[2026-03-31T13:03:41.315+0000] {cursor.py:1149} INFO - Number of results in first chunk: 1
[2026-03-31T13:03:41.346+0000] {logging_mixin.py:188} INFO - ✅ Loaded 1136 rows into BILLING
[2026-03-31T13:03:41.798+0000] {cursor.py:1149} INFO - Number of results in first chunk: 1
[2026-03-31T13:03:43.250+0000] {cursor.py:1149} INFO - Number of results in first chunk: 1
[2026-03-31T13:03:43.780+0000] {cursor.py:1149} INFO - Number of results in first chunk: 23
[2026-03-31T13:03:44.076+0000] {cursor.py:1149} INFO - Number of results in first chunk: 1
[2026-03-31T13:03:44.809+0000] {cursor.py:1149} INFO - Number of results in first chunk: 1
[2026-03-31T13:03:44.813+0000] {logging_mixin.py:188} INFO - ✅ Loaded 1022 rows into BILLING
[2026-03-31T13:03:45.325+0000] {cursor.py:1149} INFO - Number of results in first chunk: 1
[2026-03-31T13:03:47.059+0000] {cursor.py:1149} INFO - Number of results in first chunk: 1
[2026-03-31T13:03:47.479+0000] {cursor.py:1149} INFO - Number of results in first chunk: 23
[2026-03-31T13:03:47.723+0000] {cursor.py:1149} INFO - Number of results in first chunk: 1
[2026-03-31T13:03:48.461+0000] {cursor.py:1149} INFO - Number of results in first chunk: 1
[2026-03-31T13:03:48.483+0000] {logging_mixin.py:188} INFO - ✅ Loaded 1062 rows into BILLING
[2026-03-31T13:03:48.890+0000] {cursor.py:1149} INFO - Number of results in first chunk: 1
[2026-03-31T13:03:50.253+0000] {cursor.py:1149} INFO - Number of results in first chunk: 1
[2026-03-31T13:03:50.645+0000] {cursor.py:1149} INFO - Number of results in first chunk: 23
[2026-03-31T13:03:50.955+0000] {cursor.py:1149} INFO - Number of results in first chunk: 1
[2026-03-31T13:03:51.675+0000] {cursor.py:1149} INFO - Number of results in first chunk: 1
[2026-03-31T13:03:51.677+0000] {logging_mixin.py:188} INFO - ✅ Loaded 1165 rows into BILLING
[2026-03-31T13:03:52.238+0000] {cursor.py:1149} INFO - Number of results in first chunk: 1
[2026-03-31T13:03:53.522+0000] {cursor.py:1149} INFO - Number of results in first chunk: 1
[2026-03-31T13:03:53.977+0000] {cursor.py:1149} INFO - Number of results in first chunk: 23
[2026-03-31T13:03:54.226+0000] {cursor.py:1149} INFO - Number of results in first chunk: 1
[2026-03-31T13:03:55.031+0000] {cursor.py:1149} INFO - Number of results in first chunk: 1
[2026-03-31T13:03:55.033+0000] {logging_mixin.py:188} INFO - ✅ Loaded 1058 rows into BILLING
[2026-03-31T13:03:55.816+0000] {cursor.py:1149} INFO - Number of results in first chunk: 1
[2026-03-31T13:03:57.725+0000] {cursor.py:1149} INFO - Number of results in first chunk: 1
[2026-03-31T13:03:58.117+0000] {cursor.py:1149} INFO - Number of results in first chunk: 23
[2026-03-31T13:03:58.348+0000] {cursor.py:1149} INFO - Number of results in first chunk: 1
[2026-03-31T13:03:59.034+0000] {cursor.py:1149} INFO - Number of results in first chunk: 1
[2026-03-31T13:03:59.035+0000] {logging_mixin.py:188} INFO - ✅ Loaded 1012 rows into BILLING
[2026-03-31T13:03:59.358+0000] {cursor.py:1149} INFO - Number of results in first chunk: 1
[2026-03-31T13:04:00.528+0000] {cursor.py:1149} INFO - Number of results in first chunk: 1
[2026-03-31T13:04:00.929+0000] {cursor.py:1149} INFO - Number of results in first chunk: 23
[2026-03-31T13:04:01.564+0000] {cursor.py:1149} INFO - Number of results in first chunk: 1
[2026-03-31T13:04:02.380+0000] {cursor.py:1149} INFO - Number of results in first chunk: 1
[2026-03-31T13:04:02.385+0000] {logging_mixin.py:188} INFO - ✅ Loaded 1268 rows into BILLING
[2026-03-31T13:04:02.744+0000] {cursor.py:1149} INFO - Number of results in first chunk: 1
[2026-03-31T13:04:04.013+0000] {cursor.py:1149} INFO - Number of results in first chunk: 1
[2026-03-31T13:04:04.424+0000] {cursor.py:1149} INFO - Number of results in first chunk: 23
[2026-03-31T13:04:04.726+0000] {cursor.py:1149} INFO - Number of results in first chunk: 1
[2026-03-31T13:04:05.770+0000] {cursor.py:1149} INFO - Number of results in first chunk: 1
[2026-03-31T13:04:05.771+0000] {logging_mixin.py:188} INFO - ✅ Loaded 1057 rows into BILLING
[2026-03-31T13:04:06.124+0000] {cursor.py:1149} INFO - Number of results in first chunk: 1
[2026-03-31T13:04:07.179+0000] {cursor.py:1149} INFO - Number of results in first chunk: 1
[2026-03-31T13:04:07.723+0000] {cursor.py:1149} INFO - Number of results in first chunk: 23
[2026-03-31T13:04:07.962+0000] {cursor.py:1149} INFO - Number of results in first chunk: 1
[2026-03-31T13:04:08.776+0000] {cursor.py:1149} INFO - Number of results in first chunk: 1
[2026-03-31T13:04:08.777+0000] {logging_mixin.py:188} INFO - ✅ Loaded 1036 rows into BILLING
[2026-03-31T13:04:09.180+0000] {cursor.py:1149} INFO - Number of results in first chunk: 1
[2026-03-31T13:04:10.149+0000] {cursor.py:1149} INFO - Number of results in first chunk: 1
[2026-03-31T13:04:10.555+0000] {cursor.py:1149} INFO - Number of results in first chunk: 23
[2026-03-31T13:04:10.999+0000] {cursor.py:1149} INFO - Number of results in first chunk: 1
[2026-03-31T13:04:11.930+0000] {cursor.py:1149} INFO - Number of results in first chunk: 1
[2026-03-31T13:04:11.931+0000] {logging_mixin.py:188} INFO - ✅ Loaded 1018 rows into BILLING
[2026-03-31T13:04:12.286+0000] {cursor.py:1149} INFO - Number of results in first chunk: 1
[2026-03-31T13:04:14.298+0000] {cursor.py:1149} INFO - Number of results in first chunk: 1
[2026-03-31T13:04:14.685+0000] {cursor.py:1149} INFO - Number of results in first chunk: 23
[2026-03-31T13:04:15.032+0000] {cursor.py:1149} INFO - Number of results in first chunk: 1
[2026-03-31T13:04:16.030+0000] {cursor.py:1149} INFO - Number of results in first chunk: 1
[2026-03-31T13:04:16.031+0000] {logging_mixin.py:188} INFO - ✅ Loaded 1230 rows into BILLING
[2026-03-31T13:04:16.357+0000] {cursor.py:1149} INFO - Number of results in first chunk: 1
[2026-03-31T13:04:17.428+0000] {cursor.py:1149} INFO - Number of results in first chunk: 1
[2026-03-31T13:04:17.850+0000] {cursor.py:1149} INFO - Number of results in first chunk: 23
[2026-03-31T13:04:18.094+0000] {cursor.py:1149} INFO - Number of results in first chunk: 1
[2026-03-31T13:04:18.921+0000] {cursor.py:1149} INFO - Number of results in first chunk: 1
[2026-03-31T13:04:18.922+0000] {logging_mixin.py:188} INFO - ✅ Loaded 1275 rows into BILLING
[2026-03-31T13:04:19.596+0000] {cursor.py:1149} INFO - Number of results in first chunk: 1
[2026-03-31T13:04:20.890+0000] {cursor.py:1149} INFO - Number of results in first chunk: 1
[2026-03-31T13:04:22.191+0000] {cursor.py:1149} INFO - Number of results in first chunk: 23
[2026-03-31T13:04:22.436+0000] {cursor.py:1149} INFO - Number of results in first chunk: 1
[2026-03-31T13:04:23.300+0000] {cursor.py:1149} INFO - Number of results in first chunk: 1
[2026-03-31T13:04:23.302+0000] {logging_mixin.py:188} INFO - ✅ Loaded 1025 rows into BILLING
[2026-03-31T13:04:23.620+0000] {cursor.py:1149} INFO - Number of results in first chunk: 1
[2026-03-31T13:04:25.735+0000] {cursor.py:1149} INFO - Number of results in first chunk: 1
[2026-03-31T13:04:26.120+0000] {cursor.py:1149} INFO - Number of results in first chunk: 23
[2026-03-31T13:04:26.363+0000] {cursor.py:1149} INFO - Number of results in first chunk: 1
[2026-03-31T13:04:27.579+0000] {cursor.py:1149} INFO - Number of results in first chunk: 1
[2026-03-31T13:04:27.580+0000] {logging_mixin.py:188} INFO - ✅ Loaded 571 rows into BILLING
[2026-03-31T13:04:27.870+0000] {cursor.py:1149} INFO - Number of results in first chunk: 1
[2026-03-31T13:04:28.847+0000] {cursor.py:1149} INFO - Number of results in first chunk: 1
[2026-03-31T13:04:29.253+0000] {cursor.py:1149} INFO - Number of results in first chunk: 28
[2026-03-31T13:04:29.635+0000] {cursor.py:1149} INFO - Number of results in first chunk: 1
[2026-03-31T13:04:30.383+0000] {cursor.py:1149} INFO - Number of results in first chunk: 1
[2026-03-31T13:04:30.385+0000] {logging_mixin.py:188} INFO - ✅ Loaded 214 rows into CUSTOMERS
[2026-03-31T13:04:30.772+0000] {cursor.py:1149} INFO - Number of results in first chunk: 1
[2026-03-31T13:04:31.979+0000] {cursor.py:1149} INFO - Number of results in first chunk: 1
[2026-03-31T13:04:32.384+0000] {cursor.py:1149} INFO - Number of results in first chunk: 28
[2026-03-31T13:04:32.640+0000] {cursor.py:1149} INFO - Number of results in first chunk: 1
[2026-03-31T13:04:33.360+0000] {cursor.py:1149} INFO - Number of results in first chunk: 1
[2026-03-31T13:04:33.361+0000] {logging_mixin.py:188} INFO - ✅ Loaded 1081 rows into CUSTOMERS
[2026-03-31T13:04:33.704+0000] {cursor.py:1149} INFO - Number of results in first chunk: 1
[2026-03-31T13:04:34.766+0000] {cursor.py:1149} INFO - Number of results in first chunk: 1
[2026-03-31T13:04:35.173+0000] {cursor.py:1149} INFO - Number of results in first chunk: 28
[2026-03-31T13:04:35.420+0000] {cursor.py:1149} INFO - Number of results in first chunk: 1
[2026-03-31T13:04:36.189+0000] {cursor.py:1149} INFO - Number of results in first chunk: 1
[2026-03-31T13:04:36.190+0000] {logging_mixin.py:188} INFO - ✅ Loaded 1055 rows into CUSTOMERS
[2026-03-31T13:04:36.500+0000] {cursor.py:1149} INFO - Number of results in first chunk: 1
[2026-03-31T13:04:37.730+0000] {cursor.py:1149} INFO - Number of results in first chunk: 1
[2026-03-31T13:04:38.114+0000] {cursor.py:1149} INFO - Number of results in first chunk: 28
[2026-03-31T13:04:38.427+0000] {cursor.py:1149} INFO - Number of results in first chunk: 1
[2026-03-31T13:04:39.322+0000] {cursor.py:1149} INFO - Number of results in first chunk: 1
[2026-03-31T13:04:39.326+0000] {logging_mixin.py:188} INFO - ✅ Loaded 1050 rows into CUSTOMERS
[2026-03-31T13:04:39.675+0000] {cursor.py:1149} INFO - Number of results in first chunk: 1
[2026-03-31T13:04:41.128+0000] {cursor.py:1149} INFO - Number of results in first chunk: 1
[2026-03-31T13:04:41.991+0000] {cursor.py:1149} INFO - Number of results in first chunk: 28
[2026-03-31T13:04:42.302+0000] {cursor.py:1149} INFO - Number of results in first chunk: 1
[2026-03-31T13:04:43.172+0000] {cursor.py:1149} INFO - Number of results in first chunk: 1
[2026-03-31T13:04:43.173+0000] {logging_mixin.py:188} INFO - ✅ Loaded 1035 rows into CUSTOMERS
[2026-03-31T13:04:43.607+0000] {cursor.py:1149} INFO - Number of results in first chunk: 1
[2026-03-31T13:04:44.874+0000] {cursor.py:1149} INFO - Number of results in first chunk: 1
[2026-03-31T13:04:45.337+0000] {cursor.py:1149} INFO - Number of results in first chunk: 28
[2026-03-31T13:04:45.582+0000] {cursor.py:1149} INFO - Number of results in first chunk: 1
[2026-03-31T13:04:46.367+0000] {cursor.py:1149} INFO - Number of results in first chunk: 1
[2026-03-31T13:04:46.367+0000] {logging_mixin.py:188} INFO - ✅ Loaded 1002 rows into CUSTOMERS
[2026-03-31T13:04:46.718+0000] {cursor.py:1149} INFO - Number of results in first chunk: 1
[2026-03-31T13:04:47.827+0000] {cursor.py:1149} INFO - Number of results in first chunk: 1
[2026-03-31T13:04:49.242+0000] {cursor.py:1149} INFO - Number of results in first chunk: 28
[2026-03-31T13:04:49.713+0000] {cursor.py:1149} INFO - Number of results in first chunk: 1
[2026-03-31T13:04:50.497+0000] {cursor.py:1149} INFO - Number of results in first chunk: 1
[2026-03-31T13:04:50.498+0000] {logging_mixin.py:188} INFO - ✅ Loaded 1014 rows into CUSTOMERS
[2026-03-31T13:04:50.814+0000] {cursor.py:1149} INFO - Number of results in first chunk: 1
[2026-03-31T13:04:51.792+0000] {cursor.py:1149} INFO - Number of results in first chunk: 1
[2026-03-31T13:04:52.172+0000] {cursor.py:1149} INFO - Number of results in first chunk: 28
[2026-03-31T13:04:52.442+0000] {cursor.py:1149} INFO - Number of results in first chunk: 1
[2026-03-31T13:04:53.264+0000] {cursor.py:1149} INFO - Number of results in first chunk: 1
[2026-03-31T13:04:53.265+0000] {logging_mixin.py:188} INFO - ✅ Loaded 1085 rows into CUSTOMERS
[2026-03-31T13:04:53.569+0000] {cursor.py:1149} INFO - Number of results in first chunk: 1
[2026-03-31T13:04:54.604+0000] {cursor.py:1149} INFO - Number of results in first chunk: 1
[2026-03-31T13:04:55.010+0000] {cursor.py:1149} INFO - Number of results in first chunk: 28
[2026-03-31T13:04:55.327+0000] {cursor.py:1149} INFO - Number of results in first chunk: 1
[2026-03-31T13:04:56.717+0000] {cursor.py:1149} INFO - Number of results in first chunk: 1
[2026-03-31T13:04:56.718+0000] {logging_mixin.py:188} INFO - ✅ Loaded 1172 rows into CUSTOMERS
[2026-03-31T13:04:57.036+0000] {cursor.py:1149} INFO - Number of results in first chunk: 1
[2026-03-31T13:04:58.203+0000] {cursor.py:1149} INFO - Number of results in first chunk: 1
[2026-03-31T13:04:58.593+0000] {cursor.py:1149} INFO - Number of results in first chunk: 28
[2026-03-31T13:04:58.859+0000] {cursor.py:1149} INFO - Number of results in first chunk: 1
[2026-03-31T13:04:59.639+0000] {cursor.py:1149} INFO - Number of results in first chunk: 1
[2026-03-31T13:04:59.640+0000] {logging_mixin.py:188} INFO - ✅ Loaded 1144 rows into CUSTOMERS
[2026-03-31T13:04:59.931+0000] {cursor.py:1149} INFO - Number of results in first chunk: 1
[2026-03-31T13:05:01.050+0000] {cursor.py:1149} INFO - Number of results in first chunk: 1
[2026-03-31T13:05:02.127+0000] {cursor.py:1149} INFO - Number of results in first chunk: 28
[2026-03-31T13:05:02.894+0000] {cursor.py:1149} INFO - Number of results in first chunk: 1
[2026-03-31T13:05:03.726+0000] {cursor.py:1149} INFO - Number of results in first chunk: 1
[2026-03-31T13:05:03.727+0000] {logging_mixin.py:188} INFO - ✅ Loaded 1029 rows into CUSTOMERS
[2026-03-31T13:05:05.114+0000] {cursor.py:1149} INFO - Number of results in first chunk: 1
[2026-03-31T13:05:06.116+0000] {cursor.py:1149} INFO - Number of results in first chunk: 1
[2026-03-31T13:05:06.531+0000] {cursor.py:1149} INFO - Number of results in first chunk: 28
[2026-03-31T13:05:06.832+0000] {cursor.py:1149} INFO - Number of results in first chunk: 1
[2026-03-31T13:05:07.973+0000] {cursor.py:1149} INFO - Number of results in first chunk: 1
[2026-03-31T13:05:07.974+0000] {logging_mixin.py:188} INFO - ✅ Loaded 1047 rows into CUSTOMERS
[2026-03-31T13:05:08.282+0000] {cursor.py:1149} INFO - Number of results in first chunk: 1
[2026-03-31T13:05:10.022+0000] {cursor.py:1149} INFO - Number of results in first chunk: 1
[2026-03-31T13:05:10.537+0000] {cursor.py:1149} INFO - Number of results in first chunk: 28
[2026-03-31T13:05:10.768+0000] {cursor.py:1149} INFO - Number of results in first chunk: 1
[2026-03-31T13:05:11.589+0000] {cursor.py:1149} INFO - Number of results in first chunk: 1
[2026-03-31T13:05:11.590+0000] {logging_mixin.py:188} INFO - ✅ Loaded 1160 rows into CUSTOMERS
[2026-03-31T13:05:11.927+0000] {cursor.py:1149} INFO - Number of results in first chunk: 1
[2026-03-31T13:05:13.137+0000] {cursor.py:1149} INFO - Number of results in first chunk: 1
[2026-03-31T13:05:14.214+0000] {cursor.py:1149} INFO - Number of results in first chunk: 28
[2026-03-31T13:05:14.454+0000] {cursor.py:1149} INFO - Number of results in first chunk: 1
[2026-03-31T13:05:15.352+0000] {cursor.py:1149} INFO - Number of results in first chunk: 1
[2026-03-31T13:05:15.363+0000] {logging_mixin.py:188} INFO - ✅ Loaded 1057 rows into CUSTOMERS
[2026-03-31T13:05:15.730+0000] {cursor.py:1149} INFO - Number of results in first chunk: 1
[2026-03-31T13:05:17.194+0000] {cursor.py:1149} INFO - Number of results in first chunk: 1
[2026-03-31T13:05:17.652+0000] {cursor.py:1149} INFO - Number of results in first chunk: 28
[2026-03-31T13:05:17.971+0000] {cursor.py:1149} INFO - Number of results in first chunk: 1
[2026-03-31T13:05:19.182+0000] {cursor.py:1149} INFO - Number of results in first chunk: 1
[2026-03-31T13:05:19.184+0000] {logging_mixin.py:188} INFO - ✅ Loaded 1044 rows into CUSTOMERS
[2026-03-31T13:05:19.883+0000] {cursor.py:1149} INFO - Number of results in first chunk: 1
[2026-03-31T13:05:21.215+0000] {cursor.py:1149} INFO - Number of results in first chunk: 1
[2026-03-31T13:05:21.739+0000] {cursor.py:1149} INFO - Number of results in first chunk: 28
[2026-03-31T13:05:21.988+0000] {cursor.py:1149} INFO - Number of results in first chunk: 1
[2026-03-31T13:05:22.933+0000] {cursor.py:1149} INFO - Number of results in first chunk: 1
[2026-03-31T13:05:22.948+0000] {logging_mixin.py:188} INFO - ✅ Loaded 1025 rows into CUSTOMERS
[2026-03-31T13:05:23.409+0000] {cursor.py:1149} INFO - Number of results in first chunk: 1
[2026-03-31T13:05:25.475+0000] {cursor.py:1149} INFO - Number of results in first chunk: 1
[2026-03-31T13:05:26.512+0000] {cursor.py:1149} INFO - Number of results in first chunk: 28
[2026-03-31T13:05:26.905+0000] {cursor.py:1149} INFO - Number of results in first chunk: 1
[2026-03-31T13:05:27.936+0000] {cursor.py:1149} INFO - Number of results in first chunk: 1
[2026-03-31T13:05:27.938+0000] {logging_mixin.py:188} INFO - ✅ Loaded 1146 rows into CUSTOMERS
[2026-03-31T13:05:28.305+0000] {cursor.py:1149} INFO - Number of results in first chunk: 1
[2026-03-31T13:05:29.526+0000] {cursor.py:1149} INFO - Number of results in first chunk: 1
[2026-03-31T13:05:29.920+0000] {cursor.py:1149} INFO - Number of results in first chunk: 28
[2026-03-31T13:05:30.227+0000] {cursor.py:1149} INFO - Number of results in first chunk: 1
[2026-03-31T13:05:31.265+0000] {cursor.py:1149} INFO - Number of results in first chunk: 1
[2026-03-31T13:05:31.267+0000] {logging_mixin.py:188} INFO - ✅ Loaded 1136 rows into CUSTOMERS
[2026-03-31T13:05:31.627+0000] {cursor.py:1149} INFO - Number of results in first chunk: 1
[2026-03-31T13:05:32.723+0000] {cursor.py:1149} INFO - Number of results in first chunk: 1
[2026-03-31T13:05:33.138+0000] {cursor.py:1149} INFO - Number of results in first chunk: 28
[2026-03-31T13:05:33.432+0000] {cursor.py:1149} INFO - Number of results in first chunk: 1
[2026-03-31T13:05:34.370+0000] {cursor.py:1149} INFO - Number of results in first chunk: 1
[2026-03-31T13:05:34.373+0000] {logging_mixin.py:188} INFO - ✅ Loaded 1073 rows into CUSTOMERS
[2026-03-31T13:05:34.734+0000] {cursor.py:1149} INFO - Number of results in first chunk: 1
[2026-03-31T13:05:35.745+0000] {cursor.py:1149} INFO - Number of results in first chunk: 1
[2026-03-31T13:05:36.126+0000] {cursor.py:1149} INFO - Number of results in first chunk: 28
[2026-03-31T13:05:36.368+0000] {cursor.py:1149} INFO - Number of results in first chunk: 1
[2026-03-31T13:05:37.324+0000] {cursor.py:1149} INFO - Number of results in first chunk: 1
[2026-03-31T13:05:37.326+0000] {logging_mixin.py:188} INFO - ✅ Loaded 431 rows into CUSTOMERS
[2026-03-31T13:05:37.657+0000] {cursor.py:1149} INFO - Number of results in first chunk: 1
[2026-03-31T13:05:38.711+0000] {cursor.py:1149} INFO - Number of results in first chunk: 1
[2026-03-31T13:05:39.081+0000] {cursor.py:1149} INFO - Number of results in first chunk: 26
[2026-03-31T13:05:39.454+0000] {cursor.py:1149} INFO - Number of results in first chunk: 1
[2026-03-31T13:05:40.160+0000] {cursor.py:1149} INFO - Number of results in first chunk: 1
[2026-03-31T13:05:40.162+0000] {logging_mixin.py:188} INFO - ✅ Loaded 299 rows into DELIVERY
[2026-03-31T13:05:40.478+0000] {cursor.py:1149} INFO - Number of results in first chunk: 1
[2026-03-31T13:05:41.799+0000] {cursor.py:1149} INFO - Number of results in first chunk: 1
[2026-03-31T13:05:42.177+0000] {cursor.py:1149} INFO - Number of results in first chunk: 26
[2026-03-31T13:05:42.410+0000] {cursor.py:1149} INFO - Number of results in first chunk: 1
[2026-03-31T13:05:43.104+0000] {cursor.py:1149} INFO - Number of results in first chunk: 1
[2026-03-31T13:05:43.121+0000] {logging_mixin.py:188} INFO - ✅ Loaded 2000 rows into DELIVERY
[2026-03-31T13:05:43.481+0000] {cursor.py:1149} INFO - Number of results in first chunk: 1
[2026-03-31T13:05:44.723+0000] {cursor.py:1149} INFO - Number of results in first chunk: 1
[2026-03-31T13:05:45.113+0000] {cursor.py:1149} INFO - Number of results in first chunk: 26
[2026-03-31T13:05:45.724+0000] {cursor.py:1149} INFO - Number of results in first chunk: 1
[2026-03-31T13:05:46.454+0000] {cursor.py:1149} INFO - Number of results in first chunk: 1
[2026-03-31T13:05:46.460+0000] {logging_mixin.py:188} INFO - ✅ Loaded 2000 rows into DELIVERY
[2026-03-31T13:05:46.793+0000] {cursor.py:1149} INFO - Number of results in first chunk: 1
[2026-03-31T13:05:48.110+0000] {cursor.py:1149} INFO - Number of results in first chunk: 1
[2026-03-31T13:05:48.606+0000] {cursor.py:1149} INFO - Number of results in first chunk: 26
[2026-03-31T13:05:48.855+0000] {cursor.py:1149} INFO - Number of results in first chunk: 1
[2026-03-31T13:05:49.597+0000] {cursor.py:1149} INFO - Number of results in first chunk: 1
[2026-03-31T13:05:49.598+0000] {logging_mixin.py:188} INFO - ✅ Loaded 2000 rows into DELIVERY
[2026-03-31T13:05:50.026+0000] {cursor.py:1149} INFO - Number of results in first chunk: 1
[2026-03-31T13:05:51.308+0000] {cursor.py:1149} INFO - Number of results in first chunk: 1
[2026-03-31T13:05:51.682+0000] {cursor.py:1149} INFO - Number of results in first chunk: 26
[2026-03-31T13:05:51.931+0000] {cursor.py:1149} INFO - Number of results in first chunk: 1
[2026-03-31T13:05:52.730+0000] {cursor.py:1149} INFO - Number of results in first chunk: 1
[2026-03-31T13:05:52.736+0000] {logging_mixin.py:188} INFO - ✅ Loaded 2000 rows into DELIVERY
[2026-03-31T13:05:53.071+0000] {cursor.py:1149} INFO - Number of results in first chunk: 1
[2026-03-31T13:05:54.369+0000] {cursor.py:1149} INFO - Number of results in first chunk: 1
[2026-03-31T13:05:54.773+0000] {cursor.py:1149} INFO - Number of results in first chunk: 26
[2026-03-31T13:05:55.037+0000] {cursor.py:1149} INFO - Number of results in first chunk: 1
[2026-03-31T13:05:55.827+0000] {cursor.py:1149} INFO - Number of results in first chunk: 1
[2026-03-31T13:05:55.828+0000] {logging_mixin.py:188} INFO - ✅ Loaded 2000 rows into DELIVERY
[2026-03-31T13:05:56.193+0000] {cursor.py:1149} INFO - Number of results in first chunk: 1
[2026-03-31T13:05:57.454+0000] {cursor.py:1149} INFO - Number of results in first chunk: 1
[2026-03-31T13:05:57.807+0000] {cursor.py:1149} INFO - Number of results in first chunk: 26
[2026-03-31T13:05:58.037+0000] {cursor.py:1149} INFO - Number of results in first chunk: 1
[2026-03-31T13:05:58.819+0000] {cursor.py:1149} INFO - Number of results in first chunk: 1
[2026-03-31T13:05:58.820+0000] {logging_mixin.py:188} INFO - ✅ Loaded 2000 rows into DELIVERY
[2026-03-31T13:05:59.104+0000] {cursor.py:1149} INFO - Number of results in first chunk: 1
[2026-03-31T13:06:00.388+0000] {cursor.py:1149} INFO - Number of results in first chunk: 1
[2026-03-31T13:06:00.765+0000] {cursor.py:1149} INFO - Number of results in first chunk: 26
[2026-03-31T13:06:01.274+0000] {cursor.py:1149} INFO - Number of results in first chunk: 1
[2026-03-31T13:06:02.087+0000] {cursor.py:1149} INFO - Number of results in first chunk: 1
[2026-03-31T13:06:02.088+0000] {logging_mixin.py:188} INFO - ✅ Loaded 2000 rows into DELIVERY
[2026-03-31T13:06:02.427+0000] {cursor.py:1149} INFO - Number of results in first chunk: 1
[2026-03-31T13:06:03.634+0000] {cursor.py:1149} INFO - Number of results in first chunk: 1
[2026-03-31T13:06:04.181+0000] {cursor.py:1149} INFO - Number of results in first chunk: 26
[2026-03-31T13:06:04.440+0000] {cursor.py:1149} INFO - Number of results in first chunk: 1
[2026-03-31T13:06:05.251+0000] {cursor.py:1149} INFO - Number of results in first chunk: 1
[2026-03-31T13:06:05.440+0000] {logging_mixin.py:188} INFO - ✅ Loaded 2000 rows into DELIVERY
[2026-03-31T13:06:05.761+0000] {cursor.py:1149} INFO - Number of results in first chunk: 1
[2026-03-31T13:06:07.137+0000] {cursor.py:1149} INFO - Number of results in first chunk: 1
[2026-03-31T13:06:07.501+0000] {cursor.py:1149} INFO - Number of results in first chunk: 26
[2026-03-31T13:06:07.924+0000] {cursor.py:1149} INFO - Number of results in first chunk: 1
[2026-03-31T13:06:08.797+0000] {cursor.py:1149} INFO - Number of results in first chunk: 1
[2026-03-31T13:06:08.798+0000] {logging_mixin.py:188} INFO - ✅ Loaded 2000 rows into DELIVERY
[2026-03-31T13:06:09.145+0000] {cursor.py:1149} INFO - Number of results in first chunk: 1
[2026-03-31T13:06:13.759+0000] {cursor.py:1149} INFO - Number of results in first chunk: 1
[2026-03-31T13:06:14.796+0000] {cursor.py:1149} INFO - Number of results in first chunk: 26
[2026-03-31T13:06:15.039+0000] {cursor.py:1149} INFO - Number of results in first chunk: 1
[2026-03-31T13:06:15.859+0000] {cursor.py:1149} INFO - Number of results in first chunk: 1
[2026-03-31T13:06:15.860+0000] {logging_mixin.py:188} INFO - ✅ Loaded 2000 rows into DELIVERY
[2026-03-31T13:06:16.830+0000] {cursor.py:1149} INFO - Number of results in first chunk: 1
[2026-03-31T13:06:18.199+0000] {cursor.py:1149} INFO - Number of results in first chunk: 1
[2026-03-31T13:06:18.701+0000] {cursor.py:1149} INFO - Number of results in first chunk: 26
[2026-03-31T13:06:19.012+0000] {cursor.py:1149} INFO - Number of results in first chunk: 1
[2026-03-31T13:06:19.829+0000] {cursor.py:1149} INFO - Number of results in first chunk: 1
[2026-03-31T13:06:19.831+0000] {logging_mixin.py:188} INFO - ✅ Loaded 2000 rows into DELIVERY
[2026-03-31T13:06:20.198+0000] {cursor.py:1149} INFO - Number of results in first chunk: 1
[2026-03-31T13:06:21.472+0000] {cursor.py:1149} INFO - Number of results in first chunk: 1
[2026-03-31T13:06:22.010+0000] {cursor.py:1149} INFO - Number of results in first chunk: 26
[2026-03-31T13:06:22.272+0000] {cursor.py:1149} INFO - Number of results in first chunk: 1
[2026-03-31T13:06:23.038+0000] {cursor.py:1149} INFO - Number of results in first chunk: 1
[2026-03-31T13:06:23.040+0000] {logging_mixin.py:188} INFO - ✅ Loaded 2000 rows into DELIVERY
[2026-03-31T13:06:23.424+0000] {cursor.py:1149} INFO - Number of results in first chunk: 1
[2026-03-31T13:06:24.724+0000] {cursor.py:1149} INFO - Number of results in first chunk: 1
[2026-03-31T13:06:25.125+0000] {cursor.py:1149} INFO - Number of results in first chunk: 26
[2026-03-31T13:06:25.356+0000] {cursor.py:1149} INFO - Number of results in first chunk: 1
[2026-03-31T13:06:26.137+0000] {cursor.py:1149} INFO - Number of results in first chunk: 1
[2026-03-31T13:06:26.138+0000] {logging_mixin.py:188} INFO - ✅ Loaded 2000 rows into DELIVERY
[2026-03-31T13:06:26.455+0000] {cursor.py:1149} INFO - Number of results in first chunk: 1
[2026-03-31T13:06:27.615+0000] {cursor.py:1149} INFO - Number of results in first chunk: 1
[2026-03-31T13:06:28.004+0000] {cursor.py:1149} INFO - Number of results in first chunk: 26
[2026-03-31T13:06:28.347+0000] {cursor.py:1149} INFO - Number of results in first chunk: 1
[2026-03-31T13:06:29.126+0000] {cursor.py:1149} INFO - Number of results in first chunk: 1
[2026-03-31T13:06:29.127+0000] {logging_mixin.py:188} INFO - ✅ Loaded 2000 rows into DELIVERY
[2026-03-31T13:06:29.424+0000] {cursor.py:1149} INFO - Number of results in first chunk: 1
[2026-03-31T13:06:30.778+0000] {cursor.py:1149} INFO - Number of results in first chunk: 1
[2026-03-31T13:06:31.209+0000] {cursor.py:1149} INFO - Number of results in first chunk: 26
[2026-03-31T13:06:31.460+0000] {cursor.py:1149} INFO - Number of results in first chunk: 1
[2026-03-31T13:06:32.244+0000] {cursor.py:1149} INFO - Number of results in first chunk: 1
[2026-03-31T13:06:32.246+0000] {logging_mixin.py:188} INFO - ✅ Loaded 2000 rows into DELIVERY
[2026-03-31T13:06:32.642+0000] {cursor.py:1149} INFO - Number of results in first chunk: 1
[2026-03-31T13:06:33.751+0000] {cursor.py:1149} INFO - Number of results in first chunk: 1
[2026-03-31T13:06:34.118+0000] {cursor.py:1149} INFO - Number of results in first chunk: 26
[2026-03-31T13:06:34.723+0000] {cursor.py:1149} INFO - Number of results in first chunk: 1
[2026-03-31T13:06:36.368+0000] {cursor.py:1149} INFO - Number of results in first chunk: 1
[2026-03-31T13:06:36.369+0000] {logging_mixin.py:188} INFO - ✅ Loaded 1155 rows into DELIVERY
[2026-03-31T13:06:36.709+0000] {cursor.py:1149} INFO - Number of results in first chunk: 1
[2026-03-31T13:06:38.222+0000] {cursor.py:1149} INFO - Number of results in first chunk: 1
[2026-03-31T13:06:38.613+0000] {cursor.py:1149} INFO - Number of results in first chunk: 26
[2026-03-31T13:06:38.837+0000] {cursor.py:1149} INFO - Number of results in first chunk: 1
[2026-03-31T13:06:39.655+0000] {cursor.py:1149} INFO - Number of results in first chunk: 1
[2026-03-31T13:06:39.656+0000] {logging_mixin.py:188} INFO - ✅ Loaded 2217 rows into DELIVERY
[2026-03-31T13:06:39.928+0000] {cursor.py:1149} INFO - Number of results in first chunk: 1
[2026-03-31T13:06:41.087+0000] {cursor.py:1149} INFO - Number of results in first chunk: 1
[2026-03-31T13:06:41.525+0000] {cursor.py:1149} INFO - Number of results in first chunk: 26
[2026-03-31T13:06:41.901+0000] {cursor.py:1149} INFO - Number of results in first chunk: 1
[2026-03-31T13:06:42.684+0000] {cursor.py:1149} INFO - Number of results in first chunk: 1
[2026-03-31T13:06:42.685+0000] {logging_mixin.py:188} INFO - ✅ Loaded 2000 rows into DELIVERY
[2026-03-31T13:06:43.033+0000] {cursor.py:1149} INFO - Number of results in first chunk: 1
[2026-03-31T13:06:44.248+0000] {cursor.py:1149} INFO - Number of results in first chunk: 1
[2026-03-31T13:06:44.632+0000] {cursor.py:1149} INFO - Number of results in first chunk: 26
[2026-03-31T13:06:44.869+0000] {cursor.py:1149} INFO - Number of results in first chunk: 1
[2026-03-31T13:06:45.720+0000] {cursor.py:1149} INFO - Number of results in first chunk: 1
[2026-03-31T13:06:45.915+0000] {logging_mixin.py:188} INFO - ✅ Loaded 2000 rows into DELIVERY
[2026-03-31T13:06:46.312+0000] {cursor.py:1149} INFO - Number of results in first chunk: 1
[2026-03-31T13:06:47.539+0000] {cursor.py:1149} INFO - Number of results in first chunk: 1
[2026-03-31T13:06:47.899+0000] {cursor.py:1149} INFO - Number of results in first chunk: 26
[2026-03-31T13:06:48.131+0000] {cursor.py:1149} INFO - Number of results in first chunk: 1
[2026-03-31T13:06:48.916+0000] {cursor.py:1149} INFO - Number of results in first chunk: 1
[2026-03-31T13:06:48.918+0000] {logging_mixin.py:188} INFO - ✅ Loaded 2000 rows into DELIVERY
[2026-03-31T13:06:49.202+0000] {cursor.py:1149} INFO - Number of results in first chunk: 1
[2026-03-31T13:06:50.394+0000] {cursor.py:1149} INFO - Number of results in first chunk: 1
[2026-03-31T13:06:50.788+0000] {cursor.py:1149} INFO - Number of results in first chunk: 26
[2026-03-31T13:06:51.031+0000] {cursor.py:1149} INFO - Number of results in first chunk: 1
[2026-03-31T13:06:51.911+0000] {cursor.py:1149} INFO - Number of results in first chunk: 1
[2026-03-31T13:06:51.912+0000] {logging_mixin.py:188} INFO - ✅ Loaded 2000 rows into DELIVERY
[2026-03-31T13:06:52.191+0000] {cursor.py:1149} INFO - Number of results in first chunk: 1
[2026-03-31T13:06:53.248+0000] {cursor.py:1149} INFO - Number of results in first chunk: 1
[2026-03-31T13:06:53.651+0000] {cursor.py:1149} INFO - Number of results in first chunk: 26
[2026-03-31T13:06:53.891+0000] {cursor.py:1149} INFO - Number of results in first chunk: 1
[2026-03-31T13:06:54.669+0000] {cursor.py:1149} INFO - Number of results in first chunk: 1
[2026-03-31T13:06:54.672+0000] {logging_mixin.py:188} INFO - ✅ Loaded 2000 rows into DELIVERY
[2026-03-31T13:06:55.016+0000] {cursor.py:1149} INFO - Number of results in first chunk: 1
[2026-03-31T13:06:56.187+0000] {cursor.py:1149} INFO - Number of results in first chunk: 1
[2026-03-31T13:06:56.560+0000] {cursor.py:1149} INFO - Number of results in first chunk: 26
[2026-03-31T13:06:56.810+0000] {cursor.py:1149} INFO - Number of results in first chunk: 1
[2026-03-31T13:06:58.089+0000] {cursor.py:1149} INFO - Number of results in first chunk: 1
[2026-03-31T13:06:58.090+0000] {logging_mixin.py:188} INFO - ✅ Loaded 2000 rows into DELIVERY
[2026-03-31T13:06:58.428+0000] {cursor.py:1149} INFO - Number of results in first chunk: 1
[2026-03-31T13:06:59.623+0000] {cursor.py:1149} INFO - Number of results in first chunk: 1
[2026-03-31T13:07:00.042+0000] {cursor.py:1149} INFO - Number of results in first chunk: 26
[2026-03-31T13:07:00.280+0000] {cursor.py:1149} INFO - Number of results in first chunk: 1
[2026-03-31T13:07:01.404+0000] {cursor.py:1149} INFO - Number of results in first chunk: 1
[2026-03-31T13:07:01.405+0000] {logging_mixin.py:188} INFO - ✅ Loaded 2000 rows into DELIVERY
[2026-03-31T13:07:01.672+0000] {cursor.py:1149} INFO - Number of results in first chunk: 1
[2026-03-31T13:07:02.849+0000] {cursor.py:1149} INFO - Number of results in first chunk: 1
[2026-03-31T13:07:03.220+0000] {cursor.py:1149} INFO - Number of results in first chunk: 26
[2026-03-31T13:07:03.451+0000] {cursor.py:1149} INFO - Number of results in first chunk: 1
[2026-03-31T13:07:04.260+0000] {cursor.py:1149} INFO - Number of results in first chunk: 1
[2026-03-31T13:07:04.261+0000] {logging_mixin.py:188} INFO - ✅ Loaded 2000 rows into DELIVERY
[2026-03-31T13:07:04.547+0000] {cursor.py:1149} INFO - Number of results in first chunk: 1
[2026-03-31T13:07:05.837+0000] {cursor.py:1149} INFO - Number of results in first chunk: 1
[2026-03-31T13:07:06.214+0000] {cursor.py:1149} INFO - Number of results in first chunk: 26
[2026-03-31T13:07:06.443+0000] {cursor.py:1149} INFO - Number of results in first chunk: 1
[2026-03-31T13:07:07.338+0000] {cursor.py:1149} INFO - Number of results in first chunk: 1
[2026-03-31T13:07:07.340+0000] {logging_mixin.py:188} INFO - ✅ Loaded 2000 rows into DELIVERY
[2026-03-31T13:07:07.700+0000] {cursor.py:1149} INFO - Number of results in first chunk: 1
[2026-03-31T13:07:09.167+0000] {cursor.py:1149} INFO - Number of results in first chunk: 1
[2026-03-31T13:07:09.549+0000] {cursor.py:1149} INFO - Number of results in first chunk: 26
[2026-03-31T13:07:09.847+0000] {cursor.py:1149} INFO - Number of results in first chunk: 1
[2026-03-31T13:07:10.607+0000] {cursor.py:1149} INFO - Number of results in first chunk: 1
[2026-03-31T13:07:10.608+0000] {logging_mixin.py:188} INFO - ✅ Loaded 2000 rows into DELIVERY
[2026-03-31T13:07:10.931+0000] {cursor.py:1149} INFO - Number of results in first chunk: 1
[2026-03-31T13:07:13.045+0000] {cursor.py:1149} INFO - Number of results in first chunk: 1
[2026-03-31T13:07:13.399+0000] {cursor.py:1149} INFO - Number of results in first chunk: 26
[2026-03-31T13:07:13.622+0000] {cursor.py:1149} INFO - Number of results in first chunk: 1
[2026-03-31T13:07:14.716+0000] {cursor.py:1149} INFO - Number of results in first chunk: 1
[2026-03-31T13:07:14.755+0000] {logging_mixin.py:188} INFO - ✅ Loaded 2000 rows into DELIVERY
[2026-03-31T13:07:15.212+0000] {cursor.py:1149} INFO - Number of results in first chunk: 1
[2026-03-31T13:07:16.336+0000] {cursor.py:1149} INFO - Number of results in first chunk: 1
[2026-03-31T13:07:16.736+0000] {cursor.py:1149} INFO - Number of results in first chunk: 26
[2026-03-31T13:07:16.977+0000] {cursor.py:1149} INFO - Number of results in first chunk: 1
[2026-03-31T13:07:17.781+0000] {cursor.py:1149} INFO - Number of results in first chunk: 1
[2026-03-31T13:07:17.782+0000] {logging_mixin.py:188} INFO - ✅ Loaded 2000 rows into DELIVERY
[2026-03-31T13:07:18.107+0000] {cursor.py:1149} INFO - Number of results in first chunk: 1
[2026-03-31T13:07:19.200+0000] {cursor.py:1149} INFO - Number of results in first chunk: 1
[2026-03-31T13:07:19.563+0000] {cursor.py:1149} INFO - Number of results in first chunk: 26
[2026-03-31T13:07:19.793+0000] {cursor.py:1149} INFO - Number of results in first chunk: 1
[2026-03-31T13:07:20.601+0000] {cursor.py:1149} INFO - Number of results in first chunk: 1
[2026-03-31T13:07:20.602+0000] {logging_mixin.py:188} INFO - ✅ Loaded 2000 rows into DELIVERY
[2026-03-31T13:07:21.167+0000] {cursor.py:1149} INFO - Number of results in first chunk: 1
[2026-03-31T13:07:22.457+0000] {cursor.py:1149} INFO - Number of results in first chunk: 1
[2026-03-31T13:07:22.863+0000] {cursor.py:1149} INFO - Number of results in first chunk: 26
[2026-03-31T13:07:23.180+0000] {cursor.py:1149} INFO - Number of results in first chunk: 1
[2026-03-31T13:07:24.498+0000] {cursor.py:1149} INFO - Number of results in first chunk: 1
[2026-03-31T13:07:24.498+0000] {logging_mixin.py:188} INFO - ✅ Loaded 2000 rows into DELIVERY
[2026-03-31T13:07:24.799+0000] {cursor.py:1149} INFO - Number of results in first chunk: 1
[2026-03-31T13:07:26.172+0000] {cursor.py:1149} INFO - Number of results in first chunk: 1
[2026-03-31T13:07:26.547+0000] {cursor.py:1149} INFO - Number of results in first chunk: 26
[2026-03-31T13:07:27.281+0000] {cursor.py:1149} INFO - Number of results in first chunk: 1
[2026-03-31T13:07:28.062+0000] {cursor.py:1149} INFO - Number of results in first chunk: 1
[2026-03-31T13:07:28.069+0000] {logging_mixin.py:188} INFO - ✅ Loaded 2000 rows into DELIVERY
[2026-03-31T13:07:38.067+0000] {cursor.py:1149} INFO - Number of results in first chunk: 1
[2026-03-31T13:07:41.102+0000] {cursor.py:1149} INFO - Number of results in first chunk: 1
[2026-03-31T13:07:41.684+0000] {cursor.py:1149} INFO - Number of results in first chunk: 26
[2026-03-31T13:07:41.939+0000] {cursor.py:1149} INFO - Number of results in first chunk: 1
[2026-03-31T13:07:42.738+0000] {cursor.py:1149} INFO - Number of results in first chunk: 1
[2026-03-31T13:07:42.745+0000] {logging_mixin.py:188} INFO - ✅ Loaded 2000 rows into DELIVERY
[2026-03-31T13:07:43.117+0000] {cursor.py:1149} INFO - Number of results in first chunk: 1
[2026-03-31T13:07:44.264+0000] {cursor.py:1149} INFO - Number of results in first chunk: 1
[2026-03-31T13:07:44.632+0000] {cursor.py:1149} INFO - Number of results in first chunk: 26
[2026-03-31T13:07:44.861+0000] {cursor.py:1149} INFO - Number of results in first chunk: 1
[2026-03-31T13:07:45.639+0000] {cursor.py:1149} INFO - Number of results in first chunk: 1
[2026-03-31T13:07:45.646+0000] {logging_mixin.py:188} INFO - ✅ Loaded 2000 rows into DELIVERY
[2026-03-31T13:07:46.017+0000] {cursor.py:1149} INFO - Number of results in first chunk: 1
[2026-03-31T13:07:47.114+0000] {cursor.py:1149} INFO - Number of results in first chunk: 1
[2026-03-31T13:07:47.481+0000] {cursor.py:1149} INFO - Number of results in first chunk: 26
[2026-03-31T13:07:47.744+0000] {cursor.py:1149} INFO - Number of results in first chunk: 1
[2026-03-31T13:07:48.759+0000] {cursor.py:1149} INFO - Number of results in first chunk: 1
[2026-03-31T13:07:48.803+0000] {logging_mixin.py:188} INFO - ✅ Loaded 2000 rows into DELIVERY
[2026-03-31T13:07:49.124+0000] {cursor.py:1149} INFO - Number of results in first chunk: 1
[2026-03-31T13:07:50.388+0000] {cursor.py:1149} INFO - Number of results in first chunk: 1
[2026-03-31T13:07:50.857+0000] {cursor.py:1149} INFO - Number of results in first chunk: 26
[2026-03-31T13:07:51.134+0000] {cursor.py:1149} INFO - Number of results in first chunk: 1
[2026-03-31T13:07:51.915+0000] {cursor.py:1149} INFO - Number of results in first chunk: 1
[2026-03-31T13:07:51.918+0000] {logging_mixin.py:188} INFO - ✅ Loaded 2000 rows into DELIVERY
[2026-03-31T13:07:52.223+0000] {cursor.py:1149} INFO - Number of results in first chunk: 1
[2026-03-31T13:08:02.092+0000] {cursor.py:1149} INFO - Number of results in first chunk: 1
[2026-03-31T13:08:02.534+0000] {cursor.py:1149} INFO - Number of results in first chunk: 26
[2026-03-31T13:08:02.835+0000] {cursor.py:1149} INFO - Number of results in first chunk: 1
[2026-03-31T13:08:03.614+0000] {cursor.py:1149} INFO - Number of results in first chunk: 1
[2026-03-31T13:08:03.615+0000] {logging_mixin.py:188} INFO - ✅ Loaded 1261 rows into DELIVERY
[2026-03-31T13:08:03.920+0000] {cursor.py:1149} INFO - Number of results in first chunk: 1
[2026-03-31T13:08:05.115+0000] {cursor.py:1149} INFO - Number of results in first chunk: 1
[2026-03-31T13:08:05.543+0000] {cursor.py:1149} INFO - Number of results in first chunk: 26
[2026-03-31T13:08:05.839+0000] {cursor.py:1149} INFO - Number of results in first chunk: 1
[2026-03-31T13:08:06.721+0000] {cursor.py:1149} INFO - Number of results in first chunk: 1
[2026-03-31T13:08:06.722+0000] {logging_mixin.py:188} INFO - ✅ Loaded 2237 rows into DELIVERY
[2026-03-31T13:08:07.025+0000] {cursor.py:1149} INFO - Number of results in first chunk: 1
[2026-03-31T13:08:08.396+0000] {cursor.py:1149} INFO - Number of results in first chunk: 1
[2026-03-31T13:08:08.782+0000] {cursor.py:1149} INFO - Number of results in first chunk: 26
[2026-03-31T13:08:09.017+0000] {cursor.py:1149} INFO - Number of results in first chunk: 1
[2026-03-31T13:08:09.923+0000] {cursor.py:1149} INFO - Number of results in first chunk: 1
[2026-03-31T13:08:09.925+0000] {logging_mixin.py:188} INFO - ✅ Loaded 2000 rows into DELIVERY
[2026-03-31T13:08:10.286+0000] {cursor.py:1149} INFO - Number of results in first chunk: 1
[2026-03-31T13:08:11.608+0000] {cursor.py:1149} INFO - Number of results in first chunk: 1
[2026-03-31T13:08:11.989+0000] {cursor.py:1149} INFO - Number of results in first chunk: 26
[2026-03-31T13:08:12.222+0000] {cursor.py:1149} INFO - Number of results in first chunk: 1
[2026-03-31T13:08:13.070+0000] {cursor.py:1149} INFO - Number of results in first chunk: 1
[2026-03-31T13:08:13.073+0000] {logging_mixin.py:188} INFO - ✅ Loaded 2000 rows into DELIVERY
[2026-03-31T13:08:13.477+0000] {cursor.py:1149} INFO - Number of results in first chunk: 1
[2026-03-31T13:08:14.584+0000] {cursor.py:1149} INFO - Number of results in first chunk: 1
[2026-03-31T13:08:14.954+0000] {cursor.py:1149} INFO - Number of results in first chunk: 26
[2026-03-31T13:08:15.847+0000] {cursor.py:1149} INFO - Number of results in first chunk: 1
[2026-03-31T13:08:16.646+0000] {cursor.py:1149} INFO - Number of results in first chunk: 1
[2026-03-31T13:08:16.651+0000] {logging_mixin.py:188} INFO - ✅ Loaded 831 rows into DELIVERY
[2026-03-31T13:08:17.542+0000] {cursor.py:1149} INFO - Number of results in first chunk: 1
[2026-03-31T13:08:18.777+0000] {cursor.py:1149} INFO - Number of results in first chunk: 1
[2026-03-31T13:08:19.137+0000] {cursor.py:1149} INFO - Number of results in first chunk: 25
[2026-03-31T13:08:19.526+0000] {cursor.py:1149} INFO - Number of results in first chunk: 1
[2026-03-31T13:08:20.315+0000] {cursor.py:1149} INFO - Number of results in first chunk: 1
[2026-03-31T13:08:20.316+0000] {logging_mixin.py:188} INFO - ✅ Loaded 214 rows into DRIVERS
[2026-03-31T13:08:20.606+0000] {cursor.py:1149} INFO - Number of results in first chunk: 1
[2026-03-31T13:08:22.040+0000] {cursor.py:1149} INFO - Number of results in first chunk: 1
[2026-03-31T13:08:22.434+0000] {cursor.py:1149} INFO - Number of results in first chunk: 25
[2026-03-31T13:08:22.707+0000] {cursor.py:1149} INFO - Number of results in first chunk: 1
[2026-03-31T13:08:23.475+0000] {cursor.py:1149} INFO - Number of results in first chunk: 1
[2026-03-31T13:08:23.476+0000] {logging_mixin.py:188} INFO - ✅ Loaded 1088 rows into DRIVERS
[2026-03-31T13:08:23.827+0000] {cursor.py:1149} INFO - Number of results in first chunk: 1
[2026-03-31T13:08:24.825+0000] {cursor.py:1149} INFO - Number of results in first chunk: 1
[2026-03-31T13:08:25.238+0000] {cursor.py:1149} INFO - Number of results in first chunk: 25
[2026-03-31T13:08:25.496+0000] {cursor.py:1149} INFO - Number of results in first chunk: 1
[2026-03-31T13:08:26.309+0000] {cursor.py:1149} INFO - Number of results in first chunk: 1
[2026-03-31T13:08:26.309+0000] {logging_mixin.py:188} INFO - ✅ Loaded 1054 rows into DRIVERS
[2026-03-31T13:08:26.625+0000] {cursor.py:1149} INFO - Number of results in first chunk: 1
[2026-03-31T13:08:27.729+0000] {cursor.py:1149} INFO - Number of results in first chunk: 1
[2026-03-31T13:08:28.134+0000] {cursor.py:1149} INFO - Number of results in first chunk: 25
[2026-03-31T13:08:28.396+0000] {cursor.py:1149} INFO - Number of results in first chunk: 1
[2026-03-31T13:08:29.680+0000] {cursor.py:1149} INFO - Number of results in first chunk: 1
[2026-03-31T13:08:29.681+0000] {logging_mixin.py:188} INFO - ✅ Loaded 1166 rows into DRIVERS
[2026-03-31T13:08:30.000+0000] {cursor.py:1149} INFO - Number of results in first chunk: 1
[2026-03-31T13:08:31.135+0000] {cursor.py:1149} INFO - Number of results in first chunk: 1
[2026-03-31T13:08:31.533+0000] {cursor.py:1149} INFO - Number of results in first chunk: 25
[2026-03-31T13:08:31.792+0000] {cursor.py:1149} INFO - Number of results in first chunk: 1
[2026-03-31T13:08:32.548+0000] {cursor.py:1149} INFO - Number of results in first chunk: 1
[2026-03-31T13:08:32.549+0000] {logging_mixin.py:188} INFO - ✅ Loaded 1076 rows into DRIVERS
[2026-03-31T13:08:32.827+0000] {cursor.py:1149} INFO - Number of results in first chunk: 1
[2026-03-31T13:08:33.919+0000] {cursor.py:1149} INFO - Number of results in first chunk: 1
[2026-03-31T13:08:35.019+0000] {cursor.py:1149} INFO - Number of results in first chunk: 25
[2026-03-31T13:08:35.787+0000] {cursor.py:1149} INFO - Number of results in first chunk: 1
[2026-03-31T13:08:36.628+0000] {cursor.py:1149} INFO - Number of results in first chunk: 1
[2026-03-31T13:08:36.629+0000] {logging_mixin.py:188} INFO - ✅ Loaded 1188 rows into DRIVERS
[2026-03-31T13:08:36.931+0000] {cursor.py:1149} INFO - Number of results in first chunk: 1
[2026-03-31T13:08:38.225+0000] {cursor.py:1149} INFO - Number of results in first chunk: 1
[2026-03-31T13:08:38.596+0000] {cursor.py:1149} INFO - Number of results in first chunk: 25
[2026-03-31T13:08:38.840+0000] {cursor.py:1149} INFO - Number of results in first chunk: 1
[2026-03-31T13:08:39.920+0000] {cursor.py:1149} INFO - Number of results in first chunk: 1
[2026-03-31T13:08:39.921+0000] {logging_mixin.py:188} INFO - ✅ Loaded 1061 rows into DRIVERS
[2026-03-31T13:08:40.223+0000] {cursor.py:1149} INFO - Number of results in first chunk: 1
[2026-03-31T13:08:41.163+0000] {cursor.py:1149} INFO - Number of results in first chunk: 1
[2026-03-31T13:08:42.288+0000] {cursor.py:1149} INFO - Number of results in first chunk: 25
[2026-03-31T13:08:42.937+0000] {cursor.py:1149} INFO - Number of results in first chunk: 1
[2026-03-31T13:08:43.665+0000] {cursor.py:1149} INFO - Number of results in first chunk: 1
[2026-03-31T13:08:43.666+0000] {logging_mixin.py:188} INFO - ✅ Loaded 1123 rows into DRIVERS
[2026-03-31T13:08:43.959+0000] {cursor.py:1149} INFO - Number of results in first chunk: 1
[2026-03-31T13:08:45.449+0000] {cursor.py:1149} INFO - Number of results in first chunk: 1
[2026-03-31T13:08:45.804+0000] {cursor.py:1149} INFO - Number of results in first chunk: 25
[2026-03-31T13:08:46.047+0000] {cursor.py:1149} INFO - Number of results in first chunk: 1
[2026-03-31T13:08:46.786+0000] {cursor.py:1149} INFO - Number of results in first chunk: 1
[2026-03-31T13:08:46.787+0000] {logging_mixin.py:188} INFO - ✅ Loaded 30 rows into DRIVERS
[2026-03-31T13:08:47.084+0000] {cursor.py:1149} INFO - Number of results in first chunk: 1
[2026-03-31T13:08:48.202+0000] {cursor.py:1149} INFO - Number of results in first chunk: 1
[2026-03-31T13:08:48.589+0000] {cursor.py:1149} INFO - Number of results in first chunk: 27
[2026-03-31T13:08:48.925+0000] {cursor.py:1149} INFO - Number of results in first chunk: 1
[2026-03-31T13:08:49.707+0000] {cursor.py:1149} INFO - Number of results in first chunk: 1
[2026-03-31T13:08:49.708+0000] {logging_mixin.py:188} INFO - ✅ Loaded 1229 rows into ORDERS
[2026-03-31T13:08:50.027+0000] {cursor.py:1149} INFO - Number of results in first chunk: 1
[2026-03-31T13:08:51.175+0000] {cursor.py:1149} INFO - Number of results in first chunk: 1
[2026-03-31T13:08:51.560+0000] {cursor.py:1149} INFO - Number of results in first chunk: 27
[2026-03-31T13:08:51.820+0000] {cursor.py:1149} INFO - Number of results in first chunk: 1
[2026-03-31T13:08:53.210+0000] {cursor.py:1149} INFO - Number of results in first chunk: 1
[2026-03-31T13:08:53.210+0000] {logging_mixin.py:188} INFO - ✅ Loaded 2000 rows into ORDERS
[2026-03-31T13:08:53.497+0000] {cursor.py:1149} INFO - Number of results in first chunk: 1
[2026-03-31T13:08:55.382+0000] {cursor.py:1149} INFO - Number of results in first chunk: 1
[2026-03-31T13:08:55.773+0000] {cursor.py:1149} INFO - Number of results in first chunk: 27
[2026-03-31T13:08:56.026+0000] {cursor.py:1149} INFO - Number of results in first chunk: 1
[2026-03-31T13:08:56.892+0000] {cursor.py:1149} INFO - Number of results in first chunk: 1
[2026-03-31T13:08:56.893+0000] {logging_mixin.py:188} INFO - ✅ Loaded 2000 rows into ORDERS
[2026-03-31T13:08:57.180+0000] {cursor.py:1149} INFO - Number of results in first chunk: 1
[2026-03-31T13:08:59.650+0000] {cursor.py:1149} INFO - Number of results in first chunk: 1
[2026-03-31T13:09:00.017+0000] {cursor.py:1149} INFO - Number of results in first chunk: 27
[2026-03-31T13:09:00.324+0000] {cursor.py:1149} INFO - Number of results in first chunk: 1
[2026-03-31T13:09:01.305+0000] {cursor.py:1149} INFO - Number of results in first chunk: 1
[2026-03-31T13:09:01.306+0000] {logging_mixin.py:188} INFO - ✅ Loaded 2000 rows into ORDERS
[2026-03-31T13:09:01.629+0000] {cursor.py:1149} INFO - Number of results in first chunk: 1
[2026-03-31T13:09:05.254+0000] {cursor.py:1149} INFO - Number of results in first chunk: 1
[2026-03-31T13:09:06.348+0000] {cursor.py:1149} INFO - Number of results in first chunk: 27
[2026-03-31T13:09:06.596+0000] {cursor.py:1149} INFO - Number of results in first chunk: 1
[2026-03-31T13:09:07.581+0000] {cursor.py:1149} INFO - Number of results in first chunk: 1
[2026-03-31T13:09:07.582+0000] {logging_mixin.py:188} INFO - ✅ Loaded 2000 rows into ORDERS
[2026-03-31T13:09:07.884+0000] {cursor.py:1149} INFO - Number of results in first chunk: 1
[2026-03-31T13:09:09.508+0000] {cursor.py:1149} INFO - Number of results in first chunk: 1
[2026-03-31T13:09:10.132+0000] {cursor.py:1149} INFO - Number of results in first chunk: 27
[2026-03-31T13:09:10.411+0000] {cursor.py:1149} INFO - Number of results in first chunk: 1
[2026-03-31T13:09:12.289+0000] {cursor.py:1149} INFO - Number of results in first chunk: 1
[2026-03-31T13:09:12.290+0000] {logging_mixin.py:188} INFO - ✅ Loaded 2000 rows into ORDERS
[2026-03-31T13:09:12.740+0000] {cursor.py:1149} INFO - Number of results in first chunk: 1
[2026-03-31T13:09:14.347+0000] {cursor.py:1149} INFO - Number of results in first chunk: 1
[2026-03-31T13:09:17.858+0000] {cursor.py:1149} INFO - Number of results in first chunk: 27
[2026-03-31T13:09:18.201+0000] {cursor.py:1149} INFO - Number of results in first chunk: 1
[2026-03-31T13:09:19.614+0000] {cursor.py:1149} INFO - Number of results in first chunk: 1
[2026-03-31T13:09:19.615+0000] {logging_mixin.py:188} INFO - ✅ Loaded 2000 rows into ORDERS
[2026-03-31T13:09:20.037+0000] {cursor.py:1149} INFO - Number of results in first chunk: 1
[2026-03-31T13:09:22.690+0000] {cursor.py:1149} INFO - Number of results in first chunk: 1
[2026-03-31T13:09:23.479+0000] {cursor.py:1149} INFO - Number of results in first chunk: 27
[2026-03-31T13:09:23.791+0000] {cursor.py:1149} INFO - Number of results in first chunk: 1
[2026-03-31T13:09:24.623+0000] {cursor.py:1149} INFO - Number of results in first chunk: 1
[2026-03-31T13:09:24.624+0000] {logging_mixin.py:188} INFO - ✅ Loaded 2000 rows into ORDERS
[2026-03-31T13:09:24.992+0000] {cursor.py:1149} INFO - Number of results in first chunk: 1
[2026-03-31T13:09:26.921+0000] {cursor.py:1149} INFO - Number of results in first chunk: 1
[2026-03-31T13:09:27.292+0000] {cursor.py:1149} INFO - Number of results in first chunk: 27
[2026-03-31T13:09:27.546+0000] {cursor.py:1149} INFO - Number of results in first chunk: 1
[2026-03-31T13:09:28.341+0000] {cursor.py:1149} INFO - Number of results in first chunk: 1
[2026-03-31T13:09:28.342+0000] {logging_mixin.py:188} INFO - ✅ Loaded 2000 rows into ORDERS
[2026-03-31T13:09:29.050+0000] {cursor.py:1149} INFO - Number of results in first chunk: 1
[2026-03-31T13:09:30.383+0000] {cursor.py:1149} INFO - Number of results in first chunk: 1
[2026-03-31T13:09:30.842+0000] {cursor.py:1149} INFO - Number of results in first chunk: 27
[2026-03-31T13:09:31.151+0000] {cursor.py:1149} INFO - Number of results in first chunk: 1
[2026-03-31T13:09:32.746+0000] {cursor.py:1149} INFO - Number of results in first chunk: 1
[2026-03-31T13:09:32.779+0000] {logging_mixin.py:188} INFO - ✅ Loaded 2000 rows into ORDERS
[2026-03-31T13:09:35.535+0000] {cursor.py:1149} INFO - Number of results in first chunk: 1
[2026-03-31T13:09:36.707+0000] {cursor.py:1149} INFO - Number of results in first chunk: 1
[2026-03-31T13:09:37.080+0000] {cursor.py:1149} INFO - Number of results in first chunk: 27
[2026-03-31T13:09:37.317+0000] {cursor.py:1149} INFO - Number of results in first chunk: 1
[2026-03-31T13:09:38.665+0000] {cursor.py:1149} INFO - Number of results in first chunk: 1
[2026-03-31T13:09:38.666+0000] {logging_mixin.py:188} INFO - ✅ Loaded 2000 rows into ORDERS
[2026-03-31T13:09:39.099+0000] {cursor.py:1149} INFO - Number of results in first chunk: 1
[2026-03-31T13:09:40.255+0000] {cursor.py:1149} INFO - Number of results in first chunk: 1
[2026-03-31T13:09:40.643+0000] {cursor.py:1149} INFO - Number of results in first chunk: 27
[2026-03-31T13:09:40.924+0000] {cursor.py:1149} INFO - Number of results in first chunk: 1
[2026-03-31T13:09:41.824+0000] {cursor.py:1149} INFO - Number of results in first chunk: 1
[2026-03-31T13:09:41.825+0000] {logging_mixin.py:188} INFO - ✅ Loaded 2000 rows into ORDERS
[2026-03-31T13:09:42.138+0000] {cursor.py:1149} INFO - Number of results in first chunk: 1
[2026-03-31T13:09:43.217+0000] {cursor.py:1149} INFO - Number of results in first chunk: 1
[2026-03-31T13:09:43.634+0000] {cursor.py:1149} INFO - Number of results in first chunk: 27
[2026-03-31T13:09:43.942+0000] {cursor.py:1149} INFO - Number of results in first chunk: 1
[2026-03-31T13:09:44.929+0000] {cursor.py:1149} INFO - Number of results in first chunk: 1
[2026-03-31T13:09:44.930+0000] {logging_mixin.py:188} INFO - ✅ Loaded 2000 rows into ORDERS
[2026-03-31T13:09:45.276+0000] {cursor.py:1149} INFO - Number of results in first chunk: 1
[2026-03-31T13:09:46.440+0000] {cursor.py:1149} INFO - Number of results in first chunk: 1
[2026-03-31T13:09:47.032+0000] {cursor.py:1149} INFO - Number of results in first chunk: 27
[2026-03-31T13:09:47.277+0000] {cursor.py:1149} INFO - Number of results in first chunk: 1
[2026-03-31T13:09:48.143+0000] {cursor.py:1149} INFO - Number of results in first chunk: 1
[2026-03-31T13:09:48.144+0000] {logging_mixin.py:188} INFO - ✅ Loaded 2000 rows into ORDERS
[2026-03-31T13:09:48.443+0000] {cursor.py:1149} INFO - Number of results in first chunk: 1
[2026-03-31T13:09:49.622+0000] {cursor.py:1149} INFO - Number of results in first chunk: 1
[2026-03-31T13:09:50.025+0000] {cursor.py:1149} INFO - Number of results in first chunk: 27
[2026-03-31T13:09:50.286+0000] {cursor.py:1149} INFO - Number of results in first chunk: 1
[2026-03-31T13:09:50.961+0000] {cursor.py:1149} INFO - Number of results in first chunk: 1
[2026-03-31T13:09:50.962+0000] {logging_mixin.py:188} INFO - ✅ Loaded 2000 rows into ORDERS
[2026-03-31T13:09:51.253+0000] {cursor.py:1149} INFO - Number of results in first chunk: 1
[2026-03-31T13:09:52.460+0000] {cursor.py:1149} INFO - Number of results in first chunk: 1
[2026-03-31T13:09:52.935+0000] {cursor.py:1149} INFO - Number of results in first chunk: 27
[2026-03-31T13:09:53.212+0000] {cursor.py:1149} INFO - Number of results in first chunk: 1
[2026-03-31T13:09:54.003+0000] {cursor.py:1149} INFO - Number of results in first chunk: 1
[2026-03-31T13:09:54.005+0000] {logging_mixin.py:188} INFO - ✅ Loaded 2000 rows into ORDERS
[2026-03-31T13:09:54.309+0000] {cursor.py:1149} INFO - Number of results in first chunk: 1
[2026-03-31T13:09:55.490+0000] {cursor.py:1149} INFO - Number of results in first chunk: 1
[2026-03-31T13:09:55.875+0000] {cursor.py:1149} INFO - Number of results in first chunk: 27
[2026-03-31T13:09:56.674+0000] {cursor.py:1149} INFO - Number of results in first chunk: 1
[2026-03-31T13:09:58.054+0000] {cursor.py:1149} INFO - Number of results in first chunk: 1
[2026-03-31T13:09:58.085+0000] {logging_mixin.py:188} INFO - ✅ Loaded 2000 rows into ORDERS
[2026-03-31T13:09:58.461+0000] {cursor.py:1149} INFO - Number of results in first chunk: 1
[2026-03-31T13:09:59.576+0000] {cursor.py:1149} INFO - Number of results in first chunk: 1
[2026-03-31T13:10:00.167+0000] {cursor.py:1149} INFO - Number of results in first chunk: 27
[2026-03-31T13:10:00.447+0000] {cursor.py:1149} INFO - Number of results in first chunk: 1
[2026-03-31T13:10:01.204+0000] {cursor.py:1149} INFO - Number of results in first chunk: 1
[2026-03-31T13:10:01.205+0000] {logging_mixin.py:188} INFO - ✅ Loaded 2000 rows into ORDERS
[2026-03-31T13:10:01.502+0000] {cursor.py:1149} INFO - Number of results in first chunk: 1
[2026-03-31T13:10:03.039+0000] {cursor.py:1149} INFO - Number of results in first chunk: 1
[2026-03-31T13:10:03.439+0000] {cursor.py:1149} INFO - Number of results in first chunk: 27
[2026-03-31T13:10:03.696+0000] {cursor.py:1149} INFO - Number of results in first chunk: 1
[2026-03-31T13:10:04.519+0000] {cursor.py:1149} INFO - Number of results in first chunk: 1
[2026-03-31T13:10:04.520+0000] {logging_mixin.py:188} INFO - ✅ Loaded 2000 rows into ORDERS
[2026-03-31T13:10:05.069+0000] {cursor.py:1149} INFO - Number of results in first chunk: 1
[2026-03-31T13:10:06.765+0000] {cursor.py:1149} INFO - Number of results in first chunk: 1
[2026-03-31T13:10:07.147+0000] {cursor.py:1149} INFO - Number of results in first chunk: 27
[2026-03-31T13:10:07.429+0000] {cursor.py:1149} INFO - Number of results in first chunk: 1
[2026-03-31T13:10:08.819+0000] {cursor.py:1149} INFO - Number of results in first chunk: 1
[2026-03-31T13:10:08.820+0000] {logging_mixin.py:188} INFO - ✅ Loaded 2000 rows into ORDERS
[2026-03-31T13:10:10.121+0000] {cursor.py:1149} INFO - Number of results in first chunk: 1
[2026-03-31T13:10:11.314+0000] {cursor.py:1149} INFO - Number of results in first chunk: 1
[2026-03-31T13:10:11.735+0000] {cursor.py:1149} INFO - Number of results in first chunk: 27
[2026-03-31T13:10:11.986+0000] {cursor.py:1149} INFO - Number of results in first chunk: 1
[2026-03-31T13:10:12.799+0000] {cursor.py:1149} INFO - Number of results in first chunk: 1
[2026-03-31T13:10:12.800+0000] {logging_mixin.py:188} INFO - ✅ Loaded 2000 rows into ORDERS
[2026-03-31T13:10:13.122+0000] {cursor.py:1149} INFO - Number of results in first chunk: 1
[2026-03-31T13:10:14.190+0000] {cursor.py:1149} INFO - Number of results in first chunk: 1
[2026-03-31T13:10:15.273+0000] {cursor.py:1149} INFO - Number of results in first chunk: 27
[2026-03-31T13:10:15.518+0000] {cursor.py:1149} INFO - Number of results in first chunk: 1
[2026-03-31T13:10:16.787+0000] {cursor.py:1149} INFO - Number of results in first chunk: 1
[2026-03-31T13:10:16.788+0000] {logging_mixin.py:188} INFO - ✅ Loaded 2000 rows into ORDERS
[2026-03-31T13:10:17.151+0000] {cursor.py:1149} INFO - Number of results in first chunk: 1
[2026-03-31T13:10:18.277+0000] {cursor.py:1149} INFO - Number of results in first chunk: 1
[2026-03-31T13:10:18.712+0000] {cursor.py:1149} INFO - Number of results in first chunk: 27
[2026-03-31T13:10:19.457+0000] {cursor.py:1149} INFO - Number of results in first chunk: 1
[2026-03-31T13:10:20.326+0000] {cursor.py:1149} INFO - Number of results in first chunk: 1
[2026-03-31T13:10:20.327+0000] {logging_mixin.py:188} INFO - ✅ Loaded 1413 rows into ORDERS
[2026-03-31T13:10:20.640+0000] {cursor.py:1149} INFO - Number of results in first chunk: 1
[2026-03-31T13:10:22.449+0000] {cursor.py:1149} INFO - Number of results in first chunk: 1
[2026-03-31T13:10:23.148+0000] {cursor.py:1149} INFO - Number of results in first chunk: 27
[2026-03-31T13:10:23.445+0000] {cursor.py:1149} INFO - Number of results in first chunk: 1
[2026-03-31T13:10:24.355+0000] {cursor.py:1149} INFO - Number of results in first chunk: 1
[2026-03-31T13:10:24.356+0000] {logging_mixin.py:188} INFO - ✅ Loaded 836 rows into ORDERS
[2026-03-31T13:10:24.706+0000] {cursor.py:1149} INFO - Number of results in first chunk: 1
[2026-03-31T13:10:27.230+0000] {cursor.py:1149} INFO - Number of results in first chunk: 1
[2026-03-31T13:10:27.695+0000] {cursor.py:1149} INFO - Number of results in first chunk: 27
[2026-03-31T13:10:28.162+0000] {cursor.py:1149} INFO - Number of results in first chunk: 1
[2026-03-31T13:10:28.958+0000] {cursor.py:1149} INFO - Number of results in first chunk: 1
[2026-03-31T13:10:28.959+0000] {logging_mixin.py:188} INFO - ✅ Loaded 2000 rows into ORDERS
[2026-03-31T13:10:29.915+0000] {cursor.py:1149} INFO - Number of results in first chunk: 1
[2026-03-31T13:10:31.450+0000] {cursor.py:1149} INFO - Number of results in first chunk: 1
[2026-03-31T13:10:31.862+0000] {cursor.py:1149} INFO - Number of results in first chunk: 27
[2026-03-31T13:10:32.135+0000] {cursor.py:1149} INFO - Number of results in first chunk: 1
[2026-03-31T13:10:33.066+0000] {cursor.py:1149} INFO - Number of results in first chunk: 1
[2026-03-31T13:10:33.068+0000] {logging_mixin.py:188} INFO - ✅ Loaded 2000 rows into ORDERS
[2026-03-31T13:10:33.408+0000] {cursor.py:1149} INFO - Number of results in first chunk: 1
[2026-03-31T13:10:35.167+0000] {cursor.py:1149} INFO - Number of results in first chunk: 1
[2026-03-31T13:10:35.598+0000] {cursor.py:1149} INFO - Number of results in first chunk: 27
[2026-03-31T13:10:35.856+0000] {cursor.py:1149} INFO - Number of results in first chunk: 1
[2026-03-31T13:10:36.912+0000] {cursor.py:1149} INFO - Number of results in first chunk: 1
[2026-03-31T13:10:36.914+0000] {logging_mixin.py:188} INFO - ✅ Loaded 2000 rows into ORDERS
[2026-03-31T13:10:37.252+0000] {cursor.py:1149} INFO - Number of results in first chunk: 1
[2026-03-31T13:10:39.364+0000] {cursor.py:1149} INFO - Number of results in first chunk: 1
[2026-03-31T13:10:39.756+0000] {cursor.py:1149} INFO - Number of results in first chunk: 27
[2026-03-31T13:10:40.065+0000] {cursor.py:1149} INFO - Number of results in first chunk: 1
[2026-03-31T13:10:40.943+0000] {cursor.py:1149} INFO - Number of results in first chunk: 1
[2026-03-31T13:10:40.944+0000] {logging_mixin.py:188} INFO - ✅ Loaded 2000 rows into ORDERS
[2026-03-31T13:10:41.330+0000] {cursor.py:1149} INFO - Number of results in first chunk: 1
[2026-03-31T13:10:44.491+0000] {cursor.py:1149} INFO - Number of results in first chunk: 1
[2026-03-31T13:10:44.899+0000] {cursor.py:1149} INFO - Number of results in first chunk: 27
[2026-03-31T13:10:45.214+0000] {cursor.py:1149} INFO - Number of results in first chunk: 1
[2026-03-31T13:10:45.956+0000] {cursor.py:1149} INFO - Number of results in first chunk: 1
[2026-03-31T13:10:45.957+0000] {logging_mixin.py:188} INFO - ✅ Loaded 2000 rows into ORDERS
[2026-03-31T13:10:46.396+0000] {cursor.py:1149} INFO - Number of results in first chunk: 1
[2026-03-31T13:10:48.735+0000] {cursor.py:1149} INFO - Number of results in first chunk: 1
[2026-03-31T13:10:49.142+0000] {cursor.py:1149} INFO - Number of results in first chunk: 27
[2026-03-31T13:10:49.507+0000] {cursor.py:1149} INFO - Number of results in first chunk: 1
[2026-03-31T13:10:50.228+0000] {cursor.py:1149} INFO - Number of results in first chunk: 1
[2026-03-31T13:10:50.231+0000] {logging_mixin.py:188} INFO - ✅ Loaded 2000 rows into ORDERS
[2026-03-31T13:10:50.930+0000] {cursor.py:1149} INFO - Number of results in first chunk: 1
[2026-03-31T13:10:52.671+0000] {cursor.py:1149} INFO - Number of results in first chunk: 1
[2026-03-31T13:10:53.052+0000] {cursor.py:1149} INFO - Number of results in first chunk: 27
[2026-03-31T13:10:53.547+0000] {cursor.py:1149} INFO - Number of results in first chunk: 1
[2026-03-31T13:10:54.276+0000] {cursor.py:1149} INFO - Number of results in first chunk: 1
[2026-03-31T13:10:54.277+0000] {logging_mixin.py:188} INFO - ✅ Loaded 2000 rows into ORDERS
[2026-03-31T13:10:54.642+0000] {cursor.py:1149} INFO - Number of results in first chunk: 1
[2026-03-31T13:10:56.523+0000] {cursor.py:1149} INFO - Number of results in first chunk: 1
[2026-03-31T13:10:56.893+0000] {cursor.py:1149} INFO - Number of results in first chunk: 27
[2026-03-31T13:10:57.167+0000] {cursor.py:1149} INFO - Number of results in first chunk: 1
[2026-03-31T13:10:57.981+0000] {cursor.py:1149} INFO - Number of results in first chunk: 1
[2026-03-31T13:10:57.982+0000] {logging_mixin.py:188} INFO - ✅ Loaded 2000 rows into ORDERS
[2026-03-31T13:10:58.317+0000] {cursor.py:1149} INFO - Number of results in first chunk: 1
[2026-03-31T13:11:00.147+0000] {cursor.py:1149} INFO - Number of results in first chunk: 1
[2026-03-31T13:11:00.537+0000] {cursor.py:1149} INFO - Number of results in first chunk: 27
[2026-03-31T13:11:00.826+0000] {cursor.py:1149} INFO - Number of results in first chunk: 1
[2026-03-31T13:11:02.220+0000] {cursor.py:1149} INFO - Number of results in first chunk: 1
[2026-03-31T13:11:02.221+0000] {logging_mixin.py:188} INFO - ✅ Loaded 2000 rows into ORDERS
[2026-03-31T13:11:02.548+0000] {cursor.py:1149} INFO - Number of results in first chunk: 1
[2026-03-31T13:11:04.158+0000] {cursor.py:1149} INFO - Number of results in first chunk: 1
[2026-03-31T13:11:04.585+0000] {cursor.py:1149} INFO - Number of results in first chunk: 27
[2026-03-31T13:11:04.880+0000] {cursor.py:1149} INFO - Number of results in first chunk: 1
[2026-03-31T13:11:05.709+0000] {cursor.py:1149} INFO - Number of results in first chunk: 1
[2026-03-31T13:11:05.711+0000] {logging_mixin.py:188} INFO - ✅ Loaded 2000 rows into ORDERS
[2026-03-31T13:11:06.039+0000] {cursor.py:1149} INFO - Number of results in first chunk: 1
[2026-03-31T13:11:08.929+0000] {cursor.py:1149} INFO - Number of results in first chunk: 1
[2026-03-31T13:11:09.347+0000] {cursor.py:1149} INFO - Number of results in first chunk: 27
[2026-03-31T13:11:09.607+0000] {cursor.py:1149} INFO - Number of results in first chunk: 1
[2026-03-31T13:11:10.430+0000] {cursor.py:1149} INFO - Number of results in first chunk: 1
[2026-03-31T13:11:10.431+0000] {logging_mixin.py:188} INFO - ✅ Loaded 2000 rows into ORDERS
[2026-03-31T13:11:10.751+0000] {cursor.py:1149} INFO - Number of results in first chunk: 1
[2026-03-31T13:11:13.315+0000] {cursor.py:1149} INFO - Number of results in first chunk: 1
[2026-03-31T13:11:14.049+0000] {cursor.py:1149} INFO - Number of results in first chunk: 27
[2026-03-31T13:11:14.590+0000] {cursor.py:1149} INFO - Number of results in first chunk: 1
[2026-03-31T13:11:15.379+0000] {cursor.py:1149} INFO - Number of results in first chunk: 1
[2026-03-31T13:11:15.380+0000] {logging_mixin.py:188} INFO - ✅ Loaded 2000 rows into ORDERS
[2026-03-31T13:11:15.693+0000] {cursor.py:1149} INFO - Number of results in first chunk: 1
[2026-03-31T13:11:17.774+0000] {cursor.py:1149} INFO - Number of results in first chunk: 1
[2026-03-31T13:11:18.191+0000] {cursor.py:1149} INFO - Number of results in first chunk: 27
[2026-03-31T13:11:18.463+0000] {cursor.py:1149} INFO - Number of results in first chunk: 1
[2026-03-31T13:11:19.378+0000] {cursor.py:1149} INFO - Number of results in first chunk: 1
[2026-03-31T13:11:19.378+0000] {logging_mixin.py:188} INFO - ✅ Loaded 2000 rows into ORDERS
[2026-03-31T13:11:19.749+0000] {cursor.py:1149} INFO - Number of results in first chunk: 1
[2026-03-31T13:11:23.193+0000] {cursor.py:1149} INFO - Number of results in first chunk: 1
[2026-03-31T13:11:23.778+0000] {cursor.py:1149} INFO - Number of results in first chunk: 27
[2026-03-31T13:11:24.064+0000] {cursor.py:1149} INFO - Number of results in first chunk: 1
[2026-03-31T13:11:24.949+0000] {cursor.py:1149} INFO - Number of results in first chunk: 1
[2026-03-31T13:11:24.951+0000] {logging_mixin.py:188} INFO - ✅ Loaded 2000 rows into ORDERS
[2026-03-31T13:11:25.916+0000] {cursor.py:1149} INFO - Number of results in first chunk: 1
[2026-03-31T13:11:28.323+0000] {cursor.py:1149} INFO - Number of results in first chunk: 1
[2026-03-31T13:11:28.740+0000] {cursor.py:1149} INFO - Number of results in first chunk: 27
[2026-03-31T13:11:28.990+0000] {cursor.py:1149} INFO - Number of results in first chunk: 1
[2026-03-31T13:11:30.132+0000] {cursor.py:1149} INFO - Number of results in first chunk: 1
[2026-03-31T13:11:30.133+0000] {logging_mixin.py:188} INFO - ✅ Loaded 2000 rows into ORDERS
[2026-03-31T13:11:30.492+0000] {cursor.py:1149} INFO - Number of results in first chunk: 1
[2026-03-31T13:11:32.563+0000] {cursor.py:1149} INFO - Number of results in first chunk: 1
[2026-03-31T13:11:32.973+0000] {cursor.py:1149} INFO - Number of results in first chunk: 27
[2026-03-31T13:11:33.235+0000] {cursor.py:1149} INFO - Number of results in first chunk: 1
[2026-03-31T13:11:34.145+0000] {cursor.py:1149} INFO - Number of results in first chunk: 1
[2026-03-31T13:11:34.146+0000] {logging_mixin.py:188} INFO - ✅ Loaded 2000 rows into ORDERS
[2026-03-31T13:11:34.505+0000] {cursor.py:1149} INFO - Number of results in first chunk: 1
[2026-03-31T13:11:37.626+0000] {cursor.py:1149} INFO - Number of results in first chunk: 1
[2026-03-31T13:11:38.102+0000] {cursor.py:1149} INFO - Number of results in first chunk: 27
[2026-03-31T13:11:38.527+0000] {cursor.py:1149} INFO - Number of results in first chunk: 1
[2026-03-31T13:11:39.379+0000] {cursor.py:1149} INFO - Number of results in first chunk: 1
[2026-03-31T13:11:39.380+0000] {logging_mixin.py:188} INFO - ✅ Loaded 2000 rows into ORDERS
[2026-03-31T13:11:39.729+0000] {cursor.py:1149} INFO - Number of results in first chunk: 1
[2026-03-31T13:11:42.626+0000] {cursor.py:1149} INFO - Number of results in first chunk: 1
[2026-03-31T13:11:42.998+0000] {cursor.py:1149} INFO - Number of results in first chunk: 27
[2026-03-31T13:11:43.269+0000] {cursor.py:1149} INFO - Number of results in first chunk: 1
[2026-03-31T13:11:44.128+0000] {cursor.py:1149} INFO - Number of results in first chunk: 1
[2026-03-31T13:11:44.129+0000] {logging_mixin.py:188} INFO - ✅ Loaded 2000 rows into ORDERS
[2026-03-31T13:11:44.504+0000] {cursor.py:1149} INFO - Number of results in first chunk: 1
[2026-03-31T13:11:47.026+0000] {cursor.py:1149} INFO - Number of results in first chunk: 1
[2026-03-31T13:11:47.417+0000] {cursor.py:1149} INFO - Number of results in first chunk: 27
[2026-03-31T13:11:47.682+0000] {cursor.py:1149} INFO - Number of results in first chunk: 1
[2026-03-31T13:11:48.428+0000] {cursor.py:1149} INFO - Number of results in first chunk: 1
[2026-03-31T13:11:48.429+0000] {logging_mixin.py:188} INFO - ✅ Loaded 2000 rows into ORDERS
[2026-03-31T13:11:48.728+0000] {cursor.py:1149} INFO - Number of results in first chunk: 1
[2026-03-31T13:11:50.542+0000] {cursor.py:1149} INFO - Number of results in first chunk: 1
[2026-03-31T13:11:50.947+0000] {cursor.py:1149} INFO - Number of results in first chunk: 27
[2026-03-31T13:11:51.206+0000] {cursor.py:1149} INFO - Number of results in first chunk: 1
[2026-03-31T13:11:52.332+0000] {cursor.py:1149} INFO - Number of results in first chunk: 1
[2026-03-31T13:11:52.333+0000] {logging_mixin.py:188} INFO - ✅ Loaded 2000 rows into ORDERS
[2026-03-31T13:11:52.696+0000] {cursor.py:1149} INFO - Number of results in first chunk: 1
[2026-03-31T13:11:54.841+0000] {cursor.py:1149} INFO - Number of results in first chunk: 1
[2026-03-31T13:11:55.401+0000] {cursor.py:1149} INFO - Number of results in first chunk: 27
[2026-03-31T13:11:55.661+0000] {cursor.py:1149} INFO - Number of results in first chunk: 1
[2026-03-31T13:11:56.418+0000] {cursor.py:1149} INFO - Number of results in first chunk: 1
[2026-03-31T13:11:56.419+0000] {logging_mixin.py:188} INFO - ✅ Loaded 2000 rows into ORDERS
[2026-03-31T13:11:56.728+0000] {cursor.py:1149} INFO - Number of results in first chunk: 1
[2026-03-31T13:11:57.930+0000] {cursor.py:1149} INFO - Number of results in first chunk: 1
[2026-03-31T13:11:58.309+0000] {cursor.py:1149} INFO - Number of results in first chunk: 27
[2026-03-31T13:11:58.553+0000] {cursor.py:1149} INFO - Number of results in first chunk: 1
[2026-03-31T13:11:59.342+0000] {cursor.py:1149} INFO - Number of results in first chunk: 1
[2026-03-31T13:11:59.344+0000] {logging_mixin.py:188} INFO - ✅ Loaded 1701 rows into ORDERS
[2026-03-31T13:11:59.713+0000] {cursor.py:1149} INFO - Number of results in first chunk: 1
[2026-03-31T13:12:00.731+0000] {cursor.py:1149} INFO - Number of results in first chunk: 1
[2026-03-31T13:12:01.128+0000] {cursor.py:1149} INFO - Number of results in first chunk: 27
[2026-03-31T13:12:01.374+0000] {cursor.py:1149} INFO - Number of results in first chunk: 1
[2026-03-31T13:12:02.424+0000] {cursor.py:1149} INFO - Number of results in first chunk: 1
[2026-03-31T13:12:02.425+0000] {logging_mixin.py:188} INFO - ✅ Loaded 780 rows into ORDERS
[2026-03-31T13:12:02.726+0000] {cursor.py:1149} INFO - Number of results in first chunk: 1
[2026-03-31T13:12:03.892+0000] {cursor.py:1149} INFO - Number of results in first chunk: 1
[2026-03-31T13:12:04.272+0000] {cursor.py:1149} INFO - Number of results in first chunk: 27
[2026-03-31T13:12:04.569+0000] {cursor.py:1149} INFO - Number of results in first chunk: 1
[2026-03-31T13:12:05.296+0000] {cursor.py:1149} INFO - Number of results in first chunk: 1
[2026-03-31T13:12:05.298+0000] {logging_mixin.py:188} INFO - ✅ Loaded 2000 rows into ORDERS
[2026-03-31T13:12:05.596+0000] {cursor.py:1149} INFO - Number of results in first chunk: 1
[2026-03-31T13:12:06.765+0000] {cursor.py:1149} INFO - Number of results in first chunk: 1
[2026-03-31T13:12:07.124+0000] {cursor.py:1149} INFO - Number of results in first chunk: 27
[2026-03-31T13:12:07.365+0000] {cursor.py:1149} INFO - Number of results in first chunk: 1
[2026-03-31T13:12:08.205+0000] {cursor.py:1149} INFO - Number of results in first chunk: 1
[2026-03-31T13:12:08.206+0000] {logging_mixin.py:188} INFO - ✅ Loaded 2827 rows into ORDERS
[2026-03-31T13:12:08.511+0000] {cursor.py:1149} INFO - Number of results in first chunk: 1
[2026-03-31T13:12:09.696+0000] {cursor.py:1149} INFO - Number of results in first chunk: 1
[2026-03-31T13:12:10.082+0000] {cursor.py:1149} INFO - Number of results in first chunk: 27
[2026-03-31T13:12:10.328+0000] {cursor.py:1149} INFO - Number of results in first chunk: 1
[2026-03-31T13:12:11.147+0000] {cursor.py:1149} INFO - Number of results in first chunk: 1
[2026-03-31T13:12:11.148+0000] {logging_mixin.py:188} INFO - ✅ Loaded 1783 rows into ORDERS
[2026-03-31T13:12:11.439+0000] {cursor.py:1149} INFO - Number of results in first chunk: 1
[2026-03-31T13:12:13.093+0000] {cursor.py:1149} INFO - Number of results in first chunk: 1
[2026-03-31T13:12:13.535+0000] {cursor.py:1149} INFO - Number of results in first chunk: 27
[2026-03-31T13:12:13.784+0000] {cursor.py:1149} INFO - Number of results in first chunk: 1
[2026-03-31T13:12:14.651+0000] {cursor.py:1149} INFO - Number of results in first chunk: 1
[2026-03-31T13:12:14.653+0000] {logging_mixin.py:188} INFO - ✅ Loaded 739 rows into ORDERS
[2026-03-31T13:12:15.384+0000] {cursor.py:1149} INFO - Number of results in first chunk: 1
[2026-03-31T13:12:16.968+0000] {cursor.py:1149} INFO - Number of results in first chunk: 1
[2026-03-31T13:12:17.378+0000] {cursor.py:1149} INFO - Number of results in first chunk: 27
[2026-03-31T13:12:17.729+0000] {cursor.py:1149} INFO - Number of results in first chunk: 1
[2026-03-31T13:12:18.701+0000] {cursor.py:1149} INFO - Number of results in first chunk: 1
[2026-03-31T13:12:18.703+0000] {logging_mixin.py:188} INFO - ✅ Loaded 2000 rows into ORDERS
[2026-03-31T13:12:19.073+0000] {cursor.py:1149} INFO - Number of results in first chunk: 1
[2026-03-31T13:12:20.176+0000] {cursor.py:1149} INFO - Number of results in first chunk: 1
[2026-03-31T13:12:20.639+0000] {cursor.py:1149} INFO - Number of results in first chunk: 27
[2026-03-31T13:12:20.961+0000] {cursor.py:1149} INFO - Number of results in first chunk: 1
[2026-03-31T13:12:21.914+0000] {cursor.py:1149} INFO - Number of results in first chunk: 1
[2026-03-31T13:12:21.915+0000] {logging_mixin.py:188} INFO - ✅ Loaded 692 rows into ORDERS
[2026-03-31T13:12:22.834+0000] {cursor.py:1149} INFO - Number of results in first chunk: 1
[2026-03-31T13:12:23.955+0000] {cursor.py:1149} INFO - Number of results in first chunk: 1
[2026-03-31T13:12:24.380+0000] {cursor.py:1149} INFO - Number of results in first chunk: 23
[2026-03-31T13:12:24.805+0000] {cursor.py:1149} INFO - Number of results in first chunk: 1
[2026-03-31T13:12:25.570+0000] {cursor.py:1149} INFO - Number of results in first chunk: 1
[2026-03-31T13:12:25.572+0000] {logging_mixin.py:188} INFO - ✅ Loaded 2000 rows into PAYMENTS
[2026-03-31T13:12:25.928+0000] {cursor.py:1149} INFO - Number of results in first chunk: 1
[2026-03-31T13:12:27.645+0000] {cursor.py:1149} INFO - Number of results in first chunk: 1
[2026-03-31T13:12:31.223+0000] {cursor.py:1149} INFO - Number of results in first chunk: 23
[2026-03-31T13:12:31.531+0000] {cursor.py:1149} INFO - Number of results in first chunk: 1
[2026-03-31T13:12:32.262+0000] {cursor.py:1149} INFO - Number of results in first chunk: 1
[2026-03-31T13:12:32.264+0000] {logging_mixin.py:188} INFO - ✅ Loaded 2000 rows into PAYMENTS
[2026-03-31T13:12:32.548+0000] {cursor.py:1149} INFO - Number of results in first chunk: 1
[2026-03-31T13:12:33.694+0000] {cursor.py:1149} INFO - Number of results in first chunk: 1
[2026-03-31T13:12:34.075+0000] {cursor.py:1149} INFO - Number of results in first chunk: 23
[2026-03-31T13:12:34.335+0000] {cursor.py:1149} INFO - Number of results in first chunk: 1
[2026-03-31T13:12:35.147+0000] {cursor.py:1149} INFO - Number of results in first chunk: 1
[2026-03-31T13:12:35.148+0000] {logging_mixin.py:188} INFO - ✅ Loaded 2000 rows into PAYMENTS
[2026-03-31T13:12:35.428+0000] {cursor.py:1149} INFO - Number of results in first chunk: 1
[2026-03-31T13:12:36.721+0000] {cursor.py:1149} INFO - Number of results in first chunk: 1
[2026-03-31T13:12:37.139+0000] {cursor.py:1149} INFO - Number of results in first chunk: 23
[2026-03-31T13:12:37.446+0000] {cursor.py:1149} INFO - Number of results in first chunk: 1
[2026-03-31T13:12:38.528+0000] {cursor.py:1149} INFO - Number of results in first chunk: 1
[2026-03-31T13:12:38.529+0000] {logging_mixin.py:188} INFO - ✅ Loaded 2000 rows into PAYMENTS
[2026-03-31T13:12:38.859+0000] {cursor.py:1149} INFO - Number of results in first chunk: 1
[2026-03-31T13:12:39.929+0000] {cursor.py:1149} INFO - Number of results in first chunk: 1
[2026-03-31T13:12:40.352+0000] {cursor.py:1149} INFO - Number of results in first chunk: 23
[2026-03-31T13:12:40.614+0000] {cursor.py:1149} INFO - Number of results in first chunk: 1
[2026-03-31T13:12:42.449+0000] {cursor.py:1149} INFO - Number of results in first chunk: 1
[2026-03-31T13:12:42.652+0000] {logging_mixin.py:188} INFO - ✅ Loaded 2000 rows into PAYMENTS
[2026-03-31T13:12:42.961+0000] {cursor.py:1149} INFO - Number of results in first chunk: 1
[2026-03-31T13:12:44.251+0000] {cursor.py:1149} INFO - Number of results in first chunk: 1
[2026-03-31T13:12:44.647+0000] {cursor.py:1149} INFO - Number of results in first chunk: 23
[2026-03-31T13:12:44.878+0000] {cursor.py:1149} INFO - Number of results in first chunk: 1
[2026-03-31T13:12:45.633+0000] {cursor.py:1149} INFO - Number of results in first chunk: 1
[2026-03-31T13:12:45.635+0000] {logging_mixin.py:188} INFO - ✅ Loaded 2000 rows into PAYMENTS
[2026-03-31T13:12:45.974+0000] {cursor.py:1149} INFO - Number of results in first chunk: 1
[2026-03-31T13:12:47.029+0000] {cursor.py:1149} INFO - Number of results in first chunk: 1
[2026-03-31T13:12:47.426+0000] {cursor.py:1149} INFO - Number of results in first chunk: 23
[2026-03-31T13:12:47.680+0000] {cursor.py:1149} INFO - Number of results in first chunk: 1
[2026-03-31T13:12:48.983+0000] {cursor.py:1149} INFO - Number of results in first chunk: 1
[2026-03-31T13:12:48.984+0000] {logging_mixin.py:188} INFO - ✅ Loaded 2000 rows into PAYMENTS
[2026-03-31T13:12:49.261+0000] {cursor.py:1149} INFO - Number of results in first chunk: 1
[2026-03-31T13:12:50.342+0000] {cursor.py:1149} INFO - Number of results in first chunk: 1
[2026-03-31T13:12:50.695+0000] {cursor.py:1149} INFO - Number of results in first chunk: 23
[2026-03-31T13:12:50.935+0000] {cursor.py:1149} INFO - Number of results in first chunk: 1
[2026-03-31T13:12:51.736+0000] {cursor.py:1149} INFO - Number of results in first chunk: 1
[2026-03-31T13:12:51.740+0000] {logging_mixin.py:188} INFO - ✅ Loaded 2000 rows into PAYMENTS
[2026-03-31T13:12:52.055+0000] {cursor.py:1149} INFO - Number of results in first chunk: 1
[2026-03-31T13:12:53.930+0000] {cursor.py:1149} INFO - Number of results in first chunk: 1
[2026-03-31T13:12:54.422+0000] {cursor.py:1149} INFO - Number of results in first chunk: 23
[2026-03-31T13:12:54.653+0000] {cursor.py:1149} INFO - Number of results in first chunk: 1
[2026-03-31T13:12:55.513+0000] {cursor.py:1149} INFO - Number of results in first chunk: 1
[2026-03-31T13:12:55.514+0000] {logging_mixin.py:188} INFO - ✅ Loaded 2000 rows into PAYMENTS
[2026-03-31T13:12:55.828+0000] {cursor.py:1149} INFO - Number of results in first chunk: 1
[2026-03-31T13:12:56.947+0000] {cursor.py:1149} INFO - Number of results in first chunk: 1
[2026-03-31T13:12:57.314+0000] {cursor.py:1149} INFO - Number of results in first chunk: 23
[2026-03-31T13:12:57.560+0000] {cursor.py:1149} INFO - Number of results in first chunk: 1
[2026-03-31T13:12:58.332+0000] {cursor.py:1149} INFO - Number of results in first chunk: 1
[2026-03-31T13:12:58.333+0000] {logging_mixin.py:188} INFO - ✅ Loaded 2000 rows into PAYMENTS
[2026-03-31T13:12:58.612+0000] {cursor.py:1149} INFO - Number of results in first chunk: 1
[2026-03-31T13:12:59.616+0000] {cursor.py:1149} INFO - Number of results in first chunk: 1
[2026-03-31T13:13:00.040+0000] {cursor.py:1149} INFO - Number of results in first chunk: 23
[2026-03-31T13:13:00.280+0000] {cursor.py:1149} INFO - Number of results in first chunk: 1
[2026-03-31T13:13:01.630+0000] {cursor.py:1149} INFO - Number of results in first chunk: 1
[2026-03-31T13:13:01.631+0000] {logging_mixin.py:188} INFO - ✅ Loaded 2000 rows into PAYMENTS
[2026-03-31T13:13:01.913+0000] {cursor.py:1149} INFO - Number of results in first chunk: 1
[2026-03-31T13:13:03.135+0000] {cursor.py:1149} INFO - Number of results in first chunk: 1
[2026-03-31T13:13:03.494+0000] {cursor.py:1149} INFO - Number of results in first chunk: 23
[2026-03-31T13:13:03.744+0000] {cursor.py:1149} INFO - Number of results in first chunk: 1
[2026-03-31T13:13:04.625+0000] {cursor.py:1149} INFO - Number of results in first chunk: 1
[2026-03-31T13:13:04.626+0000] {logging_mixin.py:188} INFO - ✅ Loaded 2000 rows into PAYMENTS
[2026-03-31T13:13:04.898+0000] {cursor.py:1149} INFO - Number of results in first chunk: 1
[2026-03-31T13:13:06.756+0000] {cursor.py:1149} INFO - Number of results in first chunk: 1
[2026-03-31T13:13:07.290+0000] {cursor.py:1149} INFO - Number of results in first chunk: 23
[2026-03-31T13:13:07.563+0000] {cursor.py:1149} INFO - Number of results in first chunk: 1
[2026-03-31T13:13:08.498+0000] {cursor.py:1149} INFO - Number of results in first chunk: 1
[2026-03-31T13:13:08.499+0000] {logging_mixin.py:188} INFO - ✅ Loaded 2000 rows into PAYMENTS
[2026-03-31T13:13:08.820+0000] {cursor.py:1149} INFO - Number of results in first chunk: 1
[2026-03-31T13:13:09.988+0000] {cursor.py:1149} INFO - Number of results in first chunk: 1
[2026-03-31T13:13:10.372+0000] {cursor.py:1149} INFO - Number of results in first chunk: 23
[2026-03-31T13:13:10.643+0000] {cursor.py:1149} INFO - Number of results in first chunk: 1
[2026-03-31T13:13:11.513+0000] {cursor.py:1149} INFO - Number of results in first chunk: 1
[2026-03-31T13:13:11.514+0000] {logging_mixin.py:188} INFO - ✅ Loaded 2000 rows into PAYMENTS
[2026-03-31T13:13:11.809+0000] {cursor.py:1149} INFO - Number of results in first chunk: 1
[2026-03-31T13:13:13.084+0000] {cursor.py:1149} INFO - Number of results in first chunk: 1
[2026-03-31T13:13:14.305+0000] {cursor.py:1149} INFO - Number of results in first chunk: 23
[2026-03-31T13:13:14.586+0000] {cursor.py:1149} INFO - Number of results in first chunk: 1
[2026-03-31T13:13:15.552+0000] {cursor.py:1149} INFO - Number of results in first chunk: 1
[2026-03-31T13:13:15.554+0000] {logging_mixin.py:188} INFO - ✅ Loaded 2000 rows into PAYMENTS
[2026-03-31T13:13:15.842+0000] {cursor.py:1149} INFO - Number of results in first chunk: 1
[2026-03-31T13:13:16.914+0000] {cursor.py:1149} INFO - Number of results in first chunk: 1
[2026-03-31T13:13:17.350+0000] {cursor.py:1149} INFO - Number of results in first chunk: 23
[2026-03-31T13:13:17.622+0000] {cursor.py:1149} INFO - Number of results in first chunk: 1
[2026-03-31T13:13:18.284+0000] {cursor.py:1149} INFO - Number of results in first chunk: 1
[2026-03-31T13:13:18.488+0000] {logging_mixin.py:188} INFO - ✅ Loaded 771 rows into PAYMENTS
[2026-03-31T13:13:18.775+0000] {cursor.py:1149} INFO - Number of results in first chunk: 1
[2026-03-31T13:13:21.038+0000] {cursor.py:1149} INFO - Number of results in first chunk: 1
[2026-03-31T13:13:21.417+0000] {cursor.py:1149} INFO - Number of results in first chunk: 23
[2026-03-31T13:13:21.676+0000] {cursor.py:1149} INFO - Number of results in first chunk: 1
[2026-03-31T13:13:22.396+0000] {cursor.py:1149} INFO - Number of results in first chunk: 1
[2026-03-31T13:13:22.397+0000] {logging_mixin.py:188} INFO - ✅ Loaded 2000 rows into PAYMENTS
[2026-03-31T13:13:22.687+0000] {cursor.py:1149} INFO - Number of results in first chunk: 1
[2026-03-31T13:13:23.800+0000] {cursor.py:1149} INFO - Number of results in first chunk: 1
[2026-03-31T13:13:24.170+0000] {cursor.py:1149} INFO - Number of results in first chunk: 23
[2026-03-31T13:13:24.995+0000] {cursor.py:1149} INFO - Number of results in first chunk: 1
[2026-03-31T13:13:25.725+0000] {cursor.py:1149} INFO - Number of results in first chunk: 1
[2026-03-31T13:13:25.729+0000] {logging_mixin.py:188} INFO - ✅ Loaded 2000 rows into PAYMENTS
[2026-03-31T13:13:26.053+0000] {cursor.py:1149} INFO - Number of results in first chunk: 1
[2026-03-31T13:13:27.215+0000] {cursor.py:1149} INFO - Number of results in first chunk: 1
[2026-03-31T13:13:27.628+0000] {cursor.py:1149} INFO - Number of results in first chunk: 23
[2026-03-31T13:13:27.862+0000] {cursor.py:1149} INFO - Number of results in first chunk: 1
[2026-03-31T13:13:28.554+0000] {cursor.py:1149} INFO - Number of results in first chunk: 1
[2026-03-31T13:13:28.555+0000] {logging_mixin.py:188} INFO - ✅ Loaded 2000 rows into PAYMENTS
[2026-03-31T13:13:28.896+0000] {cursor.py:1149} INFO - Number of results in first chunk: 1
[2026-03-31T13:13:30.144+0000] {cursor.py:1149} INFO - Number of results in first chunk: 1
[2026-03-31T13:13:30.537+0000] {cursor.py:1149} INFO - Number of results in first chunk: 23
[2026-03-31T13:13:30.766+0000] {cursor.py:1149} INFO - Number of results in first chunk: 1
[2026-03-31T13:13:31.477+0000] {cursor.py:1149} INFO - Number of results in first chunk: 1
[2026-03-31T13:13:31.478+0000] {logging_mixin.py:188} INFO - ✅ Loaded 2000 rows into PAYMENTS
[2026-03-31T13:13:31.938+0000] {cursor.py:1149} INFO - Number of results in first chunk: 1
[2026-03-31T13:13:33.019+0000] {cursor.py:1149} INFO - Number of results in first chunk: 1
[2026-03-31T13:13:33.366+0000] {cursor.py:1149} INFO - Number of results in first chunk: 23
[2026-03-31T13:13:33.598+0000] {cursor.py:1149} INFO - Number of results in first chunk: 1
[2026-03-31T13:13:34.324+0000] {cursor.py:1149} INFO - Number of results in first chunk: 1
[2026-03-31T13:13:34.325+0000] {logging_mixin.py:188} INFO - ✅ Loaded 2000 rows into PAYMENTS
[2026-03-31T13:13:34.635+0000] {cursor.py:1149} INFO - Number of results in first chunk: 1
[2026-03-31T13:13:36.353+0000] {cursor.py:1149} INFO - Number of results in first chunk: 1
[2026-03-31T13:13:36.723+0000] {cursor.py:1149} INFO - Number of results in first chunk: 23
[2026-03-31T13:13:36.957+0000] {cursor.py:1149} INFO - Number of results in first chunk: 1
[2026-03-31T13:13:37.691+0000] {cursor.py:1149} INFO - Number of results in first chunk: 1
[2026-03-31T13:13:37.695+0000] {logging_mixin.py:188} INFO - ✅ Loaded 2000 rows into PAYMENTS
[2026-03-31T13:13:38.034+0000] {cursor.py:1149} INFO - Number of results in first chunk: 1
[2026-03-31T13:13:39.787+0000] {cursor.py:1149} INFO - Number of results in first chunk: 1
[2026-03-31T13:13:41.152+0000] {cursor.py:1149} INFO - Number of results in first chunk: 23
[2026-03-31T13:13:41.381+0000] {cursor.py:1149} INFO - Number of results in first chunk: 1
[2026-03-31T13:13:42.182+0000] {cursor.py:1149} INFO - Number of results in first chunk: 1
[2026-03-31T13:13:42.194+0000] {logging_mixin.py:188} INFO - ✅ Loaded 2000 rows into PAYMENTS
[2026-03-31T13:13:42.482+0000] {cursor.py:1149} INFO - Number of results in first chunk: 1
[2026-03-31T13:13:44.211+0000] {cursor.py:1149} INFO - Number of results in first chunk: 1
[2026-03-31T13:13:44.637+0000] {cursor.py:1149} INFO - Number of results in first chunk: 23
[2026-03-31T13:13:44.864+0000] {cursor.py:1149} INFO - Number of results in first chunk: 1
[2026-03-31T13:13:45.627+0000] {cursor.py:1149} INFO - Number of results in first chunk: 1
[2026-03-31T13:13:45.630+0000] {logging_mixin.py:188} INFO - ✅ Loaded 2000 rows into PAYMENTS
[2026-03-31T13:13:45.952+0000] {cursor.py:1149} INFO - Number of results in first chunk: 1
[2026-03-31T13:13:47.037+0000] {cursor.py:1149} INFO - Number of results in first chunk: 1
[2026-03-31T13:13:47.418+0000] {cursor.py:1149} INFO - Number of results in first chunk: 23
[2026-03-31T13:13:47.660+0000] {cursor.py:1149} INFO - Number of results in first chunk: 1
[2026-03-31T13:13:48.463+0000] {cursor.py:1149} INFO - Number of results in first chunk: 1
[2026-03-31T13:13:48.464+0000] {logging_mixin.py:188} INFO - ✅ Loaded 2000 rows into PAYMENTS
[2026-03-31T13:13:48.812+0000] {cursor.py:1149} INFO - Number of results in first chunk: 1
[2026-03-31T13:13:50.648+0000] {cursor.py:1149} INFO - Number of results in first chunk: 1
[2026-03-31T13:13:51.750+0000] {cursor.py:1149} INFO - Number of results in first chunk: 23
[2026-03-31T13:13:52.098+0000] {cursor.py:1149} INFO - Number of results in first chunk: 1
[2026-03-31T13:13:52.973+0000] {cursor.py:1149} INFO - Number of results in first chunk: 1
[2026-03-31T13:13:52.974+0000] {logging_mixin.py:188} INFO - ✅ Loaded 2000 rows into PAYMENTS
[2026-03-31T13:13:53.270+0000] {cursor.py:1149} INFO - Number of results in first chunk: 1
[2026-03-31T13:13:54.841+0000] {cursor.py:1149} INFO - Number of results in first chunk: 1
[2026-03-31T13:13:55.195+0000] {cursor.py:1149} INFO - Number of results in first chunk: 23
[2026-03-31T13:13:55.529+0000] {cursor.py:1149} INFO - Number of results in first chunk: 1
[2026-03-31T13:13:56.332+0000] {cursor.py:1149} INFO - Number of results in first chunk: 1
[2026-03-31T13:13:56.333+0000] {logging_mixin.py:188} INFO - ✅ Loaded 2000 rows into PAYMENTS
[2026-03-31T13:13:56.817+0000] {cursor.py:1149} INFO - Number of results in first chunk: 1
[2026-03-31T13:13:57.999+0000] {cursor.py:1149} INFO - Number of results in first chunk: 1
[2026-03-31T13:13:58.434+0000] {cursor.py:1149} INFO - Number of results in first chunk: 23
[2026-03-31T13:13:58.694+0000] {cursor.py:1149} INFO - Number of results in first chunk: 1
[2026-03-31T13:13:59.733+0000] {cursor.py:1149} INFO - Number of results in first chunk: 1
[2026-03-31T13:13:59.735+0000] {logging_mixin.py:188} INFO - ✅ Loaded 2000 rows into PAYMENTS
[2026-03-31T13:14:00.055+0000] {cursor.py:1149} INFO - Number of results in first chunk: 1
[2026-03-31T13:14:01.157+0000] {cursor.py:1149} INFO - Number of results in first chunk: 1
[2026-03-31T13:14:01.574+0000] {cursor.py:1149} INFO - Number of results in first chunk: 23
[2026-03-31T13:14:03.868+0000] {cursor.py:1149} INFO - Number of results in first chunk: 1
[2026-03-31T13:14:05.060+0000] {cursor.py:1149} INFO - Number of results in first chunk: 1
[2026-03-31T13:14:05.061+0000] {logging_mixin.py:188} INFO - ✅ Loaded 2000 rows into PAYMENTS
[2026-03-31T13:14:05.342+0000] {cursor.py:1149} INFO - Number of results in first chunk: 1
[2026-03-31T13:14:06.653+0000] {cursor.py:1149} INFO - Number of results in first chunk: 1
[2026-03-31T13:14:07.184+0000] {cursor.py:1149} INFO - Number of results in first chunk: 23
[2026-03-31T13:14:07.441+0000] {cursor.py:1149} INFO - Number of results in first chunk: 1
[2026-03-31T13:14:08.482+0000] {cursor.py:1149} INFO - Number of results in first chunk: 1
[2026-03-31T13:14:08.483+0000] {logging_mixin.py:188} INFO - ✅ Loaded 2000 rows into PAYMENTS
[2026-03-31T13:14:08.868+0000] {cursor.py:1149} INFO - Number of results in first chunk: 1
[2026-03-31T13:14:10.219+0000] {cursor.py:1149} INFO - Number of results in first chunk: 1
[2026-03-31T13:14:10.618+0000] {cursor.py:1149} INFO - Number of results in first chunk: 23
[2026-03-31T13:14:10.930+0000] {cursor.py:1149} INFO - Number of results in first chunk: 1
[2026-03-31T13:14:11.752+0000] {cursor.py:1149} INFO - Number of results in first chunk: 1
[2026-03-31T13:14:11.753+0000] {logging_mixin.py:188} INFO - ✅ Loaded 2000 rows into PAYMENTS
[2026-03-31T13:14:12.711+0000] {cursor.py:1149} INFO - Number of results in first chunk: 1
[2026-03-31T13:14:14.207+0000] {cursor.py:1149} INFO - Number of results in first chunk: 1
[2026-03-31T13:14:14.583+0000] {cursor.py:1149} INFO - Number of results in first chunk: 23
[2026-03-31T13:14:14.827+0000] {cursor.py:1149} INFO - Number of results in first chunk: 1
[2026-03-31T13:14:15.685+0000] {cursor.py:1149} INFO - Number of results in first chunk: 1
[2026-03-31T13:14:15.686+0000] {logging_mixin.py:188} INFO - ✅ Loaded 2000 rows into PAYMENTS
[2026-03-31T13:14:16.067+0000] {cursor.py:1149} INFO - Number of results in first chunk: 1
[2026-03-31T13:14:17.267+0000] {cursor.py:1149} INFO - Number of results in first chunk: 1
[2026-03-31T13:14:17.665+0000] {cursor.py:1149} INFO - Number of results in first chunk: 23
[2026-03-31T13:14:18.118+0000] {cursor.py:1149} INFO - Number of results in first chunk: 1
[2026-03-31T13:14:19.481+0000] {cursor.py:1149} INFO - Number of results in first chunk: 1
[2026-03-31T13:14:19.482+0000] {logging_mixin.py:188} INFO - ✅ Loaded 2000 rows into PAYMENTS
[2026-03-31T13:14:19.802+0000] {cursor.py:1149} INFO - Number of results in first chunk: 1
[2026-03-31T13:14:20.968+0000] {cursor.py:1149} INFO - Number of results in first chunk: 1
[2026-03-31T13:14:21.343+0000] {cursor.py:1149} INFO - Number of results in first chunk: 23
[2026-03-31T13:14:21.595+0000] {cursor.py:1149} INFO - Number of results in first chunk: 1
[2026-03-31T13:14:22.417+0000] {cursor.py:1149} INFO - Number of results in first chunk: 1
[2026-03-31T13:14:22.418+0000] {logging_mixin.py:188} INFO - ✅ Loaded 2000 rows into PAYMENTS
[2026-03-31T13:14:22.734+0000] {cursor.py:1149} INFO - Number of results in first chunk: 1
[2026-03-31T13:14:24.543+0000] {cursor.py:1149} INFO - Number of results in first chunk: 1
[2026-03-31T13:14:24.942+0000] {cursor.py:1149} INFO - Number of results in first chunk: 23
[2026-03-31T13:14:25.204+0000] {cursor.py:1149} INFO - Number of results in first chunk: 1
[2026-03-31T13:14:26.000+0000] {cursor.py:1149} INFO - Number of results in first chunk: 1
[2026-03-31T13:14:26.001+0000] {logging_mixin.py:188} INFO - ✅ Loaded 2000 rows into PAYMENTS
[2026-03-31T13:14:26.432+0000] {cursor.py:1149} INFO - Number of results in first chunk: 1
[2026-03-31T13:14:27.627+0000] {cursor.py:1149} INFO - Number of results in first chunk: 1
[2026-03-31T13:14:27.981+0000] {cursor.py:1149} INFO - Number of results in first chunk: 23
[2026-03-31T13:14:28.230+0000] {cursor.py:1149} INFO - Number of results in first chunk: 1
[2026-03-31T13:14:28.968+0000] {cursor.py:1149} INFO - Number of results in first chunk: 1
[2026-03-31T13:14:28.969+0000] {logging_mixin.py:188} INFO - ✅ Loaded 2000 rows into PAYMENTS
[2026-03-31T13:14:29.325+0000] {cursor.py:1149} INFO - Number of results in first chunk: 1
[2026-03-31T13:14:30.387+0000] {cursor.py:1149} INFO - Number of results in first chunk: 1
[2026-03-31T13:14:30.766+0000] {cursor.py:1149} INFO - Number of results in first chunk: 23
[2026-03-31T13:14:31.028+0000] {cursor.py:1149} INFO - Number of results in first chunk: 1
[2026-03-31T13:14:31.790+0000] {cursor.py:1149} INFO - Number of results in first chunk: 1
[2026-03-31T13:14:31.791+0000] {logging_mixin.py:188} INFO - ✅ Loaded 2000 rows into PAYMENTS
[2026-03-31T13:14:32.134+0000] {cursor.py:1149} INFO - Number of results in first chunk: 1
[2026-03-31T13:14:33.333+0000] {cursor.py:1149} INFO - Number of results in first chunk: 1
[2026-03-31T13:14:33.686+0000] {cursor.py:1149} INFO - Number of results in first chunk: 23
[2026-03-31T13:14:33.936+0000] {cursor.py:1149} INFO - Number of results in first chunk: 1
[2026-03-31T13:14:34.835+0000] {cursor.py:1149} INFO - Number of results in first chunk: 1
[2026-03-31T13:14:34.836+0000] {logging_mixin.py:188} INFO - ✅ Loaded 2000 rows into PAYMENTS
[2026-03-31T13:14:35.172+0000] {cursor.py:1149} INFO - Number of results in first chunk: 1
[2026-03-31T13:14:36.683+0000] {cursor.py:1149} INFO - Number of results in first chunk: 1
[2026-03-31T13:14:37.063+0000] {cursor.py:1149} INFO - Number of results in first chunk: 23
[2026-03-31T13:14:37.308+0000] {cursor.py:1149} INFO - Number of results in first chunk: 1
[2026-03-31T13:14:38.088+0000] {cursor.py:1149} INFO - Number of results in first chunk: 1
[2026-03-31T13:14:38.091+0000] {logging_mixin.py:188} INFO - ✅ Loaded 2000 rows into PAYMENTS
[2026-03-31T13:14:38.426+0000] {cursor.py:1149} INFO - Number of results in first chunk: 1
[2026-03-31T13:14:39.690+0000] {cursor.py:1149} INFO - Number of results in first chunk: 1
[2026-03-31T13:14:40.057+0000] {cursor.py:1149} INFO - Number of results in first chunk: 23
[2026-03-31T13:14:40.429+0000] {cursor.py:1149} INFO - Number of results in first chunk: 1
[2026-03-31T13:14:41.309+0000] {cursor.py:1149} INFO - Number of results in first chunk: 1
[2026-03-31T13:14:41.310+0000] {logging_mixin.py:188} INFO - ✅ Loaded 2000 rows into PAYMENTS
[2026-03-31T13:14:42.132+0000] {cursor.py:1149} INFO - Number of results in first chunk: 1
[2026-03-31T13:14:43.327+0000] {cursor.py:1149} INFO - Number of results in first chunk: 1
[2026-03-31T13:14:43.704+0000] {cursor.py:1149} INFO - Number of results in first chunk: 23
[2026-03-31T13:14:43.969+0000] {cursor.py:1149} INFO - Number of results in first chunk: 1
[2026-03-31T13:14:44.814+0000] {cursor.py:1149} INFO - Number of results in first chunk: 1
[2026-03-31T13:14:44.815+0000] {logging_mixin.py:188} INFO - ✅ Loaded 2000 rows into PAYMENTS
[2026-03-31T13:14:45.116+0000] {cursor.py:1149} INFO - Number of results in first chunk: 1
[2026-03-31T13:14:46.166+0000] {cursor.py:1149} INFO - Number of results in first chunk: 1
[2026-03-31T13:14:46.918+0000] {cursor.py:1149} INFO - Number of results in first chunk: 23
[2026-03-31T13:14:47.177+0000] {cursor.py:1149} INFO - Number of results in first chunk: 1
[2026-03-31T13:14:47.965+0000] {cursor.py:1149} INFO - Number of results in first chunk: 1
[2026-03-31T13:14:47.967+0000] {logging_mixin.py:188} INFO - ✅ Loaded 1164 rows into PAYMENTS
[2026-03-31T13:14:48.268+0000] {cursor.py:1149} INFO - Number of results in first chunk: 1
[2026-03-31T13:14:49.299+0000] {cursor.py:1149} INFO - Number of results in first chunk: 1
[2026-03-31T13:14:49.670+0000] {cursor.py:1149} INFO - Number of results in first chunk: 23
[2026-03-31T13:14:49.929+0000] {cursor.py:1149} INFO - Number of results in first chunk: 1
[2026-03-31T13:14:50.724+0000] {cursor.py:1149} INFO - Number of results in first chunk: 1
[2026-03-31T13:14:50.725+0000] {logging_mixin.py:188} INFO - ✅ Loaded 845 rows into PAYMENTS
[2026-03-31T13:14:51.035+0000] {cursor.py:1149} INFO - Number of results in first chunk: 1
[2026-03-31T13:14:52.748+0000] {cursor.py:1149} INFO - Number of results in first chunk: 1
[2026-03-31T13:14:53.305+0000] {cursor.py:1149} INFO - Number of results in first chunk: 23
[2026-03-31T13:14:53.547+0000] {cursor.py:1149} INFO - Number of results in first chunk: 1
[2026-03-31T13:14:54.436+0000] {cursor.py:1149} INFO - Number of results in first chunk: 1
[2026-03-31T13:14:54.437+0000] {logging_mixin.py:188} INFO - ✅ Loaded 2000 rows into PAYMENTS
[2026-03-31T13:14:54.741+0000] {cursor.py:1149} INFO - Number of results in first chunk: 1
[2026-03-31T13:14:55.954+0000] {cursor.py:1149} INFO - Number of results in first chunk: 1
[2026-03-31T13:14:56.300+0000] {cursor.py:1149} INFO - Number of results in first chunk: 23
[2026-03-31T13:14:56.539+0000] {cursor.py:1149} INFO - Number of results in first chunk: 1
[2026-03-31T13:14:57.419+0000] {cursor.py:1149} INFO - Number of results in first chunk: 1
[2026-03-31T13:14:57.420+0000] {logging_mixin.py:188} INFO - ✅ Loaded 2000 rows into PAYMENTS
[2026-03-31T13:14:57.725+0000] {cursor.py:1149} INFO - Number of results in first chunk: 1
[2026-03-31T13:14:58.856+0000] {cursor.py:1149} INFO - Number of results in first chunk: 1
[2026-03-31T13:14:59.769+0000] {cursor.py:1149} INFO - Number of results in first chunk: 23
[2026-03-31T13:15:00.519+0000] {cursor.py:1149} INFO - Number of results in first chunk: 1
[2026-03-31T13:15:01.743+0000] {cursor.py:1149} INFO - Number of results in first chunk: 1
[2026-03-31T13:15:01.744+0000] {logging_mixin.py:188} INFO - ✅ Loaded 2000 rows into PAYMENTS
[2026-03-31T13:15:02.049+0000] {cursor.py:1149} INFO - Number of results in first chunk: 1
[2026-03-31T13:15:03.152+0000] {cursor.py:1149} INFO - Number of results in first chunk: 1
[2026-03-31T13:15:03.528+0000] {cursor.py:1149} INFO - Number of results in first chunk: 23
[2026-03-31T13:15:03.776+0000] {cursor.py:1149} INFO - Number of results in first chunk: 1
[2026-03-31T13:15:04.542+0000] {cursor.py:1149} INFO - Number of results in first chunk: 1
[2026-03-31T13:15:04.543+0000] {logging_mixin.py:188} INFO - ✅ Loaded 2000 rows into PAYMENTS
[2026-03-31T13:15:04.840+0000] {cursor.py:1149} INFO - Number of results in first chunk: 1
[2026-03-31T13:15:06.865+0000] {cursor.py:1149} INFO - Number of results in first chunk: 1
[2026-03-31T13:15:08.206+0000] {cursor.py:1149} INFO - Number of results in first chunk: 23
[2026-03-31T13:15:08.590+0000] {cursor.py:1149} INFO - Number of results in first chunk: 1
[2026-03-31T13:15:10.070+0000] {cursor.py:1149} INFO - Number of results in first chunk: 1
[2026-03-31T13:15:10.071+0000] {logging_mixin.py:188} INFO - ✅ Loaded 2000 rows into PAYMENTS
[2026-03-31T13:15:10.425+0000] {cursor.py:1149} INFO - Number of results in first chunk: 1
[2026-03-31T13:15:11.722+0000] {cursor.py:1149} INFO - Number of results in first chunk: 1
[2026-03-31T13:15:12.624+0000] {cursor.py:1149} INFO - Number of results in first chunk: 23
[2026-03-31T13:15:13.143+0000] {cursor.py:1149} INFO - Number of results in first chunk: 1
[2026-03-31T13:15:14.938+0000] {cursor.py:1149} INFO - Number of results in first chunk: 1
[2026-03-31T13:15:14.939+0000] {logging_mixin.py:188} INFO - ✅ Loaded 2000 rows into PAYMENTS
[2026-03-31T13:15:15.299+0000] {cursor.py:1149} INFO - Number of results in first chunk: 1
[2026-03-31T13:15:17.260+0000] {cursor.py:1149} INFO - Number of results in first chunk: 1
[2026-03-31T13:15:19.166+0000] {cursor.py:1149} INFO - Number of results in first chunk: 23
[2026-03-31T13:15:22.416+0000] {cursor.py:1149} INFO - Number of results in first chunk: 1
[2026-03-31T13:15:23.529+0000] {cursor.py:1149} INFO - Number of results in first chunk: 1
[2026-03-31T13:15:23.530+0000] {logging_mixin.py:188} INFO - ✅ Loaded 2000 rows into PAYMENTS
[2026-03-31T13:15:24.037+0000] {cursor.py:1149} INFO - Number of results in first chunk: 1
[2026-03-31T13:15:25.487+0000] {cursor.py:1149} INFO - Number of results in first chunk: 1
[2026-03-31T13:15:26.142+0000] {cursor.py:1149} INFO - Number of results in first chunk: 23
[2026-03-31T13:15:26.402+0000] {cursor.py:1149} INFO - Number of results in first chunk: 1
[2026-03-31T13:15:27.273+0000] {cursor.py:1149} INFO - Number of results in first chunk: 1
[2026-03-31T13:15:27.275+0000] {logging_mixin.py:188} INFO - ✅ Loaded 2000 rows into PAYMENTS
[2026-03-31T13:15:27.593+0000] {cursor.py:1149} INFO - Number of results in first chunk: 1
[2026-03-31T13:15:28.561+0000] {cursor.py:1149} INFO - Number of results in first chunk: 1
[2026-03-31T13:15:28.931+0000] {cursor.py:1149} INFO - Number of results in first chunk: 23
[2026-03-31T13:15:29.186+0000] {cursor.py:1149} INFO - Number of results in first chunk: 1
[2026-03-31T13:15:29.961+0000] {cursor.py:1149} INFO - Number of results in first chunk: 1
[2026-03-31T13:15:29.962+0000] {logging_mixin.py:188} INFO - ✅ Loaded 1220 rows into PAYMENTS
[2026-03-31T13:15:30.242+0000] {cursor.py:1149} INFO - Number of results in first chunk: 1
[2026-03-31T13:15:33.534+0000] {cursor.py:1149} INFO - Number of results in first chunk: 1
[2026-03-31T13:15:33.884+0000] {cursor.py:1149} INFO - Number of results in first chunk: 23
[2026-03-31T13:15:34.249+0000] {cursor.py:1149} INFO - Number of results in first chunk: 1
[2026-03-31T13:15:35.548+0000] {cursor.py:1149} INFO - Number of results in first chunk: 1
[2026-03-31T13:15:35.549+0000] {logging_mixin.py:188} INFO - ✅ Loaded 223 rows into PROMOTIONS
[2026-03-31T13:15:35.954+0000] {cursor.py:1149} INFO - Number of results in first chunk: 1
[2026-03-31T13:15:40.299+0000] {cursor.py:1149} INFO - Number of results in first chunk: 1
[2026-03-31T13:15:40.678+0000] {cursor.py:1149} INFO - Number of results in first chunk: 23
[2026-03-31T13:15:40.926+0000] {cursor.py:1149} INFO - Number of results in first chunk: 1
[2026-03-31T13:15:41.596+0000] {cursor.py:1149} INFO - Number of results in first chunk: 1
[2026-03-31T13:15:41.597+0000] {logging_mixin.py:188} INFO - ✅ Loaded 1086 rows into PROMOTIONS
[2026-03-31T13:15:41.869+0000] {cursor.py:1149} INFO - Number of results in first chunk: 1
[2026-03-31T13:15:45.007+0000] {cursor.py:1149} INFO - Number of results in first chunk: 1
[2026-03-31T13:15:45.372+0000] {cursor.py:1149} INFO - Number of results in first chunk: 23
[2026-03-31T13:15:45.668+0000] {cursor.py:1149} INFO - Number of results in first chunk: 1
[2026-03-31T13:15:46.379+0000] {cursor.py:1149} INFO - Number of results in first chunk: 1
[2026-03-31T13:15:46.380+0000] {logging_mixin.py:188} INFO - ✅ Loaded 1069 rows into PROMOTIONS
[2026-03-31T13:15:47.206+0000] {cursor.py:1149} INFO - Number of results in first chunk: 1
[2026-03-31T13:15:49.978+0000] {cursor.py:1149} INFO - Number of results in first chunk: 1
[2026-03-31T13:15:50.354+0000] {cursor.py:1149} INFO - Number of results in first chunk: 23
[2026-03-31T13:15:50.587+0000] {cursor.py:1149} INFO - Number of results in first chunk: 1
[2026-03-31T13:15:51.323+0000] {cursor.py:1149} INFO - Number of results in first chunk: 1
[2026-03-31T13:15:51.324+0000] {logging_mixin.py:188} INFO - ✅ Loaded 1205 rows into PROMOTIONS
[2026-03-31T13:15:51.908+0000] {cursor.py:1149} INFO - Number of results in first chunk: 1
[2026-03-31T13:15:54.395+0000] {cursor.py:1149} INFO - Number of results in first chunk: 1
[2026-03-31T13:15:54.763+0000] {cursor.py:1149} INFO - Number of results in first chunk: 23
[2026-03-31T13:15:55.004+0000] {cursor.py:1149} INFO - Number of results in first chunk: 1
[2026-03-31T13:15:55.745+0000] {cursor.py:1149} INFO - Number of results in first chunk: 1
[2026-03-31T13:15:55.748+0000] {logging_mixin.py:188} INFO - ✅ Loaded 1417 rows into PROMOTIONS
[2026-03-31T13:15:56.063+0000] {cursor.py:1149} INFO - Number of results in first chunk: 1
[2026-03-31T13:15:58.451+0000] {cursor.py:1149} INFO - Number of results in first chunk: 1
[2026-03-31T13:15:58.809+0000] {cursor.py:1149} INFO - Number of results in first chunk: 23
[2026-03-31T13:15:59.066+0000] {cursor.py:1149} INFO - Number of results in first chunk: 1
[2026-03-31T13:15:59.738+0000] {cursor.py:1149} INFO - Number of results in first chunk: 1
[2026-03-31T13:15:59.739+0000] {logging_mixin.py:188} INFO - ✅ Loaded 1183 rows into PROMOTIONS
[2026-03-31T13:16:00.032+0000] {cursor.py:1149} INFO - Number of results in first chunk: 1
[2026-03-31T13:16:02.789+0000] {cursor.py:1149} INFO - Number of results in first chunk: 1
[2026-03-31T13:16:03.123+0000] {cursor.py:1149} INFO - Number of results in first chunk: 23
[2026-03-31T13:16:03.372+0000] {cursor.py:1149} INFO - Number of results in first chunk: 1
[2026-03-31T13:16:04.204+0000] {cursor.py:1149} INFO - Number of results in first chunk: 1
[2026-03-31T13:16:04.205+0000] {logging_mixin.py:188} INFO - ✅ Loaded 1340 rows into PROMOTIONS
[2026-03-31T13:16:04.502+0000] {cursor.py:1149} INFO - Number of results in first chunk: 1
[2026-03-31T13:16:07.461+0000] {cursor.py:1149} INFO - Number of results in first chunk: 1
[2026-03-31T13:16:07.934+0000] {cursor.py:1149} INFO - Number of results in first chunk: 23
[2026-03-31T13:16:08.201+0000] {cursor.py:1149} INFO - Number of results in first chunk: 1
[2026-03-31T13:16:09.156+0000] {cursor.py:1149} INFO - Number of results in first chunk: 1
[2026-03-31T13:16:09.157+0000] {logging_mixin.py:188} INFO - ✅ Loaded 1025 rows into PROMOTIONS
[2026-03-31T13:16:10.065+0000] {cursor.py:1149} INFO - Number of results in first chunk: 1
[2026-03-31T13:16:13.636+0000] {cursor.py:1149} INFO - Number of results in first chunk: 1
[2026-03-31T13:16:14.207+0000] {cursor.py:1149} INFO - Number of results in first chunk: 23
[2026-03-31T13:16:14.454+0000] {cursor.py:1149} INFO - Number of results in first chunk: 1
[2026-03-31T13:16:15.232+0000] {cursor.py:1149} INFO - Number of results in first chunk: 1
[2026-03-31T13:16:15.233+0000] {logging_mixin.py:188} INFO - ✅ Loaded 1034 rows into PROMOTIONS
[2026-03-31T13:16:16.302+0000] {cursor.py:1149} INFO - Number of results in first chunk: 1
[2026-03-31T13:16:18.970+0000] {cursor.py:1149} INFO - Number of results in first chunk: 1
[2026-03-31T13:16:19.528+0000] {cursor.py:1149} INFO - Number of results in first chunk: 23
[2026-03-31T13:16:19.772+0000] {cursor.py:1149} INFO - Number of results in first chunk: 1
[2026-03-31T13:16:20.542+0000] {cursor.py:1149} INFO - Number of results in first chunk: 1
[2026-03-31T13:16:20.543+0000] {logging_mixin.py:188} INFO - ✅ Loaded 418 rows into PROMOTIONS
[2026-03-31T13:16:20.930+0000] {cursor.py:1149} INFO - Number of results in first chunk: 1
[2026-03-31T13:16:22.547+0000] {cursor.py:1149} INFO - Number of results in first chunk: 1
[2026-03-31T13:16:22.935+0000] {cursor.py:1149} INFO - Number of results in first chunk: 29
[2026-03-31T13:16:25.192+0000] {cursor.py:1149} INFO - Number of results in first chunk: 1
[2026-03-31T13:16:25.870+0000] {cursor.py:1149} INFO - Number of results in first chunk: 1
[2026-03-31T13:16:25.871+0000] {logging_mixin.py:188} INFO - ✅ Loaded 89 rows into RESTAURANTS
[2026-03-31T13:16:26.332+0000] {cursor.py:1149} INFO - Number of results in first chunk: 1
[2026-03-31T13:16:28.915+0000] {cursor.py:1149} INFO - Number of results in first chunk: 1
[2026-03-31T13:16:29.296+0000] {cursor.py:1149} INFO - Number of results in first chunk: 29
[2026-03-31T13:16:29.523+0000] {cursor.py:1149} INFO - Number of results in first chunk: 1
[2026-03-31T13:16:30.202+0000] {cursor.py:1149} INFO - Number of results in first chunk: 1
[2026-03-31T13:16:30.203+0000] {logging_mixin.py:188} INFO - ✅ Loaded 1038 rows into RESTAURANTS
[2026-03-31T13:16:30.529+0000] {cursor.py:1149} INFO - Number of results in first chunk: 1
[2026-03-31T13:16:32.551+0000] {cursor.py:1149} INFO - Number of results in first chunk: 1
[2026-03-31T13:16:32.896+0000] {cursor.py:1149} INFO - Number of results in first chunk: 29
[2026-03-31T13:16:33.137+0000] {cursor.py:1149} INFO - Number of results in first chunk: 1
[2026-03-31T13:16:33.800+0000] {cursor.py:1149} INFO - Number of results in first chunk: 1
[2026-03-31T13:16:33.801+0000] {logging_mixin.py:188} INFO - ✅ Loaded 1044 rows into RESTAURANTS
[2026-03-31T13:16:34.089+0000] {cursor.py:1149} INFO - Number of results in first chunk: 1
[2026-03-31T13:16:36.244+0000] {cursor.py:1149} INFO - Number of results in first chunk: 1
[2026-03-31T13:16:36.618+0000] {cursor.py:1149} INFO - Number of results in first chunk: 29
[2026-03-31T13:16:36.850+0000] {cursor.py:1149} INFO - Number of results in first chunk: 1
[2026-03-31T13:16:37.644+0000] {cursor.py:1149} INFO - Number of results in first chunk: 1
[2026-03-31T13:16:37.646+0000] {logging_mixin.py:188} INFO - ✅ Loaded 1087 rows into RESTAURANTS
[2026-03-31T13:16:38.047+0000] {cursor.py:1149} INFO - Number of results in first chunk: 1
[2026-03-31T13:16:40.136+0000] {cursor.py:1149} INFO - Number of results in first chunk: 1
[2026-03-31T13:16:40.524+0000] {cursor.py:1149} INFO - Number of results in first chunk: 29
[2026-03-31T13:16:40.754+0000] {cursor.py:1149} INFO - Number of results in first chunk: 1
[2026-03-31T13:16:41.527+0000] {cursor.py:1149} INFO - Number of results in first chunk: 1
[2026-03-31T13:16:41.528+0000] {logging_mixin.py:188} INFO - ✅ Loaded 1082 rows into RESTAURANTS
[2026-03-31T13:16:41.820+0000] {cursor.py:1149} INFO - Number of results in first chunk: 1
[2026-03-31T13:16:43.521+0000] {cursor.py:1149} INFO - Number of results in first chunk: 1
[2026-03-31T13:16:43.878+0000] {cursor.py:1149} INFO - Number of results in first chunk: 29
[2026-03-31T13:16:44.121+0000] {cursor.py:1149} INFO - Number of results in first chunk: 1
[2026-03-31T13:16:44.793+0000] {cursor.py:1149} INFO - Number of results in first chunk: 1
[2026-03-31T13:16:44.798+0000] {logging_mixin.py:188} INFO - ✅ Loaded 660 rows into RESTAURANTS
[2026-03-31T13:16:45.083+0000] {cursor.py:1149} INFO - Number of results in first chunk: 1
[2026-03-31T13:16:47.431+0000] {cursor.py:1149} INFO - Number of results in first chunk: 1
[2026-03-31T13:16:48.522+0000] {cursor.py:1149} INFO - Number of results in first chunk: 23
[2026-03-31T13:16:48.844+0000] {cursor.py:1149} INFO - Number of results in first chunk: 1
[2026-03-31T13:16:49.524+0000] {cursor.py:1149} INFO - Number of results in first chunk: 1
[2026-03-31T13:16:49.525+0000] {logging_mixin.py:188} INFO - ✅ Loaded 2000 rows into REVIEWS
[2026-03-31T13:16:49.815+0000] {cursor.py:1149} INFO - Number of results in first chunk: 1
[2026-03-31T13:16:52.829+0000] {cursor.py:1149} INFO - Number of results in first chunk: 1
[2026-03-31T13:16:53.197+0000] {cursor.py:1149} INFO - Number of results in first chunk: 23
[2026-03-31T13:16:53.440+0000] {cursor.py:1149} INFO - Number of results in first chunk: 1
[2026-03-31T13:16:54.127+0000] {cursor.py:1149} INFO - Number of results in first chunk: 1
[2026-03-31T13:16:54.129+0000] {logging_mixin.py:188} INFO - ✅ Loaded 2000 rows into REVIEWS
[2026-03-31T13:16:54.494+0000] {cursor.py:1149} INFO - Number of results in first chunk: 1
[2026-03-31T13:16:57.509+0000] {cursor.py:1149} INFO - Number of results in first chunk: 1
[2026-03-31T13:16:58.006+0000] {cursor.py:1149} INFO - Number of results in first chunk: 23
[2026-03-31T13:16:58.239+0000] {cursor.py:1149} INFO - Number of results in first chunk: 1
[2026-03-31T13:16:58.924+0000] {cursor.py:1149} INFO - Number of results in first chunk: 1
[2026-03-31T13:16:58.925+0000] {logging_mixin.py:188} INFO - ✅ Loaded 2000 rows into REVIEWS
[2026-03-31T13:16:59.196+0000] {cursor.py:1149} INFO - Number of results in first chunk: 1
[2026-03-31T13:17:02.185+0000] {cursor.py:1149} INFO - Number of results in first chunk: 1
[2026-03-31T13:17:02.546+0000] {cursor.py:1149} INFO - Number of results in first chunk: 23
[2026-03-31T13:17:02.970+0000] {cursor.py:1149} INFO - Number of results in first chunk: 1
[2026-03-31T13:17:03.682+0000] {cursor.py:1149} INFO - Number of results in first chunk: 1
[2026-03-31T13:17:03.683+0000] {logging_mixin.py:188} INFO - ✅ Loaded 2000 rows into REVIEWS
[2026-03-31T13:17:03.943+0000] {cursor.py:1149} INFO - Number of results in first chunk: 1
[2026-03-31T13:17:06.532+0000] {cursor.py:1149} INFO - Number of results in first chunk: 1
[2026-03-31T13:17:06.930+0000] {cursor.py:1149} INFO - Number of results in first chunk: 23
[2026-03-31T13:17:07.180+0000] {cursor.py:1149} INFO - Number of results in first chunk: 1
[2026-03-31T13:17:08.484+0000] {cursor.py:1149} INFO - Number of results in first chunk: 1
[2026-03-31T13:17:08.485+0000] {logging_mixin.py:188} INFO - ✅ Loaded 2000 rows into REVIEWS
[2026-03-31T13:17:08.774+0000] {cursor.py:1149} INFO - Number of results in first chunk: 1
[2026-03-31T13:17:11.499+0000] {cursor.py:1149} INFO - Number of results in first chunk: 1
[2026-03-31T13:17:13.154+0000] {cursor.py:1149} INFO - Number of results in first chunk: 23
[2026-03-31T13:17:13.419+0000] {cursor.py:1149} INFO - Number of results in first chunk: 1
[2026-03-31T13:17:15.585+0000] {cursor.py:1149} INFO - Number of results in first chunk: 1
[2026-03-31T13:17:15.586+0000] {logging_mixin.py:188} INFO - ✅ Loaded 2000 rows into REVIEWS
[2026-03-31T13:17:17.289+0000] {cursor.py:1149} INFO - Number of results in first chunk: 1
[2026-03-31T13:17:25.191+0000] {cursor.py:1149} INFO - Number of results in first chunk: 1
[2026-03-31T13:17:26.235+0000] {cursor.py:1149} INFO - Number of results in first chunk: 23
[2026-03-31T13:17:26.671+0000] {cursor.py:1149} INFO - Number of results in first chunk: 1
[2026-03-31T13:17:27.613+0000] {cursor.py:1149} INFO - Number of results in first chunk: 1
[2026-03-31T13:17:27.614+0000] {logging_mixin.py:188} INFO - ✅ Loaded 2000 rows into REVIEWS
[2026-03-31T13:17:28.090+0000] {cursor.py:1149} INFO - Number of results in first chunk: 1
[2026-03-31T13:17:31.171+0000] {cursor.py:1149} INFO - Number of results in first chunk: 1
[2026-03-31T13:17:31.645+0000] {cursor.py:1149} INFO - Number of results in first chunk: 23
[2026-03-31T13:17:32.197+0000] {cursor.py:1149} INFO - Number of results in first chunk: 1
[2026-03-31T13:17:33.106+0000] {cursor.py:1149} INFO - Number of results in first chunk: 1
[2026-03-31T13:17:33.107+0000] {logging_mixin.py:188} INFO - ✅ Loaded 2000 rows into REVIEWS
[2026-03-31T13:17:33.723+0000] {cursor.py:1149} INFO - Number of results in first chunk: 1
[2026-03-31T13:17:36.676+0000] {cursor.py:1149} INFO - Number of results in first chunk: 1
[2026-03-31T13:17:37.162+0000] {cursor.py:1149} INFO - Number of results in first chunk: 23
[2026-03-31T13:17:37.735+0000] {cursor.py:1149} INFO - Number of results in first chunk: 1
[2026-03-31T13:17:38.648+0000] {cursor.py:1149} INFO - Number of results in first chunk: 1
[2026-03-31T13:17:38.649+0000] {logging_mixin.py:188} INFO - ✅ Loaded 2000 rows into REVIEWS
[2026-03-31T13:17:39.247+0000] {cursor.py:1149} INFO - Number of results in first chunk: 1
[2026-03-31T13:17:42.542+0000] {cursor.py:1149} INFO - Number of results in first chunk: 1
[2026-03-31T13:17:43.025+0000] {cursor.py:1149} INFO - Number of results in first chunk: 23
[2026-03-31T13:17:43.617+0000] {cursor.py:1149} INFO - Number of results in first chunk: 1
[2026-03-31T13:17:44.635+0000] {cursor.py:1149} INFO - Number of results in first chunk: 1
[2026-03-31T13:17:44.637+0000] {logging_mixin.py:188} INFO - ✅ Loaded 2000 rows into REVIEWS
[2026-03-31T13:17:45.255+0000] {cursor.py:1149} INFO - Number of results in first chunk: 1
[2026-03-31T13:17:48.374+0000] {cursor.py:1149} INFO - Number of results in first chunk: 1
[2026-03-31T13:17:49.088+0000] {cursor.py:1149} INFO - Number of results in first chunk: 23
[2026-03-31T13:17:49.591+0000] {cursor.py:1149} INFO - Number of results in first chunk: 1
[2026-03-31T13:17:50.594+0000] {cursor.py:1149} INFO - Number of results in first chunk: 1
[2026-03-31T13:17:50.595+0000] {logging_mixin.py:188} INFO - ✅ Loaded 1763 rows into REVIEWS
[2026-03-31T13:17:50.976+0000] {cursor.py:1149} INFO - Number of results in first chunk: 1
[2026-03-31T13:17:54.239+0000] {cursor.py:1149} INFO - Number of results in first chunk: 1
[2026-03-31T13:17:54.775+0000] {cursor.py:1149} INFO - Number of results in first chunk: 23
[2026-03-31T13:17:55.125+0000] {cursor.py:1149} INFO - Number of results in first chunk: 1
[2026-03-31T13:17:56.099+0000] {cursor.py:1149} INFO - Number of results in first chunk: 1
[2026-03-31T13:17:56.100+0000] {logging_mixin.py:188} INFO - ✅ Loaded 2000 rows into REVIEWS
[2026-03-31T13:17:56.465+0000] {cursor.py:1149} INFO - Number of results in first chunk: 1
[2026-03-31T13:17:59.514+0000] {cursor.py:1149} INFO - Number of results in first chunk: 1
[2026-03-31T13:18:00.160+0000] {cursor.py:1149} INFO - Number of results in first chunk: 23
[2026-03-31T13:18:00.470+0000] {cursor.py:1149} INFO - Number of results in first chunk: 1
[2026-03-31T13:18:01.562+0000] {cursor.py:1149} INFO - Number of results in first chunk: 1
[2026-03-31T13:18:01.563+0000] {logging_mixin.py:188} INFO - ✅ Loaded 2000 rows into REVIEWS
[2026-03-31T13:18:02.123+0000] {cursor.py:1149} INFO - Number of results in first chunk: 1
[2026-03-31T13:18:05.261+0000] {cursor.py:1149} INFO - Number of results in first chunk: 1
[2026-03-31T13:18:06.151+0000] {cursor.py:1149} INFO - Number of results in first chunk: 23
[2026-03-31T13:18:06.770+0000] {cursor.py:1149} INFO - Number of results in first chunk: 1
[2026-03-31T13:18:08.033+0000] {cursor.py:1149} INFO - Number of results in first chunk: 1
[2026-03-31T13:18:08.035+0000] {logging_mixin.py:188} INFO - ✅ Loaded 2000 rows into REVIEWS
[2026-03-31T13:18:08.944+0000] {cursor.py:1149} INFO - Number of results in first chunk: 1
[2026-03-31T13:18:14.747+0000] {cursor.py:1149} INFO - Number of results in first chunk: 1
[2026-03-31T13:18:16.078+0000] {cursor.py:1149} INFO - Number of results in first chunk: 23
[2026-03-31T13:18:16.842+0000] {cursor.py:1149} INFO - Number of results in first chunk: 1
[2026-03-31T13:18:17.963+0000] {cursor.py:1149} INFO - Number of results in first chunk: 1
[2026-03-31T13:18:17.964+0000] {logging_mixin.py:188} INFO - ✅ Loaded 2000 rows into REVIEWS
[2026-03-31T13:18:18.578+0000] {cursor.py:1149} INFO - Number of results in first chunk: 1
[2026-03-31T13:18:21.606+0000] {cursor.py:1149} INFO - Number of results in first chunk: 1
[2026-03-31T13:18:22.130+0000] {cursor.py:1149} INFO - Number of results in first chunk: 23
[2026-03-31T13:18:22.679+0000] {cursor.py:1149} INFO - Number of results in first chunk: 1
[2026-03-31T13:18:23.554+0000] {cursor.py:1149} INFO - Number of results in first chunk: 1
[2026-03-31T13:18:23.555+0000] {logging_mixin.py:188} INFO - ✅ Loaded 2000 rows into REVIEWS
[2026-03-31T13:18:24.101+0000] {cursor.py:1149} INFO - Number of results in first chunk: 1
[2026-03-31T13:18:26.518+0000] {cursor.py:1149} INFO - Number of results in first chunk: 1
[2026-03-31T13:18:27.467+0000] {cursor.py:1149} INFO - Number of results in first chunk: 23
[2026-03-31T13:18:28.335+0000] {cursor.py:1149} INFO - Number of results in first chunk: 1
[2026-03-31T13:18:29.420+0000] {cursor.py:1149} INFO - Number of results in first chunk: 1
[2026-03-31T13:18:29.421+0000] {logging_mixin.py:188} INFO - ✅ Loaded 2000 rows into REVIEWS
[2026-03-31T13:18:29.910+0000] {cursor.py:1149} INFO - Number of results in first chunk: 1
[2026-03-31T13:18:31.973+0000] {cursor.py:1149} INFO - Number of results in first chunk: 1
[2026-03-31T13:18:32.559+0000] {cursor.py:1149} INFO - Number of results in first chunk: 23
[2026-03-31T13:18:32.925+0000] {cursor.py:1149} INFO - Number of results in first chunk: 1
[2026-03-31T13:18:33.957+0000] {cursor.py:1149} INFO - Number of results in first chunk: 1
[2026-03-31T13:18:33.958+0000] {logging_mixin.py:188} INFO - ✅ Loaded 2000 rows into REVIEWS
[2026-03-31T13:18:34.355+0000] {cursor.py:1149} INFO - Number of results in first chunk: 1
[2026-03-31T13:18:37.121+0000] {cursor.py:1149} INFO - Number of results in first chunk: 1
[2026-03-31T13:18:37.724+0000] {cursor.py:1149} INFO - Number of results in first chunk: 23
[2026-03-31T13:18:38.137+0000] {cursor.py:1149} INFO - Number of results in first chunk: 1
[2026-03-31T13:18:39.498+0000] {cursor.py:1149} INFO - Number of results in first chunk: 1
[2026-03-31T13:18:39.499+0000] {logging_mixin.py:188} INFO - ✅ Loaded 2000 rows into REVIEWS
[2026-03-31T13:18:39.905+0000] {cursor.py:1149} INFO - Number of results in first chunk: 1
[2026-03-31T13:18:42.864+0000] {cursor.py:1149} INFO - Number of results in first chunk: 1
[2026-03-31T13:18:43.574+0000] {cursor.py:1149} INFO - Number of results in first chunk: 23
[2026-03-31T13:18:43.989+0000] {cursor.py:1149} INFO - Number of results in first chunk: 1
[2026-03-31T13:18:45.049+0000] {cursor.py:1149} INFO - Number of results in first chunk: 1
[2026-03-31T13:18:45.050+0000] {logging_mixin.py:188} INFO - ✅ Loaded 1277 rows into REVIEWS
[2026-03-31T13:18:45.437+0000] {cursor.py:1149} INFO - Number of results in first chunk: 1
[2026-03-31T13:18:48.041+0000] {cursor.py:1149} INFO - Number of results in first chunk: 1
[2026-03-31T13:18:48.595+0000] {cursor.py:1149} INFO - Number of results in first chunk: 23
[2026-03-31T13:18:49.204+0000] {cursor.py:1149} INFO - Number of results in first chunk: 1
[2026-03-31T13:18:49.996+0000] {cursor.py:1149} INFO - Number of results in first chunk: 1
[2026-03-31T13:18:49.997+0000] {logging_mixin.py:188} INFO - ✅ Loaded 2000 rows into REVIEWS
[2026-03-31T13:18:50.530+0000] {cursor.py:1149} INFO - Number of results in first chunk: 1
[2026-03-31T13:18:53.460+0000] {cursor.py:1149} INFO - Number of results in first chunk: 1
[2026-03-31T13:18:53.896+0000] {cursor.py:1149} INFO - Number of results in first chunk: 23
[2026-03-31T13:18:54.193+0000] {cursor.py:1149} INFO - Number of results in first chunk: 1
[2026-03-31T13:18:54.901+0000] {cursor.py:1149} INFO - Number of results in first chunk: 1
[2026-03-31T13:18:54.902+0000] {logging_mixin.py:188} INFO - ✅ Loaded 2000 rows into REVIEWS
[2026-03-31T13:18:55.217+0000] {cursor.py:1149} INFO - Number of results in first chunk: 1
[2026-03-31T13:18:57.931+0000] {cursor.py:1149} INFO - Number of results in first chunk: 1
[2026-03-31T13:18:58.462+0000] {cursor.py:1149} INFO - Number of results in first chunk: 23
[2026-03-31T13:18:58.971+0000] {cursor.py:1149} INFO - Number of results in first chunk: 1
[2026-03-31T13:18:59.773+0000] {cursor.py:1149} INFO - Number of results in first chunk: 1
[2026-03-31T13:18:59.774+0000] {logging_mixin.py:188} INFO - ✅ Loaded 2000 rows into REVIEWS
[2026-03-31T13:19:00.281+0000] {cursor.py:1149} INFO - Number of results in first chunk: 1
[2026-03-31T13:19:02.641+0000] {cursor.py:1149} INFO - Number of results in first chunk: 1
[2026-03-31T13:19:03.292+0000] {cursor.py:1149} INFO - Number of results in first chunk: 23
[2026-03-31T13:19:03.680+0000] {cursor.py:1149} INFO - Number of results in first chunk: 1
[2026-03-31T13:19:04.546+0000] {cursor.py:1149} INFO - Number of results in first chunk: 1
[2026-03-31T13:19:04.547+0000] {logging_mixin.py:188} INFO - ✅ Loaded 2000 rows into REVIEWS
[2026-03-31T13:19:05.163+0000] {cursor.py:1149} INFO - Number of results in first chunk: 1
[2026-03-31T13:19:06.770+0000] {cursor.py:1149} INFO - Number of results in first chunk: 1
[2026-03-31T13:19:07.346+0000] {cursor.py:1149} INFO - Number of results in first chunk: 23
[2026-03-31T13:19:07.645+0000] {cursor.py:1149} INFO - Number of results in first chunk: 1
[2026-03-31T13:19:08.916+0000] {cursor.py:1149} INFO - Number of results in first chunk: 1
[2026-03-31T13:19:08.917+0000] {logging_mixin.py:188} INFO - ✅ Loaded 2000 rows into REVIEWS
[2026-03-31T13:19:09.271+0000] {cursor.py:1149} INFO - Number of results in first chunk: 1
[2026-03-31T13:19:10.750+0000] {cursor.py:1149} INFO - Number of results in first chunk: 1
[2026-03-31T13:19:11.163+0000] {cursor.py:1149} INFO - Number of results in first chunk: 23
[2026-03-31T13:19:11.521+0000] {cursor.py:1149} INFO - Number of results in first chunk: 1
[2026-03-31T13:19:13.191+0000] {cursor.py:1149} INFO - Number of results in first chunk: 1
[2026-03-31T13:19:13.192+0000] {logging_mixin.py:188} INFO - ✅ Loaded 1984 rows into REVIEWS
[2026-03-31T13:19:13.491+0000] {cursor.py:1149} INFO - Number of results in first chunk: 1
[2026-03-31T13:19:14.958+0000] {cursor.py:1149} INFO - Number of results in first chunk: 1
[2026-03-31T13:19:15.337+0000] {cursor.py:1149} INFO - Number of results in first chunk: 23
[2026-03-31T13:19:15.627+0000] {cursor.py:1149} INFO - Number of results in first chunk: 1
[2026-03-31T13:19:16.537+0000] {cursor.py:1149} INFO - Number of results in first chunk: 1
[2026-03-31T13:19:16.538+0000] {logging_mixin.py:188} INFO - ✅ Loaded 2000 rows into REVIEWS
[2026-03-31T13:19:16.850+0000] {cursor.py:1149} INFO - Number of results in first chunk: 1
[2026-03-31T13:19:18.438+0000] {cursor.py:1149} INFO - Number of results in first chunk: 1
[2026-03-31T13:19:19.370+0000] {cursor.py:1149} INFO - Number of results in first chunk: 23
[2026-03-31T13:19:19.654+0000] {cursor.py:1149} INFO - Number of results in first chunk: 1
[2026-03-31T13:19:20.628+0000] {cursor.py:1149} INFO - Number of results in first chunk: 1
[2026-03-31T13:19:20.629+0000] {logging_mixin.py:188} INFO - ✅ Loaded 2000 rows into REVIEWS
[2026-03-31T13:19:20.954+0000] {cursor.py:1149} INFO - Number of results in first chunk: 1
[2026-03-31T13:19:22.335+0000] {cursor.py:1149} INFO - Number of results in first chunk: 1
[2026-03-31T13:19:22.735+0000] {cursor.py:1149} INFO - Number of results in first chunk: 23
[2026-03-31T13:19:22.997+0000] {cursor.py:1149} INFO - Number of results in first chunk: 1
[2026-03-31T13:19:24.030+0000] {cursor.py:1149} INFO - Number of results in first chunk: 1
[2026-03-31T13:19:24.031+0000] {logging_mixin.py:188} INFO - ✅ Loaded 1359 rows into REVIEWS
[2026-03-31T13:19:24.310+0000] {cursor.py:1149} INFO - Number of results in first chunk: 1
[2026-03-31T13:19:25.557+0000] {cursor.py:1149} INFO - Number of results in first chunk: 1
[2026-03-31T13:19:25.923+0000] {cursor.py:1149} INFO - Number of results in first chunk: 23
[2026-03-31T13:19:26.167+0000] {cursor.py:1149} INFO - Number of results in first chunk: 1
[2026-03-31T13:19:26.931+0000] {cursor.py:1149} INFO - Number of results in first chunk: 1
[2026-03-31T13:19:26.932+0000] {logging_mixin.py:188} INFO - ✅ Loaded 1214 rows into REVIEWS
[2026-03-31T13:19:27.203+0000] {cursor.py:1149} INFO - Number of results in first chunk: 1
[2026-03-31T13:19:28.406+0000] {cursor.py:1149} INFO - Number of results in first chunk: 1
[2026-03-31T13:19:28.777+0000] {cursor.py:1149} INFO - Number of results in first chunk: 23
[2026-03-31T13:19:29.016+0000] {cursor.py:1149} INFO - Number of results in first chunk: 1
[2026-03-31T13:19:30.087+0000] {cursor.py:1149} INFO - Number of results in first chunk: 1
[2026-03-31T13:19:30.088+0000] {logging_mixin.py:188} INFO - ✅ Loaded 1090 rows into REVIEWS
[2026-03-31T13:19:30.377+0000] {cursor.py:1149} INFO - Number of results in first chunk: 1
[2026-03-31T13:19:31.668+0000] {cursor.py:1149} INFO - Number of results in first chunk: 1
[2026-03-31T13:19:32.027+0000] {cursor.py:1149} INFO - Number of results in first chunk: 23
[2026-03-31T13:19:32.329+0000] {cursor.py:1149} INFO - Number of results in first chunk: 1
[2026-03-31T13:19:33.604+0000] {cursor.py:1149} INFO - Number of results in first chunk: 1
[2026-03-31T13:19:33.605+0000] {logging_mixin.py:188} INFO - ✅ Loaded 1089 rows into REVIEWS
[2026-03-31T13:19:33.933+0000] {cursor.py:1149} INFO - Number of results in first chunk: 1
[2026-03-31T13:19:34.956+0000] {cursor.py:1149} INFO - Number of results in first chunk: 1
[2026-03-31T13:19:35.341+0000] {cursor.py:1149} INFO - Number of results in first chunk: 23
[2026-03-31T13:19:35.579+0000] {cursor.py:1149} INFO - Number of results in first chunk: 1
[2026-03-31T13:19:37.076+0000] {cursor.py:1149} INFO - Number of results in first chunk: 1
[2026-03-31T13:19:37.077+0000] {logging_mixin.py:188} INFO - ✅ Loaded 224 rows into REVIEWS
[2026-03-31T13:19:37.374+0000] {cursor.py:1149} INFO - Number of results in first chunk: 1
[2026-03-31T13:19:38.346+0000] {cursor.py:1149} INFO - Number of results in first chunk: 1
[2026-03-31T13:19:38.707+0000] {cursor.py:1149} INFO - Number of results in first chunk: 22
[2026-03-31T13:19:39.061+0000] {cursor.py:1149} INFO - Number of results in first chunk: 1
[2026-03-31T13:19:39.884+0000] {cursor.py:1149} INFO - Number of results in first chunk: 1
[2026-03-31T13:19:39.885+0000] {logging_mixin.py:188} INFO - ✅ Loaded 110 rows into USERS
[2026-03-31T13:19:40.199+0000] {cursor.py:1149} INFO - Number of results in first chunk: 1
[2026-03-31T13:19:41.580+0000] {cursor.py:1149} INFO - Number of results in first chunk: 1
[2026-03-31T13:19:41.956+0000] {cursor.py:1149} INFO - Number of results in first chunk: 22
[2026-03-31T13:19:42.230+0000] {cursor.py:1149} INFO - Number of results in first chunk: 1
[2026-03-31T13:19:42.880+0000] {cursor.py:1149} INFO - Number of results in first chunk: 1
[2026-03-31T13:19:42.881+0000] {logging_mixin.py:188} INFO - ✅ Loaded 1180 rows into USERS
[2026-03-31T13:19:43.164+0000] {cursor.py:1149} INFO - Number of results in first chunk: 1
[2026-03-31T13:19:44.556+0000] {cursor.py:1149} INFO - Number of results in first chunk: 1
[2026-03-31T13:19:44.953+0000] {cursor.py:1149} INFO - Number of results in first chunk: 22
[2026-03-31T13:19:45.231+0000] {cursor.py:1149} INFO - Number of results in first chunk: 1
[2026-03-31T13:19:45.920+0000] {cursor.py:1149} INFO - Number of results in first chunk: 1
[2026-03-31T13:19:45.922+0000] {logging_mixin.py:188} INFO - ✅ Loaded 1178 rows into USERS
[2026-03-31T13:19:46.238+0000] {cursor.py:1149} INFO - Number of results in first chunk: 1
[2026-03-31T13:19:47.471+0000] {cursor.py:1149} INFO - Number of results in first chunk: 1
[2026-03-31T13:19:47.822+0000] {cursor.py:1149} INFO - Number of results in first chunk: 22
[2026-03-31T13:19:48.053+0000] {cursor.py:1149} INFO - Number of results in first chunk: 1
[2026-03-31T13:19:48.752+0000] {cursor.py:1149} INFO - Number of results in first chunk: 1
[2026-03-31T13:19:48.999+0000] {logging_mixin.py:188} INFO - ✅ Loaded 1058 rows into USERS
[2026-03-31T13:19:49.355+0000] {cursor.py:1149} INFO - Number of results in first chunk: 1
[2026-03-31T13:19:50.631+0000] {cursor.py:1149} INFO - Number of results in first chunk: 1
[2026-03-31T13:19:50.978+0000] {cursor.py:1149} INFO - Number of results in first chunk: 22
[2026-03-31T13:19:51.216+0000] {cursor.py:1149} INFO - Number of results in first chunk: 1
[2026-03-31T13:19:52.220+0000] {cursor.py:1149} INFO - Number of results in first chunk: 1
[2026-03-31T13:19:52.221+0000] {logging_mixin.py:188} INFO - ✅ Loaded 1142 rows into USERS
[2026-03-31T13:19:52.549+0000] {cursor.py:1149} INFO - Number of results in first chunk: 1
[2026-03-31T13:19:57.747+0000] {cursor.py:1149} INFO - Number of results in first chunk: 1
[2026-03-31T13:19:58.104+0000] {cursor.py:1149} INFO - Number of results in first chunk: 22
[2026-03-31T13:19:58.336+0000] {cursor.py:1149} INFO - Number of results in first chunk: 1
[2026-03-31T13:19:59.134+0000] {cursor.py:1149} INFO - Number of results in first chunk: 1
[2026-03-31T13:19:59.135+0000] {logging_mixin.py:188} INFO - ✅ Loaded 1155 rows into USERS
[2026-03-31T13:19:59.422+0000] {cursor.py:1149} INFO - Number of results in first chunk: 1
[2026-03-31T13:20:02.820+0000] {cursor.py:1149} INFO - Number of results in first chunk: 1
[2026-03-31T13:20:03.333+0000] {cursor.py:1149} INFO - Number of results in first chunk: 22
[2026-03-31T13:20:03.632+0000] {cursor.py:1149} INFO - Number of results in first chunk: 1
[2026-03-31T13:20:04.638+0000] {cursor.py:1149} INFO - Number of results in first chunk: 1
[2026-03-31T13:20:04.639+0000] {logging_mixin.py:188} INFO - ✅ Loaded 1221 rows into USERS
[2026-03-31T13:20:04.996+0000] {cursor.py:1149} INFO - Number of results in first chunk: 1
[2026-03-31T13:20:08.412+0000] {cursor.py:1149} INFO - Number of results in first chunk: 1
[2026-03-31T13:20:08.941+0000] {cursor.py:1149} INFO - Number of results in first chunk: 22
[2026-03-31T13:20:09.235+0000] {cursor.py:1149} INFO - Number of results in first chunk: 1
[2026-03-31T13:20:10.423+0000] {cursor.py:1149} INFO - Number of results in first chunk: 1
[2026-03-31T13:20:10.424+0000] {logging_mixin.py:188} INFO - ✅ Loaded 1079 rows into USERS
[2026-03-31T13:20:10.764+0000] {cursor.py:1149} INFO - Number of results in first chunk: 1
[2026-03-31T13:20:15.136+0000] {cursor.py:1149} INFO - Number of results in first chunk: 1
[2026-03-31T13:20:15.586+0000] {cursor.py:1149} INFO - Number of results in first chunk: 22
[2026-03-31T13:20:15.912+0000] {cursor.py:1149} INFO - Number of results in first chunk: 1
[2026-03-31T13:20:16.985+0000] {cursor.py:1149} INFO - Number of results in first chunk: 1
[2026-03-31T13:20:16.986+0000] {logging_mixin.py:188} INFO - ✅ Loaded 1123 rows into USERS
[2026-03-31T13:20:17.363+0000] {cursor.py:1149} INFO - Number of results in first chunk: 1
[2026-03-31T13:20:19.762+0000] {cursor.py:1149} INFO - Number of results in first chunk: 1
[2026-03-31T13:20:20.153+0000] {cursor.py:1149} INFO - Number of results in first chunk: 22
[2026-03-31T13:20:20.426+0000] {cursor.py:1149} INFO - Number of results in first chunk: 1
[2026-03-31T13:20:21.433+0000] {cursor.py:1149} INFO - Number of results in first chunk: 1
[2026-03-31T13:20:21.435+0000] {logging_mixin.py:188} INFO - ✅ Loaded 1017 rows into USERS
[2026-03-31T13:20:21.835+0000] {cursor.py:1149} INFO - Number of results in first chunk: 1
[2026-03-31T13:20:23.712+0000] {cursor.py:1149} INFO - Number of results in first chunk: 1
[2026-03-31T13:20:24.125+0000] {cursor.py:1149} INFO - Number of results in first chunk: 22
[2026-03-31T13:20:24.384+0000] {cursor.py:1149} INFO - Number of results in first chunk: 1
[2026-03-31T13:20:25.102+0000] {cursor.py:1149} INFO - Number of results in first chunk: 1
[2026-03-31T13:20:25.103+0000] {logging_mixin.py:188} INFO - ✅ Loaded 1061 rows into USERS
[2026-03-31T13:20:25.376+0000] {cursor.py:1149} INFO - Number of results in first chunk: 1
[2026-03-31T13:20:27.306+0000] {cursor.py:1149} INFO - Number of results in first chunk: 1
[2026-03-31T13:20:27.672+0000] {cursor.py:1149} INFO - Number of results in first chunk: 22
[2026-03-31T13:20:27.898+0000] {cursor.py:1149} INFO - Number of results in first chunk: 1
[2026-03-31T13:20:28.639+0000] {cursor.py:1149} INFO - Number of results in first chunk: 1
[2026-03-31T13:20:28.641+0000] {logging_mixin.py:188} INFO - ✅ Loaded 1102 rows into USERS
[2026-03-31T13:20:28.938+0000] {cursor.py:1149} INFO - Number of results in first chunk: 1
[2026-03-31T13:20:30.754+0000] {cursor.py:1149} INFO - Number of results in first chunk: 1
[2026-03-31T13:20:31.149+0000] {cursor.py:1149} INFO - Number of results in first chunk: 22
[2026-03-31T13:20:31.376+0000] {cursor.py:1149} INFO - Number of results in first chunk: 1
[2026-03-31T13:20:32.108+0000] {cursor.py:1149} INFO - Number of results in first chunk: 1
[2026-03-31T13:20:32.108+0000] {logging_mixin.py:188} INFO - ✅ Loaded 1090 rows into USERS
[2026-03-31T13:20:32.386+0000] {cursor.py:1149} INFO - Number of results in first chunk: 1
[2026-03-31T13:20:34.352+0000] {cursor.py:1149} INFO - Number of results in first chunk: 1
[2026-03-31T13:20:34.720+0000] {cursor.py:1149} INFO - Number of results in first chunk: 22
[2026-03-31T13:20:34.951+0000] {cursor.py:1149} INFO - Number of results in first chunk: 1
[2026-03-31T13:20:35.684+0000] {cursor.py:1149} INFO - Number of results in first chunk: 1
[2026-03-31T13:20:35.685+0000] {logging_mixin.py:188} INFO - ✅ Loaded 1129 rows into USERS
[2026-03-31T13:20:35.970+0000] {cursor.py:1149} INFO - Number of results in first chunk: 1
[2026-03-31T13:20:37.992+0000] {cursor.py:1149} INFO - Number of results in first chunk: 1
[2026-03-31T13:20:38.366+0000] {cursor.py:1149} INFO - Number of results in first chunk: 22
[2026-03-31T13:20:38.624+0000] {cursor.py:1149} INFO - Number of results in first chunk: 1
[2026-03-31T13:20:39.396+0000] {cursor.py:1149} INFO - Number of results in first chunk: 1
[2026-03-31T13:20:39.627+0000] {logging_mixin.py:188} INFO - ✅ Loaded 1165 rows into USERS
[2026-03-31T13:20:39.905+0000] {cursor.py:1149} INFO - Number of results in first chunk: 1
[2026-03-31T13:20:42.104+0000] {cursor.py:1149} INFO - Number of results in first chunk: 1
[2026-03-31T13:20:42.527+0000] {cursor.py:1149} INFO - Number of results in first chunk: 22
[2026-03-31T13:20:42.782+0000] {cursor.py:1149} INFO - Number of results in first chunk: 1
[2026-03-31T13:20:43.541+0000] {cursor.py:1149} INFO - Number of results in first chunk: 1
[2026-03-31T13:20:43.542+0000] {logging_mixin.py:188} INFO - ✅ Loaded 1169 rows into USERS
[2026-03-31T13:20:43.847+0000] {cursor.py:1149} INFO - Number of results in first chunk: 1
[2026-03-31T13:20:45.786+0000] {cursor.py:1149} INFO - Number of results in first chunk: 1
[2026-03-31T13:20:46.142+0000] {cursor.py:1149} INFO - Number of results in first chunk: 22
[2026-03-31T13:20:46.446+0000] {cursor.py:1149} INFO - Number of results in first chunk: 1
[2026-03-31T13:20:47.207+0000] {cursor.py:1149} INFO - Number of results in first chunk: 1
[2026-03-31T13:20:47.208+0000] {logging_mixin.py:188} INFO - ✅ Loaded 1089 rows into USERS
[2026-03-31T13:20:47.478+0000] {cursor.py:1149} INFO - Number of results in first chunk: 1
[2026-03-31T13:20:49.422+0000] {cursor.py:1149} INFO - Number of results in first chunk: 1
[2026-03-31T13:20:50.114+0000] {cursor.py:1149} INFO - Number of results in first chunk: 22
[2026-03-31T13:20:50.392+0000] {cursor.py:1149} INFO - Number of results in first chunk: 1
[2026-03-31T13:20:51.387+0000] {cursor.py:1149} INFO - Number of results in first chunk: 1
[2026-03-31T13:20:51.389+0000] {logging_mixin.py:188} INFO - ✅ Loaded 1084 rows into USERS
[2026-03-31T13:20:51.757+0000] {cursor.py:1149} INFO - Number of results in first chunk: 1
[2026-03-31T13:20:53.772+0000] {cursor.py:1149} INFO - Number of results in first chunk: 1
[2026-03-31T13:20:54.190+0000] {cursor.py:1149} INFO - Number of results in first chunk: 22
[2026-03-31T13:20:54.430+0000] {cursor.py:1149} INFO - Number of results in first chunk: 1
[2026-03-31T13:20:55.886+0000] {cursor.py:1149} INFO - Number of results in first chunk: 1
[2026-03-31T13:20:55.888+0000] {logging_mixin.py:188} INFO - ✅ Loaded 1213 rows into USERS
[2026-03-31T13:20:56.204+0000] {cursor.py:1149} INFO - Number of results in first chunk: 1
[2026-03-31T13:20:58.642+0000] {cursor.py:1149} INFO - Number of results in first chunk: 1
[2026-03-31T13:20:59.041+0000] {cursor.py:1149} INFO - Number of results in first chunk: 22
[2026-03-31T13:20:59.332+0000] {cursor.py:1149} INFO - Number of results in first chunk: 1
[2026-03-31T13:21:00.171+0000] {cursor.py:1149} INFO - Number of results in first chunk: 1
[2026-03-31T13:21:00.172+0000] {logging_mixin.py:188} INFO - ✅ Loaded 1101 rows into USERS
[2026-03-31T13:21:00.502+0000] {cursor.py:1149} INFO - Number of results in first chunk: 1
[2026-03-31T13:21:03.681+0000] {cursor.py:1149} INFO - Number of results in first chunk: 1
[2026-03-31T13:21:04.259+0000] {cursor.py:1149} INFO - Number of results in first chunk: 22
[2026-03-31T13:21:04.536+0000] {cursor.py:1149} INFO - Number of results in first chunk: 1
[2026-03-31T13:21:05.653+0000] {cursor.py:1149} INFO - Number of results in first chunk: 1
[2026-03-31T13:21:05.654+0000] {logging_mixin.py:188} INFO - ✅ Loaded 1007 rows into USERS
[2026-03-31T13:21:05.979+0000] {cursor.py:1149} INFO - Number of results in first chunk: 1
[2026-03-31T13:21:09.499+0000] {cursor.py:1149} INFO - Number of results in first chunk: 1
[2026-03-31T13:21:09.877+0000] {cursor.py:1149} INFO - Number of results in first chunk: 22
[2026-03-31T13:21:10.120+0000] {cursor.py:1149} INFO - Number of results in first chunk: 1
[2026-03-31T13:21:10.964+0000] {cursor.py:1149} INFO - Number of results in first chunk: 1
[2026-03-31T13:21:10.965+0000] {logging_mixin.py:188} INFO - ✅ Loaded 1020 rows into USERS
[2026-03-31T13:21:11.245+0000] {cursor.py:1149} INFO - Number of results in first chunk: 1
[2026-03-31T13:21:14.460+0000] {cursor.py:1149} INFO - Number of results in first chunk: 1
[2026-03-31T13:21:14.890+0000] {cursor.py:1149} INFO - Number of results in first chunk: 22
[2026-03-31T13:21:15.118+0000] {cursor.py:1149} INFO - Number of results in first chunk: 1
[2026-03-31T13:21:15.988+0000] {cursor.py:1149} INFO - Number of results in first chunk: 1
[2026-03-31T13:21:15.997+0000] {logging_mixin.py:188} INFO - ✅ Loaded 1031 rows into USERS
[2026-03-31T13:21:16.912+0000] {cursor.py:1149} INFO - Number of results in first chunk: 1
[2026-03-31T13:21:19.175+0000] {cursor.py:1149} INFO - Number of results in first chunk: 1
[2026-03-31T13:21:19.542+0000] {cursor.py:1149} INFO - Number of results in first chunk: 22
[2026-03-31T13:21:19.789+0000] {cursor.py:1149} INFO - Number of results in first chunk: 1
[2026-03-31T13:21:20.665+0000] {cursor.py:1149} INFO - Number of results in first chunk: 1
[2026-03-31T13:21:20.666+0000] {logging_mixin.py:188} INFO - ✅ Loaded 1060 rows into USERS
[2026-03-31T13:21:20.952+0000] {cursor.py:1149} INFO - Number of results in first chunk: 1
[2026-03-31T13:21:23.353+0000] {cursor.py:1149} INFO - Number of results in first chunk: 1
[2026-03-31T13:21:23.741+0000] {cursor.py:1149} INFO - Number of results in first chunk: 22
[2026-03-31T13:21:23.995+0000] {cursor.py:1149} INFO - Number of results in first chunk: 1
[2026-03-31T13:21:24.810+0000] {cursor.py:1149} INFO - Number of results in first chunk: 1
[2026-03-31T13:21:24.811+0000] {logging_mixin.py:188} INFO - ✅ Loaded 1095 rows into USERS
[2026-03-31T13:21:25.160+0000] {cursor.py:1149} INFO - Number of results in first chunk: 1
[2026-03-31T13:21:27.820+0000] {cursor.py:1149} INFO - Number of results in first chunk: 1
[2026-03-31T13:21:29.299+0000] {cursor.py:1149} INFO - Number of results in first chunk: 22
[2026-03-31T13:21:29.574+0000] {cursor.py:1149} INFO - Number of results in first chunk: 1
[2026-03-31T13:21:30.246+0000] {cursor.py:1149} INFO - Number of results in first chunk: 1
[2026-03-31T13:21:30.247+0000] {logging_mixin.py:188} INFO - ✅ Loaded 1241 rows into USERS
[2026-03-31T13:21:30.706+0000] {cursor.py:1149} INFO - Number of results in first chunk: 1
[2026-03-31T13:21:33.962+0000] {cursor.py:1149} INFO - Number of results in first chunk: 1
[2026-03-31T13:21:34.334+0000] {cursor.py:1149} INFO - Number of results in first chunk: 22
[2026-03-31T13:21:34.601+0000] {cursor.py:1149} INFO - Number of results in first chunk: 1
[2026-03-31T13:21:35.792+0000] {cursor.py:1149} INFO - Number of results in first chunk: 1
[2026-03-31T13:21:35.793+0000] {logging_mixin.py:188} INFO - ✅ Loaded 1113 rows into USERS
[2026-03-31T13:21:36.100+0000] {cursor.py:1149} INFO - Number of results in first chunk: 1
[2026-03-31T13:21:38.431+0000] {cursor.py:1149} INFO - Number of results in first chunk: 1
[2026-03-31T13:21:38.929+0000] {cursor.py:1149} INFO - Number of results in first chunk: 22
[2026-03-31T13:21:39.226+0000] {cursor.py:1149} INFO - Number of results in first chunk: 1
[2026-03-31T13:21:39.965+0000] {cursor.py:1149} INFO - Number of results in first chunk: 1
[2026-03-31T13:21:39.966+0000] {logging_mixin.py:188} INFO - ✅ Loaded 1142 rows into USERS
[2026-03-31T13:21:40.261+0000] {cursor.py:1149} INFO - Number of results in first chunk: 1
[2026-03-31T13:21:42.546+0000] {cursor.py:1149} INFO - Number of results in first chunk: 1
[2026-03-31T13:21:42.930+0000] {cursor.py:1149} INFO - Number of results in first chunk: 22
[2026-03-31T13:21:43.169+0000] {cursor.py:1149} INFO - Number of results in first chunk: 1
[2026-03-31T13:21:44.040+0000] {cursor.py:1149} INFO - Number of results in first chunk: 1
[2026-03-31T13:21:44.040+0000] {logging_mixin.py:188} INFO - ✅ Loaded 1114 rows into USERS
[2026-03-31T13:21:44.405+0000] {cursor.py:1149} INFO - Number of results in first chunk: 1
[2026-03-31T13:21:46.365+0000] {cursor.py:1149} INFO - Number of results in first chunk: 1
[2026-03-31T13:21:46.799+0000] {cursor.py:1149} INFO - Number of results in first chunk: 22
[2026-03-31T13:21:47.057+0000] {cursor.py:1149} INFO - Number of results in first chunk: 1
[2026-03-31T13:21:47.865+0000] {cursor.py:1149} INFO - Number of results in first chunk: 1
[2026-03-31T13:21:47.866+0000] {logging_mixin.py:188} INFO - ✅ Loaded 1076 rows into USERS
[2026-03-31T13:21:48.243+0000] {cursor.py:1149} INFO - Number of results in first chunk: 1
[2026-03-31T13:21:50.196+0000] {cursor.py:1149} INFO - Number of results in first chunk: 1
[2026-03-31T13:21:50.604+0000] {cursor.py:1149} INFO - Number of results in first chunk: 22
[2026-03-31T13:21:50.858+0000] {cursor.py:1149} INFO - Number of results in first chunk: 1
[2026-03-31T13:21:51.733+0000] {cursor.py:1149} INFO - Number of results in first chunk: 1
[2026-03-31T13:21:51.734+0000] {logging_mixin.py:188} INFO - ✅ Loaded 1029 rows into USERS
[2026-03-31T13:21:52.215+0000] {cursor.py:1149} INFO - Number of results in first chunk: 1
[2026-03-31T13:21:53.940+0000] {cursor.py:1149} INFO - Number of results in first chunk: 1
[2026-03-31T13:21:54.301+0000] {cursor.py:1149} INFO - Number of results in first chunk: 22
[2026-03-31T13:21:54.540+0000] {cursor.py:1149} INFO - Number of results in first chunk: 1
[2026-03-31T13:21:55.530+0000] {cursor.py:1149} INFO - Number of results in first chunk: 1
[2026-03-31T13:21:55.531+0000] {logging_mixin.py:188} INFO - ✅ Loaded 1088 rows into USERS
[2026-03-31T13:21:55.843+0000] {cursor.py:1149} INFO - Number of results in first chunk: 1
[2026-03-31T13:21:57.608+0000] {cursor.py:1149} INFO - Number of results in first chunk: 1
[2026-03-31T13:21:58.053+0000] {cursor.py:1149} INFO - Number of results in first chunk: 22
[2026-03-31T13:21:58.298+0000] {cursor.py:1149} INFO - Number of results in first chunk: 1
[2026-03-31T13:21:59.027+0000] {cursor.py:1149} INFO - Number of results in first chunk: 1
[2026-03-31T13:21:59.028+0000] {logging_mixin.py:188} INFO - ✅ Loaded 1026 rows into USERS
[2026-03-31T13:21:59.340+0000] {cursor.py:1149} INFO - Number of results in first chunk: 1
[2026-03-31T13:22:01.139+0000] {cursor.py:1149} INFO - Number of results in first chunk: 1
[2026-03-31T13:22:01.916+0000] {cursor.py:1149} INFO - Number of results in first chunk: 22
[2026-03-31T13:22:02.244+0000] {cursor.py:1149} INFO - Number of results in first chunk: 1
[2026-03-31T13:22:02.965+0000] {cursor.py:1149} INFO - Number of results in first chunk: 1
[2026-03-31T13:22:02.966+0000] {logging_mixin.py:188} INFO - ✅ Loaded 1005 rows into USERS
[2026-03-31T13:22:03.263+0000] {cursor.py:1149} INFO - Number of results in first chunk: 1
[2026-03-31T13:22:05.155+0000] {cursor.py:1149} INFO - Number of results in first chunk: 1
[2026-03-31T13:22:05.815+0000] {cursor.py:1149} INFO - Number of results in first chunk: 22
[2026-03-31T13:22:06.054+0000] {cursor.py:1149} INFO - Number of results in first chunk: 1
[2026-03-31T13:22:06.817+0000] {cursor.py:1149} INFO - Number of results in first chunk: 1
[2026-03-31T13:22:06.818+0000] {logging_mixin.py:188} INFO - ✅ Loaded 1220 rows into USERS
[2026-03-31T13:22:07.111+0000] {cursor.py:1149} INFO - Number of results in first chunk: 1
[2026-03-31T13:22:08.982+0000] {cursor.py:1149} INFO - Number of results in first chunk: 1
[2026-03-31T13:22:09.644+0000] {cursor.py:1149} INFO - Number of results in first chunk: 22
[2026-03-31T13:22:09.885+0000] {cursor.py:1149} INFO - Number of results in first chunk: 1
[2026-03-31T13:22:10.623+0000] {cursor.py:1149} INFO - Number of results in first chunk: 1
[2026-03-31T13:22:10.623+0000] {logging_mixin.py:188} INFO - ✅ Loaded 1220 rows into USERS
[2026-03-31T13:22:10.907+0000] {cursor.py:1149} INFO - Number of results in first chunk: 1
[2026-03-31T13:22:15.022+0000] {cursor.py:1149} INFO - Number of results in first chunk: 1
[2026-03-31T13:22:15.408+0000] {cursor.py:1149} INFO - Number of results in first chunk: 22
[2026-03-31T13:22:15.646+0000] {cursor.py:1149} INFO - Number of results in first chunk: 1
[2026-03-31T13:22:16.428+0000] {cursor.py:1149} INFO - Number of results in first chunk: 1
[2026-03-31T13:22:16.429+0000] {logging_mixin.py:188} INFO - ✅ Loaded 1158 rows into USERS
[2026-03-31T13:22:16.724+0000] {cursor.py:1149} INFO - Number of results in first chunk: 1
[2026-03-31T13:22:19.123+0000] {cursor.py:1149} INFO - Number of results in first chunk: 1
[2026-03-31T13:22:19.520+0000] {cursor.py:1149} INFO - Number of results in first chunk: 22
[2026-03-31T13:22:20.344+0000] {cursor.py:1149} INFO - Number of results in first chunk: 1
[2026-03-31T13:22:21.215+0000] {cursor.py:1149} INFO - Number of results in first chunk: 1
[2026-03-31T13:22:21.216+0000] {logging_mixin.py:188} INFO - ✅ Loaded 1175 rows into USERS
[2026-03-31T13:22:21.517+0000] {cursor.py:1149} INFO - Number of results in first chunk: 1
[2026-03-31T13:22:23.962+0000] {cursor.py:1149} INFO - Number of results in first chunk: 1
[2026-03-31T13:22:24.339+0000] {cursor.py:1149} INFO - Number of results in first chunk: 22
[2026-03-31T13:22:25.112+0000] {cursor.py:1149} INFO - Number of results in first chunk: 1
[2026-03-31T13:22:25.922+0000] {cursor.py:1149} INFO - Number of results in first chunk: 1
[2026-03-31T13:22:25.925+0000] {logging_mixin.py:188} INFO - ✅ Loaded 1154 rows into USERS
[2026-03-31T13:22:26.250+0000] {cursor.py:1149} INFO - Number of results in first chunk: 1
[2026-03-31T13:22:28.847+0000] {cursor.py:1149} INFO - Number of results in first chunk: 1
[2026-03-31T13:22:29.246+0000] {cursor.py:1149} INFO - Number of results in first chunk: 22
[2026-03-31T13:22:30.555+0000] {cursor.py:1149} INFO - Number of results in first chunk: 1
[2026-03-31T13:22:31.382+0000] {cursor.py:1149} INFO - Number of results in first chunk: 1
[2026-03-31T13:22:31.383+0000] {logging_mixin.py:188} INFO - ✅ Loaded 1223 rows into USERS
[2026-03-31T13:22:31.731+0000] {cursor.py:1149} INFO - Number of results in first chunk: 1
[2026-03-31T13:22:34.874+0000] {cursor.py:1149} INFO - Number of results in first chunk: 1
[2026-03-31T13:22:35.289+0000] {cursor.py:1149} INFO - Number of results in first chunk: 22
[2026-03-31T13:22:35.546+0000] {cursor.py:1149} INFO - Number of results in first chunk: 1
[2026-03-31T13:22:36.624+0000] {cursor.py:1149} INFO - Number of results in first chunk: 1
[2026-03-31T13:22:36.625+0000] {logging_mixin.py:188} INFO - ✅ Loaded 1004 rows into USERS
[2026-03-31T13:22:37.512+0000] {cursor.py:1149} INFO - Number of results in first chunk: 1
[2026-03-31T13:22:40.875+0000] {cursor.py:1149} INFO - Number of results in first chunk: 1
[2026-03-31T13:22:41.449+0000] {cursor.py:1149} INFO - Number of results in first chunk: 22
[2026-03-31T13:22:41.715+0000] {cursor.py:1149} INFO - Number of results in first chunk: 1
[2026-03-31T13:22:42.548+0000] {cursor.py:1149} INFO - Number of results in first chunk: 1
[2026-03-31T13:22:42.549+0000] {logging_mixin.py:188} INFO - ✅ Loaded 1137 rows into USERS
[2026-03-31T13:22:42.831+0000] {cursor.py:1149} INFO - Number of results in first chunk: 1
[2026-03-31T13:22:45.616+0000] {cursor.py:1149} INFO - Number of results in first chunk: 1
[2026-03-31T13:22:46.184+0000] {cursor.py:1149} INFO - Number of results in first chunk: 22
[2026-03-31T13:22:46.502+0000] {cursor.py:1149} INFO - Number of results in first chunk: 1
[2026-03-31T13:22:47.680+0000] {cursor.py:1149} INFO - Number of results in first chunk: 1
[2026-03-31T13:22:47.681+0000] {logging_mixin.py:188} INFO - ✅ Loaded 1099 rows into USERS
[2026-03-31T13:22:48.002+0000] {cursor.py:1149} INFO - Number of results in first chunk: 1
[2026-03-31T13:22:51.155+0000] {cursor.py:1149} INFO - Number of results in first chunk: 1
[2026-03-31T13:22:52.000+0000] {cursor.py:1149} INFO - Number of results in first chunk: 22
[2026-03-31T13:22:52.345+0000] {cursor.py:1149} INFO - Number of results in first chunk: 1
[2026-03-31T13:22:53.327+0000] {cursor.py:1149} INFO - Number of results in first chunk: 1
[2026-03-31T13:22:53.328+0000] {logging_mixin.py:188} INFO - ✅ Loaded 1183 rows into USERS
[2026-03-31T13:22:53.604+0000] {cursor.py:1149} INFO - Number of results in first chunk: 1
[2026-03-31T13:22:55.739+0000] {cursor.py:1149} INFO - Number of results in first chunk: 1
[2026-03-31T13:22:56.098+0000] {cursor.py:1149} INFO - Number of results in first chunk: 22
[2026-03-31T13:22:56.346+0000] {cursor.py:1149} INFO - Number of results in first chunk: 1
[2026-03-31T13:22:57.123+0000] {cursor.py:1149} INFO - Number of results in first chunk: 1
[2026-03-31T13:22:57.124+0000] {logging_mixin.py:188} INFO - ✅ Loaded 1009 rows into USERS
[2026-03-31T13:22:57.459+0000] {cursor.py:1149} INFO - Number of results in first chunk: 1
[2026-03-31T13:23:00.287+0000] {cursor.py:1149} INFO - Number of results in first chunk: 1
[2026-03-31T13:23:00.777+0000] {cursor.py:1149} INFO - Number of results in first chunk: 22
[2026-03-31T13:23:01.320+0000] {cursor.py:1149} INFO - Number of results in first chunk: 1
[2026-03-31T13:23:02.114+0000] {cursor.py:1149} INFO - Number of results in first chunk: 1
[2026-03-31T13:23:02.115+0000] {logging_mixin.py:188} INFO - ✅ Loaded 905 rows into USERS
[2026-03-31T13:23:02.120+0000] {connection.py:773} INFO - closed
[2026-03-31T13:23:02.315+0000] {connection.py:779} INFO - No async queries seem to be running, deleting session
[2026-03-31T13:23:02.548+0000] {logging_mixin.py:188} INFO - 🏁 Finished processing 286 files!
[2026-03-31T13:23:02.551+0000] {python.py:237} INFO - Done. Returned value was: None
[2026-03-31T13:23:02.552+0000] {taskinstance.py:441} INFO - ::group::Post task execution logs
[2026-03-31T13:23:02.575+0000] {taskinstance.py:1206} INFO - Marking task as SUCCESS. dag_id=minio_to_snowflake_pipeline, task_id=process_and_load, run_id=scheduled__2026-03-31T12:50:00+00:00, execution_date=20260331T125000, start_date=20260331T130302, end_date=20260331T132302
[2026-03-31T13:23:02.730+0000] {local_task_job_runner.py:243} INFO - Task exited with return code 0
[2026-03-31T13:23:02.902+0000] {local_task_job_runner.py:222} INFO - ::endgroup::
