[2026-04-03T07:36:32.202+0000] {processor.py:161} INFO - Started process (PID=2421) to work on /opt/airflow/dags/minio_to_snowflake.py
[2026-04-03T07:36:32.215+0000] {processor.py:830} INFO - Processing file /opt/airflow/dags/minio_to_snowflake.py for tasks to queue
[2026-04-03T07:36:32.234+0000] {logging_mixin.py:188} INFO - [2026-04-03T07:36:32.223+0000] {dagbag.py:545} INFO - Filling up the DagBag from /opt/airflow/dags/minio_to_snowflake.py
[2026-04-03T07:36:47.723+0000] {processor.py:840} INFO - DAG(s) 'minio_to_snowflake_pipeline' retrieved from /opt/airflow/dags/minio_to_snowflake.py
[2026-04-03T07:36:48.159+0000] {logging_mixin.py:188} INFO - [2026-04-03T07:36:48.158+0000] {dag.py:3089} INFO - Sync 1 DAGs
[2026-04-03T07:36:48.465+0000] {processor.py:183} INFO - Processing /opt/airflow/dags/minio_to_snowflake.py took 16.329 seconds
[2026-04-03T07:37:18.820+0000] {processor.py:161} INFO - Started process (PID=2435) to work on /opt/airflow/dags/minio_to_snowflake.py
[2026-04-03T07:37:18.822+0000] {processor.py:830} INFO - Processing file /opt/airflow/dags/minio_to_snowflake.py for tasks to queue
[2026-04-03T07:37:18.824+0000] {logging_mixin.py:188} INFO - [2026-04-03T07:37:18.823+0000] {dagbag.py:545} INFO - Filling up the DagBag from /opt/airflow/dags/minio_to_snowflake.py
[2026-04-03T07:37:20.170+0000] {processor.py:840} INFO - DAG(s) 'minio_to_snowflake_pipeline' retrieved from /opt/airflow/dags/minio_to_snowflake.py
[2026-04-03T07:37:20.208+0000] {logging_mixin.py:188} INFO - [2026-04-03T07:37:20.207+0000] {dag.py:3089} INFO - Sync 1 DAGs
[2026-04-03T07:37:20.235+0000] {logging_mixin.py:188} INFO - [2026-04-03T07:37:20.235+0000] {dag.py:3947} INFO - Setting next_dagrun for minio_to_snowflake_pipeline to 2026-04-03 07:30:00+00:00, run_after=2026-04-03 07:40:00+00:00
[2026-04-03T07:37:20.264+0000] {processor.py:183} INFO - Processing /opt/airflow/dags/minio_to_snowflake.py took 1.453 seconds
[2026-04-03T07:37:50.556+0000] {processor.py:161} INFO - Started process (PID=2442) to work on /opt/airflow/dags/minio_to_snowflake.py
[2026-04-03T07:37:50.557+0000] {processor.py:830} INFO - Processing file /opt/airflow/dags/minio_to_snowflake.py for tasks to queue
[2026-04-03T07:37:50.559+0000] {logging_mixin.py:188} INFO - [2026-04-03T07:37:50.558+0000] {dagbag.py:545} INFO - Filling up the DagBag from /opt/airflow/dags/minio_to_snowflake.py
[2026-04-03T07:37:51.664+0000] {processor.py:840} INFO - DAG(s) 'minio_to_snowflake_pipeline' retrieved from /opt/airflow/dags/minio_to_snowflake.py
[2026-04-03T07:37:51.694+0000] {logging_mixin.py:188} INFO - [2026-04-03T07:37:51.694+0000] {dag.py:3089} INFO - Sync 1 DAGs
[2026-04-03T07:37:51.719+0000] {logging_mixin.py:188} INFO - [2026-04-03T07:37:51.719+0000] {dag.py:3947} INFO - Setting next_dagrun for minio_to_snowflake_pipeline to 2026-04-03 07:30:00+00:00, run_after=2026-04-03 07:40:00+00:00
[2026-04-03T07:37:51.743+0000] {processor.py:183} INFO - Processing /opt/airflow/dags/minio_to_snowflake.py took 1.196 seconds
[2026-04-03T07:38:22.001+0000] {processor.py:161} INFO - Started process (PID=2449) to work on /opt/airflow/dags/minio_to_snowflake.py
[2026-04-03T07:38:22.006+0000] {processor.py:830} INFO - Processing file /opt/airflow/dags/minio_to_snowflake.py for tasks to queue
[2026-04-03T07:38:22.008+0000] {logging_mixin.py:188} INFO - [2026-04-03T07:38:22.008+0000] {dagbag.py:545} INFO - Filling up the DagBag from /opt/airflow/dags/minio_to_snowflake.py
[2026-04-03T07:38:23.001+0000] {processor.py:840} INFO - DAG(s) 'minio_to_snowflake_pipeline' retrieved from /opt/airflow/dags/minio_to_snowflake.py
[2026-04-03T07:38:23.032+0000] {logging_mixin.py:188} INFO - [2026-04-03T07:38:23.032+0000] {dag.py:3089} INFO - Sync 1 DAGs
[2026-04-03T07:38:23.055+0000] {logging_mixin.py:188} INFO - [2026-04-03T07:38:23.055+0000] {dag.py:3947} INFO - Setting next_dagrun for minio_to_snowflake_pipeline to 2026-04-03 07:30:00+00:00, run_after=2026-04-03 07:40:00+00:00
[2026-04-03T07:38:23.079+0000] {processor.py:183} INFO - Processing /opt/airflow/dags/minio_to_snowflake.py took 1.093 seconds
[2026-04-03T07:38:53.429+0000] {processor.py:161} INFO - Started process (PID=2456) to work on /opt/airflow/dags/minio_to_snowflake.py
[2026-04-03T07:38:53.430+0000] {processor.py:830} INFO - Processing file /opt/airflow/dags/minio_to_snowflake.py for tasks to queue
[2026-04-03T07:38:53.432+0000] {logging_mixin.py:188} INFO - [2026-04-03T07:38:53.431+0000] {dagbag.py:545} INFO - Filling up the DagBag from /opt/airflow/dags/minio_to_snowflake.py
[2026-04-03T07:38:54.837+0000] {processor.py:840} INFO - DAG(s) 'minio_to_snowflake_pipeline' retrieved from /opt/airflow/dags/minio_to_snowflake.py
[2026-04-03T07:38:54.878+0000] {logging_mixin.py:188} INFO - [2026-04-03T07:38:54.877+0000] {dag.py:3089} INFO - Sync 1 DAGs
[2026-04-03T07:38:54.906+0000] {logging_mixin.py:188} INFO - [2026-04-03T07:38:54.906+0000] {dag.py:3947} INFO - Setting next_dagrun for minio_to_snowflake_pipeline to 2026-04-03 07:30:00+00:00, run_after=2026-04-03 07:40:00+00:00
[2026-04-03T07:38:54.932+0000] {processor.py:183} INFO - Processing /opt/airflow/dags/minio_to_snowflake.py took 1.512 seconds
[2026-04-03T07:39:25.906+0000] {processor.py:161} INFO - Started process (PID=2463) to work on /opt/airflow/dags/minio_to_snowflake.py
[2026-04-03T07:39:25.910+0000] {processor.py:830} INFO - Processing file /opt/airflow/dags/minio_to_snowflake.py for tasks to queue
[2026-04-03T07:39:25.923+0000] {logging_mixin.py:188} INFO - [2026-04-03T07:39:25.922+0000] {dagbag.py:545} INFO - Filling up the DagBag from /opt/airflow/dags/minio_to_snowflake.py
[2026-04-03T07:39:32.902+0000] {processor.py:840} INFO - DAG(s) 'minio_to_snowflake_pipeline' retrieved from /opt/airflow/dags/minio_to_snowflake.py
[2026-04-03T07:39:33.046+0000] {logging_mixin.py:188} INFO - [2026-04-03T07:39:33.045+0000] {dag.py:3089} INFO - Sync 1 DAGs
[2026-04-03T07:39:33.205+0000] {logging_mixin.py:188} INFO - [2026-04-03T07:39:33.204+0000] {dag.py:3947} INFO - Setting next_dagrun for minio_to_snowflake_pipeline to 2026-04-03 07:30:00+00:00, run_after=2026-04-03 07:40:00+00:00
[2026-04-03T07:39:33.383+0000] {processor.py:183} INFO - Processing /opt/airflow/dags/minio_to_snowflake.py took 7.527 seconds
[2026-04-03T07:40:04.435+0000] {processor.py:161} INFO - Started process (PID=2470) to work on /opt/airflow/dags/minio_to_snowflake.py
[2026-04-03T07:40:04.475+0000] {processor.py:830} INFO - Processing file /opt/airflow/dags/minio_to_snowflake.py for tasks to queue
[2026-04-03T07:40:04.555+0000] {logging_mixin.py:188} INFO - [2026-04-03T07:40:04.555+0000] {dagbag.py:545} INFO - Filling up the DagBag from /opt/airflow/dags/minio_to_snowflake.py
[2026-04-03T07:40:10.098+0000] {processor.py:840} INFO - DAG(s) 'minio_to_snowflake_pipeline' retrieved from /opt/airflow/dags/minio_to_snowflake.py
[2026-04-03T07:40:10.148+0000] {logging_mixin.py:188} INFO - [2026-04-03T07:40:10.147+0000] {dag.py:3089} INFO - Sync 1 DAGs
[2026-04-03T07:40:10.217+0000] {processor.py:183} INFO - Processing /opt/airflow/dags/minio_to_snowflake.py took 5.790 seconds
[2026-04-03T07:40:41.718+0000] {processor.py:161} INFO - Started process (PID=2481) to work on /opt/airflow/dags/minio_to_snowflake.py
[2026-04-03T07:40:41.726+0000] {processor.py:830} INFO - Processing file /opt/airflow/dags/minio_to_snowflake.py for tasks to queue
[2026-04-03T07:40:41.746+0000] {logging_mixin.py:188} INFO - [2026-04-03T07:40:41.732+0000] {dagbag.py:545} INFO - Filling up the DagBag from /opt/airflow/dags/minio_to_snowflake.py
[2026-04-03T07:40:47.021+0000] {processor.py:840} INFO - DAG(s) 'minio_to_snowflake_pipeline' retrieved from /opt/airflow/dags/minio_to_snowflake.py
[2026-04-03T07:40:47.186+0000] {logging_mixin.py:188} INFO - [2026-04-03T07:40:47.185+0000] {dag.py:3089} INFO - Sync 1 DAGs
[2026-04-03T07:40:47.300+0000] {logging_mixin.py:188} INFO - [2026-04-03T07:40:47.300+0000] {dag.py:3947} INFO - Setting next_dagrun for minio_to_snowflake_pipeline to 2026-04-03 07:40:00+00:00, run_after=2026-04-03 07:50:00+00:00
[2026-04-03T07:40:47.393+0000] {processor.py:183} INFO - Processing /opt/airflow/dags/minio_to_snowflake.py took 5.714 seconds
[2026-04-03T07:41:17.762+0000] {processor.py:161} INFO - Started process (PID=2488) to work on /opt/airflow/dags/minio_to_snowflake.py
[2026-04-03T07:41:17.764+0000] {processor.py:830} INFO - Processing file /opt/airflow/dags/minio_to_snowflake.py for tasks to queue
[2026-04-03T07:41:17.765+0000] {logging_mixin.py:188} INFO - [2026-04-03T07:41:17.765+0000] {dagbag.py:545} INFO - Filling up the DagBag from /opt/airflow/dags/minio_to_snowflake.py
[2026-04-03T07:41:18.900+0000] {processor.py:840} INFO - DAG(s) 'minio_to_snowflake_pipeline' retrieved from /opt/airflow/dags/minio_to_snowflake.py
[2026-04-03T07:41:18.948+0000] {logging_mixin.py:188} INFO - [2026-04-03T07:41:18.947+0000] {dag.py:3089} INFO - Sync 1 DAGs
[2026-04-03T07:41:18.979+0000] {logging_mixin.py:188} INFO - [2026-04-03T07:41:18.978+0000] {dag.py:3947} INFO - Setting next_dagrun for minio_to_snowflake_pipeline to 2026-04-03 07:40:00+00:00, run_after=2026-04-03 07:50:00+00:00
[2026-04-03T07:41:18.999+0000] {processor.py:183} INFO - Processing /opt/airflow/dags/minio_to_snowflake.py took 1.246 seconds
[2026-04-03T07:41:49.561+0000] {processor.py:161} INFO - Started process (PID=2495) to work on /opt/airflow/dags/minio_to_snowflake.py
[2026-04-03T07:41:49.562+0000] {processor.py:830} INFO - Processing file /opt/airflow/dags/minio_to_snowflake.py for tasks to queue
[2026-04-03T07:41:49.564+0000] {logging_mixin.py:188} INFO - [2026-04-03T07:41:49.564+0000] {dagbag.py:545} INFO - Filling up the DagBag from /opt/airflow/dags/minio_to_snowflake.py
[2026-04-03T07:41:51.927+0000] {processor.py:840} INFO - DAG(s) 'minio_to_snowflake_pipeline' retrieved from /opt/airflow/dags/minio_to_snowflake.py
[2026-04-03T07:41:51.958+0000] {logging_mixin.py:188} INFO - [2026-04-03T07:41:51.958+0000] {dag.py:3089} INFO - Sync 1 DAGs
[2026-04-03T07:41:51.980+0000] {logging_mixin.py:188} INFO - [2026-04-03T07:41:51.980+0000] {dag.py:3947} INFO - Setting next_dagrun for minio_to_snowflake_pipeline to 2026-04-03 07:40:00+00:00, run_after=2026-04-03 07:50:00+00:00
[2026-04-03T07:41:53.068+0000] {processor.py:183} INFO - Processing /opt/airflow/dags/minio_to_snowflake.py took 3.519 seconds
[2026-04-03T07:42:23.584+0000] {processor.py:161} INFO - Started process (PID=2502) to work on /opt/airflow/dags/minio_to_snowflake.py
[2026-04-03T07:42:23.591+0000] {processor.py:830} INFO - Processing file /opt/airflow/dags/minio_to_snowflake.py for tasks to queue
[2026-04-03T07:42:23.593+0000] {logging_mixin.py:188} INFO - [2026-04-03T07:42:23.593+0000] {dagbag.py:545} INFO - Filling up the DagBag from /opt/airflow/dags/minio_to_snowflake.py
[2026-04-03T07:42:25.168+0000] {processor.py:840} INFO - DAG(s) 'minio_to_snowflake_pipeline' retrieved from /opt/airflow/dags/minio_to_snowflake.py
[2026-04-03T07:42:25.199+0000] {logging_mixin.py:188} INFO - [2026-04-03T07:42:25.199+0000] {dag.py:3089} INFO - Sync 1 DAGs
[2026-04-03T07:42:25.223+0000] {logging_mixin.py:188} INFO - [2026-04-03T07:42:25.223+0000] {dag.py:3947} INFO - Setting next_dagrun for minio_to_snowflake_pipeline to 2026-04-03 07:40:00+00:00, run_after=2026-04-03 07:50:00+00:00
[2026-04-03T07:42:25.326+0000] {processor.py:183} INFO - Processing /opt/airflow/dags/minio_to_snowflake.py took 1.750 seconds
[2026-04-03T07:42:55.922+0000] {processor.py:161} INFO - Started process (PID=2509) to work on /opt/airflow/dags/minio_to_snowflake.py
[2026-04-03T07:42:55.928+0000] {processor.py:830} INFO - Processing file /opt/airflow/dags/minio_to_snowflake.py for tasks to queue
[2026-04-03T07:42:55.930+0000] {logging_mixin.py:188} INFO - [2026-04-03T07:42:55.929+0000] {dagbag.py:545} INFO - Filling up the DagBag from /opt/airflow/dags/minio_to_snowflake.py
[2026-04-03T07:42:58.274+0000] {processor.py:840} INFO - DAG(s) 'minio_to_snowflake_pipeline' retrieved from /opt/airflow/dags/minio_to_snowflake.py
[2026-04-03T07:42:58.312+0000] {logging_mixin.py:188} INFO - [2026-04-03T07:42:58.311+0000] {dag.py:3089} INFO - Sync 1 DAGs
[2026-04-03T07:42:58.342+0000] {logging_mixin.py:188} INFO - [2026-04-03T07:42:58.342+0000] {dag.py:3947} INFO - Setting next_dagrun for minio_to_snowflake_pipeline to 2026-04-03 07:40:00+00:00, run_after=2026-04-03 07:50:00+00:00
[2026-04-03T07:42:58.364+0000] {processor.py:183} INFO - Processing /opt/airflow/dags/minio_to_snowflake.py took 2.457 seconds
[2026-04-03T07:43:28.714+0000] {processor.py:161} INFO - Started process (PID=2516) to work on /opt/airflow/dags/minio_to_snowflake.py
[2026-04-03T07:43:28.717+0000] {processor.py:830} INFO - Processing file /opt/airflow/dags/minio_to_snowflake.py for tasks to queue
[2026-04-03T07:43:28.718+0000] {logging_mixin.py:188} INFO - [2026-04-03T07:43:28.718+0000] {dagbag.py:545} INFO - Filling up the DagBag from /opt/airflow/dags/minio_to_snowflake.py
[2026-04-03T07:43:30.077+0000] {processor.py:840} INFO - DAG(s) 'minio_to_snowflake_pipeline' retrieved from /opt/airflow/dags/minio_to_snowflake.py
[2026-04-03T07:43:30.119+0000] {logging_mixin.py:188} INFO - [2026-04-03T07:43:30.118+0000] {dag.py:3089} INFO - Sync 1 DAGs
[2026-04-03T07:43:30.160+0000] {logging_mixin.py:188} INFO - [2026-04-03T07:43:30.160+0000] {dag.py:3947} INFO - Setting next_dagrun for minio_to_snowflake_pipeline to 2026-04-03 07:40:00+00:00, run_after=2026-04-03 07:50:00+00:00
[2026-04-03T07:43:30.184+0000] {processor.py:183} INFO - Processing /opt/airflow/dags/minio_to_snowflake.py took 1.481 seconds
[2026-04-03T07:44:00.638+0000] {processor.py:161} INFO - Started process (PID=2523) to work on /opt/airflow/dags/minio_to_snowflake.py
[2026-04-03T07:44:00.641+0000] {processor.py:830} INFO - Processing file /opt/airflow/dags/minio_to_snowflake.py for tasks to queue
[2026-04-03T07:44:00.643+0000] {logging_mixin.py:188} INFO - [2026-04-03T07:44:00.642+0000] {dagbag.py:545} INFO - Filling up the DagBag from /opt/airflow/dags/minio_to_snowflake.py
[2026-04-03T07:44:05.371+0000] {processor.py:840} INFO - DAG(s) 'minio_to_snowflake_pipeline' retrieved from /opt/airflow/dags/minio_to_snowflake.py
[2026-04-03T07:44:05.476+0000] {logging_mixin.py:188} INFO - [2026-04-03T07:44:05.475+0000] {dag.py:3089} INFO - Sync 1 DAGs
[2026-04-03T07:44:05.558+0000] {logging_mixin.py:188} INFO - [2026-04-03T07:44:05.557+0000] {dag.py:3947} INFO - Setting next_dagrun for minio_to_snowflake_pipeline to 2026-04-03 07:40:00+00:00, run_after=2026-04-03 07:50:00+00:00
[2026-04-03T07:44:05.639+0000] {processor.py:183} INFO - Processing /opt/airflow/dags/minio_to_snowflake.py took 5.025 seconds
[2026-04-03T07:44:36.368+0000] {processor.py:161} INFO - Started process (PID=2530) to work on /opt/airflow/dags/minio_to_snowflake.py
[2026-04-03T07:44:36.370+0000] {processor.py:830} INFO - Processing file /opt/airflow/dags/minio_to_snowflake.py for tasks to queue
[2026-04-03T07:44:36.381+0000] {logging_mixin.py:188} INFO - [2026-04-03T07:44:36.380+0000] {dagbag.py:545} INFO - Filling up the DagBag from /opt/airflow/dags/minio_to_snowflake.py
[2026-04-03T07:44:41.364+0000] {processor.py:840} INFO - DAG(s) 'minio_to_snowflake_pipeline' retrieved from /opt/airflow/dags/minio_to_snowflake.py
[2026-04-03T07:44:41.488+0000] {logging_mixin.py:188} INFO - [2026-04-03T07:44:41.481+0000] {dag.py:3089} INFO - Sync 1 DAGs
[2026-04-03T07:44:41.616+0000] {logging_mixin.py:188} INFO - [2026-04-03T07:44:41.616+0000] {dag.py:3947} INFO - Setting next_dagrun for minio_to_snowflake_pipeline to 2026-04-03 07:40:00+00:00, run_after=2026-04-03 07:50:00+00:00
[2026-04-03T07:44:41.709+0000] {processor.py:183} INFO - Processing /opt/airflow/dags/minio_to_snowflake.py took 5.361 seconds
[2026-04-03T07:45:12.313+0000] {processor.py:161} INFO - Started process (PID=2537) to work on /opt/airflow/dags/minio_to_snowflake.py
[2026-04-03T07:45:12.315+0000] {processor.py:830} INFO - Processing file /opt/airflow/dags/minio_to_snowflake.py for tasks to queue
[2026-04-03T07:45:12.329+0000] {logging_mixin.py:188} INFO - [2026-04-03T07:45:12.328+0000] {dagbag.py:545} INFO - Filling up the DagBag from /opt/airflow/dags/minio_to_snowflake.py
[2026-04-03T07:45:16.711+0000] {processor.py:840} INFO - DAG(s) 'minio_to_snowflake_pipeline' retrieved from /opt/airflow/dags/minio_to_snowflake.py
[2026-04-03T07:45:16.754+0000] {logging_mixin.py:188} INFO - [2026-04-03T07:45:16.753+0000] {dag.py:3089} INFO - Sync 1 DAGs
[2026-04-03T07:45:16.793+0000] {logging_mixin.py:188} INFO - [2026-04-03T07:45:16.792+0000] {dag.py:3947} INFO - Setting next_dagrun for minio_to_snowflake_pipeline to 2026-04-03 07:40:00+00:00, run_after=2026-04-03 07:50:00+00:00
[2026-04-03T07:45:16.822+0000] {processor.py:183} INFO - Processing /opt/airflow/dags/minio_to_snowflake.py took 4.565 seconds
[2026-04-03T07:45:50.170+0000] {processor.py:161} INFO - Started process (PID=2544) to work on /opt/airflow/dags/minio_to_snowflake.py
[2026-04-03T07:45:50.184+0000] {processor.py:830} INFO - Processing file /opt/airflow/dags/minio_to_snowflake.py for tasks to queue
[2026-04-03T07:45:50.197+0000] {logging_mixin.py:188} INFO - [2026-04-03T07:45:50.186+0000] {dagbag.py:545} INFO - Filling up the DagBag from /opt/airflow/dags/minio_to_snowflake.py
[2026-04-03T07:45:54.586+0000] {processor.py:840} INFO - DAG(s) 'minio_to_snowflake_pipeline' retrieved from /opt/airflow/dags/minio_to_snowflake.py
[2026-04-03T07:45:54.693+0000] {logging_mixin.py:188} INFO - [2026-04-03T07:45:54.692+0000] {dag.py:3089} INFO - Sync 1 DAGs
[2026-04-03T07:45:54.748+0000] {logging_mixin.py:188} INFO - [2026-04-03T07:45:54.748+0000] {dag.py:3947} INFO - Setting next_dagrun for minio_to_snowflake_pipeline to 2026-04-03 07:40:00+00:00, run_after=2026-04-03 07:50:00+00:00
[2026-04-03T07:45:54.789+0000] {processor.py:183} INFO - Processing /opt/airflow/dags/minio_to_snowflake.py took 4.660 seconds
[2026-04-03T07:46:25.348+0000] {processor.py:161} INFO - Started process (PID=2551) to work on /opt/airflow/dags/minio_to_snowflake.py
[2026-04-03T07:46:25.357+0000] {processor.py:830} INFO - Processing file /opt/airflow/dags/minio_to_snowflake.py for tasks to queue
[2026-04-03T07:46:25.363+0000] {logging_mixin.py:188} INFO - [2026-04-03T07:46:25.358+0000] {dagbag.py:545} INFO - Filling up the DagBag from /opt/airflow/dags/minio_to_snowflake.py
[2026-04-03T07:46:27.049+0000] {processor.py:840} INFO - DAG(s) 'minio_to_snowflake_pipeline' retrieved from /opt/airflow/dags/minio_to_snowflake.py
[2026-04-03T07:46:27.080+0000] {logging_mixin.py:188} INFO - [2026-04-03T07:46:27.079+0000] {dag.py:3089} INFO - Sync 1 DAGs
[2026-04-03T07:46:27.103+0000] {logging_mixin.py:188} INFO - [2026-04-03T07:46:27.103+0000] {dag.py:3947} INFO - Setting next_dagrun for minio_to_snowflake_pipeline to 2026-04-03 07:40:00+00:00, run_after=2026-04-03 07:50:00+00:00
[2026-04-03T07:46:27.127+0000] {processor.py:183} INFO - Processing /opt/airflow/dags/minio_to_snowflake.py took 1.808 seconds
[2026-04-03T07:46:57.222+0000] {processor.py:161} INFO - Started process (PID=2558) to work on /opt/airflow/dags/minio_to_snowflake.py
[2026-04-03T07:46:57.225+0000] {processor.py:830} INFO - Processing file /opt/airflow/dags/minio_to_snowflake.py for tasks to queue
[2026-04-03T07:46:57.228+0000] {logging_mixin.py:188} INFO - [2026-04-03T07:46:57.227+0000] {dagbag.py:545} INFO - Filling up the DagBag from /opt/airflow/dags/minio_to_snowflake.py
[2026-04-03T07:46:59.352+0000] {processor.py:840} INFO - DAG(s) 'minio_to_snowflake_pipeline' retrieved from /opt/airflow/dags/minio_to_snowflake.py
[2026-04-03T07:46:59.390+0000] {logging_mixin.py:188} INFO - [2026-04-03T07:46:59.389+0000] {dag.py:3089} INFO - Sync 1 DAGs
[2026-04-03T07:46:59.474+0000] {logging_mixin.py:188} INFO - [2026-04-03T07:46:59.474+0000] {dag.py:3947} INFO - Setting next_dagrun for minio_to_snowflake_pipeline to 2026-04-03 07:40:00+00:00, run_after=2026-04-03 07:50:00+00:00
[2026-04-03T07:46:59.510+0000] {processor.py:183} INFO - Processing /opt/airflow/dags/minio_to_snowflake.py took 2.299 seconds
[2026-04-03T07:47:32.329+0000] {processor.py:161} INFO - Started process (PID=2565) to work on /opt/airflow/dags/minio_to_snowflake.py
[2026-04-03T07:47:32.343+0000] {processor.py:830} INFO - Processing file /opt/airflow/dags/minio_to_snowflake.py for tasks to queue
[2026-04-03T07:47:32.454+0000] {logging_mixin.py:188} INFO - [2026-04-03T07:47:32.450+0000] {dagbag.py:545} INFO - Filling up the DagBag from /opt/airflow/dags/minio_to_snowflake.py
[2026-04-03T07:47:38.287+0000] {processor.py:840} INFO - DAG(s) 'minio_to_snowflake_pipeline' retrieved from /opt/airflow/dags/minio_to_snowflake.py
[2026-04-03T07:47:38.411+0000] {logging_mixin.py:188} INFO - [2026-04-03T07:47:38.410+0000] {dag.py:3089} INFO - Sync 1 DAGs
[2026-04-03T07:47:38.522+0000] {logging_mixin.py:188} INFO - [2026-04-03T07:47:38.522+0000] {dag.py:3947} INFO - Setting next_dagrun for minio_to_snowflake_pipeline to 2026-04-03 07:40:00+00:00, run_after=2026-04-03 07:50:00+00:00
[2026-04-03T07:47:38.584+0000] {processor.py:183} INFO - Processing /opt/airflow/dags/minio_to_snowflake.py took 6.295 seconds
[2026-04-03T07:48:09.090+0000] {processor.py:161} INFO - Started process (PID=2572) to work on /opt/airflow/dags/minio_to_snowflake.py
[2026-04-03T07:48:09.100+0000] {processor.py:830} INFO - Processing file /opt/airflow/dags/minio_to_snowflake.py for tasks to queue
[2026-04-03T07:48:09.115+0000] {logging_mixin.py:188} INFO - [2026-04-03T07:48:09.114+0000] {dagbag.py:545} INFO - Filling up the DagBag from /opt/airflow/dags/minio_to_snowflake.py
[2026-04-03T07:48:11.948+0000] {processor.py:840} INFO - DAG(s) 'minio_to_snowflake_pipeline' retrieved from /opt/airflow/dags/minio_to_snowflake.py
[2026-04-03T07:48:12.001+0000] {logging_mixin.py:188} INFO - [2026-04-03T07:48:12.000+0000] {dag.py:3089} INFO - Sync 1 DAGs
[2026-04-03T07:48:12.038+0000] {logging_mixin.py:188} INFO - [2026-04-03T07:48:12.038+0000] {dag.py:3947} INFO - Setting next_dagrun for minio_to_snowflake_pipeline to 2026-04-03 07:40:00+00:00, run_after=2026-04-03 07:50:00+00:00
[2026-04-03T07:48:12.081+0000] {processor.py:183} INFO - Processing /opt/airflow/dags/minio_to_snowflake.py took 3.025 seconds
[2026-04-03T07:48:43.034+0000] {processor.py:161} INFO - Started process (PID=2579) to work on /opt/airflow/dags/minio_to_snowflake.py
[2026-04-03T07:48:43.078+0000] {processor.py:830} INFO - Processing file /opt/airflow/dags/minio_to_snowflake.py for tasks to queue
[2026-04-03T07:48:43.081+0000] {logging_mixin.py:188} INFO - [2026-04-03T07:48:43.080+0000] {dagbag.py:545} INFO - Filling up the DagBag from /opt/airflow/dags/minio_to_snowflake.py
[2026-04-03T07:48:53.178+0000] {processor.py:840} INFO - DAG(s) 'minio_to_snowflake_pipeline' retrieved from /opt/airflow/dags/minio_to_snowflake.py
[2026-04-03T07:48:53.497+0000] {logging_mixin.py:188} INFO - [2026-04-03T07:48:53.491+0000] {dag.py:3089} INFO - Sync 1 DAGs
[2026-04-03T07:48:53.681+0000] {logging_mixin.py:188} INFO - [2026-04-03T07:48:53.680+0000] {dag.py:3947} INFO - Setting next_dagrun for minio_to_snowflake_pipeline to 2026-04-03 07:40:00+00:00, run_after=2026-04-03 07:50:00+00:00
[2026-04-03T07:48:53.831+0000] {processor.py:183} INFO - Processing /opt/airflow/dags/minio_to_snowflake.py took 10.864 seconds
[2026-04-03T07:49:25.179+0000] {processor.py:161} INFO - Started process (PID=2586) to work on /opt/airflow/dags/minio_to_snowflake.py
[2026-04-03T07:49:25.207+0000] {processor.py:830} INFO - Processing file /opt/airflow/dags/minio_to_snowflake.py for tasks to queue
[2026-04-03T07:49:25.222+0000] {logging_mixin.py:188} INFO - [2026-04-03T07:49:25.221+0000] {dagbag.py:545} INFO - Filling up the DagBag from /opt/airflow/dags/minio_to_snowflake.py
[2026-04-03T07:49:37.201+0000] {processor.py:840} INFO - DAG(s) 'minio_to_snowflake_pipeline' retrieved from /opt/airflow/dags/minio_to_snowflake.py
[2026-04-03T07:49:37.451+0000] {logging_mixin.py:188} INFO - [2026-04-03T07:49:37.450+0000] {dag.py:3089} INFO - Sync 1 DAGs
[2026-04-03T07:49:37.600+0000] {logging_mixin.py:188} INFO - [2026-04-03T07:49:37.600+0000] {dag.py:3947} INFO - Setting next_dagrun for minio_to_snowflake_pipeline to 2026-04-03 07:40:00+00:00, run_after=2026-04-03 07:50:00+00:00
[2026-04-03T07:49:37.785+0000] {processor.py:183} INFO - Processing /opt/airflow/dags/minio_to_snowflake.py took 12.643 seconds
[2026-04-03T07:50:08.206+0000] {processor.py:161} INFO - Started process (PID=2596) to work on /opt/airflow/dags/minio_to_snowflake.py
[2026-04-03T07:50:08.218+0000] {processor.py:830} INFO - Processing file /opt/airflow/dags/minio_to_snowflake.py for tasks to queue
[2026-04-03T07:50:08.220+0000] {logging_mixin.py:188} INFO - [2026-04-03T07:50:08.219+0000] {dagbag.py:545} INFO - Filling up the DagBag from /opt/airflow/dags/minio_to_snowflake.py
[2026-04-03T07:50:11.662+0000] {processor.py:840} INFO - DAG(s) 'minio_to_snowflake_pipeline' retrieved from /opt/airflow/dags/minio_to_snowflake.py
[2026-04-03T07:50:11.702+0000] {logging_mixin.py:188} INFO - [2026-04-03T07:50:11.702+0000] {dag.py:3089} INFO - Sync 1 DAGs
[2026-04-03T07:50:11.736+0000] {logging_mixin.py:188} INFO - [2026-04-03T07:50:11.736+0000] {dag.py:3947} INFO - Setting next_dagrun for minio_to_snowflake_pipeline to 2026-04-03 07:50:00+00:00, run_after=2026-04-03 08:00:00+00:00
[2026-04-03T07:50:11.762+0000] {processor.py:183} INFO - Processing /opt/airflow/dags/minio_to_snowflake.py took 3.579 seconds
[2026-04-03T07:50:41.906+0000] {processor.py:161} INFO - Started process (PID=2604) to work on /opt/airflow/dags/minio_to_snowflake.py
[2026-04-03T07:50:41.908+0000] {processor.py:830} INFO - Processing file /opt/airflow/dags/minio_to_snowflake.py for tasks to queue
[2026-04-03T07:50:41.909+0000] {logging_mixin.py:188} INFO - [2026-04-03T07:50:41.909+0000] {dagbag.py:545} INFO - Filling up the DagBag from /opt/airflow/dags/minio_to_snowflake.py
[2026-04-03T07:50:42.992+0000] {processor.py:840} INFO - DAG(s) 'minio_to_snowflake_pipeline' retrieved from /opt/airflow/dags/minio_to_snowflake.py
[2026-04-03T07:50:43.047+0000] {logging_mixin.py:188} INFO - [2026-04-03T07:50:43.045+0000] {dag.py:3089} INFO - Sync 1 DAGs
[2026-04-03T07:50:43.075+0000] {logging_mixin.py:188} INFO - [2026-04-03T07:50:43.075+0000] {dag.py:3947} INFO - Setting next_dagrun for minio_to_snowflake_pipeline to 2026-04-03 07:50:00+00:00, run_after=2026-04-03 08:00:00+00:00
[2026-04-03T07:50:43.103+0000] {processor.py:183} INFO - Processing /opt/airflow/dags/minio_to_snowflake.py took 1.206 seconds
[2026-04-03T07:51:13.375+0000] {processor.py:161} INFO - Started process (PID=2611) to work on /opt/airflow/dags/minio_to_snowflake.py
[2026-04-03T07:51:13.377+0000] {processor.py:830} INFO - Processing file /opt/airflow/dags/minio_to_snowflake.py for tasks to queue
[2026-04-03T07:51:13.379+0000] {logging_mixin.py:188} INFO - [2026-04-03T07:51:13.378+0000] {dagbag.py:545} INFO - Filling up the DagBag from /opt/airflow/dags/minio_to_snowflake.py
[2026-04-03T07:51:15.208+0000] {processor.py:840} INFO - DAG(s) 'minio_to_snowflake_pipeline' retrieved from /opt/airflow/dags/minio_to_snowflake.py
[2026-04-03T07:51:15.247+0000] {logging_mixin.py:188} INFO - [2026-04-03T07:51:15.246+0000] {dag.py:3089} INFO - Sync 1 DAGs
[2026-04-03T07:51:15.275+0000] {logging_mixin.py:188} INFO - [2026-04-03T07:51:15.274+0000] {dag.py:3947} INFO - Setting next_dagrun for minio_to_snowflake_pipeline to 2026-04-03 07:50:00+00:00, run_after=2026-04-03 08:00:00+00:00
[2026-04-03T07:51:15.311+0000] {processor.py:183} INFO - Processing /opt/airflow/dags/minio_to_snowflake.py took 1.968 seconds
[2026-04-03T07:51:46.178+0000] {processor.py:161} INFO - Started process (PID=2618) to work on /opt/airflow/dags/minio_to_snowflake.py
[2026-04-03T07:51:46.180+0000] {processor.py:830} INFO - Processing file /opt/airflow/dags/minio_to_snowflake.py for tasks to queue
[2026-04-03T07:51:46.181+0000] {logging_mixin.py:188} INFO - [2026-04-03T07:51:46.181+0000] {dagbag.py:545} INFO - Filling up the DagBag from /opt/airflow/dags/minio_to_snowflake.py
[2026-04-03T07:51:47.532+0000] {processor.py:840} INFO - DAG(s) 'minio_to_snowflake_pipeline' retrieved from /opt/airflow/dags/minio_to_snowflake.py
[2026-04-03T07:51:47.561+0000] {logging_mixin.py:188} INFO - [2026-04-03T07:51:47.561+0000] {dag.py:3089} INFO - Sync 1 DAGs
[2026-04-03T07:51:47.585+0000] {logging_mixin.py:188} INFO - [2026-04-03T07:51:47.585+0000] {dag.py:3947} INFO - Setting next_dagrun for minio_to_snowflake_pipeline to 2026-04-03 07:50:00+00:00, run_after=2026-04-03 08:00:00+00:00
[2026-04-03T07:51:47.607+0000] {processor.py:183} INFO - Processing /opt/airflow/dags/minio_to_snowflake.py took 1.438 seconds
[2026-04-03T07:52:17.919+0000] {processor.py:161} INFO - Started process (PID=2625) to work on /opt/airflow/dags/minio_to_snowflake.py
[2026-04-03T07:52:17.920+0000] {processor.py:830} INFO - Processing file /opt/airflow/dags/minio_to_snowflake.py for tasks to queue
[2026-04-03T07:52:17.922+0000] {logging_mixin.py:188} INFO - [2026-04-03T07:52:17.921+0000] {dagbag.py:545} INFO - Filling up the DagBag from /opt/airflow/dags/minio_to_snowflake.py
[2026-04-03T07:52:19.620+0000] {processor.py:840} INFO - DAG(s) 'minio_to_snowflake_pipeline' retrieved from /opt/airflow/dags/minio_to_snowflake.py
[2026-04-03T07:52:19.661+0000] {logging_mixin.py:188} INFO - [2026-04-03T07:52:19.660+0000] {dag.py:3089} INFO - Sync 1 DAGs
[2026-04-03T07:52:19.699+0000] {logging_mixin.py:188} INFO - [2026-04-03T07:52:19.699+0000] {dag.py:3947} INFO - Setting next_dagrun for minio_to_snowflake_pipeline to 2026-04-03 07:50:00+00:00, run_after=2026-04-03 08:00:00+00:00
[2026-04-03T07:52:19.752+0000] {processor.py:183} INFO - Processing /opt/airflow/dags/minio_to_snowflake.py took 1.844 seconds
[2026-04-03T07:52:50.091+0000] {processor.py:161} INFO - Started process (PID=2632) to work on /opt/airflow/dags/minio_to_snowflake.py
[2026-04-03T07:52:50.093+0000] {processor.py:830} INFO - Processing file /opt/airflow/dags/minio_to_snowflake.py for tasks to queue
[2026-04-03T07:52:50.095+0000] {logging_mixin.py:188} INFO - [2026-04-03T07:52:50.094+0000] {dagbag.py:545} INFO - Filling up the DagBag from /opt/airflow/dags/minio_to_snowflake.py
[2026-04-03T07:52:52.221+0000] {processor.py:840} INFO - DAG(s) 'minio_to_snowflake_pipeline' retrieved from /opt/airflow/dags/minio_to_snowflake.py
[2026-04-03T07:52:52.258+0000] {logging_mixin.py:188} INFO - [2026-04-03T07:52:52.257+0000] {dag.py:3089} INFO - Sync 1 DAGs
[2026-04-03T07:52:52.281+0000] {logging_mixin.py:188} INFO - [2026-04-03T07:52:52.281+0000] {dag.py:3947} INFO - Setting next_dagrun for minio_to_snowflake_pipeline to 2026-04-03 07:50:00+00:00, run_after=2026-04-03 08:00:00+00:00
[2026-04-03T07:52:52.306+0000] {processor.py:183} INFO - Processing /opt/airflow/dags/minio_to_snowflake.py took 2.227 seconds
[2026-04-03T07:53:22.529+0000] {processor.py:161} INFO - Started process (PID=2639) to work on /opt/airflow/dags/minio_to_snowflake.py
[2026-04-03T07:53:22.534+0000] {processor.py:830} INFO - Processing file /opt/airflow/dags/minio_to_snowflake.py for tasks to queue
[2026-04-03T07:53:22.537+0000] {logging_mixin.py:188} INFO - [2026-04-03T07:53:22.537+0000] {dagbag.py:545} INFO - Filling up the DagBag from /opt/airflow/dags/minio_to_snowflake.py
[2026-04-03T07:53:24.115+0000] {processor.py:840} INFO - DAG(s) 'minio_to_snowflake_pipeline' retrieved from /opt/airflow/dags/minio_to_snowflake.py
[2026-04-03T07:53:24.153+0000] {logging_mixin.py:188} INFO - [2026-04-03T07:53:24.153+0000] {dag.py:3089} INFO - Sync 1 DAGs
[2026-04-03T07:53:24.188+0000] {logging_mixin.py:188} INFO - [2026-04-03T07:53:24.188+0000] {dag.py:3947} INFO - Setting next_dagrun for minio_to_snowflake_pipeline to 2026-04-03 07:50:00+00:00, run_after=2026-04-03 08:00:00+00:00
[2026-04-03T07:53:24.221+0000] {processor.py:183} INFO - Processing /opt/airflow/dags/minio_to_snowflake.py took 1.708 seconds
[2026-04-03T07:53:54.670+0000] {processor.py:161} INFO - Started process (PID=2646) to work on /opt/airflow/dags/minio_to_snowflake.py
[2026-04-03T07:53:54.671+0000] {processor.py:830} INFO - Processing file /opt/airflow/dags/minio_to_snowflake.py for tasks to queue
[2026-04-03T07:53:54.673+0000] {logging_mixin.py:188} INFO - [2026-04-03T07:53:54.673+0000] {dagbag.py:545} INFO - Filling up the DagBag from /opt/airflow/dags/minio_to_snowflake.py
[2026-04-03T07:53:56.047+0000] {processor.py:840} INFO - DAG(s) 'minio_to_snowflake_pipeline' retrieved from /opt/airflow/dags/minio_to_snowflake.py
[2026-04-03T07:53:56.105+0000] {logging_mixin.py:188} INFO - [2026-04-03T07:53:56.104+0000] {dag.py:3089} INFO - Sync 1 DAGs
[2026-04-03T07:53:56.140+0000] {logging_mixin.py:188} INFO - [2026-04-03T07:53:56.139+0000] {dag.py:3947} INFO - Setting next_dagrun for minio_to_snowflake_pipeline to 2026-04-03 07:50:00+00:00, run_after=2026-04-03 08:00:00+00:00
[2026-04-03T07:53:56.176+0000] {processor.py:183} INFO - Processing /opt/airflow/dags/minio_to_snowflake.py took 1.515 seconds
[2026-04-03T07:54:26.570+0000] {processor.py:161} INFO - Started process (PID=2653) to work on /opt/airflow/dags/minio_to_snowflake.py
[2026-04-03T07:54:26.571+0000] {processor.py:830} INFO - Processing file /opt/airflow/dags/minio_to_snowflake.py for tasks to queue
[2026-04-03T07:54:26.573+0000] {logging_mixin.py:188} INFO - [2026-04-03T07:54:26.573+0000] {dagbag.py:545} INFO - Filling up the DagBag from /opt/airflow/dags/minio_to_snowflake.py
[2026-04-03T07:54:29.553+0000] {processor.py:840} INFO - DAG(s) 'minio_to_snowflake_pipeline' retrieved from /opt/airflow/dags/minio_to_snowflake.py
[2026-04-03T07:54:29.714+0000] {logging_mixin.py:188} INFO - [2026-04-03T07:54:29.708+0000] {dag.py:3089} INFO - Sync 1 DAGs
[2026-04-03T07:54:29.905+0000] {logging_mixin.py:188} INFO - [2026-04-03T07:54:29.904+0000] {dag.py:3947} INFO - Setting next_dagrun for minio_to_snowflake_pipeline to 2026-04-03 07:50:00+00:00, run_after=2026-04-03 08:00:00+00:00
[2026-04-03T07:54:30.102+0000] {processor.py:183} INFO - Processing /opt/airflow/dags/minio_to_snowflake.py took 3.542 seconds
[2026-04-03T07:55:00.653+0000] {processor.py:161} INFO - Started process (PID=2660) to work on /opt/airflow/dags/minio_to_snowflake.py
[2026-04-03T07:55:00.655+0000] {processor.py:830} INFO - Processing file /opt/airflow/dags/minio_to_snowflake.py for tasks to queue
[2026-04-03T07:55:00.657+0000] {logging_mixin.py:188} INFO - [2026-04-03T07:55:00.657+0000] {dagbag.py:545} INFO - Filling up the DagBag from /opt/airflow/dags/minio_to_snowflake.py
[2026-04-03T07:55:02.560+0000] {processor.py:840} INFO - DAG(s) 'minio_to_snowflake_pipeline' retrieved from /opt/airflow/dags/minio_to_snowflake.py
[2026-04-03T07:55:02.601+0000] {logging_mixin.py:188} INFO - [2026-04-03T07:55:02.600+0000] {dag.py:3089} INFO - Sync 1 DAGs
[2026-04-03T07:55:02.648+0000] {logging_mixin.py:188} INFO - [2026-04-03T07:55:02.647+0000] {dag.py:3947} INFO - Setting next_dagrun for minio_to_snowflake_pipeline to 2026-04-03 07:50:00+00:00, run_after=2026-04-03 08:00:00+00:00
[2026-04-03T07:55:02.685+0000] {processor.py:183} INFO - Processing /opt/airflow/dags/minio_to_snowflake.py took 2.046 seconds
[2026-04-03T07:55:32.990+0000] {processor.py:161} INFO - Started process (PID=2667) to work on /opt/airflow/dags/minio_to_snowflake.py
[2026-04-03T07:55:32.993+0000] {processor.py:830} INFO - Processing file /opt/airflow/dags/minio_to_snowflake.py for tasks to queue
[2026-04-03T07:55:32.994+0000] {logging_mixin.py:188} INFO - [2026-04-03T07:55:32.994+0000] {dagbag.py:545} INFO - Filling up the DagBag from /opt/airflow/dags/minio_to_snowflake.py
[2026-04-03T07:55:36.769+0000] {processor.py:840} INFO - DAG(s) 'minio_to_snowflake_pipeline' retrieved from /opt/airflow/dags/minio_to_snowflake.py
[2026-04-03T07:55:36.916+0000] {logging_mixin.py:188} INFO - [2026-04-03T07:55:36.915+0000] {dag.py:3089} INFO - Sync 1 DAGs
[2026-04-03T07:55:37.034+0000] {logging_mixin.py:188} INFO - [2026-04-03T07:55:37.034+0000] {dag.py:3947} INFO - Setting next_dagrun for minio_to_snowflake_pipeline to 2026-04-03 07:50:00+00:00, run_after=2026-04-03 08:00:00+00:00
[2026-04-03T07:55:37.339+0000] {processor.py:183} INFO - Processing /opt/airflow/dags/minio_to_snowflake.py took 4.362 seconds
[2026-04-03T07:56:08.190+0000] {processor.py:161} INFO - Started process (PID=2674) to work on /opt/airflow/dags/minio_to_snowflake.py
[2026-04-03T07:56:08.192+0000] {processor.py:830} INFO - Processing file /opt/airflow/dags/minio_to_snowflake.py for tasks to queue
[2026-04-03T07:56:08.195+0000] {logging_mixin.py:188} INFO - [2026-04-03T07:56:08.194+0000] {dagbag.py:545} INFO - Filling up the DagBag from /opt/airflow/dags/minio_to_snowflake.py
[2026-04-03T07:56:09.616+0000] {processor.py:840} INFO - DAG(s) 'minio_to_snowflake_pipeline' retrieved from /opt/airflow/dags/minio_to_snowflake.py
[2026-04-03T07:56:09.651+0000] {logging_mixin.py:188} INFO - [2026-04-03T07:56:09.650+0000] {dag.py:3089} INFO - Sync 1 DAGs
[2026-04-03T07:56:09.688+0000] {logging_mixin.py:188} INFO - [2026-04-03T07:56:09.687+0000] {dag.py:3947} INFO - Setting next_dagrun for minio_to_snowflake_pipeline to 2026-04-03 07:50:00+00:00, run_after=2026-04-03 08:00:00+00:00
[2026-04-03T07:56:09.716+0000] {processor.py:183} INFO - Processing /opt/airflow/dags/minio_to_snowflake.py took 1.541 seconds
[2026-04-03T07:56:40.125+0000] {processor.py:161} INFO - Started process (PID=2681) to work on /opt/airflow/dags/minio_to_snowflake.py
[2026-04-03T07:56:40.127+0000] {processor.py:830} INFO - Processing file /opt/airflow/dags/minio_to_snowflake.py for tasks to queue
[2026-04-03T07:56:40.129+0000] {logging_mixin.py:188} INFO - [2026-04-03T07:56:40.129+0000] {dagbag.py:545} INFO - Filling up the DagBag from /opt/airflow/dags/minio_to_snowflake.py
[2026-04-03T07:56:42.965+0000] {processor.py:840} INFO - DAG(s) 'minio_to_snowflake_pipeline' retrieved from /opt/airflow/dags/minio_to_snowflake.py
[2026-04-03T07:56:43.001+0000] {logging_mixin.py:188} INFO - [2026-04-03T07:56:43.000+0000] {dag.py:3089} INFO - Sync 1 DAGs
[2026-04-03T07:56:43.034+0000] {logging_mixin.py:188} INFO - [2026-04-03T07:56:43.034+0000] {dag.py:3947} INFO - Setting next_dagrun for minio_to_snowflake_pipeline to 2026-04-03 07:50:00+00:00, run_after=2026-04-03 08:00:00+00:00
[2026-04-03T07:56:43.060+0000] {processor.py:183} INFO - Processing /opt/airflow/dags/minio_to_snowflake.py took 2.945 seconds
[2026-04-03T07:57:13.444+0000] {processor.py:161} INFO - Started process (PID=2688) to work on /opt/airflow/dags/minio_to_snowflake.py
[2026-04-03T07:57:13.445+0000] {processor.py:830} INFO - Processing file /opt/airflow/dags/minio_to_snowflake.py for tasks to queue
[2026-04-03T07:57:13.448+0000] {logging_mixin.py:188} INFO - [2026-04-03T07:57:13.447+0000] {dagbag.py:545} INFO - Filling up the DagBag from /opt/airflow/dags/minio_to_snowflake.py
[2026-04-03T07:57:14.709+0000] {processor.py:840} INFO - DAG(s) 'minio_to_snowflake_pipeline' retrieved from /opt/airflow/dags/minio_to_snowflake.py
[2026-04-03T07:57:14.748+0000] {logging_mixin.py:188} INFO - [2026-04-03T07:57:14.747+0000] {dag.py:3089} INFO - Sync 1 DAGs
[2026-04-03T07:57:14.779+0000] {logging_mixin.py:188} INFO - [2026-04-03T07:57:14.779+0000] {dag.py:3947} INFO - Setting next_dagrun for minio_to_snowflake_pipeline to 2026-04-03 07:50:00+00:00, run_after=2026-04-03 08:00:00+00:00
[2026-04-03T07:57:14.809+0000] {processor.py:183} INFO - Processing /opt/airflow/dags/minio_to_snowflake.py took 1.375 seconds
[2026-04-03T07:57:45.281+0000] {processor.py:161} INFO - Started process (PID=2695) to work on /opt/airflow/dags/minio_to_snowflake.py
[2026-04-03T07:57:45.282+0000] {processor.py:830} INFO - Processing file /opt/airflow/dags/minio_to_snowflake.py for tasks to queue
[2026-04-03T07:57:45.284+0000] {logging_mixin.py:188} INFO - [2026-04-03T07:57:45.283+0000] {dagbag.py:545} INFO - Filling up the DagBag from /opt/airflow/dags/minio_to_snowflake.py
[2026-04-03T07:57:46.419+0000] {processor.py:840} INFO - DAG(s) 'minio_to_snowflake_pipeline' retrieved from /opt/airflow/dags/minio_to_snowflake.py
[2026-04-03T07:57:46.453+0000] {logging_mixin.py:188} INFO - [2026-04-03T07:57:46.452+0000] {dag.py:3089} INFO - Sync 1 DAGs
[2026-04-03T07:57:46.477+0000] {logging_mixin.py:188} INFO - [2026-04-03T07:57:46.477+0000] {dag.py:3947} INFO - Setting next_dagrun for minio_to_snowflake_pipeline to 2026-04-03 07:50:00+00:00, run_after=2026-04-03 08:00:00+00:00
[2026-04-03T07:57:46.501+0000] {processor.py:183} INFO - Processing /opt/airflow/dags/minio_to_snowflake.py took 1.231 seconds
[2026-04-03T07:58:16.606+0000] {processor.py:161} INFO - Started process (PID=2702) to work on /opt/airflow/dags/minio_to_snowflake.py
[2026-04-03T07:58:16.608+0000] {processor.py:830} INFO - Processing file /opt/airflow/dags/minio_to_snowflake.py for tasks to queue
[2026-04-03T07:58:16.610+0000] {logging_mixin.py:188} INFO - [2026-04-03T07:58:16.610+0000] {dagbag.py:545} INFO - Filling up the DagBag from /opt/airflow/dags/minio_to_snowflake.py
[2026-04-03T07:58:17.649+0000] {processor.py:840} INFO - DAG(s) 'minio_to_snowflake_pipeline' retrieved from /opt/airflow/dags/minio_to_snowflake.py
[2026-04-03T07:58:17.680+0000] {logging_mixin.py:188} INFO - [2026-04-03T07:58:17.679+0000] {dag.py:3089} INFO - Sync 1 DAGs
[2026-04-03T07:58:17.719+0000] {logging_mixin.py:188} INFO - [2026-04-03T07:58:17.719+0000] {dag.py:3947} INFO - Setting next_dagrun for minio_to_snowflake_pipeline to 2026-04-03 07:50:00+00:00, run_after=2026-04-03 08:00:00+00:00
[2026-04-03T07:58:17.744+0000] {processor.py:183} INFO - Processing /opt/airflow/dags/minio_to_snowflake.py took 1.146 seconds
[2026-04-03T07:58:47.890+0000] {processor.py:161} INFO - Started process (PID=2709) to work on /opt/airflow/dags/minio_to_snowflake.py
[2026-04-03T07:58:47.892+0000] {processor.py:830} INFO - Processing file /opt/airflow/dags/minio_to_snowflake.py for tasks to queue
[2026-04-03T07:58:47.894+0000] {logging_mixin.py:188} INFO - [2026-04-03T07:58:47.893+0000] {dagbag.py:545} INFO - Filling up the DagBag from /opt/airflow/dags/minio_to_snowflake.py
[2026-04-03T07:58:49.332+0000] {processor.py:840} INFO - DAG(s) 'minio_to_snowflake_pipeline' retrieved from /opt/airflow/dags/minio_to_snowflake.py
[2026-04-03T07:58:49.389+0000] {logging_mixin.py:188} INFO - [2026-04-03T07:58:49.388+0000] {dag.py:3089} INFO - Sync 1 DAGs
[2026-04-03T07:58:49.420+0000] {logging_mixin.py:188} INFO - [2026-04-03T07:58:49.420+0000] {dag.py:3947} INFO - Setting next_dagrun for minio_to_snowflake_pipeline to 2026-04-03 07:50:00+00:00, run_after=2026-04-03 08:00:00+00:00
[2026-04-03T07:58:49.468+0000] {processor.py:183} INFO - Processing /opt/airflow/dags/minio_to_snowflake.py took 1.589 seconds
[2026-04-03T07:59:19.570+0000] {processor.py:161} INFO - Started process (PID=2716) to work on /opt/airflow/dags/minio_to_snowflake.py
[2026-04-03T07:59:19.572+0000] {processor.py:830} INFO - Processing file /opt/airflow/dags/minio_to_snowflake.py for tasks to queue
[2026-04-03T07:59:19.575+0000] {logging_mixin.py:188} INFO - [2026-04-03T07:59:19.574+0000] {dagbag.py:545} INFO - Filling up the DagBag from /opt/airflow/dags/minio_to_snowflake.py
[2026-04-03T07:59:21.372+0000] {processor.py:840} INFO - DAG(s) 'minio_to_snowflake_pipeline' retrieved from /opt/airflow/dags/minio_to_snowflake.py
[2026-04-03T07:59:21.416+0000] {logging_mixin.py:188} INFO - [2026-04-03T07:59:21.415+0000] {dag.py:3089} INFO - Sync 1 DAGs
[2026-04-03T07:59:21.446+0000] {logging_mixin.py:188} INFO - [2026-04-03T07:59:21.446+0000] {dag.py:3947} INFO - Setting next_dagrun for minio_to_snowflake_pipeline to 2026-04-03 07:50:00+00:00, run_after=2026-04-03 08:00:00+00:00
[2026-04-03T07:59:21.503+0000] {processor.py:183} INFO - Processing /opt/airflow/dags/minio_to_snowflake.py took 1.945 seconds
[2026-04-03T07:59:51.950+0000] {processor.py:161} INFO - Started process (PID=2723) to work on /opt/airflow/dags/minio_to_snowflake.py
[2026-04-03T07:59:51.951+0000] {processor.py:830} INFO - Processing file /opt/airflow/dags/minio_to_snowflake.py for tasks to queue
[2026-04-03T07:59:51.953+0000] {logging_mixin.py:188} INFO - [2026-04-03T07:59:51.952+0000] {dagbag.py:545} INFO - Filling up the DagBag from /opt/airflow/dags/minio_to_snowflake.py
[2026-04-03T07:59:53.227+0000] {processor.py:840} INFO - DAG(s) 'minio_to_snowflake_pipeline' retrieved from /opt/airflow/dags/minio_to_snowflake.py
[2026-04-03T07:59:53.258+0000] {logging_mixin.py:188} INFO - [2026-04-03T07:59:53.258+0000] {dag.py:3089} INFO - Sync 1 DAGs
[2026-04-03T07:59:53.310+0000] {logging_mixin.py:188} INFO - [2026-04-03T07:59:53.310+0000] {dag.py:3947} INFO - Setting next_dagrun for minio_to_snowflake_pipeline to 2026-04-03 07:50:00+00:00, run_after=2026-04-03 08:00:00+00:00
[2026-04-03T07:59:53.361+0000] {processor.py:183} INFO - Processing /opt/airflow/dags/minio_to_snowflake.py took 1.427 seconds
[2026-04-03T08:00:23.764+0000] {processor.py:161} INFO - Started process (PID=2734) to work on /opt/airflow/dags/minio_to_snowflake.py
[2026-04-03T08:00:23.774+0000] {processor.py:830} INFO - Processing file /opt/airflow/dags/minio_to_snowflake.py for tasks to queue
[2026-04-03T08:00:23.777+0000] {logging_mixin.py:188} INFO - [2026-04-03T08:00:23.776+0000] {dagbag.py:545} INFO - Filling up the DagBag from /opt/airflow/dags/minio_to_snowflake.py
[2026-04-03T08:00:25.371+0000] {processor.py:840} INFO - DAG(s) 'minio_to_snowflake_pipeline' retrieved from /opt/airflow/dags/minio_to_snowflake.py
[2026-04-03T08:00:25.398+0000] {logging_mixin.py:188} INFO - [2026-04-03T08:00:25.398+0000] {dag.py:3089} INFO - Sync 1 DAGs
[2026-04-03T08:00:25.423+0000] {logging_mixin.py:188} INFO - [2026-04-03T08:00:25.423+0000] {dag.py:3947} INFO - Setting next_dagrun for minio_to_snowflake_pipeline to 2026-04-03 08:00:00+00:00, run_after=2026-04-03 08:10:00+00:00
[2026-04-03T08:00:25.444+0000] {processor.py:183} INFO - Processing /opt/airflow/dags/minio_to_snowflake.py took 1.705 seconds
[2026-04-03T08:00:55.720+0000] {processor.py:161} INFO - Started process (PID=2741) to work on /opt/airflow/dags/minio_to_snowflake.py
[2026-04-03T08:00:55.722+0000] {processor.py:830} INFO - Processing file /opt/airflow/dags/minio_to_snowflake.py for tasks to queue
[2026-04-03T08:00:55.724+0000] {logging_mixin.py:188} INFO - [2026-04-03T08:00:55.723+0000] {dagbag.py:545} INFO - Filling up the DagBag from /opt/airflow/dags/minio_to_snowflake.py
[2026-04-03T08:00:57.353+0000] {processor.py:840} INFO - DAG(s) 'minio_to_snowflake_pipeline' retrieved from /opt/airflow/dags/minio_to_snowflake.py
[2026-04-03T08:00:57.395+0000] {logging_mixin.py:188} INFO - [2026-04-03T08:00:57.394+0000] {dag.py:3089} INFO - Sync 1 DAGs
[2026-04-03T08:00:57.451+0000] {logging_mixin.py:188} INFO - [2026-04-03T08:00:57.451+0000] {dag.py:3947} INFO - Setting next_dagrun for minio_to_snowflake_pipeline to 2026-04-03 08:00:00+00:00, run_after=2026-04-03 08:10:00+00:00
[2026-04-03T08:00:57.492+0000] {processor.py:183} INFO - Processing /opt/airflow/dags/minio_to_snowflake.py took 1.785 seconds
[2026-04-03T08:01:27.775+0000] {processor.py:161} INFO - Started process (PID=2748) to work on /opt/airflow/dags/minio_to_snowflake.py
[2026-04-03T08:01:27.777+0000] {processor.py:830} INFO - Processing file /opt/airflow/dags/minio_to_snowflake.py for tasks to queue
[2026-04-03T08:01:27.778+0000] {logging_mixin.py:188} INFO - [2026-04-03T08:01:27.778+0000] {dagbag.py:545} INFO - Filling up the DagBag from /opt/airflow/dags/minio_to_snowflake.py
[2026-04-03T08:01:28.780+0000] {processor.py:840} INFO - DAG(s) 'minio_to_snowflake_pipeline' retrieved from /opt/airflow/dags/minio_to_snowflake.py
[2026-04-03T08:01:28.808+0000] {logging_mixin.py:188} INFO - [2026-04-03T08:01:28.808+0000] {dag.py:3089} INFO - Sync 1 DAGs
[2026-04-03T08:01:28.830+0000] {logging_mixin.py:188} INFO - [2026-04-03T08:01:28.830+0000] {dag.py:3947} INFO - Setting next_dagrun for minio_to_snowflake_pipeline to 2026-04-03 08:00:00+00:00, run_after=2026-04-03 08:10:00+00:00
[2026-04-03T08:01:28.851+0000] {processor.py:183} INFO - Processing /opt/airflow/dags/minio_to_snowflake.py took 1.084 seconds
[2026-04-03T08:01:59.063+0000] {processor.py:161} INFO - Started process (PID=2755) to work on /opt/airflow/dags/minio_to_snowflake.py
[2026-04-03T08:01:59.065+0000] {processor.py:830} INFO - Processing file /opt/airflow/dags/minio_to_snowflake.py for tasks to queue
[2026-04-03T08:01:59.066+0000] {logging_mixin.py:188} INFO - [2026-04-03T08:01:59.066+0000] {dagbag.py:545} INFO - Filling up the DagBag from /opt/airflow/dags/minio_to_snowflake.py
[2026-04-03T08:02:00.010+0000] {processor.py:840} INFO - DAG(s) 'minio_to_snowflake_pipeline' retrieved from /opt/airflow/dags/minio_to_snowflake.py
[2026-04-03T08:02:00.051+0000] {logging_mixin.py:188} INFO - [2026-04-03T08:02:00.050+0000] {dag.py:3089} INFO - Sync 1 DAGs
[2026-04-03T08:02:00.074+0000] {logging_mixin.py:188} INFO - [2026-04-03T08:02:00.073+0000] {dag.py:3947} INFO - Setting next_dagrun for minio_to_snowflake_pipeline to 2026-04-03 08:00:00+00:00, run_after=2026-04-03 08:10:00+00:00
[2026-04-03T08:02:00.098+0000] {processor.py:183} INFO - Processing /opt/airflow/dags/minio_to_snowflake.py took 1.043 seconds
[2026-04-03T08:02:30.367+0000] {processor.py:161} INFO - Started process (PID=2762) to work on /opt/airflow/dags/minio_to_snowflake.py
[2026-04-03T08:02:30.369+0000] {processor.py:830} INFO - Processing file /opt/airflow/dags/minio_to_snowflake.py for tasks to queue
[2026-04-03T08:02:30.371+0000] {logging_mixin.py:188} INFO - [2026-04-03T08:02:30.370+0000] {dagbag.py:545} INFO - Filling up the DagBag from /opt/airflow/dags/minio_to_snowflake.py
[2026-04-03T08:02:31.521+0000] {processor.py:840} INFO - DAG(s) 'minio_to_snowflake_pipeline' retrieved from /opt/airflow/dags/minio_to_snowflake.py
[2026-04-03T08:02:31.567+0000] {logging_mixin.py:188} INFO - [2026-04-03T08:02:31.566+0000] {dag.py:3089} INFO - Sync 1 DAGs
[2026-04-03T08:02:31.599+0000] {logging_mixin.py:188} INFO - [2026-04-03T08:02:31.599+0000] {dag.py:3947} INFO - Setting next_dagrun for minio_to_snowflake_pipeline to 2026-04-03 08:00:00+00:00, run_after=2026-04-03 08:10:00+00:00
[2026-04-03T08:02:31.624+0000] {processor.py:183} INFO - Processing /opt/airflow/dags/minio_to_snowflake.py took 1.265 seconds
[2026-04-03T08:03:01.888+0000] {processor.py:161} INFO - Started process (PID=2769) to work on /opt/airflow/dags/minio_to_snowflake.py
[2026-04-03T08:03:01.890+0000] {processor.py:830} INFO - Processing file /opt/airflow/dags/minio_to_snowflake.py for tasks to queue
[2026-04-03T08:03:01.891+0000] {logging_mixin.py:188} INFO - [2026-04-03T08:03:01.891+0000] {dagbag.py:545} INFO - Filling up the DagBag from /opt/airflow/dags/minio_to_snowflake.py
[2026-04-03T08:03:02.909+0000] {processor.py:840} INFO - DAG(s) 'minio_to_snowflake_pipeline' retrieved from /opt/airflow/dags/minio_to_snowflake.py
[2026-04-03T08:03:02.939+0000] {logging_mixin.py:188} INFO - [2026-04-03T08:03:02.938+0000] {dag.py:3089} INFO - Sync 1 DAGs
[2026-04-03T08:03:02.960+0000] {logging_mixin.py:188} INFO - [2026-04-03T08:03:02.960+0000] {dag.py:3947} INFO - Setting next_dagrun for minio_to_snowflake_pipeline to 2026-04-03 08:00:00+00:00, run_after=2026-04-03 08:10:00+00:00
[2026-04-03T08:03:02.983+0000] {processor.py:183} INFO - Processing /opt/airflow/dags/minio_to_snowflake.py took 1.105 seconds
[2026-04-03T08:03:33.128+0000] {processor.py:161} INFO - Started process (PID=2776) to work on /opt/airflow/dags/minio_to_snowflake.py
[2026-04-03T08:03:33.129+0000] {processor.py:830} INFO - Processing file /opt/airflow/dags/minio_to_snowflake.py for tasks to queue
[2026-04-03T08:03:33.131+0000] {logging_mixin.py:188} INFO - [2026-04-03T08:03:33.130+0000] {dagbag.py:545} INFO - Filling up the DagBag from /opt/airflow/dags/minio_to_snowflake.py
[2026-04-03T08:03:34.391+0000] {processor.py:840} INFO - DAG(s) 'minio_to_snowflake_pipeline' retrieved from /opt/airflow/dags/minio_to_snowflake.py
[2026-04-03T08:03:34.419+0000] {logging_mixin.py:188} INFO - [2026-04-03T08:03:34.418+0000] {dag.py:3089} INFO - Sync 1 DAGs
[2026-04-03T08:03:34.442+0000] {logging_mixin.py:188} INFO - [2026-04-03T08:03:34.442+0000] {dag.py:3947} INFO - Setting next_dagrun for minio_to_snowflake_pipeline to 2026-04-03 08:00:00+00:00, run_after=2026-04-03 08:10:00+00:00
[2026-04-03T08:03:34.465+0000] {processor.py:183} INFO - Processing /opt/airflow/dags/minio_to_snowflake.py took 1.346 seconds
[2026-04-03T08:04:04.695+0000] {processor.py:161} INFO - Started process (PID=2783) to work on /opt/airflow/dags/minio_to_snowflake.py
[2026-04-03T08:04:04.697+0000] {processor.py:830} INFO - Processing file /opt/airflow/dags/minio_to_snowflake.py for tasks to queue
[2026-04-03T08:04:04.698+0000] {logging_mixin.py:188} INFO - [2026-04-03T08:04:04.698+0000] {dagbag.py:545} INFO - Filling up the DagBag from /opt/airflow/dags/minio_to_snowflake.py
[2026-04-03T08:04:05.805+0000] {processor.py:840} INFO - DAG(s) 'minio_to_snowflake_pipeline' retrieved from /opt/airflow/dags/minio_to_snowflake.py
[2026-04-03T08:04:05.857+0000] {logging_mixin.py:188} INFO - [2026-04-03T08:04:05.856+0000] {dag.py:3089} INFO - Sync 1 DAGs
[2026-04-03T08:04:05.898+0000] {logging_mixin.py:188} INFO - [2026-04-03T08:04:05.897+0000] {dag.py:3947} INFO - Setting next_dagrun for minio_to_snowflake_pipeline to 2026-04-03 08:00:00+00:00, run_after=2026-04-03 08:10:00+00:00
[2026-04-03T08:04:05.936+0000] {processor.py:183} INFO - Processing /opt/airflow/dags/minio_to_snowflake.py took 1.249 seconds
[2026-04-03T08:04:36.218+0000] {processor.py:161} INFO - Started process (PID=2790) to work on /opt/airflow/dags/minio_to_snowflake.py
[2026-04-03T08:04:36.220+0000] {processor.py:830} INFO - Processing file /opt/airflow/dags/minio_to_snowflake.py for tasks to queue
[2026-04-03T08:04:36.221+0000] {logging_mixin.py:188} INFO - [2026-04-03T08:04:36.221+0000] {dagbag.py:545} INFO - Filling up the DagBag from /opt/airflow/dags/minio_to_snowflake.py
[2026-04-03T08:04:37.306+0000] {processor.py:840} INFO - DAG(s) 'minio_to_snowflake_pipeline' retrieved from /opt/airflow/dags/minio_to_snowflake.py
[2026-04-03T08:04:37.345+0000] {logging_mixin.py:188} INFO - [2026-04-03T08:04:37.344+0000] {dag.py:3089} INFO - Sync 1 DAGs
[2026-04-03T08:04:37.376+0000] {logging_mixin.py:188} INFO - [2026-04-03T08:04:37.376+0000] {dag.py:3947} INFO - Setting next_dagrun for minio_to_snowflake_pipeline to 2026-04-03 08:00:00+00:00, run_after=2026-04-03 08:10:00+00:00
[2026-04-03T08:04:37.396+0000] {processor.py:183} INFO - Processing /opt/airflow/dags/minio_to_snowflake.py took 1.186 seconds
[2026-04-03T08:05:07.613+0000] {processor.py:161} INFO - Started process (PID=2797) to work on /opt/airflow/dags/minio_to_snowflake.py
[2026-04-03T08:05:07.614+0000] {processor.py:830} INFO - Processing file /opt/airflow/dags/minio_to_snowflake.py for tasks to queue
[2026-04-03T08:05:07.616+0000] {logging_mixin.py:188} INFO - [2026-04-03T08:05:07.615+0000] {dagbag.py:545} INFO - Filling up the DagBag from /opt/airflow/dags/minio_to_snowflake.py
[2026-04-03T08:05:08.592+0000] {processor.py:840} INFO - DAG(s) 'minio_to_snowflake_pipeline' retrieved from /opt/airflow/dags/minio_to_snowflake.py
[2026-04-03T08:05:08.623+0000] {logging_mixin.py:188} INFO - [2026-04-03T08:05:08.622+0000] {dag.py:3089} INFO - Sync 1 DAGs
[2026-04-03T08:05:08.645+0000] {logging_mixin.py:188} INFO - [2026-04-03T08:05:08.644+0000] {dag.py:3947} INFO - Setting next_dagrun for minio_to_snowflake_pipeline to 2026-04-03 08:00:00+00:00, run_after=2026-04-03 08:10:00+00:00
[2026-04-03T08:05:08.667+0000] {processor.py:183} INFO - Processing /opt/airflow/dags/minio_to_snowflake.py took 1.062 seconds
[2026-04-03T08:05:38.816+0000] {processor.py:161} INFO - Started process (PID=2804) to work on /opt/airflow/dags/minio_to_snowflake.py
[2026-04-03T08:05:38.818+0000] {processor.py:830} INFO - Processing file /opt/airflow/dags/minio_to_snowflake.py for tasks to queue
[2026-04-03T08:05:38.819+0000] {logging_mixin.py:188} INFO - [2026-04-03T08:05:38.819+0000] {dagbag.py:545} INFO - Filling up the DagBag from /opt/airflow/dags/minio_to_snowflake.py
[2026-04-03T08:05:39.771+0000] {processor.py:840} INFO - DAG(s) 'minio_to_snowflake_pipeline' retrieved from /opt/airflow/dags/minio_to_snowflake.py
[2026-04-03T08:05:39.801+0000] {logging_mixin.py:188} INFO - [2026-04-03T08:05:39.801+0000] {dag.py:3089} INFO - Sync 1 DAGs
[2026-04-03T08:05:39.823+0000] {logging_mixin.py:188} INFO - [2026-04-03T08:05:39.823+0000] {dag.py:3947} INFO - Setting next_dagrun for minio_to_snowflake_pipeline to 2026-04-03 08:00:00+00:00, run_after=2026-04-03 08:10:00+00:00
[2026-04-03T08:05:39.846+0000] {processor.py:183} INFO - Processing /opt/airflow/dags/minio_to_snowflake.py took 1.037 seconds
[2026-04-03T08:06:10.041+0000] {processor.py:161} INFO - Started process (PID=2811) to work on /opt/airflow/dags/minio_to_snowflake.py
[2026-04-03T08:06:10.043+0000] {processor.py:830} INFO - Processing file /opt/airflow/dags/minio_to_snowflake.py for tasks to queue
[2026-04-03T08:06:10.044+0000] {logging_mixin.py:188} INFO - [2026-04-03T08:06:10.044+0000] {dagbag.py:545} INFO - Filling up the DagBag from /opt/airflow/dags/minio_to_snowflake.py
[2026-04-03T08:06:11.141+0000] {processor.py:840} INFO - DAG(s) 'minio_to_snowflake_pipeline' retrieved from /opt/airflow/dags/minio_to_snowflake.py
[2026-04-03T08:06:11.169+0000] {logging_mixin.py:188} INFO - [2026-04-03T08:06:11.168+0000] {dag.py:3089} INFO - Sync 1 DAGs
[2026-04-03T08:06:11.195+0000] {logging_mixin.py:188} INFO - [2026-04-03T08:06:11.195+0000] {dag.py:3947} INFO - Setting next_dagrun for minio_to_snowflake_pipeline to 2026-04-03 08:00:00+00:00, run_after=2026-04-03 08:10:00+00:00
[2026-04-03T08:06:11.217+0000] {processor.py:183} INFO - Processing /opt/airflow/dags/minio_to_snowflake.py took 1.185 seconds
[2026-04-03T08:06:41.375+0000] {processor.py:161} INFO - Started process (PID=2818) to work on /opt/airflow/dags/minio_to_snowflake.py
[2026-04-03T08:06:41.377+0000] {processor.py:830} INFO - Processing file /opt/airflow/dags/minio_to_snowflake.py for tasks to queue
[2026-04-03T08:06:41.378+0000] {logging_mixin.py:188} INFO - [2026-04-03T08:06:41.378+0000] {dagbag.py:545} INFO - Filling up the DagBag from /opt/airflow/dags/minio_to_snowflake.py
[2026-04-03T08:06:42.741+0000] {processor.py:840} INFO - DAG(s) 'minio_to_snowflake_pipeline' retrieved from /opt/airflow/dags/minio_to_snowflake.py
[2026-04-03T08:06:42.791+0000] {logging_mixin.py:188} INFO - [2026-04-03T08:06:42.790+0000] {dag.py:3089} INFO - Sync 1 DAGs
[2026-04-03T08:06:42.826+0000] {logging_mixin.py:188} INFO - [2026-04-03T08:06:42.826+0000] {dag.py:3947} INFO - Setting next_dagrun for minio_to_snowflake_pipeline to 2026-04-03 08:00:00+00:00, run_after=2026-04-03 08:10:00+00:00
[2026-04-03T08:06:42.854+0000] {processor.py:183} INFO - Processing /opt/airflow/dags/minio_to_snowflake.py took 1.488 seconds
[2026-04-03T08:07:13.156+0000] {processor.py:161} INFO - Started process (PID=2825) to work on /opt/airflow/dags/minio_to_snowflake.py
[2026-04-03T08:07:13.157+0000] {processor.py:830} INFO - Processing file /opt/airflow/dags/minio_to_snowflake.py for tasks to queue
[2026-04-03T08:07:13.159+0000] {logging_mixin.py:188} INFO - [2026-04-03T08:07:13.158+0000] {dagbag.py:545} INFO - Filling up the DagBag from /opt/airflow/dags/minio_to_snowflake.py
[2026-04-03T08:07:14.125+0000] {processor.py:840} INFO - DAG(s) 'minio_to_snowflake_pipeline' retrieved from /opt/airflow/dags/minio_to_snowflake.py
[2026-04-03T08:07:14.157+0000] {logging_mixin.py:188} INFO - [2026-04-03T08:07:14.155+0000] {dag.py:3089} INFO - Sync 1 DAGs
[2026-04-03T08:07:14.179+0000] {logging_mixin.py:188} INFO - [2026-04-03T08:07:14.178+0000] {dag.py:3947} INFO - Setting next_dagrun for minio_to_snowflake_pipeline to 2026-04-03 08:00:00+00:00, run_after=2026-04-03 08:10:00+00:00
[2026-04-03T08:07:14.199+0000] {processor.py:183} INFO - Processing /opt/airflow/dags/minio_to_snowflake.py took 1.051 seconds
[2026-04-03T08:07:44.360+0000] {processor.py:161} INFO - Started process (PID=2832) to work on /opt/airflow/dags/minio_to_snowflake.py
[2026-04-03T08:07:44.361+0000] {processor.py:830} INFO - Processing file /opt/airflow/dags/minio_to_snowflake.py for tasks to queue
[2026-04-03T08:07:44.363+0000] {logging_mixin.py:188} INFO - [2026-04-03T08:07:44.362+0000] {dagbag.py:545} INFO - Filling up the DagBag from /opt/airflow/dags/minio_to_snowflake.py
[2026-04-03T08:07:45.553+0000] {processor.py:840} INFO - DAG(s) 'minio_to_snowflake_pipeline' retrieved from /opt/airflow/dags/minio_to_snowflake.py
[2026-04-03T08:07:45.583+0000] {logging_mixin.py:188} INFO - [2026-04-03T08:07:45.582+0000] {dag.py:3089} INFO - Sync 1 DAGs
[2026-04-03T08:07:45.606+0000] {logging_mixin.py:188} INFO - [2026-04-03T08:07:45.606+0000] {dag.py:3947} INFO - Setting next_dagrun for minio_to_snowflake_pipeline to 2026-04-03 08:00:00+00:00, run_after=2026-04-03 08:10:00+00:00
[2026-04-03T08:07:45.627+0000] {processor.py:183} INFO - Processing /opt/airflow/dags/minio_to_snowflake.py took 1.275 seconds
[2026-04-03T08:08:16.235+0000] {processor.py:161} INFO - Started process (PID=2839) to work on /opt/airflow/dags/minio_to_snowflake.py
[2026-04-03T08:08:16.247+0000] {processor.py:830} INFO - Processing file /opt/airflow/dags/minio_to_snowflake.py for tasks to queue
[2026-04-03T08:08:16.252+0000] {logging_mixin.py:188} INFO - [2026-04-03T08:08:16.251+0000] {dagbag.py:545} INFO - Filling up the DagBag from /opt/airflow/dags/minio_to_snowflake.py
[2026-04-03T08:08:21.087+0000] {processor.py:840} INFO - DAG(s) 'minio_to_snowflake_pipeline' retrieved from /opt/airflow/dags/minio_to_snowflake.py
[2026-04-03T08:08:21.310+0000] {logging_mixin.py:188} INFO - [2026-04-03T08:08:21.309+0000] {dag.py:3089} INFO - Sync 1 DAGs
[2026-04-03T08:08:21.469+0000] {logging_mixin.py:188} INFO - [2026-04-03T08:08:21.469+0000] {dag.py:3947} INFO - Setting next_dagrun for minio_to_snowflake_pipeline to 2026-04-03 08:00:00+00:00, run_after=2026-04-03 08:10:00+00:00
[2026-04-03T08:08:21.581+0000] {processor.py:183} INFO - Processing /opt/airflow/dags/minio_to_snowflake.py took 5.378 seconds
[2026-04-03T08:08:51.995+0000] {processor.py:161} INFO - Started process (PID=2846) to work on /opt/airflow/dags/minio_to_snowflake.py
[2026-04-03T08:08:51.999+0000] {processor.py:830} INFO - Processing file /opt/airflow/dags/minio_to_snowflake.py for tasks to queue
[2026-04-03T08:08:52.002+0000] {logging_mixin.py:188} INFO - [2026-04-03T08:08:52.001+0000] {dagbag.py:545} INFO - Filling up the DagBag from /opt/airflow/dags/minio_to_snowflake.py
[2026-04-03T08:08:53.863+0000] {processor.py:840} INFO - DAG(s) 'minio_to_snowflake_pipeline' retrieved from /opt/airflow/dags/minio_to_snowflake.py
[2026-04-03T08:08:53.916+0000] {logging_mixin.py:188} INFO - [2026-04-03T08:08:53.915+0000] {dag.py:3089} INFO - Sync 1 DAGs
[2026-04-03T08:08:53.967+0000] {logging_mixin.py:188} INFO - [2026-04-03T08:08:53.967+0000] {dag.py:3947} INFO - Setting next_dagrun for minio_to_snowflake_pipeline to 2026-04-03 08:00:00+00:00, run_after=2026-04-03 08:10:00+00:00
[2026-04-03T08:08:54.009+0000] {processor.py:183} INFO - Processing /opt/airflow/dags/minio_to_snowflake.py took 2.032 seconds
[2026-04-03T08:09:24.433+0000] {processor.py:161} INFO - Started process (PID=2853) to work on /opt/airflow/dags/minio_to_snowflake.py
[2026-04-03T08:09:24.435+0000] {processor.py:830} INFO - Processing file /opt/airflow/dags/minio_to_snowflake.py for tasks to queue
[2026-04-03T08:09:24.437+0000] {logging_mixin.py:188} INFO - [2026-04-03T08:09:24.436+0000] {dagbag.py:545} INFO - Filling up the DagBag from /opt/airflow/dags/minio_to_snowflake.py
[2026-04-03T08:09:26.581+0000] {processor.py:840} INFO - DAG(s) 'minio_to_snowflake_pipeline' retrieved from /opt/airflow/dags/minio_to_snowflake.py
[2026-04-03T08:09:26.628+0000] {logging_mixin.py:188} INFO - [2026-04-03T08:09:26.625+0000] {dag.py:3089} INFO - Sync 1 DAGs
[2026-04-03T08:09:26.670+0000] {logging_mixin.py:188} INFO - [2026-04-03T08:09:26.670+0000] {dag.py:3947} INFO - Setting next_dagrun for minio_to_snowflake_pipeline to 2026-04-03 08:00:00+00:00, run_after=2026-04-03 08:10:00+00:00
[2026-04-03T08:09:26.710+0000] {processor.py:183} INFO - Processing /opt/airflow/dags/minio_to_snowflake.py took 2.289 seconds
[2026-04-03T08:09:57.394+0000] {processor.py:161} INFO - Started process (PID=2860) to work on /opt/airflow/dags/minio_to_snowflake.py
[2026-04-03T08:09:57.396+0000] {processor.py:830} INFO - Processing file /opt/airflow/dags/minio_to_snowflake.py for tasks to queue
[2026-04-03T08:09:57.397+0000] {logging_mixin.py:188} INFO - [2026-04-03T08:09:57.397+0000] {dagbag.py:545} INFO - Filling up the DagBag from /opt/airflow/dags/minio_to_snowflake.py
[2026-04-03T08:09:59.045+0000] {processor.py:840} INFO - DAG(s) 'minio_to_snowflake_pipeline' retrieved from /opt/airflow/dags/minio_to_snowflake.py
[2026-04-03T08:09:59.084+0000] {logging_mixin.py:188} INFO - [2026-04-03T08:09:59.084+0000] {dag.py:3089} INFO - Sync 1 DAGs
[2026-04-03T08:09:59.117+0000] {logging_mixin.py:188} INFO - [2026-04-03T08:09:59.117+0000] {dag.py:3947} INFO - Setting next_dagrun for minio_to_snowflake_pipeline to 2026-04-03 08:00:00+00:00, run_after=2026-04-03 08:10:00+00:00
[2026-04-03T08:09:59.147+0000] {processor.py:183} INFO - Processing /opt/airflow/dags/minio_to_snowflake.py took 1.761 seconds
[2026-04-03T08:10:29.808+0000] {processor.py:161} INFO - Started process (PID=2871) to work on /opt/airflow/dags/minio_to_snowflake.py
[2026-04-03T08:10:29.809+0000] {processor.py:830} INFO - Processing file /opt/airflow/dags/minio_to_snowflake.py for tasks to queue
[2026-04-03T08:10:29.811+0000] {logging_mixin.py:188} INFO - [2026-04-03T08:10:29.810+0000] {dagbag.py:545} INFO - Filling up the DagBag from /opt/airflow/dags/minio_to_snowflake.py
[2026-04-03T08:10:31.609+0000] {processor.py:840} INFO - DAG(s) 'minio_to_snowflake_pipeline' retrieved from /opt/airflow/dags/minio_to_snowflake.py
[2026-04-03T08:10:31.668+0000] {logging_mixin.py:188} INFO - [2026-04-03T08:10:31.666+0000] {dag.py:3089} INFO - Sync 1 DAGs
[2026-04-03T08:10:31.708+0000] {logging_mixin.py:188} INFO - [2026-04-03T08:10:31.707+0000] {dag.py:3947} INFO - Setting next_dagrun for minio_to_snowflake_pipeline to 2026-04-03 08:10:00+00:00, run_after=2026-04-03 08:20:00+00:00
[2026-04-03T08:10:32.145+0000] {processor.py:183} INFO - Processing /opt/airflow/dags/minio_to_snowflake.py took 2.356 seconds
[2026-04-03T08:11:02.570+0000] {processor.py:161} INFO - Started process (PID=2878) to work on /opt/airflow/dags/minio_to_snowflake.py
[2026-04-03T08:11:02.572+0000] {processor.py:830} INFO - Processing file /opt/airflow/dags/minio_to_snowflake.py for tasks to queue
[2026-04-03T08:11:02.574+0000] {logging_mixin.py:188} INFO - [2026-04-03T08:11:02.573+0000] {dagbag.py:545} INFO - Filling up the DagBag from /opt/airflow/dags/minio_to_snowflake.py
[2026-04-03T08:11:04.190+0000] {processor.py:840} INFO - DAG(s) 'minio_to_snowflake_pipeline' retrieved from /opt/airflow/dags/minio_to_snowflake.py
[2026-04-03T08:11:04.223+0000] {logging_mixin.py:188} INFO - [2026-04-03T08:11:04.223+0000] {dag.py:3089} INFO - Sync 1 DAGs
[2026-04-03T08:11:04.251+0000] {logging_mixin.py:188} INFO - [2026-04-03T08:11:04.250+0000] {dag.py:3947} INFO - Setting next_dagrun for minio_to_snowflake_pipeline to 2026-04-03 08:10:00+00:00, run_after=2026-04-03 08:20:00+00:00
[2026-04-03T08:11:04.278+0000] {processor.py:183} INFO - Processing /opt/airflow/dags/minio_to_snowflake.py took 1.719 seconds
[2026-04-03T08:11:34.710+0000] {processor.py:161} INFO - Started process (PID=2885) to work on /opt/airflow/dags/minio_to_snowflake.py
[2026-04-03T08:11:34.712+0000] {processor.py:830} INFO - Processing file /opt/airflow/dags/minio_to_snowflake.py for tasks to queue
[2026-04-03T08:11:34.713+0000] {logging_mixin.py:188} INFO - [2026-04-03T08:11:34.713+0000] {dagbag.py:545} INFO - Filling up the DagBag from /opt/airflow/dags/minio_to_snowflake.py
[2026-04-03T08:11:35.897+0000] {processor.py:840} INFO - DAG(s) 'minio_to_snowflake_pipeline' retrieved from /opt/airflow/dags/minio_to_snowflake.py
[2026-04-03T08:11:35.930+0000] {logging_mixin.py:188} INFO - [2026-04-03T08:11:35.930+0000] {dag.py:3089} INFO - Sync 1 DAGs
[2026-04-03T08:11:35.954+0000] {logging_mixin.py:188} INFO - [2026-04-03T08:11:35.954+0000] {dag.py:3947} INFO - Setting next_dagrun for minio_to_snowflake_pipeline to 2026-04-03 08:10:00+00:00, run_after=2026-04-03 08:20:00+00:00
[2026-04-03T08:11:35.976+0000] {processor.py:183} INFO - Processing /opt/airflow/dags/minio_to_snowflake.py took 1.275 seconds
[2026-04-03T08:12:06.320+0000] {processor.py:161} INFO - Started process (PID=2892) to work on /opt/airflow/dags/minio_to_snowflake.py
[2026-04-03T08:12:06.323+0000] {processor.py:830} INFO - Processing file /opt/airflow/dags/minio_to_snowflake.py for tasks to queue
[2026-04-03T08:12:06.325+0000] {logging_mixin.py:188} INFO - [2026-04-03T08:12:06.324+0000] {dagbag.py:545} INFO - Filling up the DagBag from /opt/airflow/dags/minio_to_snowflake.py
[2026-04-03T08:12:08.292+0000] {processor.py:840} INFO - DAG(s) 'minio_to_snowflake_pipeline' retrieved from /opt/airflow/dags/minio_to_snowflake.py
[2026-04-03T08:12:08.423+0000] {logging_mixin.py:188} INFO - [2026-04-03T08:12:08.422+0000] {dag.py:3089} INFO - Sync 1 DAGs
[2026-04-03T08:12:08.548+0000] {logging_mixin.py:188} INFO - [2026-04-03T08:12:08.548+0000] {dag.py:3947} INFO - Setting next_dagrun for minio_to_snowflake_pipeline to 2026-04-03 08:10:00+00:00, run_after=2026-04-03 08:20:00+00:00
[2026-04-03T08:12:08.619+0000] {processor.py:183} INFO - Processing /opt/airflow/dags/minio_to_snowflake.py took 2.318 seconds
[2026-04-03T08:12:39.008+0000] {processor.py:161} INFO - Started process (PID=2899) to work on /opt/airflow/dags/minio_to_snowflake.py
[2026-04-03T08:12:39.010+0000] {processor.py:830} INFO - Processing file /opt/airflow/dags/minio_to_snowflake.py for tasks to queue
[2026-04-03T08:12:39.011+0000] {logging_mixin.py:188} INFO - [2026-04-03T08:12:39.011+0000] {dagbag.py:545} INFO - Filling up the DagBag from /opt/airflow/dags/minio_to_snowflake.py
[2026-04-03T08:12:40.464+0000] {processor.py:840} INFO - DAG(s) 'minio_to_snowflake_pipeline' retrieved from /opt/airflow/dags/minio_to_snowflake.py
[2026-04-03T08:12:40.510+0000] {logging_mixin.py:188} INFO - [2026-04-03T08:12:40.509+0000] {dag.py:3089} INFO - Sync 1 DAGs
[2026-04-03T08:12:40.538+0000] {logging_mixin.py:188} INFO - [2026-04-03T08:12:40.538+0000] {dag.py:3947} INFO - Setting next_dagrun for minio_to_snowflake_pipeline to 2026-04-03 08:10:00+00:00, run_after=2026-04-03 08:20:00+00:00
[2026-04-03T08:12:40.619+0000] {processor.py:183} INFO - Processing /opt/airflow/dags/minio_to_snowflake.py took 1.619 seconds
[2026-04-03T08:13:10.752+0000] {processor.py:161} INFO - Started process (PID=2906) to work on /opt/airflow/dags/minio_to_snowflake.py
[2026-04-03T08:13:10.753+0000] {processor.py:830} INFO - Processing file /opt/airflow/dags/minio_to_snowflake.py for tasks to queue
[2026-04-03T08:13:10.755+0000] {logging_mixin.py:188} INFO - [2026-04-03T08:13:10.754+0000] {dagbag.py:545} INFO - Filling up the DagBag from /opt/airflow/dags/minio_to_snowflake.py
[2026-04-03T08:13:11.925+0000] {processor.py:840} INFO - DAG(s) 'minio_to_snowflake_pipeline' retrieved from /opt/airflow/dags/minio_to_snowflake.py
[2026-04-03T08:13:11.953+0000] {logging_mixin.py:188} INFO - [2026-04-03T08:13:11.953+0000] {dag.py:3089} INFO - Sync 1 DAGs
[2026-04-03T08:13:11.976+0000] {logging_mixin.py:188} INFO - [2026-04-03T08:13:11.976+0000] {dag.py:3947} INFO - Setting next_dagrun for minio_to_snowflake_pipeline to 2026-04-03 08:10:00+00:00, run_after=2026-04-03 08:20:00+00:00
[2026-04-03T08:13:12.004+0000] {processor.py:183} INFO - Processing /opt/airflow/dags/minio_to_snowflake.py took 1.263 seconds
[2026-04-03T08:13:42.127+0000] {processor.py:161} INFO - Started process (PID=2913) to work on /opt/airflow/dags/minio_to_snowflake.py
[2026-04-03T08:13:42.129+0000] {processor.py:830} INFO - Processing file /opt/airflow/dags/minio_to_snowflake.py for tasks to queue
[2026-04-03T08:13:42.131+0000] {logging_mixin.py:188} INFO - [2026-04-03T08:13:42.130+0000] {dagbag.py:545} INFO - Filling up the DagBag from /opt/airflow/dags/minio_to_snowflake.py
[2026-04-03T08:13:43.206+0000] {processor.py:840} INFO - DAG(s) 'minio_to_snowflake_pipeline' retrieved from /opt/airflow/dags/minio_to_snowflake.py
[2026-04-03T08:13:43.239+0000] {logging_mixin.py:188} INFO - [2026-04-03T08:13:43.238+0000] {dag.py:3089} INFO - Sync 1 DAGs
[2026-04-03T08:13:43.267+0000] {logging_mixin.py:188} INFO - [2026-04-03T08:13:43.266+0000] {dag.py:3947} INFO - Setting next_dagrun for minio_to_snowflake_pipeline to 2026-04-03 08:10:00+00:00, run_after=2026-04-03 08:20:00+00:00
[2026-04-03T08:13:43.297+0000] {processor.py:183} INFO - Processing /opt/airflow/dags/minio_to_snowflake.py took 1.180 seconds
[2026-04-03T08:14:13.433+0000] {processor.py:161} INFO - Started process (PID=2920) to work on /opt/airflow/dags/minio_to_snowflake.py
[2026-04-03T08:14:13.435+0000] {processor.py:830} INFO - Processing file /opt/airflow/dags/minio_to_snowflake.py for tasks to queue
[2026-04-03T08:14:13.436+0000] {logging_mixin.py:188} INFO - [2026-04-03T08:14:13.436+0000] {dagbag.py:545} INFO - Filling up the DagBag from /opt/airflow/dags/minio_to_snowflake.py
[2026-04-03T08:14:14.418+0000] {processor.py:840} INFO - DAG(s) 'minio_to_snowflake_pipeline' retrieved from /opt/airflow/dags/minio_to_snowflake.py
[2026-04-03T08:14:14.447+0000] {logging_mixin.py:188} INFO - [2026-04-03T08:14:14.447+0000] {dag.py:3089} INFO - Sync 1 DAGs
[2026-04-03T08:14:14.469+0000] {logging_mixin.py:188} INFO - [2026-04-03T08:14:14.469+0000] {dag.py:3947} INFO - Setting next_dagrun for minio_to_snowflake_pipeline to 2026-04-03 08:10:00+00:00, run_after=2026-04-03 08:20:00+00:00
[2026-04-03T08:14:14.491+0000] {processor.py:183} INFO - Processing /opt/airflow/dags/minio_to_snowflake.py took 1.067 seconds
[2026-04-03T08:14:44.651+0000] {processor.py:161} INFO - Started process (PID=2927) to work on /opt/airflow/dags/minio_to_snowflake.py
[2026-04-03T08:14:44.653+0000] {processor.py:830} INFO - Processing file /opt/airflow/dags/minio_to_snowflake.py for tasks to queue
[2026-04-03T08:14:44.654+0000] {logging_mixin.py:188} INFO - [2026-04-03T08:14:44.654+0000] {dagbag.py:545} INFO - Filling up the DagBag from /opt/airflow/dags/minio_to_snowflake.py
[2026-04-03T08:14:45.811+0000] {processor.py:840} INFO - DAG(s) 'minio_to_snowflake_pipeline' retrieved from /opt/airflow/dags/minio_to_snowflake.py
[2026-04-03T08:14:45.845+0000] {logging_mixin.py:188} INFO - [2026-04-03T08:14:45.845+0000] {dag.py:3089} INFO - Sync 1 DAGs
[2026-04-03T08:14:45.870+0000] {logging_mixin.py:188} INFO - [2026-04-03T08:14:45.869+0000] {dag.py:3947} INFO - Setting next_dagrun for minio_to_snowflake_pipeline to 2026-04-03 08:10:00+00:00, run_after=2026-04-03 08:20:00+00:00
[2026-04-03T08:14:45.893+0000] {processor.py:183} INFO - Processing /opt/airflow/dags/minio_to_snowflake.py took 1.249 seconds
[2026-04-03T08:15:16.195+0000] {processor.py:161} INFO - Started process (PID=2934) to work on /opt/airflow/dags/minio_to_snowflake.py
[2026-04-03T08:15:16.197+0000] {processor.py:830} INFO - Processing file /opt/airflow/dags/minio_to_snowflake.py for tasks to queue
[2026-04-03T08:15:16.199+0000] {logging_mixin.py:188} INFO - [2026-04-03T08:15:16.198+0000] {dagbag.py:545} INFO - Filling up the DagBag from /opt/airflow/dags/minio_to_snowflake.py
[2026-04-03T08:15:19.991+0000] {processor.py:840} INFO - DAG(s) 'minio_to_snowflake_pipeline' retrieved from /opt/airflow/dags/minio_to_snowflake.py
[2026-04-03T08:15:20.254+0000] {logging_mixin.py:188} INFO - [2026-04-03T08:15:20.250+0000] {dag.py:3089} INFO - Sync 1 DAGs
[2026-04-03T08:15:20.352+0000] {logging_mixin.py:188} INFO - [2026-04-03T08:15:20.351+0000] {dag.py:3947} INFO - Setting next_dagrun for minio_to_snowflake_pipeline to 2026-04-03 08:10:00+00:00, run_after=2026-04-03 08:20:00+00:00
[2026-04-03T08:15:20.438+0000] {processor.py:183} INFO - Processing /opt/airflow/dags/minio_to_snowflake.py took 4.255 seconds
[2026-04-03T08:15:50.781+0000] {processor.py:161} INFO - Started process (PID=2941) to work on /opt/airflow/dags/minio_to_snowflake.py
[2026-04-03T08:15:50.783+0000] {processor.py:830} INFO - Processing file /opt/airflow/dags/minio_to_snowflake.py for tasks to queue
[2026-04-03T08:15:50.784+0000] {logging_mixin.py:188} INFO - [2026-04-03T08:15:50.784+0000] {dagbag.py:545} INFO - Filling up the DagBag from /opt/airflow/dags/minio_to_snowflake.py
[2026-04-03T08:15:51.916+0000] {processor.py:840} INFO - DAG(s) 'minio_to_snowflake_pipeline' retrieved from /opt/airflow/dags/minio_to_snowflake.py
[2026-04-03T08:15:51.946+0000] {logging_mixin.py:188} INFO - [2026-04-03T08:15:51.945+0000] {dag.py:3089} INFO - Sync 1 DAGs
[2026-04-03T08:15:51.971+0000] {logging_mixin.py:188} INFO - [2026-04-03T08:15:51.971+0000] {dag.py:3947} INFO - Setting next_dagrun for minio_to_snowflake_pipeline to 2026-04-03 08:10:00+00:00, run_after=2026-04-03 08:20:00+00:00
[2026-04-03T08:15:51.994+0000] {processor.py:183} INFO - Processing /opt/airflow/dags/minio_to_snowflake.py took 1.223 seconds
[2026-04-03T08:16:22.100+0000] {processor.py:161} INFO - Started process (PID=2948) to work on /opt/airflow/dags/minio_to_snowflake.py
[2026-04-03T08:16:22.102+0000] {processor.py:830} INFO - Processing file /opt/airflow/dags/minio_to_snowflake.py for tasks to queue
[2026-04-03T08:16:22.103+0000] {logging_mixin.py:188} INFO - [2026-04-03T08:16:22.103+0000] {dagbag.py:545} INFO - Filling up the DagBag from /opt/airflow/dags/minio_to_snowflake.py
[2026-04-03T08:16:23.294+0000] {processor.py:840} INFO - DAG(s) 'minio_to_snowflake_pipeline' retrieved from /opt/airflow/dags/minio_to_snowflake.py
[2026-04-03T08:16:23.335+0000] {logging_mixin.py:188} INFO - [2026-04-03T08:16:23.334+0000] {dag.py:3089} INFO - Sync 1 DAGs
[2026-04-03T08:16:23.361+0000] {logging_mixin.py:188} INFO - [2026-04-03T08:16:23.360+0000] {dag.py:3947} INFO - Setting next_dagrun for minio_to_snowflake_pipeline to 2026-04-03 08:10:00+00:00, run_after=2026-04-03 08:20:00+00:00
[2026-04-03T08:16:23.383+0000] {processor.py:183} INFO - Processing /opt/airflow/dags/minio_to_snowflake.py took 1.294 seconds
[2026-04-03T08:16:53.657+0000] {processor.py:161} INFO - Started process (PID=2955) to work on /opt/airflow/dags/minio_to_snowflake.py
[2026-04-03T08:16:53.661+0000] {processor.py:830} INFO - Processing file /opt/airflow/dags/minio_to_snowflake.py for tasks to queue
[2026-04-03T08:16:53.663+0000] {logging_mixin.py:188} INFO - [2026-04-03T08:16:53.662+0000] {dagbag.py:545} INFO - Filling up the DagBag from /opt/airflow/dags/minio_to_snowflake.py
[2026-04-03T08:16:54.794+0000] {processor.py:840} INFO - DAG(s) 'minio_to_snowflake_pipeline' retrieved from /opt/airflow/dags/minio_to_snowflake.py
[2026-04-03T08:16:54.840+0000] {logging_mixin.py:188} INFO - [2026-04-03T08:16:54.837+0000] {dag.py:3089} INFO - Sync 1 DAGs
[2026-04-03T08:16:54.877+0000] {logging_mixin.py:188} INFO - [2026-04-03T08:16:54.877+0000] {dag.py:3947} INFO - Setting next_dagrun for minio_to_snowflake_pipeline to 2026-04-03 08:10:00+00:00, run_after=2026-04-03 08:20:00+00:00
[2026-04-03T08:16:54.915+0000] {processor.py:183} INFO - Processing /opt/airflow/dags/minio_to_snowflake.py took 1.270 seconds
[2026-04-03T08:17:25.246+0000] {processor.py:161} INFO - Started process (PID=2962) to work on /opt/airflow/dags/minio_to_snowflake.py
[2026-04-03T08:17:25.248+0000] {processor.py:830} INFO - Processing file /opt/airflow/dags/minio_to_snowflake.py for tasks to queue
[2026-04-03T08:17:25.251+0000] {logging_mixin.py:188} INFO - [2026-04-03T08:17:25.250+0000] {dagbag.py:545} INFO - Filling up the DagBag from /opt/airflow/dags/minio_to_snowflake.py
[2026-04-03T08:17:27.707+0000] {processor.py:840} INFO - DAG(s) 'minio_to_snowflake_pipeline' retrieved from /opt/airflow/dags/minio_to_snowflake.py
[2026-04-03T08:17:27.747+0000] {logging_mixin.py:188} INFO - [2026-04-03T08:17:27.746+0000] {dag.py:3089} INFO - Sync 1 DAGs
[2026-04-03T08:17:27.786+0000] {logging_mixin.py:188} INFO - [2026-04-03T08:17:27.786+0000] {dag.py:3947} INFO - Setting next_dagrun for minio_to_snowflake_pipeline to 2026-04-03 08:10:00+00:00, run_after=2026-04-03 08:20:00+00:00
[2026-04-03T08:17:27.823+0000] {processor.py:183} INFO - Processing /opt/airflow/dags/minio_to_snowflake.py took 2.593 seconds
[2026-04-03T08:17:58.150+0000] {processor.py:161} INFO - Started process (PID=2969) to work on /opt/airflow/dags/minio_to_snowflake.py
[2026-04-03T08:17:58.152+0000] {processor.py:830} INFO - Processing file /opt/airflow/dags/minio_to_snowflake.py for tasks to queue
[2026-04-03T08:17:58.154+0000] {logging_mixin.py:188} INFO - [2026-04-03T08:17:58.153+0000] {dagbag.py:545} INFO - Filling up the DagBag from /opt/airflow/dags/minio_to_snowflake.py
[2026-04-03T08:17:59.477+0000] {processor.py:840} INFO - DAG(s) 'minio_to_snowflake_pipeline' retrieved from /opt/airflow/dags/minio_to_snowflake.py
[2026-04-03T08:17:59.528+0000] {logging_mixin.py:188} INFO - [2026-04-03T08:17:59.527+0000] {dag.py:3089} INFO - Sync 1 DAGs
[2026-04-03T08:17:59.579+0000] {logging_mixin.py:188} INFO - [2026-04-03T08:17:59.579+0000] {dag.py:3947} INFO - Setting next_dagrun for minio_to_snowflake_pipeline to 2026-04-03 08:10:00+00:00, run_after=2026-04-03 08:20:00+00:00
[2026-04-03T08:17:59.603+0000] {processor.py:183} INFO - Processing /opt/airflow/dags/minio_to_snowflake.py took 1.466 seconds
[2026-04-03T08:18:30.216+0000] {processor.py:161} INFO - Started process (PID=2976) to work on /opt/airflow/dags/minio_to_snowflake.py
[2026-04-03T08:18:30.222+0000] {processor.py:830} INFO - Processing file /opt/airflow/dags/minio_to_snowflake.py for tasks to queue
[2026-04-03T08:18:30.229+0000] {logging_mixin.py:188} INFO - [2026-04-03T08:18:30.228+0000] {dagbag.py:545} INFO - Filling up the DagBag from /opt/airflow/dags/minio_to_snowflake.py
[2026-04-03T08:18:32.585+0000] {processor.py:840} INFO - DAG(s) 'minio_to_snowflake_pipeline' retrieved from /opt/airflow/dags/minio_to_snowflake.py
[2026-04-03T08:18:32.628+0000] {logging_mixin.py:188} INFO - [2026-04-03T08:18:32.628+0000] {dag.py:3089} INFO - Sync 1 DAGs
[2026-04-03T08:18:32.654+0000] {logging_mixin.py:188} INFO - [2026-04-03T08:18:32.653+0000] {dag.py:3947} INFO - Setting next_dagrun for minio_to_snowflake_pipeline to 2026-04-03 08:10:00+00:00, run_after=2026-04-03 08:20:00+00:00
[2026-04-03T08:18:32.681+0000] {processor.py:183} INFO - Processing /opt/airflow/dags/minio_to_snowflake.py took 2.493 seconds
[2026-04-03T08:19:03.054+0000] {processor.py:161} INFO - Started process (PID=2983) to work on /opt/airflow/dags/minio_to_snowflake.py
[2026-04-03T08:19:03.059+0000] {processor.py:830} INFO - Processing file /opt/airflow/dags/minio_to_snowflake.py for tasks to queue
[2026-04-03T08:19:03.061+0000] {logging_mixin.py:188} INFO - [2026-04-03T08:19:03.061+0000] {dagbag.py:545} INFO - Filling up the DagBag from /opt/airflow/dags/minio_to_snowflake.py
[2026-04-03T08:19:04.607+0000] {processor.py:840} INFO - DAG(s) 'minio_to_snowflake_pipeline' retrieved from /opt/airflow/dags/minio_to_snowflake.py
[2026-04-03T08:19:04.638+0000] {logging_mixin.py:188} INFO - [2026-04-03T08:19:04.638+0000] {dag.py:3089} INFO - Sync 1 DAGs
[2026-04-03T08:19:04.667+0000] {logging_mixin.py:188} INFO - [2026-04-03T08:19:04.667+0000] {dag.py:3947} INFO - Setting next_dagrun for minio_to_snowflake_pipeline to 2026-04-03 08:10:00+00:00, run_after=2026-04-03 08:20:00+00:00
[2026-04-03T08:19:04.720+0000] {processor.py:183} INFO - Processing /opt/airflow/dags/minio_to_snowflake.py took 1.681 seconds
[2026-04-03T08:19:34.854+0000] {processor.py:161} INFO - Started process (PID=2990) to work on /opt/airflow/dags/minio_to_snowflake.py
[2026-04-03T08:19:34.856+0000] {processor.py:830} INFO - Processing file /opt/airflow/dags/minio_to_snowflake.py for tasks to queue
[2026-04-03T08:19:34.864+0000] {logging_mixin.py:188} INFO - [2026-04-03T08:19:34.861+0000] {dagbag.py:545} INFO - Filling up the DagBag from /opt/airflow/dags/minio_to_snowflake.py
[2026-04-03T08:19:37.045+0000] {processor.py:840} INFO - DAG(s) 'minio_to_snowflake_pipeline' retrieved from /opt/airflow/dags/minio_to_snowflake.py
[2026-04-03T08:19:37.183+0000] {logging_mixin.py:188} INFO - [2026-04-03T08:19:37.182+0000] {dag.py:3089} INFO - Sync 1 DAGs
[2026-04-03T08:19:37.314+0000] {logging_mixin.py:188} INFO - [2026-04-03T08:19:37.304+0000] {dag.py:3947} INFO - Setting next_dagrun for minio_to_snowflake_pipeline to 2026-04-03 08:10:00+00:00, run_after=2026-04-03 08:20:00+00:00
[2026-04-03T08:19:37.579+0000] {processor.py:183} INFO - Processing /opt/airflow/dags/minio_to_snowflake.py took 2.742 seconds
[2026-04-03T08:20:08.143+0000] {processor.py:161} INFO - Started process (PID=3001) to work on /opt/airflow/dags/minio_to_snowflake.py
[2026-04-03T08:20:08.145+0000] {processor.py:830} INFO - Processing file /opt/airflow/dags/minio_to_snowflake.py for tasks to queue
[2026-04-03T08:20:08.147+0000] {logging_mixin.py:188} INFO - [2026-04-03T08:20:08.147+0000] {dagbag.py:545} INFO - Filling up the DagBag from /opt/airflow/dags/minio_to_snowflake.py
[2026-04-03T08:20:09.553+0000] {processor.py:840} INFO - DAG(s) 'minio_to_snowflake_pipeline' retrieved from /opt/airflow/dags/minio_to_snowflake.py
[2026-04-03T08:20:09.593+0000] {logging_mixin.py:188} INFO - [2026-04-03T08:20:09.592+0000] {dag.py:3089} INFO - Sync 1 DAGs
[2026-04-03T08:20:09.620+0000] {logging_mixin.py:188} INFO - [2026-04-03T08:20:09.620+0000] {dag.py:3947} INFO - Setting next_dagrun for minio_to_snowflake_pipeline to 2026-04-03 08:20:00+00:00, run_after=2026-04-03 08:30:00+00:00
[2026-04-03T08:20:09.648+0000] {processor.py:183} INFO - Processing /opt/airflow/dags/minio_to_snowflake.py took 1.518 seconds
[2026-04-03T08:20:40.063+0000] {processor.py:161} INFO - Started process (PID=3008) to work on /opt/airflow/dags/minio_to_snowflake.py
[2026-04-03T08:20:40.065+0000] {processor.py:830} INFO - Processing file /opt/airflow/dags/minio_to_snowflake.py for tasks to queue
[2026-04-03T08:20:40.066+0000] {logging_mixin.py:188} INFO - [2026-04-03T08:20:40.066+0000] {dagbag.py:545} INFO - Filling up the DagBag from /opt/airflow/dags/minio_to_snowflake.py
[2026-04-03T08:20:41.305+0000] {processor.py:840} INFO - DAG(s) 'minio_to_snowflake_pipeline' retrieved from /opt/airflow/dags/minio_to_snowflake.py
[2026-04-03T08:20:41.343+0000] {logging_mixin.py:188} INFO - [2026-04-03T08:20:41.342+0000] {dag.py:3089} INFO - Sync 1 DAGs
[2026-04-03T08:20:41.369+0000] {logging_mixin.py:188} INFO - [2026-04-03T08:20:41.369+0000] {dag.py:3947} INFO - Setting next_dagrun for minio_to_snowflake_pipeline to 2026-04-03 08:20:00+00:00, run_after=2026-04-03 08:30:00+00:00
[2026-04-03T08:20:41.399+0000] {processor.py:183} INFO - Processing /opt/airflow/dags/minio_to_snowflake.py took 1.346 seconds
[2026-04-03T08:21:11.497+0000] {processor.py:161} INFO - Started process (PID=3015) to work on /opt/airflow/dags/minio_to_snowflake.py
[2026-04-03T08:21:11.499+0000] {processor.py:830} INFO - Processing file /opt/airflow/dags/minio_to_snowflake.py for tasks to queue
[2026-04-03T08:21:11.502+0000] {logging_mixin.py:188} INFO - [2026-04-03T08:21:11.501+0000] {dagbag.py:545} INFO - Filling up the DagBag from /opt/airflow/dags/minio_to_snowflake.py
[2026-04-03T08:21:12.787+0000] {processor.py:840} INFO - DAG(s) 'minio_to_snowflake_pipeline' retrieved from /opt/airflow/dags/minio_to_snowflake.py
[2026-04-03T08:21:12.833+0000] {logging_mixin.py:188} INFO - [2026-04-03T08:21:12.832+0000] {dag.py:3089} INFO - Sync 1 DAGs
[2026-04-03T08:21:12.868+0000] {logging_mixin.py:188} INFO - [2026-04-03T08:21:12.868+0000] {dag.py:3947} INFO - Setting next_dagrun for minio_to_snowflake_pipeline to 2026-04-03 08:20:00+00:00, run_after=2026-04-03 08:30:00+00:00
[2026-04-03T08:21:12.897+0000] {processor.py:183} INFO - Processing /opt/airflow/dags/minio_to_snowflake.py took 1.411 seconds
[2026-04-03T08:21:43.070+0000] {processor.py:161} INFO - Started process (PID=3022) to work on /opt/airflow/dags/minio_to_snowflake.py
[2026-04-03T08:21:43.071+0000] {processor.py:830} INFO - Processing file /opt/airflow/dags/minio_to_snowflake.py for tasks to queue
[2026-04-03T08:21:43.073+0000] {logging_mixin.py:188} INFO - [2026-04-03T08:21:43.072+0000] {dagbag.py:545} INFO - Filling up the DagBag from /opt/airflow/dags/minio_to_snowflake.py
[2026-04-03T08:21:44.180+0000] {processor.py:840} INFO - DAG(s) 'minio_to_snowflake_pipeline' retrieved from /opt/airflow/dags/minio_to_snowflake.py
[2026-04-03T08:21:44.214+0000] {logging_mixin.py:188} INFO - [2026-04-03T08:21:44.213+0000] {dag.py:3089} INFO - Sync 1 DAGs
[2026-04-03T08:21:44.238+0000] {logging_mixin.py:188} INFO - [2026-04-03T08:21:44.238+0000] {dag.py:3947} INFO - Setting next_dagrun for minio_to_snowflake_pipeline to 2026-04-03 08:20:00+00:00, run_after=2026-04-03 08:30:00+00:00
[2026-04-03T08:21:44.261+0000] {processor.py:183} INFO - Processing /opt/airflow/dags/minio_to_snowflake.py took 1.202 seconds
[2026-04-03T08:22:14.482+0000] {processor.py:161} INFO - Started process (PID=3029) to work on /opt/airflow/dags/minio_to_snowflake.py
[2026-04-03T08:22:14.484+0000] {processor.py:830} INFO - Processing file /opt/airflow/dags/minio_to_snowflake.py for tasks to queue
[2026-04-03T08:22:14.485+0000] {logging_mixin.py:188} INFO - [2026-04-03T08:22:14.485+0000] {dagbag.py:545} INFO - Filling up the DagBag from /opt/airflow/dags/minio_to_snowflake.py
[2026-04-03T08:22:15.488+0000] {processor.py:840} INFO - DAG(s) 'minio_to_snowflake_pipeline' retrieved from /opt/airflow/dags/minio_to_snowflake.py
[2026-04-03T08:22:15.517+0000] {logging_mixin.py:188} INFO - [2026-04-03T08:22:15.516+0000] {dag.py:3089} INFO - Sync 1 DAGs
[2026-04-03T08:22:15.540+0000] {logging_mixin.py:188} INFO - [2026-04-03T08:22:15.540+0000] {dag.py:3947} INFO - Setting next_dagrun for minio_to_snowflake_pipeline to 2026-04-03 08:20:00+00:00, run_after=2026-04-03 08:30:00+00:00
[2026-04-03T08:22:15.563+0000] {processor.py:183} INFO - Processing /opt/airflow/dags/minio_to_snowflake.py took 1.088 seconds
[2026-04-03T08:22:45.763+0000] {processor.py:161} INFO - Started process (PID=3036) to work on /opt/airflow/dags/minio_to_snowflake.py
[2026-04-03T08:22:45.765+0000] {processor.py:830} INFO - Processing file /opt/airflow/dags/minio_to_snowflake.py for tasks to queue
[2026-04-03T08:22:45.768+0000] {logging_mixin.py:188} INFO - [2026-04-03T08:22:45.767+0000] {dagbag.py:545} INFO - Filling up the DagBag from /opt/airflow/dags/minio_to_snowflake.py
[2026-04-03T08:22:46.997+0000] {processor.py:840} INFO - DAG(s) 'minio_to_snowflake_pipeline' retrieved from /opt/airflow/dags/minio_to_snowflake.py
[2026-04-03T08:22:47.028+0000] {logging_mixin.py:188} INFO - [2026-04-03T08:22:47.027+0000] {dag.py:3089} INFO - Sync 1 DAGs
[2026-04-03T08:22:47.050+0000] {logging_mixin.py:188} INFO - [2026-04-03T08:22:47.050+0000] {dag.py:3947} INFO - Setting next_dagrun for minio_to_snowflake_pipeline to 2026-04-03 08:20:00+00:00, run_after=2026-04-03 08:30:00+00:00
[2026-04-03T08:22:47.071+0000] {processor.py:183} INFO - Processing /opt/airflow/dags/minio_to_snowflake.py took 1.321 seconds
[2026-04-03T08:23:17.312+0000] {processor.py:161} INFO - Started process (PID=3043) to work on /opt/airflow/dags/minio_to_snowflake.py
[2026-04-03T08:23:17.313+0000] {processor.py:830} INFO - Processing file /opt/airflow/dags/minio_to_snowflake.py for tasks to queue
[2026-04-03T08:23:17.317+0000] {logging_mixin.py:188} INFO - [2026-04-03T08:23:17.315+0000] {dagbag.py:545} INFO - Filling up the DagBag from /opt/airflow/dags/minio_to_snowflake.py
[2026-04-03T08:23:18.763+0000] {processor.py:840} INFO - DAG(s) 'minio_to_snowflake_pipeline' retrieved from /opt/airflow/dags/minio_to_snowflake.py
[2026-04-03T08:23:18.821+0000] {logging_mixin.py:188} INFO - [2026-04-03T08:23:18.820+0000] {dag.py:3089} INFO - Sync 1 DAGs
[2026-04-03T08:23:18.873+0000] {logging_mixin.py:188} INFO - [2026-04-03T08:23:18.872+0000] {dag.py:3947} INFO - Setting next_dagrun for minio_to_snowflake_pipeline to 2026-04-03 08:20:00+00:00, run_after=2026-04-03 08:30:00+00:00
[2026-04-03T08:23:18.898+0000] {processor.py:183} INFO - Processing /opt/airflow/dags/minio_to_snowflake.py took 1.595 seconds
[2026-04-03T08:23:49.327+0000] {processor.py:161} INFO - Started process (PID=3050) to work on /opt/airflow/dags/minio_to_snowflake.py
[2026-04-03T08:23:49.329+0000] {processor.py:830} INFO - Processing file /opt/airflow/dags/minio_to_snowflake.py for tasks to queue
[2026-04-03T08:23:49.330+0000] {logging_mixin.py:188} INFO - [2026-04-03T08:23:49.330+0000] {dagbag.py:545} INFO - Filling up the DagBag from /opt/airflow/dags/minio_to_snowflake.py
[2026-04-03T08:23:50.568+0000] {processor.py:840} INFO - DAG(s) 'minio_to_snowflake_pipeline' retrieved from /opt/airflow/dags/minio_to_snowflake.py
[2026-04-03T08:23:50.609+0000] {logging_mixin.py:188} INFO - [2026-04-03T08:23:50.608+0000] {dag.py:3089} INFO - Sync 1 DAGs
[2026-04-03T08:23:50.643+0000] {logging_mixin.py:188} INFO - [2026-04-03T08:23:50.642+0000] {dag.py:3947} INFO - Setting next_dagrun for minio_to_snowflake_pipeline to 2026-04-03 08:20:00+00:00, run_after=2026-04-03 08:30:00+00:00
[2026-04-03T08:23:50.673+0000] {processor.py:183} INFO - Processing /opt/airflow/dags/minio_to_snowflake.py took 1.356 seconds
[2026-04-03T08:24:20.822+0000] {processor.py:161} INFO - Started process (PID=3057) to work on /opt/airflow/dags/minio_to_snowflake.py
[2026-04-03T08:24:20.824+0000] {processor.py:830} INFO - Processing file /opt/airflow/dags/minio_to_snowflake.py for tasks to queue
[2026-04-03T08:24:20.826+0000] {logging_mixin.py:188} INFO - [2026-04-03T08:24:20.825+0000] {dagbag.py:545} INFO - Filling up the DagBag from /opt/airflow/dags/minio_to_snowflake.py
[2026-04-03T08:24:22.025+0000] {processor.py:840} INFO - DAG(s) 'minio_to_snowflake_pipeline' retrieved from /opt/airflow/dags/minio_to_snowflake.py
[2026-04-03T08:24:22.056+0000] {logging_mixin.py:188} INFO - [2026-04-03T08:24:22.055+0000] {dag.py:3089} INFO - Sync 1 DAGs
[2026-04-03T08:24:22.082+0000] {logging_mixin.py:188} INFO - [2026-04-03T08:24:22.081+0000] {dag.py:3947} INFO - Setting next_dagrun for minio_to_snowflake_pipeline to 2026-04-03 08:20:00+00:00, run_after=2026-04-03 08:30:00+00:00
[2026-04-03T08:24:22.105+0000] {processor.py:183} INFO - Processing /opt/airflow/dags/minio_to_snowflake.py took 1.292 seconds
[2026-04-03T08:24:52.415+0000] {processor.py:161} INFO - Started process (PID=3064) to work on /opt/airflow/dags/minio_to_snowflake.py
[2026-04-03T08:24:52.416+0000] {processor.py:830} INFO - Processing file /opt/airflow/dags/minio_to_snowflake.py for tasks to queue
[2026-04-03T08:24:52.418+0000] {logging_mixin.py:188} INFO - [2026-04-03T08:24:52.417+0000] {dagbag.py:545} INFO - Filling up the DagBag from /opt/airflow/dags/minio_to_snowflake.py
[2026-04-03T08:24:53.450+0000] {processor.py:840} INFO - DAG(s) 'minio_to_snowflake_pipeline' retrieved from /opt/airflow/dags/minio_to_snowflake.py
[2026-04-03T08:24:53.481+0000] {logging_mixin.py:188} INFO - [2026-04-03T08:24:53.481+0000] {dag.py:3089} INFO - Sync 1 DAGs
[2026-04-03T08:24:53.504+0000] {logging_mixin.py:188} INFO - [2026-04-03T08:24:53.503+0000] {dag.py:3947} INFO - Setting next_dagrun for minio_to_snowflake_pipeline to 2026-04-03 08:20:00+00:00, run_after=2026-04-03 08:30:00+00:00
[2026-04-03T08:24:53.528+0000] {processor.py:183} INFO - Processing /opt/airflow/dags/minio_to_snowflake.py took 1.122 seconds
[2026-04-03T08:25:23.650+0000] {processor.py:161} INFO - Started process (PID=3071) to work on /opt/airflow/dags/minio_to_snowflake.py
[2026-04-03T08:25:23.652+0000] {processor.py:830} INFO - Processing file /opt/airflow/dags/minio_to_snowflake.py for tasks to queue
[2026-04-03T08:25:23.653+0000] {logging_mixin.py:188} INFO - [2026-04-03T08:25:23.653+0000] {dagbag.py:545} INFO - Filling up the DagBag from /opt/airflow/dags/minio_to_snowflake.py
[2026-04-03T08:25:24.704+0000] {processor.py:840} INFO - DAG(s) 'minio_to_snowflake_pipeline' retrieved from /opt/airflow/dags/minio_to_snowflake.py
[2026-04-03T08:25:24.735+0000] {logging_mixin.py:188} INFO - [2026-04-03T08:25:24.734+0000] {dag.py:3089} INFO - Sync 1 DAGs
[2026-04-03T08:25:24.763+0000] {logging_mixin.py:188} INFO - [2026-04-03T08:25:24.763+0000] {dag.py:3947} INFO - Setting next_dagrun for minio_to_snowflake_pipeline to 2026-04-03 08:20:00+00:00, run_after=2026-04-03 08:30:00+00:00
[2026-04-03T08:25:24.785+0000] {processor.py:183} INFO - Processing /opt/airflow/dags/minio_to_snowflake.py took 1.145 seconds
[2026-04-03T08:25:54.975+0000] {processor.py:161} INFO - Started process (PID=3078) to work on /opt/airflow/dags/minio_to_snowflake.py
[2026-04-03T08:25:54.976+0000] {processor.py:830} INFO - Processing file /opt/airflow/dags/minio_to_snowflake.py for tasks to queue
[2026-04-03T08:25:54.978+0000] {logging_mixin.py:188} INFO - [2026-04-03T08:25:54.977+0000] {dagbag.py:545} INFO - Filling up the DagBag from /opt/airflow/dags/minio_to_snowflake.py
[2026-04-03T08:25:56.077+0000] {processor.py:840} INFO - DAG(s) 'minio_to_snowflake_pipeline' retrieved from /opt/airflow/dags/minio_to_snowflake.py
[2026-04-03T08:25:56.105+0000] {logging_mixin.py:188} INFO - [2026-04-03T08:25:56.105+0000] {dag.py:3089} INFO - Sync 1 DAGs
[2026-04-03T08:25:56.128+0000] {logging_mixin.py:188} INFO - [2026-04-03T08:25:56.128+0000] {dag.py:3947} INFO - Setting next_dagrun for minio_to_snowflake_pipeline to 2026-04-03 08:20:00+00:00, run_after=2026-04-03 08:30:00+00:00
[2026-04-03T08:25:56.152+0000] {processor.py:183} INFO - Processing /opt/airflow/dags/minio_to_snowflake.py took 1.185 seconds
[2026-04-03T08:26:26.238+0000] {processor.py:161} INFO - Started process (PID=3085) to work on /opt/airflow/dags/minio_to_snowflake.py
[2026-04-03T08:26:26.239+0000] {processor.py:830} INFO - Processing file /opt/airflow/dags/minio_to_snowflake.py for tasks to queue
[2026-04-03T08:26:26.241+0000] {logging_mixin.py:188} INFO - [2026-04-03T08:26:26.241+0000] {dagbag.py:545} INFO - Filling up the DagBag from /opt/airflow/dags/minio_to_snowflake.py
[2026-04-03T08:26:27.404+0000] {processor.py:840} INFO - DAG(s) 'minio_to_snowflake_pipeline' retrieved from /opt/airflow/dags/minio_to_snowflake.py
[2026-04-03T08:26:27.455+0000] {logging_mixin.py:188} INFO - [2026-04-03T08:26:27.454+0000] {dag.py:3089} INFO - Sync 1 DAGs
[2026-04-03T08:26:27.482+0000] {logging_mixin.py:188} INFO - [2026-04-03T08:26:27.481+0000] {dag.py:3947} INFO - Setting next_dagrun for minio_to_snowflake_pipeline to 2026-04-03 08:20:00+00:00, run_after=2026-04-03 08:30:00+00:00
[2026-04-03T08:26:27.514+0000] {processor.py:183} INFO - Processing /opt/airflow/dags/minio_to_snowflake.py took 1.285 seconds
[2026-04-03T08:26:57.737+0000] {processor.py:161} INFO - Started process (PID=3092) to work on /opt/airflow/dags/minio_to_snowflake.py
[2026-04-03T08:26:57.739+0000] {processor.py:830} INFO - Processing file /opt/airflow/dags/minio_to_snowflake.py for tasks to queue
[2026-04-03T08:26:57.741+0000] {logging_mixin.py:188} INFO - [2026-04-03T08:26:57.740+0000] {dagbag.py:545} INFO - Filling up the DagBag from /opt/airflow/dags/minio_to_snowflake.py
[2026-04-03T08:26:59.124+0000] {processor.py:840} INFO - DAG(s) 'minio_to_snowflake_pipeline' retrieved from /opt/airflow/dags/minio_to_snowflake.py
[2026-04-03T08:26:59.163+0000] {logging_mixin.py:188} INFO - [2026-04-03T08:26:59.162+0000] {dag.py:3089} INFO - Sync 1 DAGs
[2026-04-03T08:26:59.188+0000] {logging_mixin.py:188} INFO - [2026-04-03T08:26:59.187+0000] {dag.py:3947} INFO - Setting next_dagrun for minio_to_snowflake_pipeline to 2026-04-03 08:20:00+00:00, run_after=2026-04-03 08:30:00+00:00
[2026-04-03T08:26:59.213+0000] {processor.py:183} INFO - Processing /opt/airflow/dags/minio_to_snowflake.py took 1.491 seconds
[2026-04-03T08:27:29.524+0000] {processor.py:161} INFO - Started process (PID=3099) to work on /opt/airflow/dags/minio_to_snowflake.py
[2026-04-03T08:27:29.528+0000] {processor.py:830} INFO - Processing file /opt/airflow/dags/minio_to_snowflake.py for tasks to queue
[2026-04-03T08:27:29.530+0000] {logging_mixin.py:188} INFO - [2026-04-03T08:27:29.529+0000] {dagbag.py:545} INFO - Filling up the DagBag from /opt/airflow/dags/minio_to_snowflake.py
[2026-04-03T08:27:30.721+0000] {processor.py:840} INFO - DAG(s) 'minio_to_snowflake_pipeline' retrieved from /opt/airflow/dags/minio_to_snowflake.py
[2026-04-03T08:27:30.755+0000] {logging_mixin.py:188} INFO - [2026-04-03T08:27:30.754+0000] {dag.py:3089} INFO - Sync 1 DAGs
[2026-04-03T08:27:30.784+0000] {logging_mixin.py:188} INFO - [2026-04-03T08:27:30.783+0000] {dag.py:3947} INFO - Setting next_dagrun for minio_to_snowflake_pipeline to 2026-04-03 08:20:00+00:00, run_after=2026-04-03 08:30:00+00:00
[2026-04-03T08:27:30.810+0000] {processor.py:183} INFO - Processing /opt/airflow/dags/minio_to_snowflake.py took 1.294 seconds
[2026-04-03T08:28:00.974+0000] {processor.py:161} INFO - Started process (PID=3106) to work on /opt/airflow/dags/minio_to_snowflake.py
[2026-04-03T08:28:00.975+0000] {processor.py:830} INFO - Processing file /opt/airflow/dags/minio_to_snowflake.py for tasks to queue
[2026-04-03T08:28:00.980+0000] {logging_mixin.py:188} INFO - [2026-04-03T08:28:00.980+0000] {dagbag.py:545} INFO - Filling up the DagBag from /opt/airflow/dags/minio_to_snowflake.py
[2026-04-03T08:28:03.172+0000] {processor.py:840} INFO - DAG(s) 'minio_to_snowflake_pipeline' retrieved from /opt/airflow/dags/minio_to_snowflake.py
[2026-04-03T08:28:03.215+0000] {logging_mixin.py:188} INFO - [2026-04-03T08:28:03.215+0000] {dag.py:3089} INFO - Sync 1 DAGs
[2026-04-03T08:28:03.248+0000] {logging_mixin.py:188} INFO - [2026-04-03T08:28:03.248+0000] {dag.py:3947} INFO - Setting next_dagrun for minio_to_snowflake_pipeline to 2026-04-03 08:20:00+00:00, run_after=2026-04-03 08:30:00+00:00
[2026-04-03T08:28:03.273+0000] {processor.py:183} INFO - Processing /opt/airflow/dags/minio_to_snowflake.py took 2.308 seconds
[2026-04-03T08:28:33.656+0000] {processor.py:161} INFO - Started process (PID=3113) to work on /opt/airflow/dags/minio_to_snowflake.py
[2026-04-03T08:28:33.658+0000] {processor.py:830} INFO - Processing file /opt/airflow/dags/minio_to_snowflake.py for tasks to queue
[2026-04-03T08:28:33.660+0000] {logging_mixin.py:188} INFO - [2026-04-03T08:28:33.659+0000] {dagbag.py:545} INFO - Filling up the DagBag from /opt/airflow/dags/minio_to_snowflake.py
[2026-04-03T08:28:35.365+0000] {processor.py:840} INFO - DAG(s) 'minio_to_snowflake_pipeline' retrieved from /opt/airflow/dags/minio_to_snowflake.py
[2026-04-03T08:28:35.420+0000] {logging_mixin.py:188} INFO - [2026-04-03T08:28:35.419+0000] {dag.py:3089} INFO - Sync 1 DAGs
[2026-04-03T08:28:35.483+0000] {logging_mixin.py:188} INFO - [2026-04-03T08:28:35.483+0000] {dag.py:3947} INFO - Setting next_dagrun for minio_to_snowflake_pipeline to 2026-04-03 08:20:00+00:00, run_after=2026-04-03 08:30:00+00:00
[2026-04-03T08:28:35.535+0000] {processor.py:183} INFO - Processing /opt/airflow/dags/minio_to_snowflake.py took 1.892 seconds
[2026-04-03T08:29:06.193+0000] {processor.py:161} INFO - Started process (PID=3120) to work on /opt/airflow/dags/minio_to_snowflake.py
[2026-04-03T08:29:06.206+0000] {processor.py:830} INFO - Processing file /opt/airflow/dags/minio_to_snowflake.py for tasks to queue
[2026-04-03T08:29:06.209+0000] {logging_mixin.py:188} INFO - [2026-04-03T08:29:06.208+0000] {dagbag.py:545} INFO - Filling up the DagBag from /opt/airflow/dags/minio_to_snowflake.py
[2026-04-03T08:29:09.172+0000] {processor.py:840} INFO - DAG(s) 'minio_to_snowflake_pipeline' retrieved from /opt/airflow/dags/minio_to_snowflake.py
[2026-04-03T08:29:09.294+0000] {logging_mixin.py:188} INFO - [2026-04-03T08:29:09.292+0000] {dag.py:3089} INFO - Sync 1 DAGs
[2026-04-03T08:29:09.371+0000] {logging_mixin.py:188} INFO - [2026-04-03T08:29:09.369+0000] {dag.py:3947} INFO - Setting next_dagrun for minio_to_snowflake_pipeline to 2026-04-03 08:20:00+00:00, run_after=2026-04-03 08:30:00+00:00
[2026-04-03T08:29:09.420+0000] {processor.py:183} INFO - Processing /opt/airflow/dags/minio_to_snowflake.py took 3.256 seconds
[2026-04-03T08:29:39.636+0000] {processor.py:161} INFO - Started process (PID=3127) to work on /opt/airflow/dags/minio_to_snowflake.py
[2026-04-03T08:29:39.645+0000] {processor.py:830} INFO - Processing file /opt/airflow/dags/minio_to_snowflake.py for tasks to queue
[2026-04-03T08:29:39.655+0000] {logging_mixin.py:188} INFO - [2026-04-03T08:29:39.654+0000] {dagbag.py:545} INFO - Filling up the DagBag from /opt/airflow/dags/minio_to_snowflake.py
[2026-04-03T08:29:42.267+0000] {processor.py:840} INFO - DAG(s) 'minio_to_snowflake_pipeline' retrieved from /opt/airflow/dags/minio_to_snowflake.py
[2026-04-03T08:29:42.342+0000] {logging_mixin.py:188} INFO - [2026-04-03T08:29:42.340+0000] {dag.py:3089} INFO - Sync 1 DAGs
[2026-04-03T08:29:42.385+0000] {logging_mixin.py:188} INFO - [2026-04-03T08:29:42.385+0000] {dag.py:3947} INFO - Setting next_dagrun for minio_to_snowflake_pipeline to 2026-04-03 08:20:00+00:00, run_after=2026-04-03 08:30:00+00:00
[2026-04-03T08:29:42.409+0000] {processor.py:183} INFO - Processing /opt/airflow/dags/minio_to_snowflake.py took 2.807 seconds
[2026-04-03T08:30:13.204+0000] {processor.py:161} INFO - Started process (PID=3138) to work on /opt/airflow/dags/minio_to_snowflake.py
[2026-04-03T08:30:13.207+0000] {processor.py:830} INFO - Processing file /opt/airflow/dags/minio_to_snowflake.py for tasks to queue
[2026-04-03T08:30:13.211+0000] {logging_mixin.py:188} INFO - [2026-04-03T08:30:13.210+0000] {dagbag.py:545} INFO - Filling up the DagBag from /opt/airflow/dags/minio_to_snowflake.py
[2026-04-03T08:30:15.129+0000] {processor.py:840} INFO - DAG(s) 'minio_to_snowflake_pipeline' retrieved from /opt/airflow/dags/minio_to_snowflake.py
[2026-04-03T08:30:15.193+0000] {logging_mixin.py:188} INFO - [2026-04-03T08:30:15.193+0000] {dag.py:3089} INFO - Sync 1 DAGs
[2026-04-03T08:30:15.245+0000] {logging_mixin.py:188} INFO - [2026-04-03T08:30:15.245+0000] {dag.py:3947} INFO - Setting next_dagrun for minio_to_snowflake_pipeline to 2026-04-03 08:30:00+00:00, run_after=2026-04-03 08:40:00+00:00
[2026-04-03T08:30:15.292+0000] {processor.py:183} INFO - Processing /opt/airflow/dags/minio_to_snowflake.py took 2.127 seconds
[2026-04-03T08:30:46.205+0000] {processor.py:161} INFO - Started process (PID=3145) to work on /opt/airflow/dags/minio_to_snowflake.py
[2026-04-03T08:30:46.207+0000] {processor.py:830} INFO - Processing file /opt/airflow/dags/minio_to_snowflake.py for tasks to queue
[2026-04-03T08:30:46.211+0000] {logging_mixin.py:188} INFO - [2026-04-03T08:30:46.210+0000] {dagbag.py:545} INFO - Filling up the DagBag from /opt/airflow/dags/minio_to_snowflake.py
[2026-04-03T08:30:48.281+0000] {processor.py:840} INFO - DAG(s) 'minio_to_snowflake_pipeline' retrieved from /opt/airflow/dags/minio_to_snowflake.py
[2026-04-03T08:30:48.340+0000] {logging_mixin.py:188} INFO - [2026-04-03T08:30:48.339+0000] {dag.py:3089} INFO - Sync 1 DAGs
[2026-04-03T08:30:48.390+0000] {logging_mixin.py:188} INFO - [2026-04-03T08:30:48.389+0000] {dag.py:3947} INFO - Setting next_dagrun for minio_to_snowflake_pipeline to 2026-04-03 08:30:00+00:00, run_after=2026-04-03 08:40:00+00:00
[2026-04-03T08:30:48.426+0000] {processor.py:183} INFO - Processing /opt/airflow/dags/minio_to_snowflake.py took 2.240 seconds
[2026-04-03T08:31:19.029+0000] {processor.py:161} INFO - Started process (PID=3152) to work on /opt/airflow/dags/minio_to_snowflake.py
[2026-04-03T08:31:19.033+0000] {processor.py:830} INFO - Processing file /opt/airflow/dags/minio_to_snowflake.py for tasks to queue
[2026-04-03T08:31:19.037+0000] {logging_mixin.py:188} INFO - [2026-04-03T08:31:19.036+0000] {dagbag.py:545} INFO - Filling up the DagBag from /opt/airflow/dags/minio_to_snowflake.py
[2026-04-03T08:31:21.680+0000] {processor.py:840} INFO - DAG(s) 'minio_to_snowflake_pipeline' retrieved from /opt/airflow/dags/minio_to_snowflake.py
[2026-04-03T08:31:21.868+0000] {logging_mixin.py:188} INFO - [2026-04-03T08:31:21.867+0000] {dag.py:3089} INFO - Sync 1 DAGs
[2026-04-03T08:31:22.173+0000] {logging_mixin.py:188} INFO - [2026-04-03T08:31:22.172+0000] {dag.py:3947} INFO - Setting next_dagrun for minio_to_snowflake_pipeline to 2026-04-03 08:30:00+00:00, run_after=2026-04-03 08:40:00+00:00
[2026-04-03T08:31:22.360+0000] {processor.py:183} INFO - Processing /opt/airflow/dags/minio_to_snowflake.py took 3.380 seconds
[2026-04-03T08:31:53.374+0000] {processor.py:161} INFO - Started process (PID=3159) to work on /opt/airflow/dags/minio_to_snowflake.py
[2026-04-03T08:31:53.377+0000] {processor.py:830} INFO - Processing file /opt/airflow/dags/minio_to_snowflake.py for tasks to queue
[2026-04-03T08:31:53.380+0000] {logging_mixin.py:188} INFO - [2026-04-03T08:31:53.379+0000] {dagbag.py:545} INFO - Filling up the DagBag from /opt/airflow/dags/minio_to_snowflake.py
[2026-04-03T08:31:55.080+0000] {processor.py:840} INFO - DAG(s) 'minio_to_snowflake_pipeline' retrieved from /opt/airflow/dags/minio_to_snowflake.py
[2026-04-03T08:31:55.131+0000] {logging_mixin.py:188} INFO - [2026-04-03T08:31:55.130+0000] {dag.py:3089} INFO - Sync 1 DAGs
[2026-04-03T08:31:55.166+0000] {logging_mixin.py:188} INFO - [2026-04-03T08:31:55.166+0000] {dag.py:3947} INFO - Setting next_dagrun for minio_to_snowflake_pipeline to 2026-04-03 08:30:00+00:00, run_after=2026-04-03 08:40:00+00:00
[2026-04-03T08:31:55.202+0000] {processor.py:183} INFO - Processing /opt/airflow/dags/minio_to_snowflake.py took 1.850 seconds
[2026-04-03T08:32:25.950+0000] {processor.py:161} INFO - Started process (PID=3166) to work on /opt/airflow/dags/minio_to_snowflake.py
[2026-04-03T08:32:25.952+0000] {processor.py:830} INFO - Processing file /opt/airflow/dags/minio_to_snowflake.py for tasks to queue
[2026-04-03T08:32:25.957+0000] {logging_mixin.py:188} INFO - [2026-04-03T08:32:25.956+0000] {dagbag.py:545} INFO - Filling up the DagBag from /opt/airflow/dags/minio_to_snowflake.py
[2026-04-03T08:32:28.906+0000] {processor.py:840} INFO - DAG(s) 'minio_to_snowflake_pipeline' retrieved from /opt/airflow/dags/minio_to_snowflake.py
[2026-04-03T08:32:28.983+0000] {logging_mixin.py:188} INFO - [2026-04-03T08:32:28.982+0000] {dag.py:3089} INFO - Sync 1 DAGs
[2026-04-03T08:32:29.060+0000] {logging_mixin.py:188} INFO - [2026-04-03T08:32:29.060+0000] {dag.py:3947} INFO - Setting next_dagrun for minio_to_snowflake_pipeline to 2026-04-03 08:30:00+00:00, run_after=2026-04-03 08:40:00+00:00
[2026-04-03T08:32:29.107+0000] {processor.py:183} INFO - Processing /opt/airflow/dags/minio_to_snowflake.py took 3.167 seconds
[2026-04-03T08:33:00.227+0000] {processor.py:161} INFO - Started process (PID=3173) to work on /opt/airflow/dags/minio_to_snowflake.py
[2026-04-03T08:33:00.229+0000] {processor.py:830} INFO - Processing file /opt/airflow/dags/minio_to_snowflake.py for tasks to queue
[2026-04-03T08:33:00.231+0000] {logging_mixin.py:188} INFO - [2026-04-03T08:33:00.230+0000] {dagbag.py:545} INFO - Filling up the DagBag from /opt/airflow/dags/minio_to_snowflake.py
[2026-04-03T08:33:01.945+0000] {processor.py:840} INFO - DAG(s) 'minio_to_snowflake_pipeline' retrieved from /opt/airflow/dags/minio_to_snowflake.py
[2026-04-03T08:33:01.985+0000] {logging_mixin.py:188} INFO - [2026-04-03T08:33:01.982+0000] {dag.py:3089} INFO - Sync 1 DAGs
[2026-04-03T08:33:02.013+0000] {logging_mixin.py:188} INFO - [2026-04-03T08:33:02.013+0000] {dag.py:3947} INFO - Setting next_dagrun for minio_to_snowflake_pipeline to 2026-04-03 08:30:00+00:00, run_after=2026-04-03 08:40:00+00:00
[2026-04-03T08:33:02.062+0000] {processor.py:183} INFO - Processing /opt/airflow/dags/minio_to_snowflake.py took 1.846 seconds
[2026-04-03T08:33:32.659+0000] {processor.py:161} INFO - Started process (PID=3180) to work on /opt/airflow/dags/minio_to_snowflake.py
[2026-04-03T08:33:32.683+0000] {processor.py:830} INFO - Processing file /opt/airflow/dags/minio_to_snowflake.py for tasks to queue
[2026-04-03T08:33:32.694+0000] {logging_mixin.py:188} INFO - [2026-04-03T08:33:32.693+0000] {dagbag.py:545} INFO - Filling up the DagBag from /opt/airflow/dags/minio_to_snowflake.py
[2026-04-03T08:33:39.202+0000] {processor.py:840} INFO - DAG(s) 'minio_to_snowflake_pipeline' retrieved from /opt/airflow/dags/minio_to_snowflake.py
[2026-04-03T08:33:39.333+0000] {logging_mixin.py:188} INFO - [2026-04-03T08:33:39.332+0000] {dag.py:3089} INFO - Sync 1 DAGs
[2026-04-03T08:33:39.459+0000] {logging_mixin.py:188} INFO - [2026-04-03T08:33:39.459+0000] {dag.py:3947} INFO - Setting next_dagrun for minio_to_snowflake_pipeline to 2026-04-03 08:30:00+00:00, run_after=2026-04-03 08:40:00+00:00
[2026-04-03T08:33:39.547+0000] {processor.py:183} INFO - Processing /opt/airflow/dags/minio_to_snowflake.py took 6.923 seconds
[2026-04-03T08:34:10.720+0000] {processor.py:161} INFO - Started process (PID=3187) to work on /opt/airflow/dags/minio_to_snowflake.py
[2026-04-03T08:34:10.723+0000] {processor.py:830} INFO - Processing file /opt/airflow/dags/minio_to_snowflake.py for tasks to queue
[2026-04-03T08:34:10.726+0000] {logging_mixin.py:188} INFO - [2026-04-03T08:34:10.725+0000] {dagbag.py:545} INFO - Filling up the DagBag from /opt/airflow/dags/minio_to_snowflake.py
[2026-04-03T08:34:12.815+0000] {processor.py:840} INFO - DAG(s) 'minio_to_snowflake_pipeline' retrieved from /opt/airflow/dags/minio_to_snowflake.py
[2026-04-03T08:34:13.004+0000] {logging_mixin.py:188} INFO - [2026-04-03T08:34:12.998+0000] {dag.py:3089} INFO - Sync 1 DAGs
[2026-04-03T08:34:13.137+0000] {logging_mixin.py:188} INFO - [2026-04-03T08:34:13.137+0000] {dag.py:3947} INFO - Setting next_dagrun for minio_to_snowflake_pipeline to 2026-04-03 08:30:00+00:00, run_after=2026-04-03 08:40:00+00:00
[2026-04-03T08:34:13.197+0000] {processor.py:183} INFO - Processing /opt/airflow/dags/minio_to_snowflake.py took 2.498 seconds
[2026-04-03T08:34:44.040+0000] {processor.py:161} INFO - Started process (PID=3194) to work on /opt/airflow/dags/minio_to_snowflake.py
[2026-04-03T08:34:44.044+0000] {processor.py:830} INFO - Processing file /opt/airflow/dags/minio_to_snowflake.py for tasks to queue
[2026-04-03T08:34:44.049+0000] {logging_mixin.py:188} INFO - [2026-04-03T08:34:44.047+0000] {dagbag.py:545} INFO - Filling up the DagBag from /opt/airflow/dags/minio_to_snowflake.py
[2026-04-03T08:34:48.082+0000] {processor.py:840} INFO - DAG(s) 'minio_to_snowflake_pipeline' retrieved from /opt/airflow/dags/minio_to_snowflake.py
[2026-04-03T08:34:48.246+0000] {logging_mixin.py:188} INFO - [2026-04-03T08:34:48.245+0000] {dag.py:3089} INFO - Sync 1 DAGs
[2026-04-03T08:34:48.393+0000] {logging_mixin.py:188} INFO - [2026-04-03T08:34:48.392+0000] {dag.py:3947} INFO - Setting next_dagrun for minio_to_snowflake_pipeline to 2026-04-03 08:30:00+00:00, run_after=2026-04-03 08:40:00+00:00
[2026-04-03T08:34:48.542+0000] {processor.py:183} INFO - Processing /opt/airflow/dags/minio_to_snowflake.py took 4.521 seconds
[2026-04-03T08:35:19.053+0000] {processor.py:161} INFO - Started process (PID=3201) to work on /opt/airflow/dags/minio_to_snowflake.py
[2026-04-03T08:35:19.055+0000] {processor.py:830} INFO - Processing file /opt/airflow/dags/minio_to_snowflake.py for tasks to queue
[2026-04-03T08:35:19.059+0000] {logging_mixin.py:188} INFO - [2026-04-03T08:35:19.058+0000] {dagbag.py:545} INFO - Filling up the DagBag from /opt/airflow/dags/minio_to_snowflake.py
[2026-04-03T08:35:26.637+0000] {processor.py:840} INFO - DAG(s) 'minio_to_snowflake_pipeline' retrieved from /opt/airflow/dags/minio_to_snowflake.py
[2026-04-03T08:35:26.848+0000] {logging_mixin.py:188} INFO - [2026-04-03T08:35:26.834+0000] {dag.py:3089} INFO - Sync 1 DAGs
[2026-04-03T08:35:27.031+0000] {logging_mixin.py:188} INFO - [2026-04-03T08:35:27.030+0000] {dag.py:3947} INFO - Setting next_dagrun for minio_to_snowflake_pipeline to 2026-04-03 08:30:00+00:00, run_after=2026-04-03 08:40:00+00:00
[2026-04-03T08:35:27.127+0000] {processor.py:183} INFO - Processing /opt/airflow/dags/minio_to_snowflake.py took 8.076 seconds
[2026-04-03T08:35:58.359+0000] {processor.py:161} INFO - Started process (PID=3208) to work on /opt/airflow/dags/minio_to_snowflake.py
[2026-04-03T08:35:58.362+0000] {processor.py:830} INFO - Processing file /opt/airflow/dags/minio_to_snowflake.py for tasks to queue
[2026-04-03T08:35:58.378+0000] {logging_mixin.py:188} INFO - [2026-04-03T08:35:58.377+0000] {dagbag.py:545} INFO - Filling up the DagBag from /opt/airflow/dags/minio_to_snowflake.py
[2026-04-03T08:36:03.731+0000] {processor.py:840} INFO - DAG(s) 'minio_to_snowflake_pipeline' retrieved from /opt/airflow/dags/minio_to_snowflake.py
[2026-04-03T08:36:03.836+0000] {logging_mixin.py:188} INFO - [2026-04-03T08:36:03.835+0000] {dag.py:3089} INFO - Sync 1 DAGs
[2026-04-03T08:36:03.873+0000] {logging_mixin.py:188} INFO - [2026-04-03T08:36:03.873+0000] {dag.py:3947} INFO - Setting next_dagrun for minio_to_snowflake_pipeline to 2026-04-03 08:30:00+00:00, run_after=2026-04-03 08:40:00+00:00
[2026-04-03T08:36:03.903+0000] {processor.py:183} INFO - Processing /opt/airflow/dags/minio_to_snowflake.py took 5.593 seconds
[2026-04-03T08:36:36.884+0000] {processor.py:161} INFO - Started process (PID=3215) to work on /opt/airflow/dags/minio_to_snowflake.py
[2026-04-03T08:36:36.950+0000] {processor.py:830} INFO - Processing file /opt/airflow/dags/minio_to_snowflake.py for tasks to queue
[2026-04-03T08:36:37.012+0000] {logging_mixin.py:188} INFO - [2026-04-03T08:36:37.001+0000] {dagbag.py:545} INFO - Filling up the DagBag from /opt/airflow/dags/minio_to_snowflake.py
[2026-04-03T08:36:41.425+0000] {processor.py:840} INFO - DAG(s) 'minio_to_snowflake_pipeline' retrieved from /opt/airflow/dags/minio_to_snowflake.py
[2026-04-03T08:36:41.584+0000] {logging_mixin.py:188} INFO - [2026-04-03T08:36:41.583+0000] {dag.py:3089} INFO - Sync 1 DAGs
[2026-04-03T08:36:41.679+0000] {logging_mixin.py:188} INFO - [2026-04-03T08:36:41.679+0000] {dag.py:3947} INFO - Setting next_dagrun for minio_to_snowflake_pipeline to 2026-04-03 08:30:00+00:00, run_after=2026-04-03 08:40:00+00:00
[2026-04-03T08:36:41.751+0000] {processor.py:183} INFO - Processing /opt/airflow/dags/minio_to_snowflake.py took 5.134 seconds
[2026-04-03T08:37:12.510+0000] {processor.py:161} INFO - Started process (PID=3222) to work on /opt/airflow/dags/minio_to_snowflake.py
[2026-04-03T08:37:12.511+0000] {processor.py:830} INFO - Processing file /opt/airflow/dags/minio_to_snowflake.py for tasks to queue
[2026-04-03T08:37:12.514+0000] {logging_mixin.py:188} INFO - [2026-04-03T08:37:12.513+0000] {dagbag.py:545} INFO - Filling up the DagBag from /opt/airflow/dags/minio_to_snowflake.py
[2026-04-03T08:37:14.952+0000] {processor.py:840} INFO - DAG(s) 'minio_to_snowflake_pipeline' retrieved from /opt/airflow/dags/minio_to_snowflake.py
[2026-04-03T08:37:14.998+0000] {logging_mixin.py:188} INFO - [2026-04-03T08:37:14.997+0000] {dag.py:3089} INFO - Sync 1 DAGs
[2026-04-03T08:37:15.085+0000] {logging_mixin.py:188} INFO - [2026-04-03T08:37:15.084+0000] {dag.py:3947} INFO - Setting next_dagrun for minio_to_snowflake_pipeline to 2026-04-03 08:30:00+00:00, run_after=2026-04-03 08:40:00+00:00
[2026-04-03T08:37:15.129+0000] {processor.py:183} INFO - Processing /opt/airflow/dags/minio_to_snowflake.py took 2.633 seconds
[2026-04-03T08:37:45.959+0000] {processor.py:161} INFO - Started process (PID=3229) to work on /opt/airflow/dags/minio_to_snowflake.py
[2026-04-03T08:37:45.966+0000] {processor.py:830} INFO - Processing file /opt/airflow/dags/minio_to_snowflake.py for tasks to queue
[2026-04-03T08:37:45.969+0000] {logging_mixin.py:188} INFO - [2026-04-03T08:37:45.968+0000] {dagbag.py:545} INFO - Filling up the DagBag from /opt/airflow/dags/minio_to_snowflake.py
[2026-04-03T08:37:48.264+0000] {processor.py:840} INFO - DAG(s) 'minio_to_snowflake_pipeline' retrieved from /opt/airflow/dags/minio_to_snowflake.py
[2026-04-03T08:37:48.316+0000] {logging_mixin.py:188} INFO - [2026-04-03T08:37:48.313+0000] {dag.py:3089} INFO - Sync 1 DAGs
[2026-04-03T08:37:48.344+0000] {logging_mixin.py:188} INFO - [2026-04-03T08:37:48.344+0000] {dag.py:3947} INFO - Setting next_dagrun for minio_to_snowflake_pipeline to 2026-04-03 08:30:00+00:00, run_after=2026-04-03 08:40:00+00:00
[2026-04-03T08:37:48.371+0000] {processor.py:183} INFO - Processing /opt/airflow/dags/minio_to_snowflake.py took 2.439 seconds
[2026-04-03T08:38:19.381+0000] {processor.py:161} INFO - Started process (PID=3236) to work on /opt/airflow/dags/minio_to_snowflake.py
[2026-04-03T08:38:19.384+0000] {processor.py:830} INFO - Processing file /opt/airflow/dags/minio_to_snowflake.py for tasks to queue
[2026-04-03T08:38:19.388+0000] {logging_mixin.py:188} INFO - [2026-04-03T08:38:19.387+0000] {dagbag.py:545} INFO - Filling up the DagBag from /opt/airflow/dags/minio_to_snowflake.py
[2026-04-03T08:38:23.013+0000] {processor.py:840} INFO - DAG(s) 'minio_to_snowflake_pipeline' retrieved from /opt/airflow/dags/minio_to_snowflake.py
[2026-04-03T08:38:23.068+0000] {logging_mixin.py:188} INFO - [2026-04-03T08:38:23.067+0000] {dag.py:3089} INFO - Sync 1 DAGs
[2026-04-03T08:38:23.109+0000] {logging_mixin.py:188} INFO - [2026-04-03T08:38:23.107+0000] {dag.py:3947} INFO - Setting next_dagrun for minio_to_snowflake_pipeline to 2026-04-03 08:30:00+00:00, run_after=2026-04-03 08:40:00+00:00
[2026-04-03T08:38:23.154+0000] {processor.py:183} INFO - Processing /opt/airflow/dags/minio_to_snowflake.py took 3.814 seconds
[2026-04-03T08:38:54.697+0000] {processor.py:161} INFO - Started process (PID=3243) to work on /opt/airflow/dags/minio_to_snowflake.py
[2026-04-03T08:38:54.705+0000] {processor.py:830} INFO - Processing file /opt/airflow/dags/minio_to_snowflake.py for tasks to queue
[2026-04-03T08:38:54.708+0000] {logging_mixin.py:188} INFO - [2026-04-03T08:38:54.707+0000] {dagbag.py:545} INFO - Filling up the DagBag from /opt/airflow/dags/minio_to_snowflake.py
[2026-04-03T08:39:05.235+0000] {processor.py:840} INFO - DAG(s) 'minio_to_snowflake_pipeline' retrieved from /opt/airflow/dags/minio_to_snowflake.py
[2026-04-03T08:39:05.435+0000] {logging_mixin.py:188} INFO - [2026-04-03T08:39:05.423+0000] {dag.py:3089} INFO - Sync 1 DAGs
[2026-04-03T08:39:05.596+0000] {logging_mixin.py:188} INFO - [2026-04-03T08:39:05.595+0000] {dag.py:3947} INFO - Setting next_dagrun for minio_to_snowflake_pipeline to 2026-04-03 08:30:00+00:00, run_after=2026-04-03 08:40:00+00:00
[2026-04-03T08:39:05.737+0000] {processor.py:183} INFO - Processing /opt/airflow/dags/minio_to_snowflake.py took 11.073 seconds
[2026-04-03T08:39:36.770+0000] {processor.py:161} INFO - Started process (PID=3250) to work on /opt/airflow/dags/minio_to_snowflake.py
[2026-04-03T08:39:36.773+0000] {processor.py:830} INFO - Processing file /opt/airflow/dags/minio_to_snowflake.py for tasks to queue
[2026-04-03T08:39:36.775+0000] {logging_mixin.py:188} INFO - [2026-04-03T08:39:36.774+0000] {dagbag.py:545} INFO - Filling up the DagBag from /opt/airflow/dags/minio_to_snowflake.py
[2026-04-03T08:39:39.137+0000] {processor.py:840} INFO - DAG(s) 'minio_to_snowflake_pipeline' retrieved from /opt/airflow/dags/minio_to_snowflake.py
[2026-04-03T08:39:39.185+0000] {logging_mixin.py:188} INFO - [2026-04-03T08:39:39.184+0000] {dag.py:3089} INFO - Sync 1 DAGs
[2026-04-03T08:39:39.226+0000] {logging_mixin.py:188} INFO - [2026-04-03T08:39:39.226+0000] {dag.py:3947} INFO - Setting next_dagrun for minio_to_snowflake_pipeline to 2026-04-03 08:30:00+00:00, run_after=2026-04-03 08:40:00+00:00
[2026-04-03T08:39:39.266+0000] {processor.py:183} INFO - Processing /opt/airflow/dags/minio_to_snowflake.py took 2.510 seconds
[2026-04-03T08:40:09.924+0000] {processor.py:161} INFO - Started process (PID=3259) to work on /opt/airflow/dags/minio_to_snowflake.py
[2026-04-03T08:40:09.926+0000] {processor.py:830} INFO - Processing file /opt/airflow/dags/minio_to_snowflake.py for tasks to queue
[2026-04-03T08:40:09.940+0000] {logging_mixin.py:188} INFO - [2026-04-03T08:40:09.939+0000] {dagbag.py:545} INFO - Filling up the DagBag from /opt/airflow/dags/minio_to_snowflake.py
[2026-04-03T08:40:19.611+0000] {processor.py:840} INFO - DAG(s) 'minio_to_snowflake_pipeline' retrieved from /opt/airflow/dags/minio_to_snowflake.py
[2026-04-03T08:40:19.742+0000] {logging_mixin.py:188} INFO - [2026-04-03T08:40:19.735+0000] {dag.py:3089} INFO - Sync 1 DAGs
[2026-04-03T08:40:19.952+0000] {processor.py:183} INFO - Processing /opt/airflow/dags/minio_to_snowflake.py took 10.080 seconds
[2026-04-03T08:40:50.306+0000] {processor.py:161} INFO - Started process (PID=3268) to work on /opt/airflow/dags/minio_to_snowflake.py
[2026-04-03T08:40:50.316+0000] {processor.py:830} INFO - Processing file /opt/airflow/dags/minio_to_snowflake.py for tasks to queue
[2026-04-03T08:40:50.333+0000] {logging_mixin.py:188} INFO - [2026-04-03T08:40:50.318+0000] {dagbag.py:545} INFO - Filling up the DagBag from /opt/airflow/dags/minio_to_snowflake.py
[2026-04-03T08:40:53.450+0000] {processor.py:840} INFO - DAG(s) 'minio_to_snowflake_pipeline' retrieved from /opt/airflow/dags/minio_to_snowflake.py
[2026-04-03T08:40:53.611+0000] {logging_mixin.py:188} INFO - [2026-04-03T08:40:53.609+0000] {dag.py:3089} INFO - Sync 1 DAGs
[2026-04-03T08:40:53.758+0000] {logging_mixin.py:188} INFO - [2026-04-03T08:40:53.757+0000] {dag.py:3947} INFO - Setting next_dagrun for minio_to_snowflake_pipeline to 2026-04-03 08:40:00+00:00, run_after=2026-04-03 08:50:00+00:00
[2026-04-03T08:40:53.915+0000] {processor.py:183} INFO - Processing /opt/airflow/dags/minio_to_snowflake.py took 3.663 seconds
[2026-04-03T08:41:24.762+0000] {processor.py:161} INFO - Started process (PID=3275) to work on /opt/airflow/dags/minio_to_snowflake.py
[2026-04-03T08:41:24.765+0000] {processor.py:830} INFO - Processing file /opt/airflow/dags/minio_to_snowflake.py for tasks to queue
[2026-04-03T08:41:24.778+0000] {logging_mixin.py:188} INFO - [2026-04-03T08:41:24.766+0000] {dagbag.py:545} INFO - Filling up the DagBag from /opt/airflow/dags/minio_to_snowflake.py
[2026-04-03T08:41:28.864+0000] {processor.py:840} INFO - DAG(s) 'minio_to_snowflake_pipeline' retrieved from /opt/airflow/dags/minio_to_snowflake.py
[2026-04-03T08:41:28.926+0000] {logging_mixin.py:188} INFO - [2026-04-03T08:41:28.925+0000] {dag.py:3089} INFO - Sync 1 DAGs
[2026-04-03T08:41:29.009+0000] {logging_mixin.py:188} INFO - [2026-04-03T08:41:29.009+0000] {dag.py:3947} INFO - Setting next_dagrun for minio_to_snowflake_pipeline to 2026-04-03 08:40:00+00:00, run_after=2026-04-03 08:50:00+00:00
[2026-04-03T08:41:29.060+0000] {processor.py:183} INFO - Processing /opt/airflow/dags/minio_to_snowflake.py took 4.359 seconds
[2026-04-03T08:41:59.464+0000] {processor.py:161} INFO - Started process (PID=3282) to work on /opt/airflow/dags/minio_to_snowflake.py
[2026-04-03T08:41:59.467+0000] {processor.py:830} INFO - Processing file /opt/airflow/dags/minio_to_snowflake.py for tasks to queue
[2026-04-03T08:41:59.469+0000] {logging_mixin.py:188} INFO - [2026-04-03T08:41:59.468+0000] {dagbag.py:545} INFO - Filling up the DagBag from /opt/airflow/dags/minio_to_snowflake.py
[2026-04-03T08:42:01.860+0000] {processor.py:840} INFO - DAG(s) 'minio_to_snowflake_pipeline' retrieved from /opt/airflow/dags/minio_to_snowflake.py
[2026-04-03T08:42:01.977+0000] {logging_mixin.py:188} INFO - [2026-04-03T08:42:01.976+0000] {dag.py:3089} INFO - Sync 1 DAGs
[2026-04-03T08:42:02.049+0000] {logging_mixin.py:188} INFO - [2026-04-03T08:42:02.049+0000] {dag.py:3947} INFO - Setting next_dagrun for minio_to_snowflake_pipeline to 2026-04-03 08:40:00+00:00, run_after=2026-04-03 08:50:00+00:00
[2026-04-03T08:42:02.094+0000] {processor.py:183} INFO - Processing /opt/airflow/dags/minio_to_snowflake.py took 2.646 seconds
[2026-04-03T08:42:32.704+0000] {processor.py:161} INFO - Started process (PID=3289) to work on /opt/airflow/dags/minio_to_snowflake.py
[2026-04-03T08:42:32.709+0000] {processor.py:830} INFO - Processing file /opt/airflow/dags/minio_to_snowflake.py for tasks to queue
[2026-04-03T08:42:32.716+0000] {logging_mixin.py:188} INFO - [2026-04-03T08:42:32.713+0000] {dagbag.py:545} INFO - Filling up the DagBag from /opt/airflow/dags/minio_to_snowflake.py
[2026-04-03T08:42:34.668+0000] {processor.py:840} INFO - DAG(s) 'minio_to_snowflake_pipeline' retrieved from /opt/airflow/dags/minio_to_snowflake.py
[2026-04-03T08:42:34.708+0000] {logging_mixin.py:188} INFO - [2026-04-03T08:42:34.704+0000] {dag.py:3089} INFO - Sync 1 DAGs
[2026-04-03T08:42:34.737+0000] {logging_mixin.py:188} INFO - [2026-04-03T08:42:34.737+0000] {dag.py:3947} INFO - Setting next_dagrun for minio_to_snowflake_pipeline to 2026-04-03 08:40:00+00:00, run_after=2026-04-03 08:50:00+00:00
[2026-04-03T08:42:34.771+0000] {processor.py:183} INFO - Processing /opt/airflow/dags/minio_to_snowflake.py took 2.093 seconds
[2026-04-03T08:43:05.325+0000] {processor.py:161} INFO - Started process (PID=3296) to work on /opt/airflow/dags/minio_to_snowflake.py
[2026-04-03T08:43:05.329+0000] {processor.py:830} INFO - Processing file /opt/airflow/dags/minio_to_snowflake.py for tasks to queue
[2026-04-03T08:43:05.332+0000] {logging_mixin.py:188} INFO - [2026-04-03T08:43:05.331+0000] {dagbag.py:545} INFO - Filling up the DagBag from /opt/airflow/dags/minio_to_snowflake.py
[2026-04-03T08:43:07.710+0000] {processor.py:840} INFO - DAG(s) 'minio_to_snowflake_pipeline' retrieved from /opt/airflow/dags/minio_to_snowflake.py
[2026-04-03T08:43:07.761+0000] {logging_mixin.py:188} INFO - [2026-04-03T08:43:07.759+0000] {dag.py:3089} INFO - Sync 1 DAGs
[2026-04-03T08:43:07.809+0000] {logging_mixin.py:188} INFO - [2026-04-03T08:43:07.809+0000] {dag.py:3947} INFO - Setting next_dagrun for minio_to_snowflake_pipeline to 2026-04-03 08:40:00+00:00, run_after=2026-04-03 08:50:00+00:00
[2026-04-03T08:43:07.860+0000] {processor.py:183} INFO - Processing /opt/airflow/dags/minio_to_snowflake.py took 2.560 seconds
[2026-04-03T08:43:38.718+0000] {processor.py:161} INFO - Started process (PID=3303) to work on /opt/airflow/dags/minio_to_snowflake.py
[2026-04-03T08:43:38.723+0000] {processor.py:830} INFO - Processing file /opt/airflow/dags/minio_to_snowflake.py for tasks to queue
[2026-04-03T08:43:38.729+0000] {logging_mixin.py:188} INFO - [2026-04-03T08:43:38.727+0000] {dagbag.py:545} INFO - Filling up the DagBag from /opt/airflow/dags/minio_to_snowflake.py
[2026-04-03T08:43:44.671+0000] {processor.py:840} INFO - DAG(s) 'minio_to_snowflake_pipeline' retrieved from /opt/airflow/dags/minio_to_snowflake.py
[2026-04-03T08:43:44.843+0000] {logging_mixin.py:188} INFO - [2026-04-03T08:43:44.837+0000] {dag.py:3089} INFO - Sync 1 DAGs
[2026-04-03T08:43:44.951+0000] {logging_mixin.py:188} INFO - [2026-04-03T08:43:44.951+0000] {dag.py:3947} INFO - Setting next_dagrun for minio_to_snowflake_pipeline to 2026-04-03 08:40:00+00:00, run_after=2026-04-03 08:50:00+00:00
[2026-04-03T08:43:45.052+0000] {processor.py:183} INFO - Processing /opt/airflow/dags/minio_to_snowflake.py took 6.366 seconds
[2026-04-03T08:44:16.339+0000] {processor.py:161} INFO - Started process (PID=3310) to work on /opt/airflow/dags/minio_to_snowflake.py
[2026-04-03T08:44:16.349+0000] {processor.py:830} INFO - Processing file /opt/airflow/dags/minio_to_snowflake.py for tasks to queue
[2026-04-03T08:44:16.377+0000] {logging_mixin.py:188} INFO - [2026-04-03T08:44:16.369+0000] {dagbag.py:545} INFO - Filling up the DagBag from /opt/airflow/dags/minio_to_snowflake.py
[2026-04-03T08:44:19.208+0000] {processor.py:840} INFO - DAG(s) 'minio_to_snowflake_pipeline' retrieved from /opt/airflow/dags/minio_to_snowflake.py
[2026-04-03T08:44:19.268+0000] {logging_mixin.py:188} INFO - [2026-04-03T08:44:19.267+0000] {dag.py:3089} INFO - Sync 1 DAGs
[2026-04-03T08:44:19.327+0000] {logging_mixin.py:188} INFO - [2026-04-03T08:44:19.326+0000] {dag.py:3947} INFO - Setting next_dagrun for minio_to_snowflake_pipeline to 2026-04-03 08:40:00+00:00, run_after=2026-04-03 08:50:00+00:00
[2026-04-03T08:44:19.378+0000] {processor.py:183} INFO - Processing /opt/airflow/dags/minio_to_snowflake.py took 3.078 seconds
[2026-04-03T08:44:49.678+0000] {processor.py:161} INFO - Started process (PID=3317) to work on /opt/airflow/dags/minio_to_snowflake.py
[2026-04-03T08:44:49.680+0000] {processor.py:830} INFO - Processing file /opt/airflow/dags/minio_to_snowflake.py for tasks to queue
[2026-04-03T08:44:49.682+0000] {logging_mixin.py:188} INFO - [2026-04-03T08:44:49.681+0000] {dagbag.py:545} INFO - Filling up the DagBag from /opt/airflow/dags/minio_to_snowflake.py
[2026-04-03T08:44:51.342+0000] {processor.py:840} INFO - DAG(s) 'minio_to_snowflake_pipeline' retrieved from /opt/airflow/dags/minio_to_snowflake.py
[2026-04-03T08:44:51.388+0000] {logging_mixin.py:188} INFO - [2026-04-03T08:44:51.387+0000] {dag.py:3089} INFO - Sync 1 DAGs
[2026-04-03T08:44:51.422+0000] {logging_mixin.py:188} INFO - [2026-04-03T08:44:51.421+0000] {dag.py:3947} INFO - Setting next_dagrun for minio_to_snowflake_pipeline to 2026-04-03 08:40:00+00:00, run_after=2026-04-03 08:50:00+00:00
[2026-04-03T08:44:51.457+0000] {processor.py:183} INFO - Processing /opt/airflow/dags/minio_to_snowflake.py took 1.794 seconds
[2026-04-03T08:45:21.752+0000] {processor.py:161} INFO - Started process (PID=3324) to work on /opt/airflow/dags/minio_to_snowflake.py
[2026-04-03T08:45:21.754+0000] {processor.py:830} INFO - Processing file /opt/airflow/dags/minio_to_snowflake.py for tasks to queue
[2026-04-03T08:45:21.757+0000] {logging_mixin.py:188} INFO - [2026-04-03T08:45:21.755+0000] {dagbag.py:545} INFO - Filling up the DagBag from /opt/airflow/dags/minio_to_snowflake.py
[2026-04-03T08:45:24.599+0000] {processor.py:840} INFO - DAG(s) 'minio_to_snowflake_pipeline' retrieved from /opt/airflow/dags/minio_to_snowflake.py
[2026-04-03T08:45:24.687+0000] {logging_mixin.py:188} INFO - [2026-04-03T08:45:24.686+0000] {dag.py:3089} INFO - Sync 1 DAGs
[2026-04-03T08:45:24.801+0000] {logging_mixin.py:188} INFO - [2026-04-03T08:45:24.801+0000] {dag.py:3947} INFO - Setting next_dagrun for minio_to_snowflake_pipeline to 2026-04-03 08:40:00+00:00, run_after=2026-04-03 08:50:00+00:00
[2026-04-03T08:45:24.909+0000] {processor.py:183} INFO - Processing /opt/airflow/dags/minio_to_snowflake.py took 3.177 seconds
[2026-04-03T08:45:55.797+0000] {processor.py:161} INFO - Started process (PID=3331) to work on /opt/airflow/dags/minio_to_snowflake.py
[2026-04-03T08:45:55.800+0000] {processor.py:830} INFO - Processing file /opt/airflow/dags/minio_to_snowflake.py for tasks to queue
[2026-04-03T08:45:55.805+0000] {logging_mixin.py:188} INFO - [2026-04-03T08:45:55.802+0000] {dagbag.py:545} INFO - Filling up the DagBag from /opt/airflow/dags/minio_to_snowflake.py
[2026-04-03T08:45:58.672+0000] {processor.py:840} INFO - DAG(s) 'minio_to_snowflake_pipeline' retrieved from /opt/airflow/dags/minio_to_snowflake.py
[2026-04-03T08:45:58.743+0000] {logging_mixin.py:188} INFO - [2026-04-03T08:45:58.741+0000] {dag.py:3089} INFO - Sync 1 DAGs
[2026-04-03T08:45:58.818+0000] {logging_mixin.py:188} INFO - [2026-04-03T08:45:58.817+0000] {dag.py:3947} INFO - Setting next_dagrun for minio_to_snowflake_pipeline to 2026-04-03 08:40:00+00:00, run_after=2026-04-03 08:50:00+00:00
[2026-04-03T08:45:58.857+0000] {processor.py:183} INFO - Processing /opt/airflow/dags/minio_to_snowflake.py took 3.079 seconds
[2026-04-03T08:46:29.499+0000] {processor.py:161} INFO - Started process (PID=3338) to work on /opt/airflow/dags/minio_to_snowflake.py
[2026-04-03T08:46:29.500+0000] {processor.py:830} INFO - Processing file /opt/airflow/dags/minio_to_snowflake.py for tasks to queue
[2026-04-03T08:46:29.502+0000] {logging_mixin.py:188} INFO - [2026-04-03T08:46:29.502+0000] {dagbag.py:545} INFO - Filling up the DagBag from /opt/airflow/dags/minio_to_snowflake.py
[2026-04-03T08:46:32.849+0000] {processor.py:840} INFO - DAG(s) 'minio_to_snowflake_pipeline' retrieved from /opt/airflow/dags/minio_to_snowflake.py
[2026-04-03T08:46:32.895+0000] {logging_mixin.py:188} INFO - [2026-04-03T08:46:32.894+0000] {dag.py:3089} INFO - Sync 1 DAGs
[2026-04-03T08:46:32.949+0000] {logging_mixin.py:188} INFO - [2026-04-03T08:46:32.948+0000] {dag.py:3947} INFO - Setting next_dagrun for minio_to_snowflake_pipeline to 2026-04-03 08:40:00+00:00, run_after=2026-04-03 08:50:00+00:00
[2026-04-03T08:46:33.006+0000] {processor.py:183} INFO - Processing /opt/airflow/dags/minio_to_snowflake.py took 3.520 seconds
[2026-04-03T08:47:04.098+0000] {processor.py:161} INFO - Started process (PID=3345) to work on /opt/airflow/dags/minio_to_snowflake.py
[2026-04-03T08:47:04.101+0000] {processor.py:830} INFO - Processing file /opt/airflow/dags/minio_to_snowflake.py for tasks to queue
[2026-04-03T08:47:04.104+0000] {logging_mixin.py:188} INFO - [2026-04-03T08:47:04.103+0000] {dagbag.py:545} INFO - Filling up the DagBag from /opt/airflow/dags/minio_to_snowflake.py
[2026-04-03T08:47:06.151+0000] {processor.py:840} INFO - DAG(s) 'minio_to_snowflake_pipeline' retrieved from /opt/airflow/dags/minio_to_snowflake.py
[2026-04-03T08:47:06.197+0000] {logging_mixin.py:188} INFO - [2026-04-03T08:47:06.196+0000] {dag.py:3089} INFO - Sync 1 DAGs
[2026-04-03T08:47:06.231+0000] {logging_mixin.py:188} INFO - [2026-04-03T08:47:06.230+0000] {dag.py:3947} INFO - Setting next_dagrun for minio_to_snowflake_pipeline to 2026-04-03 08:40:00+00:00, run_after=2026-04-03 08:50:00+00:00
[2026-04-03T08:47:06.264+0000] {processor.py:183} INFO - Processing /opt/airflow/dags/minio_to_snowflake.py took 2.180 seconds
[2026-04-03T08:47:36.950+0000] {processor.py:161} INFO - Started process (PID=3352) to work on /opt/airflow/dags/minio_to_snowflake.py
[2026-04-03T08:47:36.954+0000] {processor.py:830} INFO - Processing file /opt/airflow/dags/minio_to_snowflake.py for tasks to queue
[2026-04-03T08:47:36.958+0000] {logging_mixin.py:188} INFO - [2026-04-03T08:47:36.957+0000] {dagbag.py:545} INFO - Filling up the DagBag from /opt/airflow/dags/minio_to_snowflake.py
[2026-04-03T08:47:39.981+0000] {processor.py:840} INFO - DAG(s) 'minio_to_snowflake_pipeline' retrieved from /opt/airflow/dags/minio_to_snowflake.py
[2026-04-03T08:47:40.050+0000] {logging_mixin.py:188} INFO - [2026-04-03T08:47:40.049+0000] {dag.py:3089} INFO - Sync 1 DAGs
[2026-04-03T08:47:40.100+0000] {logging_mixin.py:188} INFO - [2026-04-03T08:47:40.100+0000] {dag.py:3947} INFO - Setting next_dagrun for minio_to_snowflake_pipeline to 2026-04-03 08:40:00+00:00, run_after=2026-04-03 08:50:00+00:00
[2026-04-03T08:47:40.141+0000] {processor.py:183} INFO - Processing /opt/airflow/dags/minio_to_snowflake.py took 3.209 seconds
[2026-04-03T08:48:10.533+0000] {processor.py:161} INFO - Started process (PID=3359) to work on /opt/airflow/dags/minio_to_snowflake.py
[2026-04-03T08:48:10.537+0000] {processor.py:830} INFO - Processing file /opt/airflow/dags/minio_to_snowflake.py for tasks to queue
[2026-04-03T08:48:10.539+0000] {logging_mixin.py:188} INFO - [2026-04-03T08:48:10.538+0000] {dagbag.py:545} INFO - Filling up the DagBag from /opt/airflow/dags/minio_to_snowflake.py
[2026-04-03T08:48:12.812+0000] {processor.py:840} INFO - DAG(s) 'minio_to_snowflake_pipeline' retrieved from /opt/airflow/dags/minio_to_snowflake.py
[2026-04-03T08:48:12.860+0000] {logging_mixin.py:188} INFO - [2026-04-03T08:48:12.858+0000] {dag.py:3089} INFO - Sync 1 DAGs
[2026-04-03T08:48:12.895+0000] {logging_mixin.py:188} INFO - [2026-04-03T08:48:12.895+0000] {dag.py:3947} INFO - Setting next_dagrun for minio_to_snowflake_pipeline to 2026-04-03 08:40:00+00:00, run_after=2026-04-03 08:50:00+00:00
[2026-04-03T08:48:12.980+0000] {processor.py:183} INFO - Processing /opt/airflow/dags/minio_to_snowflake.py took 2.466 seconds
[2026-04-03T08:48:43.480+0000] {processor.py:161} INFO - Started process (PID=3366) to work on /opt/airflow/dags/minio_to_snowflake.py
[2026-04-03T08:48:43.489+0000] {processor.py:830} INFO - Processing file /opt/airflow/dags/minio_to_snowflake.py for tasks to queue
[2026-04-03T08:48:43.494+0000] {logging_mixin.py:188} INFO - [2026-04-03T08:48:43.492+0000] {dagbag.py:545} INFO - Filling up the DagBag from /opt/airflow/dags/minio_to_snowflake.py
[2026-04-03T08:48:46.722+0000] {processor.py:840} INFO - DAG(s) 'minio_to_snowflake_pipeline' retrieved from /opt/airflow/dags/minio_to_snowflake.py
[2026-04-03T08:48:46.793+0000] {logging_mixin.py:188} INFO - [2026-04-03T08:48:46.791+0000] {dag.py:3089} INFO - Sync 1 DAGs
[2026-04-03T08:48:46.873+0000] {logging_mixin.py:188} INFO - [2026-04-03T08:48:46.873+0000] {dag.py:3947} INFO - Setting next_dagrun for minio_to_snowflake_pipeline to 2026-04-03 08:40:00+00:00, run_after=2026-04-03 08:50:00+00:00
[2026-04-03T08:48:46.915+0000] {processor.py:183} INFO - Processing /opt/airflow/dags/minio_to_snowflake.py took 3.457 seconds
[2026-04-03T08:49:18.338+0000] {processor.py:161} INFO - Started process (PID=3373) to work on /opt/airflow/dags/minio_to_snowflake.py
[2026-04-03T08:49:18.341+0000] {processor.py:830} INFO - Processing file /opt/airflow/dags/minio_to_snowflake.py for tasks to queue
[2026-04-03T08:49:18.348+0000] {logging_mixin.py:188} INFO - [2026-04-03T08:49:18.347+0000] {dagbag.py:545} INFO - Filling up the DagBag from /opt/airflow/dags/minio_to_snowflake.py
[2026-04-03T08:49:21.216+0000] {processor.py:840} INFO - DAG(s) 'minio_to_snowflake_pipeline' retrieved from /opt/airflow/dags/minio_to_snowflake.py
[2026-04-03T08:49:21.281+0000] {logging_mixin.py:188} INFO - [2026-04-03T08:49:21.276+0000] {dag.py:3089} INFO - Sync 1 DAGs
[2026-04-03T08:49:21.366+0000] {logging_mixin.py:188} INFO - [2026-04-03T08:49:21.365+0000] {dag.py:3947} INFO - Setting next_dagrun for minio_to_snowflake_pipeline to 2026-04-03 08:40:00+00:00, run_after=2026-04-03 08:50:00+00:00
[2026-04-03T08:49:21.417+0000] {processor.py:183} INFO - Processing /opt/airflow/dags/minio_to_snowflake.py took 3.106 seconds
[2026-04-03T08:49:52.322+0000] {processor.py:161} INFO - Started process (PID=3380) to work on /opt/airflow/dags/minio_to_snowflake.py
[2026-04-03T08:49:52.325+0000] {processor.py:830} INFO - Processing file /opt/airflow/dags/minio_to_snowflake.py for tasks to queue
[2026-04-03T08:49:52.327+0000] {logging_mixin.py:188} INFO - [2026-04-03T08:49:52.326+0000] {dagbag.py:545} INFO - Filling up the DagBag from /opt/airflow/dags/minio_to_snowflake.py
[2026-04-03T08:49:55.043+0000] {processor.py:840} INFO - DAG(s) 'minio_to_snowflake_pipeline' retrieved from /opt/airflow/dags/minio_to_snowflake.py
[2026-04-03T08:49:55.188+0000] {logging_mixin.py:188} INFO - [2026-04-03T08:49:55.187+0000] {dag.py:3089} INFO - Sync 1 DAGs
[2026-04-03T08:49:55.261+0000] {logging_mixin.py:188} INFO - [2026-04-03T08:49:55.260+0000] {dag.py:3947} INFO - Setting next_dagrun for minio_to_snowflake_pipeline to 2026-04-03 08:40:00+00:00, run_after=2026-04-03 08:50:00+00:00
[2026-04-03T08:49:55.323+0000] {processor.py:183} INFO - Processing /opt/airflow/dags/minio_to_snowflake.py took 3.026 seconds
[2026-04-03T08:50:26.228+0000] {processor.py:161} INFO - Started process (PID=3391) to work on /opt/airflow/dags/minio_to_snowflake.py
[2026-04-03T08:50:26.230+0000] {processor.py:830} INFO - Processing file /opt/airflow/dags/minio_to_snowflake.py for tasks to queue
[2026-04-03T08:50:26.232+0000] {logging_mixin.py:188} INFO - [2026-04-03T08:50:26.232+0000] {dagbag.py:545} INFO - Filling up the DagBag from /opt/airflow/dags/minio_to_snowflake.py
[2026-04-03T08:50:28.396+0000] {processor.py:840} INFO - DAG(s) 'minio_to_snowflake_pipeline' retrieved from /opt/airflow/dags/minio_to_snowflake.py
[2026-04-03T08:50:28.443+0000] {logging_mixin.py:188} INFO - [2026-04-03T08:50:28.442+0000] {dag.py:3089} INFO - Sync 1 DAGs
[2026-04-03T08:50:28.485+0000] {logging_mixin.py:188} INFO - [2026-04-03T08:50:28.485+0000] {dag.py:3947} INFO - Setting next_dagrun for minio_to_snowflake_pipeline to 2026-04-03 08:50:00+00:00, run_after=2026-04-03 09:00:00+00:00
[2026-04-03T08:50:28.523+0000] {processor.py:183} INFO - Processing /opt/airflow/dags/minio_to_snowflake.py took 2.305 seconds
[2026-04-03T08:50:59.066+0000] {processor.py:161} INFO - Started process (PID=3398) to work on /opt/airflow/dags/minio_to_snowflake.py
[2026-04-03T08:50:59.085+0000] {processor.py:830} INFO - Processing file /opt/airflow/dags/minio_to_snowflake.py for tasks to queue
[2026-04-03T08:50:59.095+0000] {logging_mixin.py:188} INFO - [2026-04-03T08:50:59.087+0000] {dagbag.py:545} INFO - Filling up the DagBag from /opt/airflow/dags/minio_to_snowflake.py
[2026-04-03T08:51:03.291+0000] {processor.py:840} INFO - DAG(s) 'minio_to_snowflake_pipeline' retrieved from /opt/airflow/dags/minio_to_snowflake.py
[2026-04-03T08:51:03.434+0000] {logging_mixin.py:188} INFO - [2026-04-03T08:51:03.433+0000] {dag.py:3089} INFO - Sync 1 DAGs
[2026-04-03T08:51:03.476+0000] {logging_mixin.py:188} INFO - [2026-04-03T08:51:03.476+0000] {dag.py:3947} INFO - Setting next_dagrun for minio_to_snowflake_pipeline to 2026-04-03 08:50:00+00:00, run_after=2026-04-03 09:00:00+00:00
[2026-04-03T08:51:03.505+0000] {processor.py:183} INFO - Processing /opt/airflow/dags/minio_to_snowflake.py took 4.480 seconds
[2026-04-03T08:51:34.462+0000] {processor.py:161} INFO - Started process (PID=3405) to work on /opt/airflow/dags/minio_to_snowflake.py
[2026-04-03T08:51:34.463+0000] {processor.py:830} INFO - Processing file /opt/airflow/dags/minio_to_snowflake.py for tasks to queue
[2026-04-03T08:51:34.466+0000] {logging_mixin.py:188} INFO - [2026-04-03T08:51:34.465+0000] {dagbag.py:545} INFO - Filling up the DagBag from /opt/airflow/dags/minio_to_snowflake.py
[2026-04-03T08:51:36.559+0000] {processor.py:840} INFO - DAG(s) 'minio_to_snowflake_pipeline' retrieved from /opt/airflow/dags/minio_to_snowflake.py
[2026-04-03T08:51:36.634+0000] {logging_mixin.py:188} INFO - [2026-04-03T08:51:36.630+0000] {dag.py:3089} INFO - Sync 1 DAGs
[2026-04-03T08:51:36.696+0000] {logging_mixin.py:188} INFO - [2026-04-03T08:51:36.696+0000] {dag.py:3947} INFO - Setting next_dagrun for minio_to_snowflake_pipeline to 2026-04-03 08:50:00+00:00, run_after=2026-04-03 09:00:00+00:00
[2026-04-03T08:51:36.799+0000] {processor.py:183} INFO - Processing /opt/airflow/dags/minio_to_snowflake.py took 2.351 seconds
[2026-04-03T08:52:07.768+0000] {processor.py:161} INFO - Started process (PID=3412) to work on /opt/airflow/dags/minio_to_snowflake.py
[2026-04-03T08:52:07.771+0000] {processor.py:830} INFO - Processing file /opt/airflow/dags/minio_to_snowflake.py for tasks to queue
[2026-04-03T08:52:07.784+0000] {logging_mixin.py:188} INFO - [2026-04-03T08:52:07.783+0000] {dagbag.py:545} INFO - Filling up the DagBag from /opt/airflow/dags/minio_to_snowflake.py
[2026-04-03T08:52:10.015+0000] {processor.py:840} INFO - DAG(s) 'minio_to_snowflake_pipeline' retrieved from /opt/airflow/dags/minio_to_snowflake.py
[2026-04-03T08:52:10.076+0000] {logging_mixin.py:188} INFO - [2026-04-03T08:52:10.074+0000] {dag.py:3089} INFO - Sync 1 DAGs
[2026-04-03T08:52:10.126+0000] {logging_mixin.py:188} INFO - [2026-04-03T08:52:10.125+0000] {dag.py:3947} INFO - Setting next_dagrun for minio_to_snowflake_pipeline to 2026-04-03 08:50:00+00:00, run_after=2026-04-03 09:00:00+00:00
[2026-04-03T08:52:10.180+0000] {processor.py:183} INFO - Processing /opt/airflow/dags/minio_to_snowflake.py took 2.476 seconds
[2026-04-03T08:52:40.425+0000] {processor.py:161} INFO - Started process (PID=3419) to work on /opt/airflow/dags/minio_to_snowflake.py
[2026-04-03T08:52:40.430+0000] {processor.py:830} INFO - Processing file /opt/airflow/dags/minio_to_snowflake.py for tasks to queue
[2026-04-03T08:52:40.435+0000] {logging_mixin.py:188} INFO - [2026-04-03T08:52:40.434+0000] {dagbag.py:545} INFO - Filling up the DagBag from /opt/airflow/dags/minio_to_snowflake.py
[2026-04-03T08:52:43.102+0000] {processor.py:840} INFO - DAG(s) 'minio_to_snowflake_pipeline' retrieved from /opt/airflow/dags/minio_to_snowflake.py
[2026-04-03T08:52:43.178+0000] {logging_mixin.py:188} INFO - [2026-04-03T08:52:43.176+0000] {dag.py:3089} INFO - Sync 1 DAGs
[2026-04-03T08:52:43.238+0000] {logging_mixin.py:188} INFO - [2026-04-03T08:52:43.238+0000] {dag.py:3947} INFO - Setting next_dagrun for minio_to_snowflake_pipeline to 2026-04-03 08:50:00+00:00, run_after=2026-04-03 09:00:00+00:00
[2026-04-03T08:52:43.272+0000] {processor.py:183} INFO - Processing /opt/airflow/dags/minio_to_snowflake.py took 2.868 seconds
[2026-04-03T08:53:14.423+0000] {processor.py:161} INFO - Started process (PID=3426) to work on /opt/airflow/dags/minio_to_snowflake.py
[2026-04-03T08:53:14.425+0000] {processor.py:830} INFO - Processing file /opt/airflow/dags/minio_to_snowflake.py for tasks to queue
[2026-04-03T08:53:14.431+0000] {logging_mixin.py:188} INFO - [2026-04-03T08:53:14.430+0000] {dagbag.py:545} INFO - Filling up the DagBag from /opt/airflow/dags/minio_to_snowflake.py
[2026-04-03T08:53:18.777+0000] {processor.py:840} INFO - DAG(s) 'minio_to_snowflake_pipeline' retrieved from /opt/airflow/dags/minio_to_snowflake.py
[2026-04-03T08:53:18.858+0000] {logging_mixin.py:188} INFO - [2026-04-03T08:53:18.857+0000] {dag.py:3089} INFO - Sync 1 DAGs
[2026-04-03T08:53:18.914+0000] {logging_mixin.py:188} INFO - [2026-04-03T08:53:18.913+0000] {dag.py:3947} INFO - Setting next_dagrun for minio_to_snowflake_pipeline to 2026-04-03 08:50:00+00:00, run_after=2026-04-03 09:00:00+00:00
[2026-04-03T08:53:18.962+0000] {processor.py:183} INFO - Processing /opt/airflow/dags/minio_to_snowflake.py took 4.557 seconds
[2026-04-03T08:53:49.589+0000] {processor.py:161} INFO - Started process (PID=3433) to work on /opt/airflow/dags/minio_to_snowflake.py
[2026-04-03T08:53:49.591+0000] {processor.py:830} INFO - Processing file /opt/airflow/dags/minio_to_snowflake.py for tasks to queue
[2026-04-03T08:53:49.604+0000] {logging_mixin.py:188} INFO - [2026-04-03T08:53:49.593+0000] {dagbag.py:545} INFO - Filling up the DagBag from /opt/airflow/dags/minio_to_snowflake.py
[2026-04-03T08:53:53.699+0000] {processor.py:840} INFO - DAG(s) 'minio_to_snowflake_pipeline' retrieved from /opt/airflow/dags/minio_to_snowflake.py
[2026-04-03T08:53:53.768+0000] {logging_mixin.py:188} INFO - [2026-04-03T08:53:53.762+0000] {dag.py:3089} INFO - Sync 1 DAGs
[2026-04-03T08:53:53.822+0000] {logging_mixin.py:188} INFO - [2026-04-03T08:53:53.822+0000] {dag.py:3947} INFO - Setting next_dagrun for minio_to_snowflake_pipeline to 2026-04-03 08:50:00+00:00, run_after=2026-04-03 09:00:00+00:00
[2026-04-03T08:53:53.870+0000] {processor.py:183} INFO - Processing /opt/airflow/dags/minio_to_snowflake.py took 4.302 seconds
[2026-04-03T08:54:24.587+0000] {processor.py:161} INFO - Started process (PID=3440) to work on /opt/airflow/dags/minio_to_snowflake.py
[2026-04-03T08:54:24.590+0000] {processor.py:830} INFO - Processing file /opt/airflow/dags/minio_to_snowflake.py for tasks to queue
[2026-04-03T08:54:24.597+0000] {logging_mixin.py:188} INFO - [2026-04-03T08:54:24.596+0000] {dagbag.py:545} INFO - Filling up the DagBag from /opt/airflow/dags/minio_to_snowflake.py
[2026-04-03T08:54:28.121+0000] {processor.py:840} INFO - DAG(s) 'minio_to_snowflake_pipeline' retrieved from /opt/airflow/dags/minio_to_snowflake.py
[2026-04-03T08:54:28.235+0000] {logging_mixin.py:188} INFO - [2026-04-03T08:54:28.233+0000] {dag.py:3089} INFO - Sync 1 DAGs
[2026-04-03T08:54:28.302+0000] {logging_mixin.py:188} INFO - [2026-04-03T08:54:28.301+0000] {dag.py:3947} INFO - Setting next_dagrun for minio_to_snowflake_pipeline to 2026-04-03 08:50:00+00:00, run_after=2026-04-03 09:00:00+00:00
[2026-04-03T08:54:28.347+0000] {processor.py:183} INFO - Processing /opt/airflow/dags/minio_to_snowflake.py took 3.793 seconds
[2026-04-03T08:54:59.022+0000] {processor.py:161} INFO - Started process (PID=3447) to work on /opt/airflow/dags/minio_to_snowflake.py
[2026-04-03T08:54:59.024+0000] {processor.py:830} INFO - Processing file /opt/airflow/dags/minio_to_snowflake.py for tasks to queue
[2026-04-03T08:54:59.027+0000] {logging_mixin.py:188} INFO - [2026-04-03T08:54:59.026+0000] {dagbag.py:545} INFO - Filling up the DagBag from /opt/airflow/dags/minio_to_snowflake.py
[2026-04-03T08:55:00.905+0000] {processor.py:840} INFO - DAG(s) 'minio_to_snowflake_pipeline' retrieved from /opt/airflow/dags/minio_to_snowflake.py
[2026-04-03T08:55:00.954+0000] {logging_mixin.py:188} INFO - [2026-04-03T08:55:00.953+0000] {dag.py:3089} INFO - Sync 1 DAGs
[2026-04-03T08:55:00.992+0000] {logging_mixin.py:188} INFO - [2026-04-03T08:55:00.991+0000] {dag.py:3947} INFO - Setting next_dagrun for minio_to_snowflake_pipeline to 2026-04-03 08:50:00+00:00, run_after=2026-04-03 09:00:00+00:00
[2026-04-03T08:55:01.030+0000] {processor.py:183} INFO - Processing /opt/airflow/dags/minio_to_snowflake.py took 2.022 seconds
[2026-04-03T08:55:31.886+0000] {processor.py:161} INFO - Started process (PID=3454) to work on /opt/airflow/dags/minio_to_snowflake.py
[2026-04-03T08:55:31.889+0000] {processor.py:830} INFO - Processing file /opt/airflow/dags/minio_to_snowflake.py for tasks to queue
[2026-04-03T08:55:31.891+0000] {logging_mixin.py:188} INFO - [2026-04-03T08:55:31.891+0000] {dagbag.py:545} INFO - Filling up the DagBag from /opt/airflow/dags/minio_to_snowflake.py
[2026-04-03T08:55:33.902+0000] {processor.py:840} INFO - DAG(s) 'minio_to_snowflake_pipeline' retrieved from /opt/airflow/dags/minio_to_snowflake.py
[2026-04-03T08:55:33.959+0000] {logging_mixin.py:188} INFO - [2026-04-03T08:55:33.958+0000] {dag.py:3089} INFO - Sync 1 DAGs
[2026-04-03T08:55:34.012+0000] {logging_mixin.py:188} INFO - [2026-04-03T08:55:34.012+0000] {dag.py:3947} INFO - Setting next_dagrun for minio_to_snowflake_pipeline to 2026-04-03 08:50:00+00:00, run_after=2026-04-03 09:00:00+00:00
[2026-04-03T08:55:34.051+0000] {processor.py:183} INFO - Processing /opt/airflow/dags/minio_to_snowflake.py took 2.180 seconds
[2026-04-03T08:56:04.824+0000] {processor.py:161} INFO - Started process (PID=3461) to work on /opt/airflow/dags/minio_to_snowflake.py
[2026-04-03T08:56:04.826+0000] {processor.py:830} INFO - Processing file /opt/airflow/dags/minio_to_snowflake.py for tasks to queue
[2026-04-03T08:56:04.829+0000] {logging_mixin.py:188} INFO - [2026-04-03T08:56:04.828+0000] {dagbag.py:545} INFO - Filling up the DagBag from /opt/airflow/dags/minio_to_snowflake.py
[2026-04-03T08:56:07.879+0000] {processor.py:840} INFO - DAG(s) 'minio_to_snowflake_pipeline' retrieved from /opt/airflow/dags/minio_to_snowflake.py
[2026-04-03T08:56:07.952+0000] {logging_mixin.py:188} INFO - [2026-04-03T08:56:07.947+0000] {dag.py:3089} INFO - Sync 1 DAGs
[2026-04-03T08:56:08.013+0000] {logging_mixin.py:188} INFO - [2026-04-03T08:56:08.012+0000] {dag.py:3947} INFO - Setting next_dagrun for minio_to_snowflake_pipeline to 2026-04-03 08:50:00+00:00, run_after=2026-04-03 09:00:00+00:00
[2026-04-03T08:56:08.050+0000] {processor.py:183} INFO - Processing /opt/airflow/dags/minio_to_snowflake.py took 3.246 seconds
[2026-04-03T08:56:38.590+0000] {processor.py:161} INFO - Started process (PID=3468) to work on /opt/airflow/dags/minio_to_snowflake.py
[2026-04-03T08:56:38.592+0000] {processor.py:830} INFO - Processing file /opt/airflow/dags/minio_to_snowflake.py for tasks to queue
[2026-04-03T08:56:38.596+0000] {logging_mixin.py:188} INFO - [2026-04-03T08:56:38.594+0000] {dagbag.py:545} INFO - Filling up the DagBag from /opt/airflow/dags/minio_to_snowflake.py
[2026-04-03T08:56:41.726+0000] {processor.py:840} INFO - DAG(s) 'minio_to_snowflake_pipeline' retrieved from /opt/airflow/dags/minio_to_snowflake.py
[2026-04-03T08:56:41.805+0000] {logging_mixin.py:188} INFO - [2026-04-03T08:56:41.804+0000] {dag.py:3089} INFO - Sync 1 DAGs
[2026-04-03T08:56:41.870+0000] {logging_mixin.py:188} INFO - [2026-04-03T08:56:41.869+0000] {dag.py:3947} INFO - Setting next_dagrun for minio_to_snowflake_pipeline to 2026-04-03 08:50:00+00:00, run_after=2026-04-03 09:00:00+00:00
[2026-04-03T08:56:41.931+0000] {processor.py:183} INFO - Processing /opt/airflow/dags/minio_to_snowflake.py took 3.365 seconds
[2026-04-03T08:57:12.862+0000] {processor.py:161} INFO - Started process (PID=3475) to work on /opt/airflow/dags/minio_to_snowflake.py
[2026-04-03T08:57:12.864+0000] {processor.py:830} INFO - Processing file /opt/airflow/dags/minio_to_snowflake.py for tasks to queue
[2026-04-03T08:57:12.865+0000] {logging_mixin.py:188} INFO - [2026-04-03T08:57:12.865+0000] {dagbag.py:545} INFO - Filling up the DagBag from /opt/airflow/dags/minio_to_snowflake.py
[2026-04-03T08:57:14.603+0000] {processor.py:840} INFO - DAG(s) 'minio_to_snowflake_pipeline' retrieved from /opt/airflow/dags/minio_to_snowflake.py
[2026-04-03T08:57:14.750+0000] {logging_mixin.py:188} INFO - [2026-04-03T08:57:14.741+0000] {dag.py:3089} INFO - Sync 1 DAGs
[2026-04-03T08:57:14.831+0000] {logging_mixin.py:188} INFO - [2026-04-03T08:57:14.830+0000] {dag.py:3947} INFO - Setting next_dagrun for minio_to_snowflake_pipeline to 2026-04-03 08:50:00+00:00, run_after=2026-04-03 09:00:00+00:00
[2026-04-03T08:57:14.890+0000] {processor.py:183} INFO - Processing /opt/airflow/dags/minio_to_snowflake.py took 2.046 seconds
[2026-04-03T08:57:45.840+0000] {processor.py:161} INFO - Started process (PID=3482) to work on /opt/airflow/dags/minio_to_snowflake.py
[2026-04-03T08:57:45.847+0000] {processor.py:830} INFO - Processing file /opt/airflow/dags/minio_to_snowflake.py for tasks to queue
[2026-04-03T08:57:45.851+0000] {logging_mixin.py:188} INFO - [2026-04-03T08:57:45.850+0000] {dagbag.py:545} INFO - Filling up the DagBag from /opt/airflow/dags/minio_to_snowflake.py
[2026-04-03T08:57:50.799+0000] {processor.py:840} INFO - DAG(s) 'minio_to_snowflake_pipeline' retrieved from /opt/airflow/dags/minio_to_snowflake.py
[2026-04-03T08:57:50.889+0000] {logging_mixin.py:188} INFO - [2026-04-03T08:57:50.888+0000] {dag.py:3089} INFO - Sync 1 DAGs
[2026-04-03T08:57:50.957+0000] {logging_mixin.py:188} INFO - [2026-04-03T08:57:50.956+0000] {dag.py:3947} INFO - Setting next_dagrun for minio_to_snowflake_pipeline to 2026-04-03 08:50:00+00:00, run_after=2026-04-03 09:00:00+00:00
[2026-04-03T08:57:51.030+0000] {processor.py:183} INFO - Processing /opt/airflow/dags/minio_to_snowflake.py took 5.233 seconds
[2026-04-03T08:58:21.720+0000] {processor.py:161} INFO - Started process (PID=3489) to work on /opt/airflow/dags/minio_to_snowflake.py
[2026-04-03T08:58:21.725+0000] {processor.py:830} INFO - Processing file /opt/airflow/dags/minio_to_snowflake.py for tasks to queue
[2026-04-03T08:58:21.728+0000] {logging_mixin.py:188} INFO - [2026-04-03T08:58:21.727+0000] {dagbag.py:545} INFO - Filling up the DagBag from /opt/airflow/dags/minio_to_snowflake.py
[2026-04-03T08:58:23.120+0000] {processor.py:840} INFO - DAG(s) 'minio_to_snowflake_pipeline' retrieved from /opt/airflow/dags/minio_to_snowflake.py
[2026-04-03T08:58:23.169+0000] {logging_mixin.py:188} INFO - [2026-04-03T08:58:23.169+0000] {dag.py:3089} INFO - Sync 1 DAGs
[2026-04-03T08:58:23.207+0000] {logging_mixin.py:188} INFO - [2026-04-03T08:58:23.207+0000] {dag.py:3947} INFO - Setting next_dagrun for minio_to_snowflake_pipeline to 2026-04-03 08:50:00+00:00, run_after=2026-04-03 09:00:00+00:00
[2026-04-03T08:58:23.254+0000] {processor.py:183} INFO - Processing /opt/airflow/dags/minio_to_snowflake.py took 1.585 seconds
[2026-04-03T08:58:53.443+0000] {processor.py:161} INFO - Started process (PID=3496) to work on /opt/airflow/dags/minio_to_snowflake.py
[2026-04-03T08:58:53.448+0000] {processor.py:830} INFO - Processing file /opt/airflow/dags/minio_to_snowflake.py for tasks to queue
[2026-04-03T08:58:53.452+0000] {logging_mixin.py:188} INFO - [2026-04-03T08:58:53.451+0000] {dagbag.py:545} INFO - Filling up the DagBag from /opt/airflow/dags/minio_to_snowflake.py
[2026-04-03T08:58:56.023+0000] {processor.py:840} INFO - DAG(s) 'minio_to_snowflake_pipeline' retrieved from /opt/airflow/dags/minio_to_snowflake.py
[2026-04-03T08:58:56.123+0000] {logging_mixin.py:188} INFO - [2026-04-03T08:58:56.121+0000] {dag.py:3089} INFO - Sync 1 DAGs
[2026-04-03T08:58:56.175+0000] {logging_mixin.py:188} INFO - [2026-04-03T08:58:56.175+0000] {dag.py:3947} INFO - Setting next_dagrun for minio_to_snowflake_pipeline to 2026-04-03 08:50:00+00:00, run_after=2026-04-03 09:00:00+00:00
[2026-04-03T08:58:56.217+0000] {processor.py:183} INFO - Processing /opt/airflow/dags/minio_to_snowflake.py took 2.799 seconds
[2026-04-03T08:59:26.522+0000] {processor.py:161} INFO - Started process (PID=3503) to work on /opt/airflow/dags/minio_to_snowflake.py
[2026-04-03T08:59:26.526+0000] {processor.py:830} INFO - Processing file /opt/airflow/dags/minio_to_snowflake.py for tasks to queue
[2026-04-03T08:59:26.531+0000] {logging_mixin.py:188} INFO - [2026-04-03T08:59:26.530+0000] {dagbag.py:545} INFO - Filling up the DagBag from /opt/airflow/dags/minio_to_snowflake.py
[2026-04-03T08:59:30.547+0000] {processor.py:840} INFO - DAG(s) 'minio_to_snowflake_pipeline' retrieved from /opt/airflow/dags/minio_to_snowflake.py
[2026-04-03T08:59:30.607+0000] {logging_mixin.py:188} INFO - [2026-04-03T08:59:30.605+0000] {dag.py:3089} INFO - Sync 1 DAGs
[2026-04-03T08:59:30.713+0000] {logging_mixin.py:188} INFO - [2026-04-03T08:59:30.712+0000] {dag.py:3947} INFO - Setting next_dagrun for minio_to_snowflake_pipeline to 2026-04-03 08:50:00+00:00, run_after=2026-04-03 09:00:00+00:00
[2026-04-03T08:59:30.811+0000] {processor.py:183} INFO - Processing /opt/airflow/dags/minio_to_snowflake.py took 4.322 seconds
[2026-04-03T09:00:00.976+0000] {processor.py:161} INFO - Started process (PID=3510) to work on /opt/airflow/dags/minio_to_snowflake.py
[2026-04-03T09:00:00.978+0000] {processor.py:830} INFO - Processing file /opt/airflow/dags/minio_to_snowflake.py for tasks to queue
[2026-04-03T09:00:00.979+0000] {logging_mixin.py:188} INFO - [2026-04-03T09:00:00.979+0000] {dagbag.py:545} INFO - Filling up the DagBag from /opt/airflow/dags/minio_to_snowflake.py
[2026-04-03T09:00:03.338+0000] {processor.py:840} INFO - DAG(s) 'minio_to_snowflake_pipeline' retrieved from /opt/airflow/dags/minio_to_snowflake.py
[2026-04-03T09:00:03.381+0000] {logging_mixin.py:188} INFO - [2026-04-03T09:00:03.378+0000] {dag.py:3089} INFO - Sync 1 DAGs
[2026-04-03T09:00:03.460+0000] {processor.py:183} INFO - Processing /opt/airflow/dags/minio_to_snowflake.py took 2.496 seconds
[2026-04-03T09:00:34.096+0000] {processor.py:161} INFO - Started process (PID=3521) to work on /opt/airflow/dags/minio_to_snowflake.py
[2026-04-03T09:00:34.098+0000] {processor.py:830} INFO - Processing file /opt/airflow/dags/minio_to_snowflake.py for tasks to queue
[2026-04-03T09:00:34.100+0000] {logging_mixin.py:188} INFO - [2026-04-03T09:00:34.099+0000] {dagbag.py:545} INFO - Filling up the DagBag from /opt/airflow/dags/minio_to_snowflake.py
[2026-04-03T09:00:37.185+0000] {processor.py:840} INFO - DAG(s) 'minio_to_snowflake_pipeline' retrieved from /opt/airflow/dags/minio_to_snowflake.py
[2026-04-03T09:00:37.261+0000] {logging_mixin.py:188} INFO - [2026-04-03T09:00:37.256+0000] {dag.py:3089} INFO - Sync 1 DAGs
[2026-04-03T09:00:37.332+0000] {logging_mixin.py:188} INFO - [2026-04-03T09:00:37.332+0000] {dag.py:3947} INFO - Setting next_dagrun for minio_to_snowflake_pipeline to 2026-04-03 09:00:00+00:00, run_after=2026-04-03 09:10:00+00:00
[2026-04-03T09:00:37.390+0000] {processor.py:183} INFO - Processing /opt/airflow/dags/minio_to_snowflake.py took 3.308 seconds
[2026-04-03T09:01:08.264+0000] {processor.py:161} INFO - Started process (PID=3528) to work on /opt/airflow/dags/minio_to_snowflake.py
[2026-04-03T09:01:08.277+0000] {processor.py:830} INFO - Processing file /opt/airflow/dags/minio_to_snowflake.py for tasks to queue
[2026-04-03T09:01:08.280+0000] {logging_mixin.py:188} INFO - [2026-04-03T09:01:08.279+0000] {dagbag.py:545} INFO - Filling up the DagBag from /opt/airflow/dags/minio_to_snowflake.py
[2026-04-03T09:01:10.279+0000] {processor.py:840} INFO - DAG(s) 'minio_to_snowflake_pipeline' retrieved from /opt/airflow/dags/minio_to_snowflake.py
[2026-04-03T09:01:10.339+0000] {logging_mixin.py:188} INFO - [2026-04-03T09:01:10.338+0000] {dag.py:3089} INFO - Sync 1 DAGs
[2026-04-03T09:01:10.383+0000] {logging_mixin.py:188} INFO - [2026-04-03T09:01:10.383+0000] {dag.py:3947} INFO - Setting next_dagrun for minio_to_snowflake_pipeline to 2026-04-03 09:00:00+00:00, run_after=2026-04-03 09:10:00+00:00
[2026-04-03T09:01:10.417+0000] {processor.py:183} INFO - Processing /opt/airflow/dags/minio_to_snowflake.py took 2.206 seconds
[2026-04-03T09:01:41.467+0000] {processor.py:161} INFO - Started process (PID=3535) to work on /opt/airflow/dags/minio_to_snowflake.py
[2026-04-03T09:01:41.475+0000] {processor.py:830} INFO - Processing file /opt/airflow/dags/minio_to_snowflake.py for tasks to queue
[2026-04-03T09:01:41.479+0000] {logging_mixin.py:188} INFO - [2026-04-03T09:01:41.478+0000] {dagbag.py:545} INFO - Filling up the DagBag from /opt/airflow/dags/minio_to_snowflake.py
[2026-04-03T09:01:42.941+0000] {processor.py:840} INFO - DAG(s) 'minio_to_snowflake_pipeline' retrieved from /opt/airflow/dags/minio_to_snowflake.py
[2026-04-03T09:01:42.979+0000] {logging_mixin.py:188} INFO - [2026-04-03T09:01:42.979+0000] {dag.py:3089} INFO - Sync 1 DAGs
[2026-04-03T09:01:43.015+0000] {logging_mixin.py:188} INFO - [2026-04-03T09:01:43.015+0000] {dag.py:3947} INFO - Setting next_dagrun for minio_to_snowflake_pipeline to 2026-04-03 09:00:00+00:00, run_after=2026-04-03 09:10:00+00:00
[2026-04-03T09:01:43.048+0000] {processor.py:183} INFO - Processing /opt/airflow/dags/minio_to_snowflake.py took 1.618 seconds
[2026-04-03T09:02:13.317+0000] {processor.py:161} INFO - Started process (PID=3542) to work on /opt/airflow/dags/minio_to_snowflake.py
[2026-04-03T09:02:13.319+0000] {processor.py:830} INFO - Processing file /opt/airflow/dags/minio_to_snowflake.py for tasks to queue
[2026-04-03T09:02:13.321+0000] {logging_mixin.py:188} INFO - [2026-04-03T09:02:13.320+0000] {dagbag.py:545} INFO - Filling up the DagBag from /opt/airflow/dags/minio_to_snowflake.py
[2026-04-03T09:02:14.830+0000] {processor.py:840} INFO - DAG(s) 'minio_to_snowflake_pipeline' retrieved from /opt/airflow/dags/minio_to_snowflake.py
[2026-04-03T09:02:14.877+0000] {logging_mixin.py:188} INFO - [2026-04-03T09:02:14.875+0000] {dag.py:3089} INFO - Sync 1 DAGs
[2026-04-03T09:02:14.930+0000] {logging_mixin.py:188} INFO - [2026-04-03T09:02:14.930+0000] {dag.py:3947} INFO - Setting next_dagrun for minio_to_snowflake_pipeline to 2026-04-03 09:00:00+00:00, run_after=2026-04-03 09:10:00+00:00
[2026-04-03T09:02:14.975+0000] {processor.py:183} INFO - Processing /opt/airflow/dags/minio_to_snowflake.py took 1.673 seconds
[2026-04-03T09:02:45.317+0000] {processor.py:161} INFO - Started process (PID=3549) to work on /opt/airflow/dags/minio_to_snowflake.py
[2026-04-03T09:02:45.319+0000] {processor.py:830} INFO - Processing file /opt/airflow/dags/minio_to_snowflake.py for tasks to queue
[2026-04-03T09:02:45.322+0000] {logging_mixin.py:188} INFO - [2026-04-03T09:02:45.321+0000] {dagbag.py:545} INFO - Filling up the DagBag from /opt/airflow/dags/minio_to_snowflake.py
[2026-04-03T09:02:47.423+0000] {processor.py:840} INFO - DAG(s) 'minio_to_snowflake_pipeline' retrieved from /opt/airflow/dags/minio_to_snowflake.py
[2026-04-03T09:02:47.471+0000] {logging_mixin.py:188} INFO - [2026-04-03T09:02:47.469+0000] {dag.py:3089} INFO - Sync 1 DAGs
[2026-04-03T09:02:47.550+0000] {logging_mixin.py:188} INFO - [2026-04-03T09:02:47.550+0000] {dag.py:3947} INFO - Setting next_dagrun for minio_to_snowflake_pipeline to 2026-04-03 09:00:00+00:00, run_after=2026-04-03 09:10:00+00:00
[2026-04-03T09:02:47.600+0000] {processor.py:183} INFO - Processing /opt/airflow/dags/minio_to_snowflake.py took 2.305 seconds
[2026-04-03T09:03:18.617+0000] {processor.py:161} INFO - Started process (PID=3556) to work on /opt/airflow/dags/minio_to_snowflake.py
[2026-04-03T09:03:18.618+0000] {processor.py:830} INFO - Processing file /opt/airflow/dags/minio_to_snowflake.py for tasks to queue
[2026-04-03T09:03:18.621+0000] {logging_mixin.py:188} INFO - [2026-04-03T09:03:18.620+0000] {dagbag.py:545} INFO - Filling up the DagBag from /opt/airflow/dags/minio_to_snowflake.py
[2026-04-03T09:03:20.369+0000] {processor.py:840} INFO - DAG(s) 'minio_to_snowflake_pipeline' retrieved from /opt/airflow/dags/minio_to_snowflake.py
[2026-04-03T09:03:20.413+0000] {logging_mixin.py:188} INFO - [2026-04-03T09:03:20.412+0000] {dag.py:3089} INFO - Sync 1 DAGs
[2026-04-03T09:03:20.445+0000] {logging_mixin.py:188} INFO - [2026-04-03T09:03:20.444+0000] {dag.py:3947} INFO - Setting next_dagrun for minio_to_snowflake_pipeline to 2026-04-03 09:00:00+00:00, run_after=2026-04-03 09:10:00+00:00
[2026-04-03T09:03:20.473+0000] {processor.py:183} INFO - Processing /opt/airflow/dags/minio_to_snowflake.py took 1.872 seconds
[2026-04-03T09:03:51.527+0000] {processor.py:161} INFO - Started process (PID=3563) to work on /opt/airflow/dags/minio_to_snowflake.py
[2026-04-03T09:03:51.535+0000] {processor.py:830} INFO - Processing file /opt/airflow/dags/minio_to_snowflake.py for tasks to queue
[2026-04-03T09:03:51.544+0000] {logging_mixin.py:188} INFO - [2026-04-03T09:03:51.541+0000] {dagbag.py:545} INFO - Filling up the DagBag from /opt/airflow/dags/minio_to_snowflake.py
[2026-04-03T09:03:52.982+0000] {processor.py:840} INFO - DAG(s) 'minio_to_snowflake_pipeline' retrieved from /opt/airflow/dags/minio_to_snowflake.py
[2026-04-03T09:03:53.024+0000] {logging_mixin.py:188} INFO - [2026-04-03T09:03:53.023+0000] {dag.py:3089} INFO - Sync 1 DAGs
[2026-04-03T09:03:53.055+0000] {logging_mixin.py:188} INFO - [2026-04-03T09:03:53.055+0000] {dag.py:3947} INFO - Setting next_dagrun for minio_to_snowflake_pipeline to 2026-04-03 09:00:00+00:00, run_after=2026-04-03 09:10:00+00:00
[2026-04-03T09:03:53.086+0000] {processor.py:183} INFO - Processing /opt/airflow/dags/minio_to_snowflake.py took 1.600 seconds
[2026-04-03T09:04:23.554+0000] {processor.py:161} INFO - Started process (PID=3570) to work on /opt/airflow/dags/minio_to_snowflake.py
[2026-04-03T09:04:23.557+0000] {processor.py:830} INFO - Processing file /opt/airflow/dags/minio_to_snowflake.py for tasks to queue
[2026-04-03T09:04:23.561+0000] {logging_mixin.py:188} INFO - [2026-04-03T09:04:23.560+0000] {dagbag.py:545} INFO - Filling up the DagBag from /opt/airflow/dags/minio_to_snowflake.py
[2026-04-03T09:04:25.825+0000] {processor.py:840} INFO - DAG(s) 'minio_to_snowflake_pipeline' retrieved from /opt/airflow/dags/minio_to_snowflake.py
[2026-04-03T09:04:25.887+0000] {logging_mixin.py:188} INFO - [2026-04-03T09:04:25.886+0000] {dag.py:3089} INFO - Sync 1 DAGs
[2026-04-03T09:04:25.935+0000] {logging_mixin.py:188} INFO - [2026-04-03T09:04:25.935+0000] {dag.py:3947} INFO - Setting next_dagrun for minio_to_snowflake_pipeline to 2026-04-03 09:00:00+00:00, run_after=2026-04-03 09:10:00+00:00
[2026-04-03T09:04:25.973+0000] {processor.py:183} INFO - Processing /opt/airflow/dags/minio_to_snowflake.py took 2.444 seconds
[2026-04-03T09:04:56.398+0000] {processor.py:161} INFO - Started process (PID=3577) to work on /opt/airflow/dags/minio_to_snowflake.py
[2026-04-03T09:04:56.400+0000] {processor.py:830} INFO - Processing file /opt/airflow/dags/minio_to_snowflake.py for tasks to queue
[2026-04-03T09:04:56.402+0000] {logging_mixin.py:188} INFO - [2026-04-03T09:04:56.401+0000] {dagbag.py:545} INFO - Filling up the DagBag from /opt/airflow/dags/minio_to_snowflake.py
[2026-04-03T09:04:58.752+0000] {processor.py:840} INFO - DAG(s) 'minio_to_snowflake_pipeline' retrieved from /opt/airflow/dags/minio_to_snowflake.py
[2026-04-03T09:04:58.807+0000] {logging_mixin.py:188} INFO - [2026-04-03T09:04:58.804+0000] {dag.py:3089} INFO - Sync 1 DAGs
[2026-04-03T09:04:58.848+0000] {logging_mixin.py:188} INFO - [2026-04-03T09:04:58.847+0000] {dag.py:3947} INFO - Setting next_dagrun for minio_to_snowflake_pipeline to 2026-04-03 09:00:00+00:00, run_after=2026-04-03 09:10:00+00:00
[2026-04-03T09:04:58.889+0000] {processor.py:183} INFO - Processing /opt/airflow/dags/minio_to_snowflake.py took 2.503 seconds
[2026-04-03T09:05:29.420+0000] {processor.py:161} INFO - Started process (PID=3584) to work on /opt/airflow/dags/minio_to_snowflake.py
[2026-04-03T09:05:29.423+0000] {processor.py:830} INFO - Processing file /opt/airflow/dags/minio_to_snowflake.py for tasks to queue
[2026-04-03T09:05:29.426+0000] {logging_mixin.py:188} INFO - [2026-04-03T09:05:29.425+0000] {dagbag.py:545} INFO - Filling up the DagBag from /opt/airflow/dags/minio_to_snowflake.py
[2026-04-03T09:05:32.230+0000] {processor.py:840} INFO - DAG(s) 'minio_to_snowflake_pipeline' retrieved from /opt/airflow/dags/minio_to_snowflake.py
[2026-04-03T09:05:32.394+0000] {logging_mixin.py:188} INFO - [2026-04-03T09:05:32.392+0000] {dag.py:3089} INFO - Sync 1 DAGs
[2026-04-03T09:05:32.436+0000] {logging_mixin.py:188} INFO - [2026-04-03T09:05:32.436+0000] {dag.py:3947} INFO - Setting next_dagrun for minio_to_snowflake_pipeline to 2026-04-03 09:00:00+00:00, run_after=2026-04-03 09:10:00+00:00
[2026-04-03T09:05:32.472+0000] {processor.py:183} INFO - Processing /opt/airflow/dags/minio_to_snowflake.py took 3.080 seconds
[2026-04-03T09:06:03.171+0000] {processor.py:161} INFO - Started process (PID=3591) to work on /opt/airflow/dags/minio_to_snowflake.py
[2026-04-03T09:06:03.173+0000] {processor.py:830} INFO - Processing file /opt/airflow/dags/minio_to_snowflake.py for tasks to queue
[2026-04-03T09:06:03.176+0000] {logging_mixin.py:188} INFO - [2026-04-03T09:06:03.175+0000] {dagbag.py:545} INFO - Filling up the DagBag from /opt/airflow/dags/minio_to_snowflake.py
[2026-04-03T09:06:05.799+0000] {processor.py:840} INFO - DAG(s) 'minio_to_snowflake_pipeline' retrieved from /opt/airflow/dags/minio_to_snowflake.py
[2026-04-03T09:06:05.852+0000] {logging_mixin.py:188} INFO - [2026-04-03T09:06:05.850+0000] {dag.py:3089} INFO - Sync 1 DAGs
[2026-04-03T09:06:05.983+0000] {logging_mixin.py:188} INFO - [2026-04-03T09:06:05.983+0000] {dag.py:3947} INFO - Setting next_dagrun for minio_to_snowflake_pipeline to 2026-04-03 09:00:00+00:00, run_after=2026-04-03 09:10:00+00:00
[2026-04-03T09:06:06.173+0000] {processor.py:183} INFO - Processing /opt/airflow/dags/minio_to_snowflake.py took 3.015 seconds
[2026-04-03T09:06:37.034+0000] {processor.py:161} INFO - Started process (PID=3598) to work on /opt/airflow/dags/minio_to_snowflake.py
[2026-04-03T09:06:37.037+0000] {processor.py:830} INFO - Processing file /opt/airflow/dags/minio_to_snowflake.py for tasks to queue
[2026-04-03T09:06:37.045+0000] {logging_mixin.py:188} INFO - [2026-04-03T09:06:37.044+0000] {dagbag.py:545} INFO - Filling up the DagBag from /opt/airflow/dags/minio_to_snowflake.py
[2026-04-03T09:06:40.494+0000] {processor.py:840} INFO - DAG(s) 'minio_to_snowflake_pipeline' retrieved from /opt/airflow/dags/minio_to_snowflake.py
[2026-04-03T09:06:40.535+0000] {logging_mixin.py:188} INFO - [2026-04-03T09:06:40.534+0000] {dag.py:3089} INFO - Sync 1 DAGs
[2026-04-03T09:06:40.570+0000] {logging_mixin.py:188} INFO - [2026-04-03T09:06:40.569+0000] {dag.py:3947} INFO - Setting next_dagrun for minio_to_snowflake_pipeline to 2026-04-03 09:00:00+00:00, run_after=2026-04-03 09:10:00+00:00
[2026-04-03T09:06:40.607+0000] {processor.py:183} INFO - Processing /opt/airflow/dags/minio_to_snowflake.py took 3.600 seconds
[2026-04-03T09:07:10.926+0000] {processor.py:161} INFO - Started process (PID=3605) to work on /opt/airflow/dags/minio_to_snowflake.py
[2026-04-03T09:07:10.939+0000] {processor.py:830} INFO - Processing file /opt/airflow/dags/minio_to_snowflake.py for tasks to queue
[2026-04-03T09:07:10.956+0000] {logging_mixin.py:188} INFO - [2026-04-03T09:07:10.955+0000] {dagbag.py:545} INFO - Filling up the DagBag from /opt/airflow/dags/minio_to_snowflake.py
[2026-04-03T09:07:13.869+0000] {processor.py:840} INFO - DAG(s) 'minio_to_snowflake_pipeline' retrieved from /opt/airflow/dags/minio_to_snowflake.py
[2026-04-03T09:07:13.909+0000] {logging_mixin.py:188} INFO - [2026-04-03T09:07:13.908+0000] {dag.py:3089} INFO - Sync 1 DAGs
[2026-04-03T09:07:13.942+0000] {logging_mixin.py:188} INFO - [2026-04-03T09:07:13.941+0000] {dag.py:3947} INFO - Setting next_dagrun for minio_to_snowflake_pipeline to 2026-04-03 09:00:00+00:00, run_after=2026-04-03 09:10:00+00:00
[2026-04-03T09:07:13.982+0000] {processor.py:183} INFO - Processing /opt/airflow/dags/minio_to_snowflake.py took 3.094 seconds
[2026-04-03T09:07:45.086+0000] {processor.py:161} INFO - Started process (PID=3612) to work on /opt/airflow/dags/minio_to_snowflake.py
[2026-04-03T09:07:45.089+0000] {processor.py:830} INFO - Processing file /opt/airflow/dags/minio_to_snowflake.py for tasks to queue
[2026-04-03T09:07:45.091+0000] {logging_mixin.py:188} INFO - [2026-04-03T09:07:45.090+0000] {dagbag.py:545} INFO - Filling up the DagBag from /opt/airflow/dags/minio_to_snowflake.py
[2026-04-03T09:07:48.370+0000] {processor.py:840} INFO - DAG(s) 'minio_to_snowflake_pipeline' retrieved from /opt/airflow/dags/minio_to_snowflake.py
[2026-04-03T09:07:48.429+0000] {logging_mixin.py:188} INFO - [2026-04-03T09:07:48.428+0000] {dag.py:3089} INFO - Sync 1 DAGs
[2026-04-03T09:07:48.510+0000] {logging_mixin.py:188} INFO - [2026-04-03T09:07:48.510+0000] {dag.py:3947} INFO - Setting next_dagrun for minio_to_snowflake_pipeline to 2026-04-03 09:00:00+00:00, run_after=2026-04-03 09:10:00+00:00
[2026-04-03T09:07:48.566+0000] {processor.py:183} INFO - Processing /opt/airflow/dags/minio_to_snowflake.py took 3.496 seconds
[2026-04-03T09:08:19.088+0000] {processor.py:161} INFO - Started process (PID=3619) to work on /opt/airflow/dags/minio_to_snowflake.py
[2026-04-03T09:08:19.092+0000] {processor.py:830} INFO - Processing file /opt/airflow/dags/minio_to_snowflake.py for tasks to queue
[2026-04-03T09:08:19.094+0000] {logging_mixin.py:188} INFO - [2026-04-03T09:08:19.093+0000] {dagbag.py:545} INFO - Filling up the DagBag from /opt/airflow/dags/minio_to_snowflake.py
[2026-04-03T09:08:20.578+0000] {processor.py:840} INFO - DAG(s) 'minio_to_snowflake_pipeline' retrieved from /opt/airflow/dags/minio_to_snowflake.py
[2026-04-03T09:08:20.615+0000] {logging_mixin.py:188} INFO - [2026-04-03T09:08:20.615+0000] {dag.py:3089} INFO - Sync 1 DAGs
[2026-04-03T09:08:20.644+0000] {logging_mixin.py:188} INFO - [2026-04-03T09:08:20.643+0000] {dag.py:3947} INFO - Setting next_dagrun for minio_to_snowflake_pipeline to 2026-04-03 09:00:00+00:00, run_after=2026-04-03 09:10:00+00:00
[2026-04-03T09:08:20.672+0000] {processor.py:183} INFO - Processing /opt/airflow/dags/minio_to_snowflake.py took 1.603 seconds
[2026-04-03T09:08:50.948+0000] {processor.py:161} INFO - Started process (PID=3626) to work on /opt/airflow/dags/minio_to_snowflake.py
[2026-04-03T09:08:50.955+0000] {processor.py:830} INFO - Processing file /opt/airflow/dags/minio_to_snowflake.py for tasks to queue
[2026-04-03T09:08:50.962+0000] {logging_mixin.py:188} INFO - [2026-04-03T09:08:50.960+0000] {dagbag.py:545} INFO - Filling up the DagBag from /opt/airflow/dags/minio_to_snowflake.py
[2026-04-03T09:08:53.085+0000] {processor.py:840} INFO - DAG(s) 'minio_to_snowflake_pipeline' retrieved from /opt/airflow/dags/minio_to_snowflake.py
[2026-04-03T09:08:53.125+0000] {logging_mixin.py:188} INFO - [2026-04-03T09:08:53.124+0000] {dag.py:3089} INFO - Sync 1 DAGs
[2026-04-03T09:08:53.159+0000] {logging_mixin.py:188} INFO - [2026-04-03T09:08:53.159+0000] {dag.py:3947} INFO - Setting next_dagrun for minio_to_snowflake_pipeline to 2026-04-03 09:00:00+00:00, run_after=2026-04-03 09:10:00+00:00
[2026-04-03T09:08:53.192+0000] {processor.py:183} INFO - Processing /opt/airflow/dags/minio_to_snowflake.py took 2.291 seconds
[2026-04-03T09:09:23.842+0000] {processor.py:161} INFO - Started process (PID=3633) to work on /opt/airflow/dags/minio_to_snowflake.py
[2026-04-03T09:09:23.844+0000] {processor.py:830} INFO - Processing file /opt/airflow/dags/minio_to_snowflake.py for tasks to queue
[2026-04-03T09:09:23.846+0000] {logging_mixin.py:188} INFO - [2026-04-03T09:09:23.846+0000] {dagbag.py:545} INFO - Filling up the DagBag from /opt/airflow/dags/minio_to_snowflake.py
[2026-04-03T09:09:30.247+0000] {processor.py:840} INFO - DAG(s) 'minio_to_snowflake_pipeline' retrieved from /opt/airflow/dags/minio_to_snowflake.py
[2026-04-03T09:09:30.511+0000] {logging_mixin.py:188} INFO - [2026-04-03T09:09:30.505+0000] {dag.py:3089} INFO - Sync 1 DAGs
[2026-04-03T09:09:30.634+0000] {logging_mixin.py:188} INFO - [2026-04-03T09:09:30.634+0000] {dag.py:3947} INFO - Setting next_dagrun for minio_to_snowflake_pipeline to 2026-04-03 09:00:00+00:00, run_after=2026-04-03 09:10:00+00:00
[2026-04-03T09:09:30.727+0000] {processor.py:183} INFO - Processing /opt/airflow/dags/minio_to_snowflake.py took 6.911 seconds
[2026-04-03T09:10:01.016+0000] {processor.py:161} INFO - Started process (PID=3640) to work on /opt/airflow/dags/minio_to_snowflake.py
[2026-04-03T09:10:01.019+0000] {processor.py:830} INFO - Processing file /opt/airflow/dags/minio_to_snowflake.py for tasks to queue
[2026-04-03T09:10:01.021+0000] {logging_mixin.py:188} INFO - [2026-04-03T09:10:01.020+0000] {dagbag.py:545} INFO - Filling up the DagBag from /opt/airflow/dags/minio_to_snowflake.py
[2026-04-03T09:10:03.280+0000] {processor.py:840} INFO - DAG(s) 'minio_to_snowflake_pipeline' retrieved from /opt/airflow/dags/minio_to_snowflake.py
[2026-04-03T09:10:03.330+0000] {logging_mixin.py:188} INFO - [2026-04-03T09:10:03.329+0000] {dag.py:3089} INFO - Sync 1 DAGs
[2026-04-03T09:10:03.401+0000] {processor.py:183} INFO - Processing /opt/airflow/dags/minio_to_snowflake.py took 2.407 seconds
[2026-04-03T09:10:33.910+0000] {processor.py:161} INFO - Started process (PID=3651) to work on /opt/airflow/dags/minio_to_snowflake.py
[2026-04-03T09:10:33.912+0000] {processor.py:830} INFO - Processing file /opt/airflow/dags/minio_to_snowflake.py for tasks to queue
[2026-04-03T09:10:33.914+0000] {logging_mixin.py:188} INFO - [2026-04-03T09:10:33.913+0000] {dagbag.py:545} INFO - Filling up the DagBag from /opt/airflow/dags/minio_to_snowflake.py
[2026-04-03T09:10:36.411+0000] {processor.py:840} INFO - DAG(s) 'minio_to_snowflake_pipeline' retrieved from /opt/airflow/dags/minio_to_snowflake.py
[2026-04-03T09:10:36.525+0000] {logging_mixin.py:188} INFO - [2026-04-03T09:10:36.523+0000] {dag.py:3089} INFO - Sync 1 DAGs
[2026-04-03T09:10:36.619+0000] {logging_mixin.py:188} INFO - [2026-04-03T09:10:36.618+0000] {dag.py:3947} INFO - Setting next_dagrun for minio_to_snowflake_pipeline to 2026-04-03 09:10:00+00:00, run_after=2026-04-03 09:20:00+00:00
[2026-04-03T09:10:36.688+0000] {processor.py:183} INFO - Processing /opt/airflow/dags/minio_to_snowflake.py took 2.788 seconds
[2026-04-03T09:11:07.154+0000] {processor.py:161} INFO - Started process (PID=3658) to work on /opt/airflow/dags/minio_to_snowflake.py
[2026-04-03T09:11:07.156+0000] {processor.py:830} INFO - Processing file /opt/airflow/dags/minio_to_snowflake.py for tasks to queue
[2026-04-03T09:11:07.158+0000] {logging_mixin.py:188} INFO - [2026-04-03T09:11:07.157+0000] {dagbag.py:545} INFO - Filling up the DagBag from /opt/airflow/dags/minio_to_snowflake.py
[2026-04-03T09:11:09.966+0000] {processor.py:840} INFO - DAG(s) 'minio_to_snowflake_pipeline' retrieved from /opt/airflow/dags/minio_to_snowflake.py
[2026-04-03T09:11:10.033+0000] {logging_mixin.py:188} INFO - [2026-04-03T09:11:10.032+0000] {dag.py:3089} INFO - Sync 1 DAGs
[2026-04-03T09:11:10.088+0000] {logging_mixin.py:188} INFO - [2026-04-03T09:11:10.087+0000] {dag.py:3947} INFO - Setting next_dagrun for minio_to_snowflake_pipeline to 2026-04-03 09:10:00+00:00, run_after=2026-04-03 09:20:00+00:00
[2026-04-03T09:11:10.126+0000] {processor.py:183} INFO - Processing /opt/airflow/dags/minio_to_snowflake.py took 2.985 seconds
[2026-04-03T09:11:40.444+0000] {processor.py:161} INFO - Started process (PID=3665) to work on /opt/airflow/dags/minio_to_snowflake.py
[2026-04-03T09:11:40.446+0000] {processor.py:830} INFO - Processing file /opt/airflow/dags/minio_to_snowflake.py for tasks to queue
[2026-04-03T09:11:40.447+0000] {logging_mixin.py:188} INFO - [2026-04-03T09:11:40.447+0000] {dagbag.py:545} INFO - Filling up the DagBag from /opt/airflow/dags/minio_to_snowflake.py
[2026-04-03T09:11:42.278+0000] {processor.py:840} INFO - DAG(s) 'minio_to_snowflake_pipeline' retrieved from /opt/airflow/dags/minio_to_snowflake.py
[2026-04-03T09:11:42.329+0000] {logging_mixin.py:188} INFO - [2026-04-03T09:11:42.325+0000] {dag.py:3089} INFO - Sync 1 DAGs
[2026-04-03T09:11:42.364+0000] {logging_mixin.py:188} INFO - [2026-04-03T09:11:42.364+0000] {dag.py:3947} INFO - Setting next_dagrun for minio_to_snowflake_pipeline to 2026-04-03 09:10:00+00:00, run_after=2026-04-03 09:20:00+00:00
[2026-04-03T09:11:42.392+0000] {processor.py:183} INFO - Processing /opt/airflow/dags/minio_to_snowflake.py took 1.960 seconds
[2026-04-03T09:12:13.128+0000] {processor.py:161} INFO - Started process (PID=3672) to work on /opt/airflow/dags/minio_to_snowflake.py
[2026-04-03T09:12:13.148+0000] {processor.py:830} INFO - Processing file /opt/airflow/dags/minio_to_snowflake.py for tasks to queue
[2026-04-03T09:12:13.157+0000] {logging_mixin.py:188} INFO - [2026-04-03T09:12:13.156+0000] {dagbag.py:545} INFO - Filling up the DagBag from /opt/airflow/dags/minio_to_snowflake.py
[2026-04-03T09:12:15.258+0000] {processor.py:840} INFO - DAG(s) 'minio_to_snowflake_pipeline' retrieved from /opt/airflow/dags/minio_to_snowflake.py
[2026-04-03T09:12:15.306+0000] {logging_mixin.py:188} INFO - [2026-04-03T09:12:15.305+0000] {dag.py:3089} INFO - Sync 1 DAGs
[2026-04-03T09:12:15.340+0000] {logging_mixin.py:188} INFO - [2026-04-03T09:12:15.340+0000] {dag.py:3947} INFO - Setting next_dagrun for minio_to_snowflake_pipeline to 2026-04-03 09:10:00+00:00, run_after=2026-04-03 09:20:00+00:00
[2026-04-03T09:12:15.373+0000] {processor.py:183} INFO - Processing /opt/airflow/dags/minio_to_snowflake.py took 2.280 seconds
[2026-04-03T09:12:46.700+0000] {processor.py:161} INFO - Started process (PID=3679) to work on /opt/airflow/dags/minio_to_snowflake.py
[2026-04-03T09:12:46.712+0000] {processor.py:830} INFO - Processing file /opt/airflow/dags/minio_to_snowflake.py for tasks to queue
[2026-04-03T09:12:46.716+0000] {logging_mixin.py:188} INFO - [2026-04-03T09:12:46.715+0000] {dagbag.py:545} INFO - Filling up the DagBag from /opt/airflow/dags/minio_to_snowflake.py
[2026-04-03T09:12:50.429+0000] {processor.py:840} INFO - DAG(s) 'minio_to_snowflake_pipeline' retrieved from /opt/airflow/dags/minio_to_snowflake.py
[2026-04-03T09:12:50.526+0000] {logging_mixin.py:188} INFO - [2026-04-03T09:12:50.525+0000] {dag.py:3089} INFO - Sync 1 DAGs
[2026-04-03T09:12:50.626+0000] {logging_mixin.py:188} INFO - [2026-04-03T09:12:50.625+0000] {dag.py:3947} INFO - Setting next_dagrun for minio_to_snowflake_pipeline to 2026-04-03 09:10:00+00:00, run_after=2026-04-03 09:20:00+00:00
[2026-04-03T09:12:50.685+0000] {processor.py:183} INFO - Processing /opt/airflow/dags/minio_to_snowflake.py took 4.028 seconds
[2026-04-03T09:13:21.036+0000] {processor.py:161} INFO - Started process (PID=3686) to work on /opt/airflow/dags/minio_to_snowflake.py
[2026-04-03T09:13:21.040+0000] {processor.py:830} INFO - Processing file /opt/airflow/dags/minio_to_snowflake.py for tasks to queue
[2026-04-03T09:13:21.043+0000] {logging_mixin.py:188} INFO - [2026-04-03T09:13:21.042+0000] {dagbag.py:545} INFO - Filling up the DagBag from /opt/airflow/dags/minio_to_snowflake.py
[2026-04-03T09:13:24.088+0000] {processor.py:840} INFO - DAG(s) 'minio_to_snowflake_pipeline' retrieved from /opt/airflow/dags/minio_to_snowflake.py
[2026-04-03T09:13:24.136+0000] {logging_mixin.py:188} INFO - [2026-04-03T09:13:24.135+0000] {dag.py:3089} INFO - Sync 1 DAGs
[2026-04-03T09:13:24.196+0000] {logging_mixin.py:188} INFO - [2026-04-03T09:13:24.195+0000] {dag.py:3947} INFO - Setting next_dagrun for minio_to_snowflake_pipeline to 2026-04-03 09:10:00+00:00, run_after=2026-04-03 09:20:00+00:00
[2026-04-03T09:13:24.263+0000] {processor.py:183} INFO - Processing /opt/airflow/dags/minio_to_snowflake.py took 3.274 seconds
[2026-04-03T09:13:55.313+0000] {processor.py:161} INFO - Started process (PID=3693) to work on /opt/airflow/dags/minio_to_snowflake.py
[2026-04-03T09:13:55.315+0000] {processor.py:830} INFO - Processing file /opt/airflow/dags/minio_to_snowflake.py for tasks to queue
[2026-04-03T09:13:55.318+0000] {logging_mixin.py:188} INFO - [2026-04-03T09:13:55.317+0000] {dagbag.py:545} INFO - Filling up the DagBag from /opt/airflow/dags/minio_to_snowflake.py
[2026-04-03T09:13:57.680+0000] {processor.py:840} INFO - DAG(s) 'minio_to_snowflake_pipeline' retrieved from /opt/airflow/dags/minio_to_snowflake.py
[2026-04-03T09:13:57.739+0000] {logging_mixin.py:188} INFO - [2026-04-03T09:13:57.736+0000] {dag.py:3089} INFO - Sync 1 DAGs
[2026-04-03T09:13:57.775+0000] {logging_mixin.py:188} INFO - [2026-04-03T09:13:57.774+0000] {dag.py:3947} INFO - Setting next_dagrun for minio_to_snowflake_pipeline to 2026-04-03 09:10:00+00:00, run_after=2026-04-03 09:20:00+00:00
[2026-04-03T09:13:57.851+0000] {processor.py:183} INFO - Processing /opt/airflow/dags/minio_to_snowflake.py took 2.552 seconds
[2026-04-03T09:14:28.218+0000] {processor.py:161} INFO - Started process (PID=3700) to work on /opt/airflow/dags/minio_to_snowflake.py
[2026-04-03T09:14:28.220+0000] {processor.py:830} INFO - Processing file /opt/airflow/dags/minio_to_snowflake.py for tasks to queue
[2026-04-03T09:14:28.223+0000] {logging_mixin.py:188} INFO - [2026-04-03T09:14:28.222+0000] {dagbag.py:545} INFO - Filling up the DagBag from /opt/airflow/dags/minio_to_snowflake.py
[2026-04-03T09:14:32.340+0000] {processor.py:840} INFO - DAG(s) 'minio_to_snowflake_pipeline' retrieved from /opt/airflow/dags/minio_to_snowflake.py
[2026-04-03T09:14:32.402+0000] {logging_mixin.py:188} INFO - [2026-04-03T09:14:32.401+0000] {dag.py:3089} INFO - Sync 1 DAGs
[2026-04-03T09:14:32.447+0000] {logging_mixin.py:188} INFO - [2026-04-03T09:14:32.446+0000] {dag.py:3947} INFO - Setting next_dagrun for minio_to_snowflake_pipeline to 2026-04-03 09:10:00+00:00, run_after=2026-04-03 09:20:00+00:00
[2026-04-03T09:14:32.490+0000] {processor.py:183} INFO - Processing /opt/airflow/dags/minio_to_snowflake.py took 4.289 seconds
[2026-04-03T09:15:03.470+0000] {processor.py:161} INFO - Started process (PID=3707) to work on /opt/airflow/dags/minio_to_snowflake.py
[2026-04-03T09:15:03.472+0000] {processor.py:830} INFO - Processing file /opt/airflow/dags/minio_to_snowflake.py for tasks to queue
[2026-04-03T09:15:03.473+0000] {logging_mixin.py:188} INFO - [2026-04-03T09:15:03.473+0000] {dagbag.py:545} INFO - Filling up the DagBag from /opt/airflow/dags/minio_to_snowflake.py
[2026-04-03T09:15:05.242+0000] {processor.py:840} INFO - DAG(s) 'minio_to_snowflake_pipeline' retrieved from /opt/airflow/dags/minio_to_snowflake.py
[2026-04-03T09:15:05.288+0000] {logging_mixin.py:188} INFO - [2026-04-03T09:15:05.287+0000] {dag.py:3089} INFO - Sync 1 DAGs
[2026-04-03T09:15:05.318+0000] {logging_mixin.py:188} INFO - [2026-04-03T09:15:05.318+0000] {dag.py:3947} INFO - Setting next_dagrun for minio_to_snowflake_pipeline to 2026-04-03 09:10:00+00:00, run_after=2026-04-03 09:20:00+00:00
[2026-04-03T09:15:05.347+0000] {processor.py:183} INFO - Processing /opt/airflow/dags/minio_to_snowflake.py took 1.890 seconds
[2026-04-03T09:15:36.366+0000] {processor.py:161} INFO - Started process (PID=3714) to work on /opt/airflow/dags/minio_to_snowflake.py
[2026-04-03T09:15:36.381+0000] {processor.py:830} INFO - Processing file /opt/airflow/dags/minio_to_snowflake.py for tasks to queue
[2026-04-03T09:15:36.385+0000] {logging_mixin.py:188} INFO - [2026-04-03T09:15:36.384+0000] {dagbag.py:545} INFO - Filling up the DagBag from /opt/airflow/dags/minio_to_snowflake.py
[2026-04-03T09:15:39.810+0000] {processor.py:840} INFO - DAG(s) 'minio_to_snowflake_pipeline' retrieved from /opt/airflow/dags/minio_to_snowflake.py
[2026-04-03T09:15:39.856+0000] {logging_mixin.py:188} INFO - [2026-04-03T09:15:39.855+0000] {dag.py:3089} INFO - Sync 1 DAGs
[2026-04-03T09:15:39.893+0000] {logging_mixin.py:188} INFO - [2026-04-03T09:15:39.892+0000] {dag.py:3947} INFO - Setting next_dagrun for minio_to_snowflake_pipeline to 2026-04-03 09:10:00+00:00, run_after=2026-04-03 09:20:00+00:00
[2026-04-03T09:15:39.923+0000] {processor.py:183} INFO - Processing /opt/airflow/dags/minio_to_snowflake.py took 3.599 seconds
[2026-04-03T09:16:10.416+0000] {processor.py:161} INFO - Started process (PID=3721) to work on /opt/airflow/dags/minio_to_snowflake.py
[2026-04-03T09:16:10.431+0000] {processor.py:830} INFO - Processing file /opt/airflow/dags/minio_to_snowflake.py for tasks to queue
[2026-04-03T09:16:10.435+0000] {logging_mixin.py:188} INFO - [2026-04-03T09:16:10.434+0000] {dagbag.py:545} INFO - Filling up the DagBag from /opt/airflow/dags/minio_to_snowflake.py
[2026-04-03T09:16:14.080+0000] {processor.py:840} INFO - DAG(s) 'minio_to_snowflake_pipeline' retrieved from /opt/airflow/dags/minio_to_snowflake.py
[2026-04-03T09:16:14.129+0000] {logging_mixin.py:188} INFO - [2026-04-03T09:16:14.124+0000] {dag.py:3089} INFO - Sync 1 DAGs
[2026-04-03T09:16:14.171+0000] {logging_mixin.py:188} INFO - [2026-04-03T09:16:14.171+0000] {dag.py:3947} INFO - Setting next_dagrun for minio_to_snowflake_pipeline to 2026-04-03 09:10:00+00:00, run_after=2026-04-03 09:20:00+00:00
[2026-04-03T09:16:14.215+0000] {processor.py:183} INFO - Processing /opt/airflow/dags/minio_to_snowflake.py took 3.831 seconds
[2026-04-03T09:16:45.058+0000] {processor.py:161} INFO - Started process (PID=3728) to work on /opt/airflow/dags/minio_to_snowflake.py
[2026-04-03T09:16:45.062+0000] {processor.py:830} INFO - Processing file /opt/airflow/dags/minio_to_snowflake.py for tasks to queue
[2026-04-03T09:16:45.064+0000] {logging_mixin.py:188} INFO - [2026-04-03T09:16:45.063+0000] {dagbag.py:545} INFO - Filling up the DagBag from /opt/airflow/dags/minio_to_snowflake.py
[2026-04-03T09:16:46.895+0000] {processor.py:840} INFO - DAG(s) 'minio_to_snowflake_pipeline' retrieved from /opt/airflow/dags/minio_to_snowflake.py
[2026-04-03T09:16:46.941+0000] {logging_mixin.py:188} INFO - [2026-04-03T09:16:46.940+0000] {dag.py:3089} INFO - Sync 1 DAGs
[2026-04-03T09:16:46.980+0000] {logging_mixin.py:188} INFO - [2026-04-03T09:16:46.977+0000] {dag.py:3947} INFO - Setting next_dagrun for minio_to_snowflake_pipeline to 2026-04-03 09:10:00+00:00, run_after=2026-04-03 09:20:00+00:00
[2026-04-03T09:16:47.013+0000] {processor.py:183} INFO - Processing /opt/airflow/dags/minio_to_snowflake.py took 1.966 seconds
[2026-04-03T09:17:18.341+0000] {processor.py:161} INFO - Started process (PID=3735) to work on /opt/airflow/dags/minio_to_snowflake.py
[2026-04-03T09:17:18.372+0000] {processor.py:830} INFO - Processing file /opt/airflow/dags/minio_to_snowflake.py for tasks to queue
[2026-04-03T09:17:18.387+0000] {logging_mixin.py:188} INFO - [2026-04-03T09:17:18.386+0000] {dagbag.py:545} INFO - Filling up the DagBag from /opt/airflow/dags/minio_to_snowflake.py
[2026-04-03T09:17:20.827+0000] {processor.py:840} INFO - DAG(s) 'minio_to_snowflake_pipeline' retrieved from /opt/airflow/dags/minio_to_snowflake.py
[2026-04-03T09:17:20.908+0000] {logging_mixin.py:188} INFO - [2026-04-03T09:17:20.906+0000] {dag.py:3089} INFO - Sync 1 DAGs
[2026-04-03T09:17:20.969+0000] {logging_mixin.py:188} INFO - [2026-04-03T09:17:20.968+0000] {dag.py:3947} INFO - Setting next_dagrun for minio_to_snowflake_pipeline to 2026-04-03 09:10:00+00:00, run_after=2026-04-03 09:20:00+00:00
[2026-04-03T09:17:21.058+0000] {processor.py:183} INFO - Processing /opt/airflow/dags/minio_to_snowflake.py took 2.768 seconds
[2026-04-03T09:17:51.353+0000] {processor.py:161} INFO - Started process (PID=3742) to work on /opt/airflow/dags/minio_to_snowflake.py
[2026-04-03T09:17:51.356+0000] {processor.py:830} INFO - Processing file /opt/airflow/dags/minio_to_snowflake.py for tasks to queue
[2026-04-03T09:17:51.359+0000] {logging_mixin.py:188} INFO - [2026-04-03T09:17:51.358+0000] {dagbag.py:545} INFO - Filling up the DagBag from /opt/airflow/dags/minio_to_snowflake.py
[2026-04-03T09:17:54.838+0000] {processor.py:840} INFO - DAG(s) 'minio_to_snowflake_pipeline' retrieved from /opt/airflow/dags/minio_to_snowflake.py
[2026-04-03T09:17:54.899+0000] {logging_mixin.py:188} INFO - [2026-04-03T09:17:54.897+0000] {dag.py:3089} INFO - Sync 1 DAGs
[2026-04-03T09:17:54.951+0000] {logging_mixin.py:188} INFO - [2026-04-03T09:17:54.950+0000] {dag.py:3947} INFO - Setting next_dagrun for minio_to_snowflake_pipeline to 2026-04-03 09:10:00+00:00, run_after=2026-04-03 09:20:00+00:00
[2026-04-03T09:17:54.995+0000] {processor.py:183} INFO - Processing /opt/airflow/dags/minio_to_snowflake.py took 3.678 seconds
[2026-04-03T09:18:25.806+0000] {processor.py:161} INFO - Started process (PID=3749) to work on /opt/airflow/dags/minio_to_snowflake.py
[2026-04-03T09:18:25.814+0000] {processor.py:830} INFO - Processing file /opt/airflow/dags/minio_to_snowflake.py for tasks to queue
[2026-04-03T09:18:25.821+0000] {logging_mixin.py:188} INFO - [2026-04-03T09:18:25.819+0000] {dagbag.py:545} INFO - Filling up the DagBag from /opt/airflow/dags/minio_to_snowflake.py
[2026-04-03T09:18:27.656+0000] {processor.py:840} INFO - DAG(s) 'minio_to_snowflake_pipeline' retrieved from /opt/airflow/dags/minio_to_snowflake.py
[2026-04-03T09:18:27.693+0000] {logging_mixin.py:188} INFO - [2026-04-03T09:18:27.693+0000] {dag.py:3089} INFO - Sync 1 DAGs
[2026-04-03T09:18:27.726+0000] {logging_mixin.py:188} INFO - [2026-04-03T09:18:27.725+0000] {dag.py:3947} INFO - Setting next_dagrun for minio_to_snowflake_pipeline to 2026-04-03 09:10:00+00:00, run_after=2026-04-03 09:20:00+00:00
[2026-04-03T09:18:27.758+0000] {processor.py:183} INFO - Processing /opt/airflow/dags/minio_to_snowflake.py took 2.002 seconds
[2026-04-03T09:18:58.651+0000] {processor.py:161} INFO - Started process (PID=3756) to work on /opt/airflow/dags/minio_to_snowflake.py
[2026-04-03T09:18:58.656+0000] {processor.py:830} INFO - Processing file /opt/airflow/dags/minio_to_snowflake.py for tasks to queue
[2026-04-03T09:18:58.667+0000] {logging_mixin.py:188} INFO - [2026-04-03T09:18:58.666+0000] {dagbag.py:545} INFO - Filling up the DagBag from /opt/airflow/dags/minio_to_snowflake.py
[2026-04-03T09:19:00.691+0000] {processor.py:840} INFO - DAG(s) 'minio_to_snowflake_pipeline' retrieved from /opt/airflow/dags/minio_to_snowflake.py
[2026-04-03T09:19:00.779+0000] {logging_mixin.py:188} INFO - [2026-04-03T09:19:00.778+0000] {dag.py:3089} INFO - Sync 1 DAGs
[2026-04-03T09:19:00.865+0000] {logging_mixin.py:188} INFO - [2026-04-03T09:19:00.864+0000] {dag.py:3947} INFO - Setting next_dagrun for minio_to_snowflake_pipeline to 2026-04-03 09:10:00+00:00, run_after=2026-04-03 09:20:00+00:00
[2026-04-03T09:19:00.935+0000] {processor.py:183} INFO - Processing /opt/airflow/dags/minio_to_snowflake.py took 2.318 seconds
[2026-04-03T09:19:31.258+0000] {processor.py:161} INFO - Started process (PID=3763) to work on /opt/airflow/dags/minio_to_snowflake.py
[2026-04-03T09:19:31.264+0000] {processor.py:830} INFO - Processing file /opt/airflow/dags/minio_to_snowflake.py for tasks to queue
[2026-04-03T09:19:31.267+0000] {logging_mixin.py:188} INFO - [2026-04-03T09:19:31.266+0000] {dagbag.py:545} INFO - Filling up the DagBag from /opt/airflow/dags/minio_to_snowflake.py
[2026-04-03T09:19:34.690+0000] {processor.py:840} INFO - DAG(s) 'minio_to_snowflake_pipeline' retrieved from /opt/airflow/dags/minio_to_snowflake.py
[2026-04-03T09:19:34.726+0000] {logging_mixin.py:188} INFO - [2026-04-03T09:19:34.726+0000] {dag.py:3089} INFO - Sync 1 DAGs
[2026-04-03T09:19:34.754+0000] {logging_mixin.py:188} INFO - [2026-04-03T09:19:34.754+0000] {dag.py:3947} INFO - Setting next_dagrun for minio_to_snowflake_pipeline to 2026-04-03 09:10:00+00:00, run_after=2026-04-03 09:20:00+00:00
[2026-04-03T09:19:34.781+0000] {processor.py:183} INFO - Processing /opt/airflow/dags/minio_to_snowflake.py took 3.543 seconds
[2026-04-03T09:20:05.612+0000] {processor.py:161} INFO - Started process (PID=3770) to work on /opt/airflow/dags/minio_to_snowflake.py
[2026-04-03T09:20:05.616+0000] {processor.py:830} INFO - Processing file /opt/airflow/dags/minio_to_snowflake.py for tasks to queue
[2026-04-03T09:20:05.653+0000] {logging_mixin.py:188} INFO - [2026-04-03T09:20:05.652+0000] {dagbag.py:545} INFO - Filling up the DagBag from /opt/airflow/dags/minio_to_snowflake.py
[2026-04-03T09:20:17.810+0000] {processor.py:840} INFO - DAG(s) 'minio_to_snowflake_pipeline' retrieved from /opt/airflow/dags/minio_to_snowflake.py
[2026-04-03T09:20:18.373+0000] {logging_mixin.py:188} INFO - [2026-04-03T09:20:18.371+0000] {dag.py:3089} INFO - Sync 1 DAGs
[2026-04-03T09:20:18.920+0000] {processor.py:183} INFO - Processing /opt/airflow/dags/minio_to_snowflake.py took 13.333 seconds
[2026-04-03T09:20:49.552+0000] {processor.py:161} INFO - Started process (PID=3781) to work on /opt/airflow/dags/minio_to_snowflake.py
[2026-04-03T09:20:49.554+0000] {processor.py:830} INFO - Processing file /opt/airflow/dags/minio_to_snowflake.py for tasks to queue
[2026-04-03T09:20:49.556+0000] {logging_mixin.py:188} INFO - [2026-04-03T09:20:49.555+0000] {dagbag.py:545} INFO - Filling up the DagBag from /opt/airflow/dags/minio_to_snowflake.py
[2026-04-03T09:20:54.303+0000] {processor.py:840} INFO - DAG(s) 'minio_to_snowflake_pipeline' retrieved from /opt/airflow/dags/minio_to_snowflake.py
[2026-04-03T09:20:54.507+0000] {logging_mixin.py:188} INFO - [2026-04-03T09:20:54.494+0000] {dag.py:3089} INFO - Sync 1 DAGs
[2026-04-03T09:20:54.729+0000] {logging_mixin.py:188} INFO - [2026-04-03T09:20:54.728+0000] {dag.py:3947} INFO - Setting next_dagrun for minio_to_snowflake_pipeline to 2026-04-03 09:20:00+00:00, run_after=2026-04-03 09:30:00+00:00
[2026-04-03T09:20:54.959+0000] {processor.py:183} INFO - Processing /opt/airflow/dags/minio_to_snowflake.py took 5.418 seconds
[2026-04-03T09:21:25.709+0000] {processor.py:161} INFO - Started process (PID=3788) to work on /opt/airflow/dags/minio_to_snowflake.py
[2026-04-03T09:21:25.714+0000] {processor.py:830} INFO - Processing file /opt/airflow/dags/minio_to_snowflake.py for tasks to queue
[2026-04-03T09:21:25.734+0000] {logging_mixin.py:188} INFO - [2026-04-03T09:21:25.727+0000] {dagbag.py:545} INFO - Filling up the DagBag from /opt/airflow/dags/minio_to_snowflake.py
[2026-04-03T09:21:27.512+0000] {processor.py:840} INFO - DAG(s) 'minio_to_snowflake_pipeline' retrieved from /opt/airflow/dags/minio_to_snowflake.py
[2026-04-03T09:21:27.553+0000] {logging_mixin.py:188} INFO - [2026-04-03T09:21:27.552+0000] {dag.py:3089} INFO - Sync 1 DAGs
[2026-04-03T09:21:27.583+0000] {logging_mixin.py:188} INFO - [2026-04-03T09:21:27.583+0000] {dag.py:3947} INFO - Setting next_dagrun for minio_to_snowflake_pipeline to 2026-04-03 09:20:00+00:00, run_after=2026-04-03 09:30:00+00:00
[2026-04-03T09:21:27.618+0000] {processor.py:183} INFO - Processing /opt/airflow/dags/minio_to_snowflake.py took 1.949 seconds
[2026-04-03T09:21:58.836+0000] {processor.py:161} INFO - Started process (PID=3795) to work on /opt/airflow/dags/minio_to_snowflake.py
[2026-04-03T09:21:58.837+0000] {processor.py:830} INFO - Processing file /opt/airflow/dags/minio_to_snowflake.py for tasks to queue
[2026-04-03T09:21:58.840+0000] {logging_mixin.py:188} INFO - [2026-04-03T09:21:58.839+0000] {dagbag.py:545} INFO - Filling up the DagBag from /opt/airflow/dags/minio_to_snowflake.py
[2026-04-03T09:22:00.602+0000] {processor.py:840} INFO - DAG(s) 'minio_to_snowflake_pipeline' retrieved from /opt/airflow/dags/minio_to_snowflake.py
[2026-04-03T09:22:00.643+0000] {logging_mixin.py:188} INFO - [2026-04-03T09:22:00.642+0000] {dag.py:3089} INFO - Sync 1 DAGs
[2026-04-03T09:22:00.682+0000] {logging_mixin.py:188} INFO - [2026-04-03T09:22:00.681+0000] {dag.py:3947} INFO - Setting next_dagrun for minio_to_snowflake_pipeline to 2026-04-03 09:20:00+00:00, run_after=2026-04-03 09:30:00+00:00
[2026-04-03T09:22:00.734+0000] {processor.py:183} INFO - Processing /opt/airflow/dags/minio_to_snowflake.py took 1.915 seconds
[2026-04-03T09:22:31.659+0000] {processor.py:161} INFO - Started process (PID=3802) to work on /opt/airflow/dags/minio_to_snowflake.py
[2026-04-03T09:22:31.661+0000] {processor.py:830} INFO - Processing file /opt/airflow/dags/minio_to_snowflake.py for tasks to queue
[2026-04-03T09:22:31.663+0000] {logging_mixin.py:188} INFO - [2026-04-03T09:22:31.662+0000] {dagbag.py:545} INFO - Filling up the DagBag from /opt/airflow/dags/minio_to_snowflake.py
[2026-04-03T09:22:33.959+0000] {processor.py:840} INFO - DAG(s) 'minio_to_snowflake_pipeline' retrieved from /opt/airflow/dags/minio_to_snowflake.py
[2026-04-03T09:22:34.015+0000] {logging_mixin.py:188} INFO - [2026-04-03T09:22:34.014+0000] {dag.py:3089} INFO - Sync 1 DAGs
[2026-04-03T09:22:34.056+0000] {logging_mixin.py:188} INFO - [2026-04-03T09:22:34.056+0000] {dag.py:3947} INFO - Setting next_dagrun for minio_to_snowflake_pipeline to 2026-04-03 09:20:00+00:00, run_after=2026-04-03 09:30:00+00:00
[2026-04-03T09:22:34.087+0000] {processor.py:183} INFO - Processing /opt/airflow/dags/minio_to_snowflake.py took 2.438 seconds
[2026-04-03T09:23:04.357+0000] {processor.py:161} INFO - Started process (PID=3809) to work on /opt/airflow/dags/minio_to_snowflake.py
[2026-04-03T09:23:04.367+0000] {processor.py:830} INFO - Processing file /opt/airflow/dags/minio_to_snowflake.py for tasks to queue
[2026-04-03T09:23:04.369+0000] {logging_mixin.py:188} INFO - [2026-04-03T09:23:04.369+0000] {dagbag.py:545} INFO - Filling up the DagBag from /opt/airflow/dags/minio_to_snowflake.py
[2026-04-03T09:23:08.970+0000] {processor.py:840} INFO - DAG(s) 'minio_to_snowflake_pipeline' retrieved from /opt/airflow/dags/minio_to_snowflake.py
[2026-04-03T09:23:09.102+0000] {logging_mixin.py:188} INFO - [2026-04-03T09:23:09.100+0000] {dag.py:3089} INFO - Sync 1 DAGs
[2026-04-03T09:23:09.162+0000] {logging_mixin.py:188} INFO - [2026-04-03T09:23:09.161+0000] {dag.py:3947} INFO - Setting next_dagrun for minio_to_snowflake_pipeline to 2026-04-03 09:20:00+00:00, run_after=2026-04-03 09:30:00+00:00
[2026-04-03T09:23:09.192+0000] {processor.py:183} INFO - Processing /opt/airflow/dags/minio_to_snowflake.py took 4.866 seconds
[2026-04-03T09:23:40.018+0000] {processor.py:161} INFO - Started process (PID=3816) to work on /opt/airflow/dags/minio_to_snowflake.py
[2026-04-03T09:23:40.022+0000] {processor.py:830} INFO - Processing file /opt/airflow/dags/minio_to_snowflake.py for tasks to queue
[2026-04-03T09:23:40.038+0000] {logging_mixin.py:188} INFO - [2026-04-03T09:23:40.037+0000] {dagbag.py:545} INFO - Filling up the DagBag from /opt/airflow/dags/minio_to_snowflake.py
[2026-04-03T09:23:44.246+0000] {processor.py:840} INFO - DAG(s) 'minio_to_snowflake_pipeline' retrieved from /opt/airflow/dags/minio_to_snowflake.py
[2026-04-03T09:23:44.385+0000] {logging_mixin.py:188} INFO - [2026-04-03T09:23:44.383+0000] {dag.py:3089} INFO - Sync 1 DAGs
[2026-04-03T09:23:44.509+0000] {logging_mixin.py:188} INFO - [2026-04-03T09:23:44.508+0000] {dag.py:3947} INFO - Setting next_dagrun for minio_to_snowflake_pipeline to 2026-04-03 09:20:00+00:00, run_after=2026-04-03 09:30:00+00:00
[2026-04-03T09:23:44.631+0000] {processor.py:183} INFO - Processing /opt/airflow/dags/minio_to_snowflake.py took 4.695 seconds
[2026-04-03T09:24:15.252+0000] {processor.py:161} INFO - Started process (PID=3823) to work on /opt/airflow/dags/minio_to_snowflake.py
[2026-04-03T09:24:15.264+0000] {processor.py:830} INFO - Processing file /opt/airflow/dags/minio_to_snowflake.py for tasks to queue
[2026-04-03T09:24:15.267+0000] {logging_mixin.py:188} INFO - [2026-04-03T09:24:15.266+0000] {dagbag.py:545} INFO - Filling up the DagBag from /opt/airflow/dags/minio_to_snowflake.py
[2026-04-03T09:24:18.060+0000] {processor.py:840} INFO - DAG(s) 'minio_to_snowflake_pipeline' retrieved from /opt/airflow/dags/minio_to_snowflake.py
[2026-04-03T09:24:18.116+0000] {logging_mixin.py:188} INFO - [2026-04-03T09:24:18.115+0000] {dag.py:3089} INFO - Sync 1 DAGs
[2026-04-03T09:24:18.168+0000] {logging_mixin.py:188} INFO - [2026-04-03T09:24:18.168+0000] {dag.py:3947} INFO - Setting next_dagrun for minio_to_snowflake_pipeline to 2026-04-03 09:20:00+00:00, run_after=2026-04-03 09:30:00+00:00
[2026-04-03T09:24:18.225+0000] {processor.py:183} INFO - Processing /opt/airflow/dags/minio_to_snowflake.py took 2.996 seconds
[2026-04-03T09:24:49.133+0000] {processor.py:161} INFO - Started process (PID=3830) to work on /opt/airflow/dags/minio_to_snowflake.py
[2026-04-03T09:24:49.135+0000] {processor.py:830} INFO - Processing file /opt/airflow/dags/minio_to_snowflake.py for tasks to queue
[2026-04-03T09:24:49.137+0000] {logging_mixin.py:188} INFO - [2026-04-03T09:24:49.136+0000] {dagbag.py:545} INFO - Filling up the DagBag from /opt/airflow/dags/minio_to_snowflake.py
[2026-04-03T09:24:51.950+0000] {processor.py:840} INFO - DAG(s) 'minio_to_snowflake_pipeline' retrieved from /opt/airflow/dags/minio_to_snowflake.py
[2026-04-03T09:24:52.188+0000] {logging_mixin.py:188} INFO - [2026-04-03T09:24:52.186+0000] {dag.py:3089} INFO - Sync 1 DAGs
[2026-04-03T09:24:52.350+0000] {logging_mixin.py:188} INFO - [2026-04-03T09:24:52.347+0000] {dag.py:3947} INFO - Setting next_dagrun for minio_to_snowflake_pipeline to 2026-04-03 09:20:00+00:00, run_after=2026-04-03 09:30:00+00:00
[2026-04-03T09:24:52.410+0000] {processor.py:183} INFO - Processing /opt/airflow/dags/minio_to_snowflake.py took 3.289 seconds
[2026-04-03T09:25:23.603+0000] {processor.py:161} INFO - Started process (PID=3837) to work on /opt/airflow/dags/minio_to_snowflake.py
[2026-04-03T09:25:23.632+0000] {processor.py:830} INFO - Processing file /opt/airflow/dags/minio_to_snowflake.py for tasks to queue
[2026-04-03T09:25:23.648+0000] {logging_mixin.py:188} INFO - [2026-04-03T09:25:23.647+0000] {dagbag.py:545} INFO - Filling up the DagBag from /opt/airflow/dags/minio_to_snowflake.py
[2026-04-03T09:25:27.980+0000] {processor.py:840} INFO - DAG(s) 'minio_to_snowflake_pipeline' retrieved from /opt/airflow/dags/minio_to_snowflake.py
[2026-04-03T09:25:28.079+0000] {logging_mixin.py:188} INFO - [2026-04-03T09:25:28.078+0000] {dag.py:3089} INFO - Sync 1 DAGs
[2026-04-03T09:25:28.216+0000] {logging_mixin.py:188} INFO - [2026-04-03T09:25:28.215+0000] {dag.py:3947} INFO - Setting next_dagrun for minio_to_snowflake_pipeline to 2026-04-03 09:20:00+00:00, run_after=2026-04-03 09:30:00+00:00
[2026-04-03T09:25:28.370+0000] {processor.py:183} INFO - Processing /opt/airflow/dags/minio_to_snowflake.py took 4.821 seconds
[2026-04-03T09:25:59.422+0000] {processor.py:161} INFO - Started process (PID=3844) to work on /opt/airflow/dags/minio_to_snowflake.py
[2026-04-03T09:25:59.424+0000] {processor.py:830} INFO - Processing file /opt/airflow/dags/minio_to_snowflake.py for tasks to queue
[2026-04-03T09:25:59.426+0000] {logging_mixin.py:188} INFO - [2026-04-03T09:25:59.425+0000] {dagbag.py:545} INFO - Filling up the DagBag from /opt/airflow/dags/minio_to_snowflake.py
[2026-04-03T09:26:02.160+0000] {processor.py:840} INFO - DAG(s) 'minio_to_snowflake_pipeline' retrieved from /opt/airflow/dags/minio_to_snowflake.py
[2026-04-03T09:26:02.228+0000] {logging_mixin.py:188} INFO - [2026-04-03T09:26:02.227+0000] {dag.py:3089} INFO - Sync 1 DAGs
[2026-04-03T09:26:02.270+0000] {logging_mixin.py:188} INFO - [2026-04-03T09:26:02.270+0000] {dag.py:3947} INFO - Setting next_dagrun for minio_to_snowflake_pipeline to 2026-04-03 09:20:00+00:00, run_after=2026-04-03 09:30:00+00:00
[2026-04-03T09:26:02.312+0000] {processor.py:183} INFO - Processing /opt/airflow/dags/minio_to_snowflake.py took 2.910 seconds
[2026-04-03T09:26:33.241+0000] {processor.py:161} INFO - Started process (PID=3851) to work on /opt/airflow/dags/minio_to_snowflake.py
[2026-04-03T09:26:33.244+0000] {processor.py:830} INFO - Processing file /opt/airflow/dags/minio_to_snowflake.py for tasks to queue
[2026-04-03T09:26:33.248+0000] {logging_mixin.py:188} INFO - [2026-04-03T09:26:33.247+0000] {dagbag.py:545} INFO - Filling up the DagBag from /opt/airflow/dags/minio_to_snowflake.py
[2026-04-03T09:26:35.816+0000] {processor.py:840} INFO - DAG(s) 'minio_to_snowflake_pipeline' retrieved from /opt/airflow/dags/minio_to_snowflake.py
[2026-04-03T09:26:35.868+0000] {logging_mixin.py:188} INFO - [2026-04-03T09:26:35.866+0000] {dag.py:3089} INFO - Sync 1 DAGs
[2026-04-03T09:26:35.910+0000] {logging_mixin.py:188} INFO - [2026-04-03T09:26:35.909+0000] {dag.py:3947} INFO - Setting next_dagrun for minio_to_snowflake_pipeline to 2026-04-03 09:20:00+00:00, run_after=2026-04-03 09:30:00+00:00
[2026-04-03T09:26:35.959+0000] {processor.py:183} INFO - Processing /opt/airflow/dags/minio_to_snowflake.py took 2.745 seconds
[2026-04-03T09:27:06.341+0000] {processor.py:161} INFO - Started process (PID=3858) to work on /opt/airflow/dags/minio_to_snowflake.py
[2026-04-03T09:27:06.344+0000] {processor.py:830} INFO - Processing file /opt/airflow/dags/minio_to_snowflake.py for tasks to queue
[2026-04-03T09:27:06.347+0000] {logging_mixin.py:188} INFO - [2026-04-03T09:27:06.346+0000] {dagbag.py:545} INFO - Filling up the DagBag from /opt/airflow/dags/minio_to_snowflake.py
[2026-04-03T09:27:09.740+0000] {processor.py:840} INFO - DAG(s) 'minio_to_snowflake_pipeline' retrieved from /opt/airflow/dags/minio_to_snowflake.py
[2026-04-03T09:27:09.908+0000] {logging_mixin.py:188} INFO - [2026-04-03T09:27:09.905+0000] {dag.py:3089} INFO - Sync 1 DAGs
[2026-04-03T09:27:09.977+0000] {logging_mixin.py:188} INFO - [2026-04-03T09:27:09.976+0000] {dag.py:3947} INFO - Setting next_dagrun for minio_to_snowflake_pipeline to 2026-04-03 09:20:00+00:00, run_after=2026-04-03 09:30:00+00:00
[2026-04-03T09:27:10.025+0000] {processor.py:183} INFO - Processing /opt/airflow/dags/minio_to_snowflake.py took 3.703 seconds
[2026-04-03T09:27:40.376+0000] {processor.py:161} INFO - Started process (PID=3865) to work on /opt/airflow/dags/minio_to_snowflake.py
[2026-04-03T09:27:40.378+0000] {processor.py:830} INFO - Processing file /opt/airflow/dags/minio_to_snowflake.py for tasks to queue
[2026-04-03T09:27:40.382+0000] {logging_mixin.py:188} INFO - [2026-04-03T09:27:40.381+0000] {dagbag.py:545} INFO - Filling up the DagBag from /opt/airflow/dags/minio_to_snowflake.py
[2026-04-03T09:27:44.593+0000] {processor.py:840} INFO - DAG(s) 'minio_to_snowflake_pipeline' retrieved from /opt/airflow/dags/minio_to_snowflake.py
[2026-04-03T09:27:44.846+0000] {logging_mixin.py:188} INFO - [2026-04-03T09:27:44.845+0000] {dag.py:3089} INFO - Sync 1 DAGs
[2026-04-03T09:27:45.010+0000] {logging_mixin.py:188} INFO - [2026-04-03T09:27:45.010+0000] {dag.py:3947} INFO - Setting next_dagrun for minio_to_snowflake_pipeline to 2026-04-03 09:20:00+00:00, run_after=2026-04-03 09:30:00+00:00
[2026-04-03T09:27:45.184+0000] {processor.py:183} INFO - Processing /opt/airflow/dags/minio_to_snowflake.py took 4.832 seconds
[2026-04-03T09:28:16.042+0000] {processor.py:161} INFO - Started process (PID=3872) to work on /opt/airflow/dags/minio_to_snowflake.py
[2026-04-03T09:28:16.045+0000] {processor.py:830} INFO - Processing file /opt/airflow/dags/minio_to_snowflake.py for tasks to queue
[2026-04-03T09:28:16.052+0000] {logging_mixin.py:188} INFO - [2026-04-03T09:28:16.048+0000] {dagbag.py:545} INFO - Filling up the DagBag from /opt/airflow/dags/minio_to_snowflake.py
[2026-04-03T09:28:19.375+0000] {processor.py:840} INFO - DAG(s) 'minio_to_snowflake_pipeline' retrieved from /opt/airflow/dags/minio_to_snowflake.py
[2026-04-03T09:28:19.451+0000] {logging_mixin.py:188} INFO - [2026-04-03T09:28:19.450+0000] {dag.py:3089} INFO - Sync 1 DAGs
[2026-04-03T09:28:19.487+0000] {logging_mixin.py:188} INFO - [2026-04-03T09:28:19.487+0000] {dag.py:3947} INFO - Setting next_dagrun for minio_to_snowflake_pipeline to 2026-04-03 09:20:00+00:00, run_after=2026-04-03 09:30:00+00:00
[2026-04-03T09:28:19.533+0000] {processor.py:183} INFO - Processing /opt/airflow/dags/minio_to_snowflake.py took 3.522 seconds
[2026-04-03T09:28:49.929+0000] {processor.py:161} INFO - Started process (PID=3879) to work on /opt/airflow/dags/minio_to_snowflake.py
[2026-04-03T09:28:49.933+0000] {processor.py:830} INFO - Processing file /opt/airflow/dags/minio_to_snowflake.py for tasks to queue
[2026-04-03T09:28:49.938+0000] {logging_mixin.py:188} INFO - [2026-04-03T09:28:49.937+0000] {dagbag.py:545} INFO - Filling up the DagBag from /opt/airflow/dags/minio_to_snowflake.py
[2026-04-03T09:28:52.464+0000] {processor.py:840} INFO - DAG(s) 'minio_to_snowflake_pipeline' retrieved from /opt/airflow/dags/minio_to_snowflake.py
[2026-04-03T09:28:52.580+0000] {logging_mixin.py:188} INFO - [2026-04-03T09:28:52.579+0000] {dag.py:3089} INFO - Sync 1 DAGs
[2026-04-03T09:28:52.629+0000] {logging_mixin.py:188} INFO - [2026-04-03T09:28:52.629+0000] {dag.py:3947} INFO - Setting next_dagrun for minio_to_snowflake_pipeline to 2026-04-03 09:20:00+00:00, run_after=2026-04-03 09:30:00+00:00
[2026-04-03T09:28:52.668+0000] {processor.py:183} INFO - Processing /opt/airflow/dags/minio_to_snowflake.py took 2.772 seconds
[2026-04-03T09:29:22.923+0000] {processor.py:161} INFO - Started process (PID=3886) to work on /opt/airflow/dags/minio_to_snowflake.py
[2026-04-03T09:29:22.926+0000] {processor.py:830} INFO - Processing file /opt/airflow/dags/minio_to_snowflake.py for tasks to queue
[2026-04-03T09:29:22.928+0000] {logging_mixin.py:188} INFO - [2026-04-03T09:29:22.927+0000] {dagbag.py:545} INFO - Filling up the DagBag from /opt/airflow/dags/minio_to_snowflake.py
[2026-04-03T09:29:25.312+0000] {processor.py:840} INFO - DAG(s) 'minio_to_snowflake_pipeline' retrieved from /opt/airflow/dags/minio_to_snowflake.py
[2026-04-03T09:29:25.366+0000] {logging_mixin.py:188} INFO - [2026-04-03T09:29:25.365+0000] {dag.py:3089} INFO - Sync 1 DAGs
[2026-04-03T09:29:25.408+0000] {logging_mixin.py:188} INFO - [2026-04-03T09:29:25.408+0000] {dag.py:3947} INFO - Setting next_dagrun for minio_to_snowflake_pipeline to 2026-04-03 09:20:00+00:00, run_after=2026-04-03 09:30:00+00:00
[2026-04-03T09:29:25.452+0000] {processor.py:183} INFO - Processing /opt/airflow/dags/minio_to_snowflake.py took 2.545 seconds
[2026-04-03T09:29:56.347+0000] {processor.py:161} INFO - Started process (PID=3893) to work on /opt/airflow/dags/minio_to_snowflake.py
[2026-04-03T09:29:56.353+0000] {processor.py:830} INFO - Processing file /opt/airflow/dags/minio_to_snowflake.py for tasks to queue
[2026-04-03T09:29:56.358+0000] {logging_mixin.py:188} INFO - [2026-04-03T09:29:56.356+0000] {dagbag.py:545} INFO - Filling up the DagBag from /opt/airflow/dags/minio_to_snowflake.py
[2026-04-03T09:29:59.366+0000] {processor.py:840} INFO - DAG(s) 'minio_to_snowflake_pipeline' retrieved from /opt/airflow/dags/minio_to_snowflake.py
[2026-04-03T09:29:59.454+0000] {logging_mixin.py:188} INFO - [2026-04-03T09:29:59.453+0000] {dag.py:3089} INFO - Sync 1 DAGs
[2026-04-03T09:29:59.520+0000] {logging_mixin.py:188} INFO - [2026-04-03T09:29:59.519+0000] {dag.py:3947} INFO - Setting next_dagrun for minio_to_snowflake_pipeline to 2026-04-03 09:20:00+00:00, run_after=2026-04-03 09:30:00+00:00
[2026-04-03T09:29:59.599+0000] {processor.py:183} INFO - Processing /opt/airflow/dags/minio_to_snowflake.py took 3.278 seconds
[2026-04-03T09:30:30.044+0000] {processor.py:161} INFO - Started process (PID=3904) to work on /opt/airflow/dags/minio_to_snowflake.py
[2026-04-03T09:30:30.049+0000] {processor.py:830} INFO - Processing file /opt/airflow/dags/minio_to_snowflake.py for tasks to queue
[2026-04-03T09:30:30.053+0000] {logging_mixin.py:188} INFO - [2026-04-03T09:30:30.052+0000] {dagbag.py:545} INFO - Filling up the DagBag from /opt/airflow/dags/minio_to_snowflake.py
[2026-04-03T09:30:33.184+0000] {processor.py:840} INFO - DAG(s) 'minio_to_snowflake_pipeline' retrieved from /opt/airflow/dags/minio_to_snowflake.py
[2026-04-03T09:30:33.281+0000] {logging_mixin.py:188} INFO - [2026-04-03T09:30:33.279+0000] {dag.py:3089} INFO - Sync 1 DAGs
[2026-04-03T09:30:33.314+0000] {logging_mixin.py:188} INFO - [2026-04-03T09:30:33.313+0000] {dag.py:3947} INFO - Setting next_dagrun for minio_to_snowflake_pipeline to 2026-04-03 09:30:00+00:00, run_after=2026-04-03 09:40:00+00:00
[2026-04-03T09:30:33.343+0000] {processor.py:183} INFO - Processing /opt/airflow/dags/minio_to_snowflake.py took 3.341 seconds
[2026-04-03T09:31:04.353+0000] {processor.py:161} INFO - Started process (PID=3911) to work on /opt/airflow/dags/minio_to_snowflake.py
[2026-04-03T09:31:04.355+0000] {processor.py:830} INFO - Processing file /opt/airflow/dags/minio_to_snowflake.py for tasks to queue
[2026-04-03T09:31:04.361+0000] {logging_mixin.py:188} INFO - [2026-04-03T09:31:04.357+0000] {dagbag.py:545} INFO - Filling up the DagBag from /opt/airflow/dags/minio_to_snowflake.py
[2026-04-03T09:31:08.449+0000] {processor.py:840} INFO - DAG(s) 'minio_to_snowflake_pipeline' retrieved from /opt/airflow/dags/minio_to_snowflake.py
[2026-04-03T09:31:08.762+0000] {logging_mixin.py:188} INFO - [2026-04-03T09:31:08.761+0000] {dag.py:3089} INFO - Sync 1 DAGs
[2026-04-03T09:31:08.915+0000] {logging_mixin.py:188} INFO - [2026-04-03T09:31:08.915+0000] {dag.py:3947} INFO - Setting next_dagrun for minio_to_snowflake_pipeline to 2026-04-03 09:30:00+00:00, run_after=2026-04-03 09:40:00+00:00
[2026-04-03T09:31:09.047+0000] {processor.py:183} INFO - Processing /opt/airflow/dags/minio_to_snowflake.py took 4.713 seconds
[2026-04-03T09:31:42.761+0000] {processor.py:161} INFO - Started process (PID=3918) to work on /opt/airflow/dags/minio_to_snowflake.py
[2026-04-03T09:31:42.764+0000] {processor.py:830} INFO - Processing file /opt/airflow/dags/minio_to_snowflake.py for tasks to queue
[2026-04-03T09:31:42.777+0000] {logging_mixin.py:188} INFO - [2026-04-03T09:31:42.775+0000] {dagbag.py:545} INFO - Filling up the DagBag from /opt/airflow/dags/minio_to_snowflake.py
[2026-04-03T09:31:47.658+0000] {processor.py:840} INFO - DAG(s) 'minio_to_snowflake_pipeline' retrieved from /opt/airflow/dags/minio_to_snowflake.py
[2026-04-03T09:31:47.725+0000] {logging_mixin.py:188} INFO - [2026-04-03T09:31:47.724+0000] {dag.py:3089} INFO - Sync 1 DAGs
[2026-04-03T09:31:47.795+0000] {logging_mixin.py:188} INFO - [2026-04-03T09:31:47.795+0000] {dag.py:3947} INFO - Setting next_dagrun for minio_to_snowflake_pipeline to 2026-04-03 09:30:00+00:00, run_after=2026-04-03 09:40:00+00:00
[2026-04-03T09:31:47.860+0000] {processor.py:183} INFO - Processing /opt/airflow/dags/minio_to_snowflake.py took 5.135 seconds
[2026-04-03T09:32:18.842+0000] {processor.py:161} INFO - Started process (PID=3925) to work on /opt/airflow/dags/minio_to_snowflake.py
[2026-04-03T09:32:18.849+0000] {processor.py:830} INFO - Processing file /opt/airflow/dags/minio_to_snowflake.py for tasks to queue
[2026-04-03T09:32:18.855+0000] {logging_mixin.py:188} INFO - [2026-04-03T09:32:18.853+0000] {dagbag.py:545} INFO - Filling up the DagBag from /opt/airflow/dags/minio_to_snowflake.py
[2026-04-03T09:32:20.971+0000] {processor.py:840} INFO - DAG(s) 'minio_to_snowflake_pipeline' retrieved from /opt/airflow/dags/minio_to_snowflake.py
[2026-04-03T09:32:21.036+0000] {logging_mixin.py:188} INFO - [2026-04-03T09:32:21.035+0000] {dag.py:3089} INFO - Sync 1 DAGs
[2026-04-03T09:32:21.191+0000] {logging_mixin.py:188} INFO - [2026-04-03T09:32:21.190+0000] {dag.py:3947} INFO - Setting next_dagrun for minio_to_snowflake_pipeline to 2026-04-03 09:30:00+00:00, run_after=2026-04-03 09:40:00+00:00
[2026-04-03T09:32:21.253+0000] {processor.py:183} INFO - Processing /opt/airflow/dags/minio_to_snowflake.py took 2.460 seconds
[2026-04-03T09:32:52.208+0000] {processor.py:161} INFO - Started process (PID=3932) to work on /opt/airflow/dags/minio_to_snowflake.py
[2026-04-03T09:32:52.211+0000] {processor.py:830} INFO - Processing file /opt/airflow/dags/minio_to_snowflake.py for tasks to queue
[2026-04-03T09:32:52.213+0000] {logging_mixin.py:188} INFO - [2026-04-03T09:32:52.212+0000] {dagbag.py:545} INFO - Filling up the DagBag from /opt/airflow/dags/minio_to_snowflake.py
[2026-04-03T09:32:54.727+0000] {processor.py:840} INFO - DAG(s) 'minio_to_snowflake_pipeline' retrieved from /opt/airflow/dags/minio_to_snowflake.py
[2026-04-03T09:32:54.879+0000] {logging_mixin.py:188} INFO - [2026-04-03T09:32:54.874+0000] {dag.py:3089} INFO - Sync 1 DAGs
[2026-04-03T09:32:54.998+0000] {logging_mixin.py:188} INFO - [2026-04-03T09:32:54.996+0000] {dag.py:3947} INFO - Setting next_dagrun for minio_to_snowflake_pipeline to 2026-04-03 09:30:00+00:00, run_after=2026-04-03 09:40:00+00:00
[2026-04-03T09:32:55.120+0000] {processor.py:183} INFO - Processing /opt/airflow/dags/minio_to_snowflake.py took 2.936 seconds
[2026-04-03T09:33:26.115+0000] {processor.py:161} INFO - Started process (PID=3939) to work on /opt/airflow/dags/minio_to_snowflake.py
[2026-04-03T09:33:26.123+0000] {processor.py:830} INFO - Processing file /opt/airflow/dags/minio_to_snowflake.py for tasks to queue
[2026-04-03T09:33:26.135+0000] {logging_mixin.py:188} INFO - [2026-04-03T09:33:26.132+0000] {dagbag.py:545} INFO - Filling up the DagBag from /opt/airflow/dags/minio_to_snowflake.py
[2026-04-03T09:33:32.243+0000] {processor.py:840} INFO - DAG(s) 'minio_to_snowflake_pipeline' retrieved from /opt/airflow/dags/minio_to_snowflake.py
[2026-04-03T09:33:32.501+0000] {logging_mixin.py:188} INFO - [2026-04-03T09:33:32.500+0000] {dag.py:3089} INFO - Sync 1 DAGs
[2026-04-03T09:33:32.923+0000] {logging_mixin.py:188} INFO - [2026-04-03T09:33:32.922+0000] {dag.py:3947} INFO - Setting next_dagrun for minio_to_snowflake_pipeline to 2026-04-03 09:30:00+00:00, run_after=2026-04-03 09:40:00+00:00
[2026-04-03T09:33:33.256+0000] {processor.py:183} INFO - Processing /opt/airflow/dags/minio_to_snowflake.py took 7.189 seconds
[2026-04-03T09:34:04.468+0000] {processor.py:161} INFO - Started process (PID=3946) to work on /opt/airflow/dags/minio_to_snowflake.py
[2026-04-03T09:34:04.470+0000] {processor.py:830} INFO - Processing file /opt/airflow/dags/minio_to_snowflake.py for tasks to queue
[2026-04-03T09:34:04.472+0000] {logging_mixin.py:188} INFO - [2026-04-03T09:34:04.471+0000] {dagbag.py:545} INFO - Filling up the DagBag from /opt/airflow/dags/minio_to_snowflake.py
[2026-04-03T09:34:06.967+0000] {processor.py:840} INFO - DAG(s) 'minio_to_snowflake_pipeline' retrieved from /opt/airflow/dags/minio_to_snowflake.py
[2026-04-03T09:34:07.126+0000] {logging_mixin.py:188} INFO - [2026-04-03T09:34:07.115+0000] {dag.py:3089} INFO - Sync 1 DAGs
[2026-04-03T09:34:07.196+0000] {logging_mixin.py:188} INFO - [2026-04-03T09:34:07.195+0000] {dag.py:3947} INFO - Setting next_dagrun for minio_to_snowflake_pipeline to 2026-04-03 09:30:00+00:00, run_after=2026-04-03 09:40:00+00:00
[2026-04-03T09:34:07.251+0000] {processor.py:183} INFO - Processing /opt/airflow/dags/minio_to_snowflake.py took 2.795 seconds
[2026-04-03T09:34:37.788+0000] {processor.py:161} INFO - Started process (PID=3953) to work on /opt/airflow/dags/minio_to_snowflake.py
[2026-04-03T09:34:37.791+0000] {processor.py:830} INFO - Processing file /opt/airflow/dags/minio_to_snowflake.py for tasks to queue
[2026-04-03T09:34:37.794+0000] {logging_mixin.py:188} INFO - [2026-04-03T09:34:37.792+0000] {dagbag.py:545} INFO - Filling up the DagBag from /opt/airflow/dags/minio_to_snowflake.py
[2026-04-03T09:34:40.761+0000] {processor.py:840} INFO - DAG(s) 'minio_to_snowflake_pipeline' retrieved from /opt/airflow/dags/minio_to_snowflake.py
[2026-04-03T09:34:40.990+0000] {logging_mixin.py:188} INFO - [2026-04-03T09:34:40.989+0000] {dag.py:3089} INFO - Sync 1 DAGs
[2026-04-03T09:34:41.124+0000] {logging_mixin.py:188} INFO - [2026-04-03T09:34:41.124+0000] {dag.py:3947} INFO - Setting next_dagrun for minio_to_snowflake_pipeline to 2026-04-03 09:30:00+00:00, run_after=2026-04-03 09:40:00+00:00
[2026-04-03T09:34:41.244+0000] {processor.py:183} INFO - Processing /opt/airflow/dags/minio_to_snowflake.py took 3.472 seconds
[2026-04-03T09:35:11.731+0000] {processor.py:161} INFO - Started process (PID=3960) to work on /opt/airflow/dags/minio_to_snowflake.py
[2026-04-03T09:35:11.734+0000] {processor.py:830} INFO - Processing file /opt/airflow/dags/minio_to_snowflake.py for tasks to queue
[2026-04-03T09:35:11.745+0000] {logging_mixin.py:188} INFO - [2026-04-03T09:35:11.744+0000] {dagbag.py:545} INFO - Filling up the DagBag from /opt/airflow/dags/minio_to_snowflake.py
[2026-04-03T09:35:14.372+0000] {processor.py:840} INFO - DAG(s) 'minio_to_snowflake_pipeline' retrieved from /opt/airflow/dags/minio_to_snowflake.py
[2026-04-03T09:35:14.425+0000] {logging_mixin.py:188} INFO - [2026-04-03T09:35:14.424+0000] {dag.py:3089} INFO - Sync 1 DAGs
[2026-04-03T09:35:14.462+0000] {logging_mixin.py:188} INFO - [2026-04-03T09:35:14.462+0000] {dag.py:3947} INFO - Setting next_dagrun for minio_to_snowflake_pipeline to 2026-04-03 09:30:00+00:00, run_after=2026-04-03 09:40:00+00:00
[2026-04-03T09:35:14.497+0000] {processor.py:183} INFO - Processing /opt/airflow/dags/minio_to_snowflake.py took 2.780 seconds
[2026-04-03T09:35:45.168+0000] {processor.py:161} INFO - Started process (PID=3967) to work on /opt/airflow/dags/minio_to_snowflake.py
[2026-04-03T09:35:45.171+0000] {processor.py:830} INFO - Processing file /opt/airflow/dags/minio_to_snowflake.py for tasks to queue
[2026-04-03T09:35:45.176+0000] {logging_mixin.py:188} INFO - [2026-04-03T09:35:45.175+0000] {dagbag.py:545} INFO - Filling up the DagBag from /opt/airflow/dags/minio_to_snowflake.py
[2026-04-03T09:35:50.356+0000] {processor.py:840} INFO - DAG(s) 'minio_to_snowflake_pipeline' retrieved from /opt/airflow/dags/minio_to_snowflake.py
[2026-04-03T09:35:50.393+0000] {logging_mixin.py:188} INFO - [2026-04-03T09:35:50.392+0000] {dag.py:3089} INFO - Sync 1 DAGs
[2026-04-03T09:35:50.425+0000] {logging_mixin.py:188} INFO - [2026-04-03T09:35:50.424+0000] {dag.py:3947} INFO - Setting next_dagrun for minio_to_snowflake_pipeline to 2026-04-03 09:30:00+00:00, run_after=2026-04-03 09:40:00+00:00
[2026-04-03T09:35:50.475+0000] {processor.py:183} INFO - Processing /opt/airflow/dags/minio_to_snowflake.py took 5.339 seconds
[2026-04-03T09:36:21.118+0000] {processor.py:161} INFO - Started process (PID=3974) to work on /opt/airflow/dags/minio_to_snowflake.py
[2026-04-03T09:36:21.119+0000] {processor.py:830} INFO - Processing file /opt/airflow/dags/minio_to_snowflake.py for tasks to queue
[2026-04-03T09:36:21.121+0000] {logging_mixin.py:188} INFO - [2026-04-03T09:36:21.120+0000] {dagbag.py:545} INFO - Filling up the DagBag from /opt/airflow/dags/minio_to_snowflake.py
[2026-04-03T09:36:24.635+0000] {processor.py:840} INFO - DAG(s) 'minio_to_snowflake_pipeline' retrieved from /opt/airflow/dags/minio_to_snowflake.py
[2026-04-03T09:36:24.755+0000] {logging_mixin.py:188} INFO - [2026-04-03T09:36:24.754+0000] {dag.py:3089} INFO - Sync 1 DAGs
[2026-04-03T09:36:24.857+0000] {logging_mixin.py:188} INFO - [2026-04-03T09:36:24.855+0000] {dag.py:3947} INFO - Setting next_dagrun for minio_to_snowflake_pipeline to 2026-04-03 09:30:00+00:00, run_after=2026-04-03 09:40:00+00:00
[2026-04-03T09:36:24.994+0000] {processor.py:183} INFO - Processing /opt/airflow/dags/minio_to_snowflake.py took 3.889 seconds
[2026-04-03T09:36:56.123+0000] {processor.py:161} INFO - Started process (PID=3981) to work on /opt/airflow/dags/minio_to_snowflake.py
[2026-04-03T09:36:56.128+0000] {processor.py:830} INFO - Processing file /opt/airflow/dags/minio_to_snowflake.py for tasks to queue
[2026-04-03T09:36:56.137+0000] {logging_mixin.py:188} INFO - [2026-04-03T09:36:56.131+0000] {dagbag.py:545} INFO - Filling up the DagBag from /opt/airflow/dags/minio_to_snowflake.py
[2026-04-03T09:36:58.509+0000] {processor.py:840} INFO - DAG(s) 'minio_to_snowflake_pipeline' retrieved from /opt/airflow/dags/minio_to_snowflake.py
[2026-04-03T09:36:58.548+0000] {logging_mixin.py:188} INFO - [2026-04-03T09:36:58.546+0000] {dag.py:3089} INFO - Sync 1 DAGs
[2026-04-03T09:36:58.575+0000] {logging_mixin.py:188} INFO - [2026-04-03T09:36:58.575+0000] {dag.py:3947} INFO - Setting next_dagrun for minio_to_snowflake_pipeline to 2026-04-03 09:30:00+00:00, run_after=2026-04-03 09:40:00+00:00
[2026-04-03T09:36:58.598+0000] {processor.py:183} INFO - Processing /opt/airflow/dags/minio_to_snowflake.py took 2.519 seconds
[2026-04-03T09:37:28.751+0000] {processor.py:161} INFO - Started process (PID=3988) to work on /opt/airflow/dags/minio_to_snowflake.py
[2026-04-03T09:37:28.753+0000] {processor.py:830} INFO - Processing file /opt/airflow/dags/minio_to_snowflake.py for tasks to queue
[2026-04-03T09:37:28.755+0000] {logging_mixin.py:188} INFO - [2026-04-03T09:37:28.754+0000] {dagbag.py:545} INFO - Filling up the DagBag from /opt/airflow/dags/minio_to_snowflake.py
[2026-04-03T09:37:30.756+0000] {processor.py:840} INFO - DAG(s) 'minio_to_snowflake_pipeline' retrieved from /opt/airflow/dags/minio_to_snowflake.py
[2026-04-03T09:37:30.958+0000] {logging_mixin.py:188} INFO - [2026-04-03T09:37:30.957+0000] {dag.py:3089} INFO - Sync 1 DAGs
[2026-04-03T09:37:31.053+0000] {logging_mixin.py:188} INFO - [2026-04-03T09:37:31.053+0000] {dag.py:3947} INFO - Setting next_dagrun for minio_to_snowflake_pipeline to 2026-04-03 09:30:00+00:00, run_after=2026-04-03 09:40:00+00:00
[2026-04-03T09:37:31.105+0000] {processor.py:183} INFO - Processing /opt/airflow/dags/minio_to_snowflake.py took 2.367 seconds
[2026-04-03T09:38:01.512+0000] {processor.py:161} INFO - Started process (PID=3995) to work on /opt/airflow/dags/minio_to_snowflake.py
[2026-04-03T09:38:01.514+0000] {processor.py:830} INFO - Processing file /opt/airflow/dags/minio_to_snowflake.py for tasks to queue
[2026-04-03T09:38:01.515+0000] {logging_mixin.py:188} INFO - [2026-04-03T09:38:01.515+0000] {dagbag.py:545} INFO - Filling up the DagBag from /opt/airflow/dags/minio_to_snowflake.py
[2026-04-03T09:38:03.548+0000] {processor.py:840} INFO - DAG(s) 'minio_to_snowflake_pipeline' retrieved from /opt/airflow/dags/minio_to_snowflake.py
[2026-04-03T09:38:03.578+0000] {logging_mixin.py:188} INFO - [2026-04-03T09:38:03.578+0000] {dag.py:3089} INFO - Sync 1 DAGs
[2026-04-03T09:38:03.603+0000] {logging_mixin.py:188} INFO - [2026-04-03T09:38:03.603+0000] {dag.py:3947} INFO - Setting next_dagrun for minio_to_snowflake_pipeline to 2026-04-03 09:30:00+00:00, run_after=2026-04-03 09:40:00+00:00
[2026-04-03T09:38:03.633+0000] {processor.py:183} INFO - Processing /opt/airflow/dags/minio_to_snowflake.py took 2.132 seconds
[2026-04-03T09:38:34.290+0000] {processor.py:161} INFO - Started process (PID=4002) to work on /opt/airflow/dags/minio_to_snowflake.py
[2026-04-03T09:38:34.294+0000] {processor.py:830} INFO - Processing file /opt/airflow/dags/minio_to_snowflake.py for tasks to queue
[2026-04-03T09:38:34.300+0000] {logging_mixin.py:188} INFO - [2026-04-03T09:38:34.297+0000] {dagbag.py:545} INFO - Filling up the DagBag from /opt/airflow/dags/minio_to_snowflake.py
[2026-04-03T09:38:36.049+0000] {processor.py:840} INFO - DAG(s) 'minio_to_snowflake_pipeline' retrieved from /opt/airflow/dags/minio_to_snowflake.py
[2026-04-03T09:38:36.104+0000] {logging_mixin.py:188} INFO - [2026-04-03T09:38:36.104+0000] {dag.py:3089} INFO - Sync 1 DAGs
[2026-04-03T09:38:36.148+0000] {logging_mixin.py:188} INFO - [2026-04-03T09:38:36.148+0000] {dag.py:3947} INFO - Setting next_dagrun for minio_to_snowflake_pipeline to 2026-04-03 09:30:00+00:00, run_after=2026-04-03 09:40:00+00:00
[2026-04-03T09:38:36.188+0000] {processor.py:183} INFO - Processing /opt/airflow/dags/minio_to_snowflake.py took 1.923 seconds
[2026-04-03T09:39:06.536+0000] {processor.py:161} INFO - Started process (PID=4009) to work on /opt/airflow/dags/minio_to_snowflake.py
[2026-04-03T09:39:06.538+0000] {processor.py:830} INFO - Processing file /opt/airflow/dags/minio_to_snowflake.py for tasks to queue
[2026-04-03T09:39:06.540+0000] {logging_mixin.py:188} INFO - [2026-04-03T09:39:06.539+0000] {dagbag.py:545} INFO - Filling up the DagBag from /opt/airflow/dags/minio_to_snowflake.py
[2026-04-03T09:39:10.010+0000] {processor.py:840} INFO - DAG(s) 'minio_to_snowflake_pipeline' retrieved from /opt/airflow/dags/minio_to_snowflake.py
[2026-04-03T09:39:10.085+0000] {logging_mixin.py:188} INFO - [2026-04-03T09:39:10.083+0000] {dag.py:3089} INFO - Sync 1 DAGs
[2026-04-03T09:39:10.170+0000] {logging_mixin.py:188} INFO - [2026-04-03T09:39:10.169+0000] {dag.py:3947} INFO - Setting next_dagrun for minio_to_snowflake_pipeline to 2026-04-03 09:30:00+00:00, run_after=2026-04-03 09:40:00+00:00
[2026-04-03T09:39:10.246+0000] {processor.py:183} INFO - Processing /opt/airflow/dags/minio_to_snowflake.py took 3.723 seconds
[2026-04-03T09:39:40.447+0000] {processor.py:161} INFO - Started process (PID=4016) to work on /opt/airflow/dags/minio_to_snowflake.py
[2026-04-03T09:39:40.449+0000] {processor.py:830} INFO - Processing file /opt/airflow/dags/minio_to_snowflake.py for tasks to queue
[2026-04-03T09:39:40.450+0000] {logging_mixin.py:188} INFO - [2026-04-03T09:39:40.450+0000] {dagbag.py:545} INFO - Filling up the DagBag from /opt/airflow/dags/minio_to_snowflake.py
[2026-04-03T09:39:41.635+0000] {processor.py:840} INFO - DAG(s) 'minio_to_snowflake_pipeline' retrieved from /opt/airflow/dags/minio_to_snowflake.py
[2026-04-03T09:39:41.668+0000] {logging_mixin.py:188} INFO - [2026-04-03T09:39:41.668+0000] {dag.py:3089} INFO - Sync 1 DAGs
[2026-04-03T09:39:41.696+0000] {logging_mixin.py:188} INFO - [2026-04-03T09:39:41.696+0000] {dag.py:3947} INFO - Setting next_dagrun for minio_to_snowflake_pipeline to 2026-04-03 09:30:00+00:00, run_after=2026-04-03 09:40:00+00:00
[2026-04-03T09:39:41.722+0000] {processor.py:183} INFO - Processing /opt/airflow/dags/minio_to_snowflake.py took 1.287 seconds
[2026-04-03T09:40:12.434+0000] {processor.py:161} INFO - Started process (PID=4027) to work on /opt/airflow/dags/minio_to_snowflake.py
[2026-04-03T09:40:12.443+0000] {processor.py:830} INFO - Processing file /opt/airflow/dags/minio_to_snowflake.py for tasks to queue
[2026-04-03T09:40:12.448+0000] {logging_mixin.py:188} INFO - [2026-04-03T09:40:12.445+0000] {dagbag.py:545} INFO - Filling up the DagBag from /opt/airflow/dags/minio_to_snowflake.py
[2026-04-03T09:40:15.258+0000] {processor.py:840} INFO - DAG(s) 'minio_to_snowflake_pipeline' retrieved from /opt/airflow/dags/minio_to_snowflake.py
[2026-04-03T09:40:15.295+0000] {logging_mixin.py:188} INFO - [2026-04-03T09:40:15.294+0000] {dag.py:3089} INFO - Sync 1 DAGs
[2026-04-03T09:40:15.375+0000] {logging_mixin.py:188} INFO - [2026-04-03T09:40:15.375+0000] {dag.py:3947} INFO - Setting next_dagrun for minio_to_snowflake_pipeline to 2026-04-03 09:40:00+00:00, run_after=2026-04-03 09:50:00+00:00
[2026-04-03T09:40:15.418+0000] {processor.py:183} INFO - Processing /opt/airflow/dags/minio_to_snowflake.py took 3.029 seconds
[2026-04-03T09:40:45.869+0000] {processor.py:161} INFO - Started process (PID=4034) to work on /opt/airflow/dags/minio_to_snowflake.py
[2026-04-03T09:40:45.870+0000] {processor.py:830} INFO - Processing file /opt/airflow/dags/minio_to_snowflake.py for tasks to queue
[2026-04-03T09:40:45.875+0000] {logging_mixin.py:188} INFO - [2026-04-03T09:40:45.873+0000] {dagbag.py:545} INFO - Filling up the DagBag from /opt/airflow/dags/minio_to_snowflake.py
[2026-04-03T09:40:47.203+0000] {processor.py:840} INFO - DAG(s) 'minio_to_snowflake_pipeline' retrieved from /opt/airflow/dags/minio_to_snowflake.py
[2026-04-03T09:40:47.261+0000] {logging_mixin.py:188} INFO - [2026-04-03T09:40:47.260+0000] {dag.py:3089} INFO - Sync 1 DAGs
[2026-04-03T09:40:47.303+0000] {logging_mixin.py:188} INFO - [2026-04-03T09:40:47.303+0000] {dag.py:3947} INFO - Setting next_dagrun for minio_to_snowflake_pipeline to 2026-04-03 09:40:00+00:00, run_after=2026-04-03 09:50:00+00:00
[2026-04-03T09:40:47.338+0000] {processor.py:183} INFO - Processing /opt/airflow/dags/minio_to_snowflake.py took 1.477 seconds
[2026-04-03T09:41:17.766+0000] {processor.py:161} INFO - Started process (PID=4041) to work on /opt/airflow/dags/minio_to_snowflake.py
[2026-04-03T09:41:17.768+0000] {processor.py:830} INFO - Processing file /opt/airflow/dags/minio_to_snowflake.py for tasks to queue
[2026-04-03T09:41:17.771+0000] {logging_mixin.py:188} INFO - [2026-04-03T09:41:17.770+0000] {dagbag.py:545} INFO - Filling up the DagBag from /opt/airflow/dags/minio_to_snowflake.py
[2026-04-03T09:41:19.259+0000] {processor.py:840} INFO - DAG(s) 'minio_to_snowflake_pipeline' retrieved from /opt/airflow/dags/minio_to_snowflake.py
[2026-04-03T09:41:19.349+0000] {logging_mixin.py:188} INFO - [2026-04-03T09:41:19.348+0000] {dag.py:3089} INFO - Sync 1 DAGs
[2026-04-03T09:41:19.466+0000] {logging_mixin.py:188} INFO - [2026-04-03T09:41:19.465+0000] {dag.py:3947} INFO - Setting next_dagrun for minio_to_snowflake_pipeline to 2026-04-03 09:40:00+00:00, run_after=2026-04-03 09:50:00+00:00
[2026-04-03T09:41:19.560+0000] {processor.py:183} INFO - Processing /opt/airflow/dags/minio_to_snowflake.py took 1.822 seconds
[2026-04-03T09:41:49.970+0000] {processor.py:161} INFO - Started process (PID=4048) to work on /opt/airflow/dags/minio_to_snowflake.py
[2026-04-03T09:41:49.972+0000] {processor.py:830} INFO - Processing file /opt/airflow/dags/minio_to_snowflake.py for tasks to queue
[2026-04-03T09:41:49.973+0000] {logging_mixin.py:188} INFO - [2026-04-03T09:41:49.973+0000] {dagbag.py:545} INFO - Filling up the DagBag from /opt/airflow/dags/minio_to_snowflake.py
[2026-04-03T09:41:51.453+0000] {processor.py:840} INFO - DAG(s) 'minio_to_snowflake_pipeline' retrieved from /opt/airflow/dags/minio_to_snowflake.py
[2026-04-03T09:41:51.495+0000] {logging_mixin.py:188} INFO - [2026-04-03T09:41:51.490+0000] {dag.py:3089} INFO - Sync 1 DAGs
[2026-04-03T09:41:51.533+0000] {logging_mixin.py:188} INFO - [2026-04-03T09:41:51.533+0000] {dag.py:3947} INFO - Setting next_dagrun for minio_to_snowflake_pipeline to 2026-04-03 09:40:00+00:00, run_after=2026-04-03 09:50:00+00:00
[2026-04-03T09:41:51.556+0000] {processor.py:183} INFO - Processing /opt/airflow/dags/minio_to_snowflake.py took 1.601 seconds
[2026-04-03T09:42:21.923+0000] {processor.py:161} INFO - Started process (PID=4055) to work on /opt/airflow/dags/minio_to_snowflake.py
[2026-04-03T09:42:21.927+0000] {processor.py:830} INFO - Processing file /opt/airflow/dags/minio_to_snowflake.py for tasks to queue
[2026-04-03T09:42:21.931+0000] {logging_mixin.py:188} INFO - [2026-04-03T09:42:21.930+0000] {dagbag.py:545} INFO - Filling up the DagBag from /opt/airflow/dags/minio_to_snowflake.py
[2026-04-03T09:42:24.158+0000] {processor.py:840} INFO - DAG(s) 'minio_to_snowflake_pipeline' retrieved from /opt/airflow/dags/minio_to_snowflake.py
[2026-04-03T09:42:24.272+0000] {logging_mixin.py:188} INFO - [2026-04-03T09:42:24.271+0000] {dag.py:3089} INFO - Sync 1 DAGs
[2026-04-03T09:42:24.496+0000] {logging_mixin.py:188} INFO - [2026-04-03T09:42:24.492+0000] {dag.py:3947} INFO - Setting next_dagrun for minio_to_snowflake_pipeline to 2026-04-03 09:40:00+00:00, run_after=2026-04-03 09:50:00+00:00
[2026-04-03T09:42:24.620+0000] {processor.py:183} INFO - Processing /opt/airflow/dags/minio_to_snowflake.py took 2.728 seconds
[2026-04-03T09:42:55.358+0000] {processor.py:161} INFO - Started process (PID=4062) to work on /opt/airflow/dags/minio_to_snowflake.py
[2026-04-03T09:42:55.369+0000] {processor.py:830} INFO - Processing file /opt/airflow/dags/minio_to_snowflake.py for tasks to queue
[2026-04-03T09:42:55.372+0000] {logging_mixin.py:188} INFO - [2026-04-03T09:42:55.371+0000] {dagbag.py:545} INFO - Filling up the DagBag from /opt/airflow/dags/minio_to_snowflake.py
[2026-04-03T09:42:57.664+0000] {processor.py:840} INFO - DAG(s) 'minio_to_snowflake_pipeline' retrieved from /opt/airflow/dags/minio_to_snowflake.py
[2026-04-03T09:42:57.719+0000] {logging_mixin.py:188} INFO - [2026-04-03T09:42:57.718+0000] {dag.py:3089} INFO - Sync 1 DAGs
[2026-04-03T09:42:57.767+0000] {logging_mixin.py:188} INFO - [2026-04-03T09:42:57.767+0000] {dag.py:3947} INFO - Setting next_dagrun for minio_to_snowflake_pipeline to 2026-04-03 09:40:00+00:00, run_after=2026-04-03 09:50:00+00:00
[2026-04-03T09:42:57.804+0000] {processor.py:183} INFO - Processing /opt/airflow/dags/minio_to_snowflake.py took 2.465 seconds
[2026-04-03T09:43:28.175+0000] {processor.py:161} INFO - Started process (PID=4069) to work on /opt/airflow/dags/minio_to_snowflake.py
[2026-04-03T09:43:28.188+0000] {processor.py:830} INFO - Processing file /opt/airflow/dags/minio_to_snowflake.py for tasks to queue
[2026-04-03T09:43:28.203+0000] {logging_mixin.py:188} INFO - [2026-04-03T09:43:28.202+0000] {dagbag.py:545} INFO - Filling up the DagBag from /opt/airflow/dags/minio_to_snowflake.py
[2026-04-03T09:43:33.076+0000] {processor.py:840} INFO - DAG(s) 'minio_to_snowflake_pipeline' retrieved from /opt/airflow/dags/minio_to_snowflake.py
[2026-04-03T09:43:33.319+0000] {logging_mixin.py:188} INFO - [2026-04-03T09:43:33.303+0000] {dag.py:3089} INFO - Sync 1 DAGs
[2026-04-03T09:43:33.561+0000] {logging_mixin.py:188} INFO - [2026-04-03T09:43:33.560+0000] {dag.py:3947} INFO - Setting next_dagrun for minio_to_snowflake_pipeline to 2026-04-03 09:40:00+00:00, run_after=2026-04-03 09:50:00+00:00
[2026-04-03T09:43:33.774+0000] {processor.py:183} INFO - Processing /opt/airflow/dags/minio_to_snowflake.py took 5.626 seconds
[2026-04-03T09:44:04.215+0000] {processor.py:161} INFO - Started process (PID=4076) to work on /opt/airflow/dags/minio_to_snowflake.py
[2026-04-03T09:44:04.235+0000] {processor.py:830} INFO - Processing file /opt/airflow/dags/minio_to_snowflake.py for tasks to queue
[2026-04-03T09:44:04.244+0000] {logging_mixin.py:188} INFO - [2026-04-03T09:44:04.240+0000] {dagbag.py:545} INFO - Filling up the DagBag from /opt/airflow/dags/minio_to_snowflake.py
[2026-04-03T09:44:07.126+0000] {processor.py:840} INFO - DAG(s) 'minio_to_snowflake_pipeline' retrieved from /opt/airflow/dags/minio_to_snowflake.py
[2026-04-03T09:44:07.206+0000] {logging_mixin.py:188} INFO - [2026-04-03T09:44:07.204+0000] {dag.py:3089} INFO - Sync 1 DAGs
[2026-04-03T09:44:07.281+0000] {logging_mixin.py:188} INFO - [2026-04-03T09:44:07.281+0000] {dag.py:3947} INFO - Setting next_dagrun for minio_to_snowflake_pipeline to 2026-04-03 09:40:00+00:00, run_after=2026-04-03 09:50:00+00:00
[2026-04-03T09:44:07.344+0000] {processor.py:183} INFO - Processing /opt/airflow/dags/minio_to_snowflake.py took 3.155 seconds
[2026-04-03T09:44:37.758+0000] {processor.py:161} INFO - Started process (PID=4083) to work on /opt/airflow/dags/minio_to_snowflake.py
[2026-04-03T09:44:37.760+0000] {processor.py:830} INFO - Processing file /opt/airflow/dags/minio_to_snowflake.py for tasks to queue
[2026-04-03T09:44:37.765+0000] {logging_mixin.py:188} INFO - [2026-04-03T09:44:37.764+0000] {dagbag.py:545} INFO - Filling up the DagBag from /opt/airflow/dags/minio_to_snowflake.py
[2026-04-03T09:44:39.968+0000] {processor.py:840} INFO - DAG(s) 'minio_to_snowflake_pipeline' retrieved from /opt/airflow/dags/minio_to_snowflake.py
[2026-04-03T09:44:40.024+0000] {logging_mixin.py:188} INFO - [2026-04-03T09:44:40.022+0000] {dag.py:3089} INFO - Sync 1 DAGs
[2026-04-03T09:44:40.059+0000] {logging_mixin.py:188} INFO - [2026-04-03T09:44:40.059+0000] {dag.py:3947} INFO - Setting next_dagrun for minio_to_snowflake_pipeline to 2026-04-03 09:40:00+00:00, run_after=2026-04-03 09:50:00+00:00
[2026-04-03T09:44:40.098+0000] {processor.py:183} INFO - Processing /opt/airflow/dags/minio_to_snowflake.py took 2.355 seconds
[2026-04-03T09:45:10.350+0000] {processor.py:161} INFO - Started process (PID=4090) to work on /opt/airflow/dags/minio_to_snowflake.py
[2026-04-03T09:45:10.352+0000] {processor.py:830} INFO - Processing file /opt/airflow/dags/minio_to_snowflake.py for tasks to queue
[2026-04-03T09:45:10.356+0000] {logging_mixin.py:188} INFO - [2026-04-03T09:45:10.355+0000] {dagbag.py:545} INFO - Filling up the DagBag from /opt/airflow/dags/minio_to_snowflake.py
[2026-04-03T09:45:12.216+0000] {processor.py:840} INFO - DAG(s) 'minio_to_snowflake_pipeline' retrieved from /opt/airflow/dags/minio_to_snowflake.py
[2026-04-03T09:45:12.261+0000] {logging_mixin.py:188} INFO - [2026-04-03T09:45:12.261+0000] {dag.py:3089} INFO - Sync 1 DAGs
[2026-04-03T09:45:12.298+0000] {logging_mixin.py:188} INFO - [2026-04-03T09:45:12.297+0000] {dag.py:3947} INFO - Setting next_dagrun for minio_to_snowflake_pipeline to 2026-04-03 09:40:00+00:00, run_after=2026-04-03 09:50:00+00:00
[2026-04-03T09:45:12.344+0000] {processor.py:183} INFO - Processing /opt/airflow/dags/minio_to_snowflake.py took 2.010 seconds
[2026-04-03T09:45:42.711+0000] {processor.py:161} INFO - Started process (PID=4097) to work on /opt/airflow/dags/minio_to_snowflake.py
[2026-04-03T09:45:42.713+0000] {processor.py:830} INFO - Processing file /opt/airflow/dags/minio_to_snowflake.py for tasks to queue
[2026-04-03T09:45:42.726+0000] {logging_mixin.py:188} INFO - [2026-04-03T09:45:42.725+0000] {dagbag.py:545} INFO - Filling up the DagBag from /opt/airflow/dags/minio_to_snowflake.py
[2026-04-03T09:45:48.546+0000] {processor.py:840} INFO - DAG(s) 'minio_to_snowflake_pipeline' retrieved from /opt/airflow/dags/minio_to_snowflake.py
[2026-04-03T09:45:48.606+0000] {logging_mixin.py:188} INFO - [2026-04-03T09:45:48.600+0000] {dag.py:3089} INFO - Sync 1 DAGs
[2026-04-03T09:45:48.653+0000] {logging_mixin.py:188} INFO - [2026-04-03T09:45:48.653+0000] {dag.py:3947} INFO - Setting next_dagrun for minio_to_snowflake_pipeline to 2026-04-03 09:40:00+00:00, run_after=2026-04-03 09:50:00+00:00
[2026-04-03T09:45:48.690+0000] {processor.py:183} INFO - Processing /opt/airflow/dags/minio_to_snowflake.py took 6.014 seconds
[2026-04-03T09:46:19.004+0000] {processor.py:161} INFO - Started process (PID=4104) to work on /opt/airflow/dags/minio_to_snowflake.py
[2026-04-03T09:46:19.006+0000] {processor.py:830} INFO - Processing file /opt/airflow/dags/minio_to_snowflake.py for tasks to queue
[2026-04-03T09:46:19.008+0000] {logging_mixin.py:188} INFO - [2026-04-03T09:46:19.007+0000] {dagbag.py:545} INFO - Filling up the DagBag from /opt/airflow/dags/minio_to_snowflake.py
[2026-04-03T09:46:20.110+0000] {processor.py:840} INFO - DAG(s) 'minio_to_snowflake_pipeline' retrieved from /opt/airflow/dags/minio_to_snowflake.py
[2026-04-03T09:46:20.141+0000] {logging_mixin.py:188} INFO - [2026-04-03T09:46:20.141+0000] {dag.py:3089} INFO - Sync 1 DAGs
[2026-04-03T09:46:20.164+0000] {logging_mixin.py:188} INFO - [2026-04-03T09:46:20.163+0000] {dag.py:3947} INFO - Setting next_dagrun for minio_to_snowflake_pipeline to 2026-04-03 09:40:00+00:00, run_after=2026-04-03 09:50:00+00:00
[2026-04-03T09:46:20.188+0000] {processor.py:183} INFO - Processing /opt/airflow/dags/minio_to_snowflake.py took 1.193 seconds
[2026-04-03T09:46:50.344+0000] {processor.py:161} INFO - Started process (PID=4111) to work on /opt/airflow/dags/minio_to_snowflake.py
[2026-04-03T09:46:50.346+0000] {processor.py:830} INFO - Processing file /opt/airflow/dags/minio_to_snowflake.py for tasks to queue
[2026-04-03T09:46:50.347+0000] {logging_mixin.py:188} INFO - [2026-04-03T09:46:50.347+0000] {dagbag.py:545} INFO - Filling up the DagBag from /opt/airflow/dags/minio_to_snowflake.py
[2026-04-03T09:46:51.484+0000] {processor.py:840} INFO - DAG(s) 'minio_to_snowflake_pipeline' retrieved from /opt/airflow/dags/minio_to_snowflake.py
[2026-04-03T09:46:51.516+0000] {logging_mixin.py:188} INFO - [2026-04-03T09:46:51.515+0000] {dag.py:3089} INFO - Sync 1 DAGs
[2026-04-03T09:46:51.541+0000] {logging_mixin.py:188} INFO - [2026-04-03T09:46:51.541+0000] {dag.py:3947} INFO - Setting next_dagrun for minio_to_snowflake_pipeline to 2026-04-03 09:40:00+00:00, run_after=2026-04-03 09:50:00+00:00
[2026-04-03T09:46:51.565+0000] {processor.py:183} INFO - Processing /opt/airflow/dags/minio_to_snowflake.py took 1.229 seconds
[2026-04-03T09:47:21.975+0000] {processor.py:161} INFO - Started process (PID=4118) to work on /opt/airflow/dags/minio_to_snowflake.py
[2026-04-03T09:47:21.977+0000] {processor.py:830} INFO - Processing file /opt/airflow/dags/minio_to_snowflake.py for tasks to queue
[2026-04-03T09:47:21.979+0000] {logging_mixin.py:188} INFO - [2026-04-03T09:47:21.978+0000] {dagbag.py:545} INFO - Filling up the DagBag from /opt/airflow/dags/minio_to_snowflake.py
[2026-04-03T09:47:23.764+0000] {processor.py:840} INFO - DAG(s) 'minio_to_snowflake_pipeline' retrieved from /opt/airflow/dags/minio_to_snowflake.py
[2026-04-03T09:47:23.807+0000] {logging_mixin.py:188} INFO - [2026-04-03T09:47:23.805+0000] {dag.py:3089} INFO - Sync 1 DAGs
[2026-04-03T09:47:23.843+0000] {logging_mixin.py:188} INFO - [2026-04-03T09:47:23.843+0000] {dag.py:3947} INFO - Setting next_dagrun for minio_to_snowflake_pipeline to 2026-04-03 09:40:00+00:00, run_after=2026-04-03 09:50:00+00:00
[2026-04-03T09:47:23.866+0000] {processor.py:183} INFO - Processing /opt/airflow/dags/minio_to_snowflake.py took 1.900 seconds
[2026-04-03T09:47:54.616+0000] {processor.py:161} INFO - Started process (PID=4125) to work on /opt/airflow/dags/minio_to_snowflake.py
[2026-04-03T09:47:54.618+0000] {processor.py:830} INFO - Processing file /opt/airflow/dags/minio_to_snowflake.py for tasks to queue
[2026-04-03T09:47:54.628+0000] {logging_mixin.py:188} INFO - [2026-04-03T09:47:54.624+0000] {dagbag.py:545} INFO - Filling up the DagBag from /opt/airflow/dags/minio_to_snowflake.py
[2026-04-03T09:47:56.072+0000] {processor.py:840} INFO - DAG(s) 'minio_to_snowflake_pipeline' retrieved from /opt/airflow/dags/minio_to_snowflake.py
[2026-04-03T09:47:56.102+0000] {logging_mixin.py:188} INFO - [2026-04-03T09:47:56.101+0000] {dag.py:3089} INFO - Sync 1 DAGs
[2026-04-03T09:47:56.128+0000] {logging_mixin.py:188} INFO - [2026-04-03T09:47:56.128+0000] {dag.py:3947} INFO - Setting next_dagrun for minio_to_snowflake_pipeline to 2026-04-03 09:40:00+00:00, run_after=2026-04-03 09:50:00+00:00
[2026-04-03T09:47:56.153+0000] {processor.py:183} INFO - Processing /opt/airflow/dags/minio_to_snowflake.py took 1.555 seconds
[2026-04-03T09:48:26.410+0000] {processor.py:161} INFO - Started process (PID=4132) to work on /opt/airflow/dags/minio_to_snowflake.py
[2026-04-03T09:48:26.412+0000] {processor.py:830} INFO - Processing file /opt/airflow/dags/minio_to_snowflake.py for tasks to queue
[2026-04-03T09:48:26.414+0000] {logging_mixin.py:188} INFO - [2026-04-03T09:48:26.413+0000] {dagbag.py:545} INFO - Filling up the DagBag from /opt/airflow/dags/minio_to_snowflake.py
[2026-04-03T09:48:27.740+0000] {processor.py:840} INFO - DAG(s) 'minio_to_snowflake_pipeline' retrieved from /opt/airflow/dags/minio_to_snowflake.py
[2026-04-03T09:48:27.777+0000] {logging_mixin.py:188} INFO - [2026-04-03T09:48:27.777+0000] {dag.py:3089} INFO - Sync 1 DAGs
[2026-04-03T09:48:27.804+0000] {logging_mixin.py:188} INFO - [2026-04-03T09:48:27.804+0000] {dag.py:3947} INFO - Setting next_dagrun for minio_to_snowflake_pipeline to 2026-04-03 09:40:00+00:00, run_after=2026-04-03 09:50:00+00:00
[2026-04-03T09:48:27.834+0000] {processor.py:183} INFO - Processing /opt/airflow/dags/minio_to_snowflake.py took 1.435 seconds
[2026-04-03T09:48:58.055+0000] {processor.py:161} INFO - Started process (PID=4139) to work on /opt/airflow/dags/minio_to_snowflake.py
[2026-04-03T09:48:58.056+0000] {processor.py:830} INFO - Processing file /opt/airflow/dags/minio_to_snowflake.py for tasks to queue
[2026-04-03T09:48:58.058+0000] {logging_mixin.py:188} INFO - [2026-04-03T09:48:58.057+0000] {dagbag.py:545} INFO - Filling up the DagBag from /opt/airflow/dags/minio_to_snowflake.py
[2026-04-03T09:48:59.083+0000] {processor.py:840} INFO - DAG(s) 'minio_to_snowflake_pipeline' retrieved from /opt/airflow/dags/minio_to_snowflake.py
[2026-04-03T09:48:59.114+0000] {logging_mixin.py:188} INFO - [2026-04-03T09:48:59.113+0000] {dag.py:3089} INFO - Sync 1 DAGs
[2026-04-03T09:48:59.141+0000] {logging_mixin.py:188} INFO - [2026-04-03T09:48:59.141+0000] {dag.py:3947} INFO - Setting next_dagrun for minio_to_snowflake_pipeline to 2026-04-03 09:40:00+00:00, run_after=2026-04-03 09:50:00+00:00
[2026-04-03T09:48:59.163+0000] {processor.py:183} INFO - Processing /opt/airflow/dags/minio_to_snowflake.py took 1.118 seconds
[2026-04-03T09:49:29.312+0000] {processor.py:161} INFO - Started process (PID=4146) to work on /opt/airflow/dags/minio_to_snowflake.py
[2026-04-03T09:49:29.314+0000] {processor.py:830} INFO - Processing file /opt/airflow/dags/minio_to_snowflake.py for tasks to queue
[2026-04-03T09:49:29.315+0000] {logging_mixin.py:188} INFO - [2026-04-03T09:49:29.315+0000] {dagbag.py:545} INFO - Filling up the DagBag from /opt/airflow/dags/minio_to_snowflake.py
[2026-04-03T09:49:30.307+0000] {processor.py:840} INFO - DAG(s) 'minio_to_snowflake_pipeline' retrieved from /opt/airflow/dags/minio_to_snowflake.py
[2026-04-03T09:49:30.337+0000] {logging_mixin.py:188} INFO - [2026-04-03T09:49:30.337+0000] {dag.py:3089} INFO - Sync 1 DAGs
[2026-04-03T09:49:30.367+0000] {logging_mixin.py:188} INFO - [2026-04-03T09:49:30.366+0000] {dag.py:3947} INFO - Setting next_dagrun for minio_to_snowflake_pipeline to 2026-04-03 09:40:00+00:00, run_after=2026-04-03 09:50:00+00:00
[2026-04-03T09:49:30.391+0000] {processor.py:183} INFO - Processing /opt/airflow/dags/minio_to_snowflake.py took 1.091 seconds
[2026-04-03T09:50:00.592+0000] {processor.py:161} INFO - Started process (PID=4153) to work on /opt/airflow/dags/minio_to_snowflake.py
[2026-04-03T09:50:00.594+0000] {processor.py:830} INFO - Processing file /opt/airflow/dags/minio_to_snowflake.py for tasks to queue
[2026-04-03T09:50:00.595+0000] {logging_mixin.py:188} INFO - [2026-04-03T09:50:00.595+0000] {dagbag.py:545} INFO - Filling up the DagBag from /opt/airflow/dags/minio_to_snowflake.py
[2026-04-03T09:50:02.598+0000] {processor.py:840} INFO - DAG(s) 'minio_to_snowflake_pipeline' retrieved from /opt/airflow/dags/minio_to_snowflake.py
[2026-04-03T09:50:02.723+0000] {logging_mixin.py:188} INFO - [2026-04-03T09:50:02.712+0000] {dag.py:3089} INFO - Sync 1 DAGs
[2026-04-03T09:50:02.857+0000] {processor.py:183} INFO - Processing /opt/airflow/dags/minio_to_snowflake.py took 2.273 seconds
[2026-04-03T09:50:33.015+0000] {processor.py:161} INFO - Started process (PID=4164) to work on /opt/airflow/dags/minio_to_snowflake.py
[2026-04-03T09:50:33.017+0000] {processor.py:830} INFO - Processing file /opt/airflow/dags/minio_to_snowflake.py for tasks to queue
[2026-04-03T09:50:33.019+0000] {logging_mixin.py:188} INFO - [2026-04-03T09:50:33.019+0000] {dagbag.py:545} INFO - Filling up the DagBag from /opt/airflow/dags/minio_to_snowflake.py
[2026-04-03T09:50:34.358+0000] {processor.py:840} INFO - DAG(s) 'minio_to_snowflake_pipeline' retrieved from /opt/airflow/dags/minio_to_snowflake.py
[2026-04-03T09:50:34.405+0000] {logging_mixin.py:188} INFO - [2026-04-03T09:50:34.404+0000] {dag.py:3089} INFO - Sync 1 DAGs
[2026-04-03T09:50:34.436+0000] {logging_mixin.py:188} INFO - [2026-04-03T09:50:34.435+0000] {dag.py:3947} INFO - Setting next_dagrun for minio_to_snowflake_pipeline to 2026-04-03 09:50:00+00:00, run_after=2026-04-03 10:00:00+00:00
[2026-04-03T09:50:34.463+0000] {processor.py:183} INFO - Processing /opt/airflow/dags/minio_to_snowflake.py took 1.457 seconds
[2026-04-03T09:51:04.908+0000] {processor.py:161} INFO - Started process (PID=4171) to work on /opt/airflow/dags/minio_to_snowflake.py
[2026-04-03T09:51:04.911+0000] {processor.py:830} INFO - Processing file /opt/airflow/dags/minio_to_snowflake.py for tasks to queue
[2026-04-03T09:51:04.912+0000] {logging_mixin.py:188} INFO - [2026-04-03T09:51:04.912+0000] {dagbag.py:545} INFO - Filling up the DagBag from /opt/airflow/dags/minio_to_snowflake.py
[2026-04-03T09:51:06.127+0000] {processor.py:840} INFO - DAG(s) 'minio_to_snowflake_pipeline' retrieved from /opt/airflow/dags/minio_to_snowflake.py
[2026-04-03T09:51:06.157+0000] {logging_mixin.py:188} INFO - [2026-04-03T09:51:06.157+0000] {dag.py:3089} INFO - Sync 1 DAGs
[2026-04-03T09:51:06.185+0000] {logging_mixin.py:188} INFO - [2026-04-03T09:51:06.185+0000] {dag.py:3947} INFO - Setting next_dagrun for minio_to_snowflake_pipeline to 2026-04-03 09:50:00+00:00, run_after=2026-04-03 10:00:00+00:00
[2026-04-03T09:51:06.207+0000] {processor.py:183} INFO - Processing /opt/airflow/dags/minio_to_snowflake.py took 1.313 seconds
[2026-04-03T09:51:36.482+0000] {processor.py:161} INFO - Started process (PID=4178) to work on /opt/airflow/dags/minio_to_snowflake.py
[2026-04-03T09:51:36.483+0000] {processor.py:830} INFO - Processing file /opt/airflow/dags/minio_to_snowflake.py for tasks to queue
[2026-04-03T09:51:36.485+0000] {logging_mixin.py:188} INFO - [2026-04-03T09:51:36.485+0000] {dagbag.py:545} INFO - Filling up the DagBag from /opt/airflow/dags/minio_to_snowflake.py
[2026-04-03T09:51:37.698+0000] {processor.py:840} INFO - DAG(s) 'minio_to_snowflake_pipeline' retrieved from /opt/airflow/dags/minio_to_snowflake.py
[2026-04-03T09:51:37.729+0000] {logging_mixin.py:188} INFO - [2026-04-03T09:51:37.728+0000] {dag.py:3089} INFO - Sync 1 DAGs
[2026-04-03T09:51:37.756+0000] {logging_mixin.py:188} INFO - [2026-04-03T09:51:37.756+0000] {dag.py:3947} INFO - Setting next_dagrun for minio_to_snowflake_pipeline to 2026-04-03 09:50:00+00:00, run_after=2026-04-03 10:00:00+00:00
[2026-04-03T09:51:37.793+0000] {processor.py:183} INFO - Processing /opt/airflow/dags/minio_to_snowflake.py took 1.320 seconds
[2026-04-03T09:52:08.142+0000] {processor.py:161} INFO - Started process (PID=4185) to work on /opt/airflow/dags/minio_to_snowflake.py
[2026-04-03T09:52:08.144+0000] {processor.py:830} INFO - Processing file /opt/airflow/dags/minio_to_snowflake.py for tasks to queue
[2026-04-03T09:52:08.146+0000] {logging_mixin.py:188} INFO - [2026-04-03T09:52:08.146+0000] {dagbag.py:545} INFO - Filling up the DagBag from /opt/airflow/dags/minio_to_snowflake.py
[2026-04-03T09:52:09.215+0000] {processor.py:840} INFO - DAG(s) 'minio_to_snowflake_pipeline' retrieved from /opt/airflow/dags/minio_to_snowflake.py
[2026-04-03T09:52:09.245+0000] {logging_mixin.py:188} INFO - [2026-04-03T09:52:09.244+0000] {dag.py:3089} INFO - Sync 1 DAGs
[2026-04-03T09:52:09.280+0000] {logging_mixin.py:188} INFO - [2026-04-03T09:52:09.279+0000] {dag.py:3947} INFO - Setting next_dagrun for minio_to_snowflake_pipeline to 2026-04-03 09:50:00+00:00, run_after=2026-04-03 10:00:00+00:00
[2026-04-03T09:52:09.310+0000] {processor.py:183} INFO - Processing /opt/airflow/dags/minio_to_snowflake.py took 1.179 seconds
[2026-04-03T09:52:39.726+0000] {processor.py:161} INFO - Started process (PID=4192) to work on /opt/airflow/dags/minio_to_snowflake.py
[2026-04-03T09:52:39.728+0000] {processor.py:830} INFO - Processing file /opt/airflow/dags/minio_to_snowflake.py for tasks to queue
[2026-04-03T09:52:39.729+0000] {logging_mixin.py:188} INFO - [2026-04-03T09:52:39.729+0000] {dagbag.py:545} INFO - Filling up the DagBag from /opt/airflow/dags/minio_to_snowflake.py
[2026-04-03T09:52:41.538+0000] {processor.py:840} INFO - DAG(s) 'minio_to_snowflake_pipeline' retrieved from /opt/airflow/dags/minio_to_snowflake.py
[2026-04-03T09:52:41.595+0000] {logging_mixin.py:188} INFO - [2026-04-03T09:52:41.594+0000] {dag.py:3089} INFO - Sync 1 DAGs
[2026-04-03T09:52:41.647+0000] {logging_mixin.py:188} INFO - [2026-04-03T09:52:41.646+0000] {dag.py:3947} INFO - Setting next_dagrun for minio_to_snowflake_pipeline to 2026-04-03 09:50:00+00:00, run_after=2026-04-03 10:00:00+00:00
[2026-04-03T09:52:41.697+0000] {processor.py:183} INFO - Processing /opt/airflow/dags/minio_to_snowflake.py took 1.981 seconds
[2026-04-03T09:53:12.140+0000] {processor.py:161} INFO - Started process (PID=4199) to work on /opt/airflow/dags/minio_to_snowflake.py
[2026-04-03T09:53:12.142+0000] {processor.py:830} INFO - Processing file /opt/airflow/dags/minio_to_snowflake.py for tasks to queue
[2026-04-03T09:53:12.145+0000] {logging_mixin.py:188} INFO - [2026-04-03T09:53:12.144+0000] {dagbag.py:545} INFO - Filling up the DagBag from /opt/airflow/dags/minio_to_snowflake.py
[2026-04-03T09:53:14.016+0000] {processor.py:840} INFO - DAG(s) 'minio_to_snowflake_pipeline' retrieved from /opt/airflow/dags/minio_to_snowflake.py
[2026-04-03T09:53:14.090+0000] {logging_mixin.py:188} INFO - [2026-04-03T09:53:14.089+0000] {dag.py:3089} INFO - Sync 1 DAGs
[2026-04-03T09:53:14.157+0000] {logging_mixin.py:188} INFO - [2026-04-03T09:53:14.157+0000] {dag.py:3947} INFO - Setting next_dagrun for minio_to_snowflake_pipeline to 2026-04-03 09:50:00+00:00, run_after=2026-04-03 10:00:00+00:00
[2026-04-03T09:53:14.193+0000] {processor.py:183} INFO - Processing /opt/airflow/dags/minio_to_snowflake.py took 2.067 seconds
[2026-04-03T09:53:44.678+0000] {processor.py:161} INFO - Started process (PID=4206) to work on /opt/airflow/dags/minio_to_snowflake.py
[2026-04-03T09:53:44.682+0000] {processor.py:830} INFO - Processing file /opt/airflow/dags/minio_to_snowflake.py for tasks to queue
[2026-04-03T09:53:44.690+0000] {logging_mixin.py:188} INFO - [2026-04-03T09:53:44.689+0000] {dagbag.py:545} INFO - Filling up the DagBag from /opt/airflow/dags/minio_to_snowflake.py
[2026-04-03T09:53:45.933+0000] {processor.py:840} INFO - DAG(s) 'minio_to_snowflake_pipeline' retrieved from /opt/airflow/dags/minio_to_snowflake.py
[2026-04-03T09:53:45.961+0000] {logging_mixin.py:188} INFO - [2026-04-03T09:53:45.961+0000] {dag.py:3089} INFO - Sync 1 DAGs
[2026-04-03T09:53:45.993+0000] {logging_mixin.py:188} INFO - [2026-04-03T09:53:45.993+0000] {dag.py:3947} INFO - Setting next_dagrun for minio_to_snowflake_pipeline to 2026-04-03 09:50:00+00:00, run_after=2026-04-03 10:00:00+00:00
[2026-04-03T09:53:46.020+0000] {processor.py:183} INFO - Processing /opt/airflow/dags/minio_to_snowflake.py took 1.359 seconds
[2026-04-03T09:54:16.261+0000] {processor.py:161} INFO - Started process (PID=4213) to work on /opt/airflow/dags/minio_to_snowflake.py
[2026-04-03T09:54:16.262+0000] {processor.py:830} INFO - Processing file /opt/airflow/dags/minio_to_snowflake.py for tasks to queue
[2026-04-03T09:54:16.264+0000] {logging_mixin.py:188} INFO - [2026-04-03T09:54:16.264+0000] {dagbag.py:545} INFO - Filling up the DagBag from /opt/airflow/dags/minio_to_snowflake.py
[2026-04-03T09:54:17.265+0000] {processor.py:840} INFO - DAG(s) 'minio_to_snowflake_pipeline' retrieved from /opt/airflow/dags/minio_to_snowflake.py
[2026-04-03T09:54:17.299+0000] {logging_mixin.py:188} INFO - [2026-04-03T09:54:17.299+0000] {dag.py:3089} INFO - Sync 1 DAGs
[2026-04-03T09:54:17.326+0000] {logging_mixin.py:188} INFO - [2026-04-03T09:54:17.325+0000] {dag.py:3947} INFO - Setting next_dagrun for minio_to_snowflake_pipeline to 2026-04-03 09:50:00+00:00, run_after=2026-04-03 10:00:00+00:00
[2026-04-03T09:54:17.347+0000] {processor.py:183} INFO - Processing /opt/airflow/dags/minio_to_snowflake.py took 1.095 seconds
[2026-04-03T09:54:47.492+0000] {processor.py:161} INFO - Started process (PID=4220) to work on /opt/airflow/dags/minio_to_snowflake.py
[2026-04-03T09:54:47.494+0000] {processor.py:830} INFO - Processing file /opt/airflow/dags/minio_to_snowflake.py for tasks to queue
[2026-04-03T09:54:47.496+0000] {logging_mixin.py:188} INFO - [2026-04-03T09:54:47.495+0000] {dagbag.py:545} INFO - Filling up the DagBag from /opt/airflow/dags/minio_to_snowflake.py
[2026-04-03T09:54:48.668+0000] {processor.py:840} INFO - DAG(s) 'minio_to_snowflake_pipeline' retrieved from /opt/airflow/dags/minio_to_snowflake.py
[2026-04-03T09:54:48.709+0000] {logging_mixin.py:188} INFO - [2026-04-03T09:54:48.708+0000] {dag.py:3089} INFO - Sync 1 DAGs
[2026-04-03T09:54:48.740+0000] {logging_mixin.py:188} INFO - [2026-04-03T09:54:48.739+0000] {dag.py:3947} INFO - Setting next_dagrun for minio_to_snowflake_pipeline to 2026-04-03 09:50:00+00:00, run_after=2026-04-03 10:00:00+00:00
[2026-04-03T09:54:48.770+0000] {processor.py:183} INFO - Processing /opt/airflow/dags/minio_to_snowflake.py took 1.288 seconds
[2026-04-03T09:55:19.045+0000] {processor.py:161} INFO - Started process (PID=4227) to work on /opt/airflow/dags/minio_to_snowflake.py
[2026-04-03T09:55:19.046+0000] {processor.py:830} INFO - Processing file /opt/airflow/dags/minio_to_snowflake.py for tasks to queue
[2026-04-03T09:55:19.048+0000] {logging_mixin.py:188} INFO - [2026-04-03T09:55:19.047+0000] {dagbag.py:545} INFO - Filling up the DagBag from /opt/airflow/dags/minio_to_snowflake.py
[2026-04-03T09:55:20.048+0000] {processor.py:840} INFO - DAG(s) 'minio_to_snowflake_pipeline' retrieved from /opt/airflow/dags/minio_to_snowflake.py
[2026-04-03T09:55:20.080+0000] {logging_mixin.py:188} INFO - [2026-04-03T09:55:20.079+0000] {dag.py:3089} INFO - Sync 1 DAGs
[2026-04-03T09:55:20.103+0000] {logging_mixin.py:188} INFO - [2026-04-03T09:55:20.103+0000] {dag.py:3947} INFO - Setting next_dagrun for minio_to_snowflake_pipeline to 2026-04-03 09:50:00+00:00, run_after=2026-04-03 10:00:00+00:00
[2026-04-03T09:55:20.129+0000] {processor.py:183} INFO - Processing /opt/airflow/dags/minio_to_snowflake.py took 1.092 seconds
[2026-04-03T09:55:50.392+0000] {processor.py:161} INFO - Started process (PID=4234) to work on /opt/airflow/dags/minio_to_snowflake.py
[2026-04-03T09:55:50.394+0000] {processor.py:830} INFO - Processing file /opt/airflow/dags/minio_to_snowflake.py for tasks to queue
[2026-04-03T09:55:50.396+0000] {logging_mixin.py:188} INFO - [2026-04-03T09:55:50.395+0000] {dagbag.py:545} INFO - Filling up the DagBag from /opt/airflow/dags/minio_to_snowflake.py
[2026-04-03T09:55:51.845+0000] {processor.py:840} INFO - DAG(s) 'minio_to_snowflake_pipeline' retrieved from /opt/airflow/dags/minio_to_snowflake.py
[2026-04-03T09:55:51.873+0000] {logging_mixin.py:188} INFO - [2026-04-03T09:55:51.873+0000] {dag.py:3089} INFO - Sync 1 DAGs
[2026-04-03T09:55:51.897+0000] {logging_mixin.py:188} INFO - [2026-04-03T09:55:51.897+0000] {dag.py:3947} INFO - Setting next_dagrun for minio_to_snowflake_pipeline to 2026-04-03 09:50:00+00:00, run_after=2026-04-03 10:00:00+00:00
[2026-04-03T09:55:51.920+0000] {processor.py:183} INFO - Processing /opt/airflow/dags/minio_to_snowflake.py took 1.539 seconds
[2026-04-03T09:56:22.259+0000] {processor.py:161} INFO - Started process (PID=4241) to work on /opt/airflow/dags/minio_to_snowflake.py
[2026-04-03T09:56:22.260+0000] {processor.py:830} INFO - Processing file /opt/airflow/dags/minio_to_snowflake.py for tasks to queue
[2026-04-03T09:56:22.262+0000] {logging_mixin.py:188} INFO - [2026-04-03T09:56:22.261+0000] {dagbag.py:545} INFO - Filling up the DagBag from /opt/airflow/dags/minio_to_snowflake.py
[2026-04-03T09:56:23.264+0000] {processor.py:840} INFO - DAG(s) 'minio_to_snowflake_pipeline' retrieved from /opt/airflow/dags/minio_to_snowflake.py
[2026-04-03T09:56:23.301+0000] {logging_mixin.py:188} INFO - [2026-04-03T09:56:23.300+0000] {dag.py:3089} INFO - Sync 1 DAGs
[2026-04-03T09:56:23.339+0000] {logging_mixin.py:188} INFO - [2026-04-03T09:56:23.339+0000] {dag.py:3947} INFO - Setting next_dagrun for minio_to_snowflake_pipeline to 2026-04-03 09:50:00+00:00, run_after=2026-04-03 10:00:00+00:00
[2026-04-03T09:56:23.382+0000] {processor.py:183} INFO - Processing /opt/airflow/dags/minio_to_snowflake.py took 1.133 seconds
[2026-04-03T09:56:53.774+0000] {processor.py:161} INFO - Started process (PID=4248) to work on /opt/airflow/dags/minio_to_snowflake.py
[2026-04-03T09:56:53.775+0000] {processor.py:830} INFO - Processing file /opt/airflow/dags/minio_to_snowflake.py for tasks to queue
[2026-04-03T09:56:53.777+0000] {logging_mixin.py:188} INFO - [2026-04-03T09:56:53.776+0000] {dagbag.py:545} INFO - Filling up the DagBag from /opt/airflow/dags/minio_to_snowflake.py
[2026-04-03T09:56:54.852+0000] {processor.py:840} INFO - DAG(s) 'minio_to_snowflake_pipeline' retrieved from /opt/airflow/dags/minio_to_snowflake.py
[2026-04-03T09:56:54.930+0000] {logging_mixin.py:188} INFO - [2026-04-03T09:56:54.929+0000] {dag.py:3089} INFO - Sync 1 DAGs
[2026-04-03T09:56:54.980+0000] {logging_mixin.py:188} INFO - [2026-04-03T09:56:54.979+0000] {dag.py:3947} INFO - Setting next_dagrun for minio_to_snowflake_pipeline to 2026-04-03 09:50:00+00:00, run_after=2026-04-03 10:00:00+00:00
[2026-04-03T09:56:55.025+0000] {processor.py:183} INFO - Processing /opt/airflow/dags/minio_to_snowflake.py took 1.259 seconds
[2026-04-03T09:57:25.340+0000] {processor.py:161} INFO - Started process (PID=4255) to work on /opt/airflow/dags/minio_to_snowflake.py
[2026-04-03T09:57:25.342+0000] {processor.py:830} INFO - Processing file /opt/airflow/dags/minio_to_snowflake.py for tasks to queue
[2026-04-03T09:57:25.344+0000] {logging_mixin.py:188} INFO - [2026-04-03T09:57:25.343+0000] {dagbag.py:545} INFO - Filling up the DagBag from /opt/airflow/dags/minio_to_snowflake.py
[2026-04-03T09:57:26.806+0000] {processor.py:840} INFO - DAG(s) 'minio_to_snowflake_pipeline' retrieved from /opt/airflow/dags/minio_to_snowflake.py
[2026-04-03T09:57:26.841+0000] {logging_mixin.py:188} INFO - [2026-04-03T09:57:26.840+0000] {dag.py:3089} INFO - Sync 1 DAGs
[2026-04-03T09:57:26.869+0000] {logging_mixin.py:188} INFO - [2026-04-03T09:57:26.869+0000] {dag.py:3947} INFO - Setting next_dagrun for minio_to_snowflake_pipeline to 2026-04-03 09:50:00+00:00, run_after=2026-04-03 10:00:00+00:00
[2026-04-03T09:57:26.893+0000] {processor.py:183} INFO - Processing /opt/airflow/dags/minio_to_snowflake.py took 1.565 seconds
[2026-04-03T09:57:57.262+0000] {processor.py:161} INFO - Started process (PID=4262) to work on /opt/airflow/dags/minio_to_snowflake.py
[2026-04-03T09:57:57.265+0000] {processor.py:830} INFO - Processing file /opt/airflow/dags/minio_to_snowflake.py for tasks to queue
[2026-04-03T09:57:57.267+0000] {logging_mixin.py:188} INFO - [2026-04-03T09:57:57.266+0000] {dagbag.py:545} INFO - Filling up the DagBag from /opt/airflow/dags/minio_to_snowflake.py
[2026-04-03T09:57:58.426+0000] {processor.py:840} INFO - DAG(s) 'minio_to_snowflake_pipeline' retrieved from /opt/airflow/dags/minio_to_snowflake.py
[2026-04-03T09:57:58.468+0000] {logging_mixin.py:188} INFO - [2026-04-03T09:57:58.467+0000] {dag.py:3089} INFO - Sync 1 DAGs
[2026-04-03T09:57:58.495+0000] {logging_mixin.py:188} INFO - [2026-04-03T09:57:58.494+0000] {dag.py:3947} INFO - Setting next_dagrun for minio_to_snowflake_pipeline to 2026-04-03 09:50:00+00:00, run_after=2026-04-03 10:00:00+00:00
[2026-04-03T09:57:58.530+0000] {processor.py:183} INFO - Processing /opt/airflow/dags/minio_to_snowflake.py took 1.283 seconds
[2026-04-03T09:58:28.724+0000] {processor.py:161} INFO - Started process (PID=4269) to work on /opt/airflow/dags/minio_to_snowflake.py
[2026-04-03T09:58:28.725+0000] {processor.py:830} INFO - Processing file /opt/airflow/dags/minio_to_snowflake.py for tasks to queue
[2026-04-03T09:58:28.727+0000] {logging_mixin.py:188} INFO - [2026-04-03T09:58:28.726+0000] {dagbag.py:545} INFO - Filling up the DagBag from /opt/airflow/dags/minio_to_snowflake.py
[2026-04-03T09:58:29.986+0000] {processor.py:840} INFO - DAG(s) 'minio_to_snowflake_pipeline' retrieved from /opt/airflow/dags/minio_to_snowflake.py
[2026-04-03T09:58:30.060+0000] {logging_mixin.py:188} INFO - [2026-04-03T09:58:30.059+0000] {dag.py:3089} INFO - Sync 1 DAGs
[2026-04-03T09:58:30.091+0000] {logging_mixin.py:188} INFO - [2026-04-03T09:58:30.090+0000] {dag.py:3947} INFO - Setting next_dagrun for minio_to_snowflake_pipeline to 2026-04-03 09:50:00+00:00, run_after=2026-04-03 10:00:00+00:00
[2026-04-03T09:58:30.140+0000] {processor.py:183} INFO - Processing /opt/airflow/dags/minio_to_snowflake.py took 1.433 seconds
[2026-04-03T09:59:00.444+0000] {processor.py:161} INFO - Started process (PID=4276) to work on /opt/airflow/dags/minio_to_snowflake.py
[2026-04-03T09:59:00.446+0000] {processor.py:830} INFO - Processing file /opt/airflow/dags/minio_to_snowflake.py for tasks to queue
[2026-04-03T09:59:00.447+0000] {logging_mixin.py:188} INFO - [2026-04-03T09:59:00.447+0000] {dagbag.py:545} INFO - Filling up the DagBag from /opt/airflow/dags/minio_to_snowflake.py
[2026-04-03T09:59:01.428+0000] {processor.py:840} INFO - DAG(s) 'minio_to_snowflake_pipeline' retrieved from /opt/airflow/dags/minio_to_snowflake.py
[2026-04-03T09:59:01.461+0000] {logging_mixin.py:188} INFO - [2026-04-03T09:59:01.461+0000] {dag.py:3089} INFO - Sync 1 DAGs
[2026-04-03T09:59:01.484+0000] {logging_mixin.py:188} INFO - [2026-04-03T09:59:01.484+0000] {dag.py:3947} INFO - Setting next_dagrun for minio_to_snowflake_pipeline to 2026-04-03 09:50:00+00:00, run_after=2026-04-03 10:00:00+00:00
[2026-04-03T09:59:01.544+0000] {processor.py:183} INFO - Processing /opt/airflow/dags/minio_to_snowflake.py took 1.108 seconds
[2026-04-03T09:59:31.643+0000] {processor.py:161} INFO - Started process (PID=4283) to work on /opt/airflow/dags/minio_to_snowflake.py
[2026-04-03T09:59:31.645+0000] {processor.py:830} INFO - Processing file /opt/airflow/dags/minio_to_snowflake.py for tasks to queue
[2026-04-03T09:59:31.646+0000] {logging_mixin.py:188} INFO - [2026-04-03T09:59:31.646+0000] {dagbag.py:545} INFO - Filling up the DagBag from /opt/airflow/dags/minio_to_snowflake.py
[2026-04-03T09:59:32.922+0000] {processor.py:840} INFO - DAG(s) 'minio_to_snowflake_pipeline' retrieved from /opt/airflow/dags/minio_to_snowflake.py
[2026-04-03T09:59:32.963+0000] {logging_mixin.py:188} INFO - [2026-04-03T09:59:32.963+0000] {dag.py:3089} INFO - Sync 1 DAGs
[2026-04-03T09:59:32.986+0000] {logging_mixin.py:188} INFO - [2026-04-03T09:59:32.985+0000] {dag.py:3947} INFO - Setting next_dagrun for minio_to_snowflake_pipeline to 2026-04-03 09:50:00+00:00, run_after=2026-04-03 10:00:00+00:00
[2026-04-03T09:59:33.009+0000] {processor.py:183} INFO - Processing /opt/airflow/dags/minio_to_snowflake.py took 1.375 seconds
[2026-04-03T10:00:03.209+0000] {processor.py:161} INFO - Started process (PID=4294) to work on /opt/airflow/dags/minio_to_snowflake.py
[2026-04-03T10:00:03.211+0000] {processor.py:830} INFO - Processing file /opt/airflow/dags/minio_to_snowflake.py for tasks to queue
[2026-04-03T10:00:03.213+0000] {logging_mixin.py:188} INFO - [2026-04-03T10:00:03.212+0000] {dagbag.py:545} INFO - Filling up the DagBag from /opt/airflow/dags/minio_to_snowflake.py
[2026-04-03T10:00:04.520+0000] {processor.py:840} INFO - DAG(s) 'minio_to_snowflake_pipeline' retrieved from /opt/airflow/dags/minio_to_snowflake.py
[2026-04-03T10:00:04.559+0000] {logging_mixin.py:188} INFO - [2026-04-03T10:00:04.558+0000] {dag.py:3089} INFO - Sync 1 DAGs
[2026-04-03T10:00:04.586+0000] {logging_mixin.py:188} INFO - [2026-04-03T10:00:04.585+0000] {dag.py:3947} INFO - Setting next_dagrun for minio_to_snowflake_pipeline to 2026-04-03 10:00:00+00:00, run_after=2026-04-03 10:10:00+00:00
[2026-04-03T10:00:04.611+0000] {processor.py:183} INFO - Processing /opt/airflow/dags/minio_to_snowflake.py took 1.414 seconds
[2026-04-03T10:00:35.053+0000] {processor.py:161} INFO - Started process (PID=4301) to work on /opt/airflow/dags/minio_to_snowflake.py
[2026-04-03T10:00:35.063+0000] {processor.py:830} INFO - Processing file /opt/airflow/dags/minio_to_snowflake.py for tasks to queue
[2026-04-03T10:00:35.066+0000] {logging_mixin.py:188} INFO - [2026-04-03T10:00:35.065+0000] {dagbag.py:545} INFO - Filling up the DagBag from /opt/airflow/dags/minio_to_snowflake.py
[2026-04-03T10:00:36.594+0000] {processor.py:840} INFO - DAG(s) 'minio_to_snowflake_pipeline' retrieved from /opt/airflow/dags/minio_to_snowflake.py
[2026-04-03T10:00:36.623+0000] {logging_mixin.py:188} INFO - [2026-04-03T10:00:36.623+0000] {dag.py:3089} INFO - Sync 1 DAGs
[2026-04-03T10:00:36.648+0000] {logging_mixin.py:188} INFO - [2026-04-03T10:00:36.648+0000] {dag.py:3947} INFO - Setting next_dagrun for minio_to_snowflake_pipeline to 2026-04-03 10:00:00+00:00, run_after=2026-04-03 10:10:00+00:00
[2026-04-03T10:00:36.671+0000] {processor.py:183} INFO - Processing /opt/airflow/dags/minio_to_snowflake.py took 1.635 seconds
[2026-04-03T10:01:07.000+0000] {processor.py:161} INFO - Started process (PID=4308) to work on /opt/airflow/dags/minio_to_snowflake.py
[2026-04-03T10:01:07.008+0000] {processor.py:830} INFO - Processing file /opt/airflow/dags/minio_to_snowflake.py for tasks to queue
[2026-04-03T10:01:07.013+0000] {logging_mixin.py:188} INFO - [2026-04-03T10:01:07.012+0000] {dagbag.py:545} INFO - Filling up the DagBag from /opt/airflow/dags/minio_to_snowflake.py
[2026-04-03T10:01:08.631+0000] {processor.py:840} INFO - DAG(s) 'minio_to_snowflake_pipeline' retrieved from /opt/airflow/dags/minio_to_snowflake.py
[2026-04-03T10:01:08.674+0000] {logging_mixin.py:188} INFO - [2026-04-03T10:01:08.673+0000] {dag.py:3089} INFO - Sync 1 DAGs
[2026-04-03T10:01:08.738+0000] {logging_mixin.py:188} INFO - [2026-04-03T10:01:08.737+0000] {dag.py:3947} INFO - Setting next_dagrun for minio_to_snowflake_pipeline to 2026-04-03 10:00:00+00:00, run_after=2026-04-03 10:10:00+00:00
[2026-04-03T10:01:08.777+0000] {processor.py:183} INFO - Processing /opt/airflow/dags/minio_to_snowflake.py took 1.795 seconds
[2026-04-03T10:01:39.470+0000] {processor.py:161} INFO - Started process (PID=4315) to work on /opt/airflow/dags/minio_to_snowflake.py
[2026-04-03T10:01:39.475+0000] {processor.py:830} INFO - Processing file /opt/airflow/dags/minio_to_snowflake.py for tasks to queue
[2026-04-03T10:01:39.476+0000] {logging_mixin.py:188} INFO - [2026-04-03T10:01:39.476+0000] {dagbag.py:545} INFO - Filling up the DagBag from /opt/airflow/dags/minio_to_snowflake.py
[2026-04-03T10:01:40.843+0000] {processor.py:840} INFO - DAG(s) 'minio_to_snowflake_pipeline' retrieved from /opt/airflow/dags/minio_to_snowflake.py
[2026-04-03T10:01:40.884+0000] {logging_mixin.py:188} INFO - [2026-04-03T10:01:40.883+0000] {dag.py:3089} INFO - Sync 1 DAGs
[2026-04-03T10:01:40.917+0000] {logging_mixin.py:188} INFO - [2026-04-03T10:01:40.917+0000] {dag.py:3947} INFO - Setting next_dagrun for minio_to_snowflake_pipeline to 2026-04-03 10:00:00+00:00, run_after=2026-04-03 10:10:00+00:00
[2026-04-03T10:01:40.985+0000] {processor.py:183} INFO - Processing /opt/airflow/dags/minio_to_snowflake.py took 1.530 seconds
[2026-04-03T10:02:11.336+0000] {processor.py:161} INFO - Started process (PID=4322) to work on /opt/airflow/dags/minio_to_snowflake.py
[2026-04-03T10:02:11.340+0000] {processor.py:830} INFO - Processing file /opt/airflow/dags/minio_to_snowflake.py for tasks to queue
[2026-04-03T10:02:11.343+0000] {logging_mixin.py:188} INFO - [2026-04-03T10:02:11.342+0000] {dagbag.py:545} INFO - Filling up the DagBag from /opt/airflow/dags/minio_to_snowflake.py
[2026-04-03T10:02:12.560+0000] {processor.py:840} INFO - DAG(s) 'minio_to_snowflake_pipeline' retrieved from /opt/airflow/dags/minio_to_snowflake.py
[2026-04-03T10:02:12.590+0000] {logging_mixin.py:188} INFO - [2026-04-03T10:02:12.590+0000] {dag.py:3089} INFO - Sync 1 DAGs
[2026-04-03T10:02:12.617+0000] {logging_mixin.py:188} INFO - [2026-04-03T10:02:12.617+0000] {dag.py:3947} INFO - Setting next_dagrun for minio_to_snowflake_pipeline to 2026-04-03 10:00:00+00:00, run_after=2026-04-03 10:10:00+00:00
[2026-04-03T10:02:12.652+0000] {processor.py:183} INFO - Processing /opt/airflow/dags/minio_to_snowflake.py took 1.332 seconds
[2026-04-03T10:02:42.960+0000] {processor.py:161} INFO - Started process (PID=4329) to work on /opt/airflow/dags/minio_to_snowflake.py
[2026-04-03T10:02:42.961+0000] {processor.py:830} INFO - Processing file /opt/airflow/dags/minio_to_snowflake.py for tasks to queue
[2026-04-03T10:02:42.963+0000] {logging_mixin.py:188} INFO - [2026-04-03T10:02:42.962+0000] {dagbag.py:545} INFO - Filling up the DagBag from /opt/airflow/dags/minio_to_snowflake.py
[2026-04-03T10:02:45.306+0000] {processor.py:840} INFO - DAG(s) 'minio_to_snowflake_pipeline' retrieved from /opt/airflow/dags/minio_to_snowflake.py
[2026-04-03T10:02:45.403+0000] {logging_mixin.py:188} INFO - [2026-04-03T10:02:45.401+0000] {dag.py:3089} INFO - Sync 1 DAGs
[2026-04-03T10:02:45.550+0000] {logging_mixin.py:188} INFO - [2026-04-03T10:02:45.549+0000] {dag.py:3947} INFO - Setting next_dagrun for minio_to_snowflake_pipeline to 2026-04-03 10:00:00+00:00, run_after=2026-04-03 10:10:00+00:00
[2026-04-03T10:02:45.683+0000] {processor.py:183} INFO - Processing /opt/airflow/dags/minio_to_snowflake.py took 2.732 seconds
[2026-04-03T10:03:16.163+0000] {processor.py:161} INFO - Started process (PID=4336) to work on /opt/airflow/dags/minio_to_snowflake.py
[2026-04-03T10:03:16.167+0000] {processor.py:830} INFO - Processing file /opt/airflow/dags/minio_to_snowflake.py for tasks to queue
[2026-04-03T10:03:16.172+0000] {logging_mixin.py:188} INFO - [2026-04-03T10:03:16.170+0000] {dagbag.py:545} INFO - Filling up the DagBag from /opt/airflow/dags/minio_to_snowflake.py
[2026-04-03T10:03:19.159+0000] {processor.py:840} INFO - DAG(s) 'minio_to_snowflake_pipeline' retrieved from /opt/airflow/dags/minio_to_snowflake.py
[2026-04-03T10:03:19.218+0000] {logging_mixin.py:188} INFO - [2026-04-03T10:03:19.217+0000] {dag.py:3089} INFO - Sync 1 DAGs
[2026-04-03T10:03:19.278+0000] {logging_mixin.py:188} INFO - [2026-04-03T10:03:19.278+0000] {dag.py:3947} INFO - Setting next_dagrun for minio_to_snowflake_pipeline to 2026-04-03 10:00:00+00:00, run_after=2026-04-03 10:10:00+00:00
[2026-04-03T10:03:19.342+0000] {processor.py:183} INFO - Processing /opt/airflow/dags/minio_to_snowflake.py took 3.194 seconds
[2026-04-03T10:03:49.684+0000] {processor.py:161} INFO - Started process (PID=4343) to work on /opt/airflow/dags/minio_to_snowflake.py
[2026-04-03T10:03:49.686+0000] {processor.py:830} INFO - Processing file /opt/airflow/dags/minio_to_snowflake.py for tasks to queue
[2026-04-03T10:03:49.688+0000] {logging_mixin.py:188} INFO - [2026-04-03T10:03:49.687+0000] {dagbag.py:545} INFO - Filling up the DagBag from /opt/airflow/dags/minio_to_snowflake.py
[2026-04-03T10:03:51.067+0000] {processor.py:840} INFO - DAG(s) 'minio_to_snowflake_pipeline' retrieved from /opt/airflow/dags/minio_to_snowflake.py
[2026-04-03T10:03:51.108+0000] {logging_mixin.py:188} INFO - [2026-04-03T10:03:51.107+0000] {dag.py:3089} INFO - Sync 1 DAGs
[2026-04-03T10:03:51.139+0000] {logging_mixin.py:188} INFO - [2026-04-03T10:03:51.138+0000] {dag.py:3947} INFO - Setting next_dagrun for minio_to_snowflake_pipeline to 2026-04-03 10:00:00+00:00, run_after=2026-04-03 10:10:00+00:00
[2026-04-03T10:03:51.167+0000] {processor.py:183} INFO - Processing /opt/airflow/dags/minio_to_snowflake.py took 1.492 seconds
[2026-04-03T10:04:21.547+0000] {processor.py:161} INFO - Started process (PID=4350) to work on /opt/airflow/dags/minio_to_snowflake.py
[2026-04-03T10:04:21.549+0000] {processor.py:830} INFO - Processing file /opt/airflow/dags/minio_to_snowflake.py for tasks to queue
[2026-04-03T10:04:21.551+0000] {logging_mixin.py:188} INFO - [2026-04-03T10:04:21.550+0000] {dagbag.py:545} INFO - Filling up the DagBag from /opt/airflow/dags/minio_to_snowflake.py
[2026-04-03T10:04:22.724+0000] {processor.py:840} INFO - DAG(s) 'minio_to_snowflake_pipeline' retrieved from /opt/airflow/dags/minio_to_snowflake.py
[2026-04-03T10:04:22.756+0000] {logging_mixin.py:188} INFO - [2026-04-03T10:04:22.756+0000] {dag.py:3089} INFO - Sync 1 DAGs
[2026-04-03T10:04:22.782+0000] {logging_mixin.py:188} INFO - [2026-04-03T10:04:22.781+0000] {dag.py:3947} INFO - Setting next_dagrun for minio_to_snowflake_pipeline to 2026-04-03 10:00:00+00:00, run_after=2026-04-03 10:10:00+00:00
[2026-04-03T10:04:22.808+0000] {processor.py:183} INFO - Processing /opt/airflow/dags/minio_to_snowflake.py took 1.270 seconds
[2026-04-03T10:04:53.178+0000] {processor.py:161} INFO - Started process (PID=4357) to work on /opt/airflow/dags/minio_to_snowflake.py
[2026-04-03T10:04:53.180+0000] {processor.py:830} INFO - Processing file /opt/airflow/dags/minio_to_snowflake.py for tasks to queue
[2026-04-03T10:04:53.181+0000] {logging_mixin.py:188} INFO - [2026-04-03T10:04:53.181+0000] {dagbag.py:545} INFO - Filling up the DagBag from /opt/airflow/dags/minio_to_snowflake.py
[2026-04-03T10:04:54.399+0000] {processor.py:840} INFO - DAG(s) 'minio_to_snowflake_pipeline' retrieved from /opt/airflow/dags/minio_to_snowflake.py
[2026-04-03T10:04:54.433+0000] {logging_mixin.py:188} INFO - [2026-04-03T10:04:54.433+0000] {dag.py:3089} INFO - Sync 1 DAGs
[2026-04-03T10:04:54.459+0000] {logging_mixin.py:188} INFO - [2026-04-03T10:04:54.459+0000] {dag.py:3947} INFO - Setting next_dagrun for minio_to_snowflake_pipeline to 2026-04-03 10:00:00+00:00, run_after=2026-04-03 10:10:00+00:00
[2026-04-03T10:04:54.482+0000] {processor.py:183} INFO - Processing /opt/airflow/dags/minio_to_snowflake.py took 1.313 seconds
[2026-04-03T10:05:24.772+0000] {processor.py:161} INFO - Started process (PID=4364) to work on /opt/airflow/dags/minio_to_snowflake.py
[2026-04-03T10:05:24.774+0000] {processor.py:830} INFO - Processing file /opt/airflow/dags/minio_to_snowflake.py for tasks to queue
[2026-04-03T10:05:24.776+0000] {logging_mixin.py:188} INFO - [2026-04-03T10:05:24.776+0000] {dagbag.py:545} INFO - Filling up the DagBag from /opt/airflow/dags/minio_to_snowflake.py
[2026-04-03T10:05:26.537+0000] {processor.py:840} INFO - DAG(s) 'minio_to_snowflake_pipeline' retrieved from /opt/airflow/dags/minio_to_snowflake.py
[2026-04-03T10:05:26.574+0000] {logging_mixin.py:188} INFO - [2026-04-03T10:05:26.573+0000] {dag.py:3089} INFO - Sync 1 DAGs
[2026-04-03T10:05:26.598+0000] {logging_mixin.py:188} INFO - [2026-04-03T10:05:26.598+0000] {dag.py:3947} INFO - Setting next_dagrun for minio_to_snowflake_pipeline to 2026-04-03 10:00:00+00:00, run_after=2026-04-03 10:10:00+00:00
[2026-04-03T10:05:26.625+0000] {processor.py:183} INFO - Processing /opt/airflow/dags/minio_to_snowflake.py took 1.866 seconds
[2026-04-03T10:05:56.864+0000] {processor.py:161} INFO - Started process (PID=4371) to work on /opt/airflow/dags/minio_to_snowflake.py
[2026-04-03T10:05:56.865+0000] {processor.py:830} INFO - Processing file /opt/airflow/dags/minio_to_snowflake.py for tasks to queue
[2026-04-03T10:05:56.867+0000] {logging_mixin.py:188} INFO - [2026-04-03T10:05:56.866+0000] {dagbag.py:545} INFO - Filling up the DagBag from /opt/airflow/dags/minio_to_snowflake.py
[2026-04-03T10:05:57.996+0000] {processor.py:840} INFO - DAG(s) 'minio_to_snowflake_pipeline' retrieved from /opt/airflow/dags/minio_to_snowflake.py
[2026-04-03T10:05:58.028+0000] {logging_mixin.py:188} INFO - [2026-04-03T10:05:58.027+0000] {dag.py:3089} INFO - Sync 1 DAGs
[2026-04-03T10:05:58.052+0000] {logging_mixin.py:188} INFO - [2026-04-03T10:05:58.052+0000] {dag.py:3947} INFO - Setting next_dagrun for minio_to_snowflake_pipeline to 2026-04-03 10:00:00+00:00, run_after=2026-04-03 10:10:00+00:00
[2026-04-03T10:05:58.078+0000] {processor.py:183} INFO - Processing /opt/airflow/dags/minio_to_snowflake.py took 1.222 seconds
[2026-04-03T10:06:28.375+0000] {processor.py:161} INFO - Started process (PID=4378) to work on /opt/airflow/dags/minio_to_snowflake.py
[2026-04-03T10:06:28.377+0000] {processor.py:830} INFO - Processing file /opt/airflow/dags/minio_to_snowflake.py for tasks to queue
[2026-04-03T10:06:28.379+0000] {logging_mixin.py:188} INFO - [2026-04-03T10:06:28.379+0000] {dagbag.py:545} INFO - Filling up the DagBag from /opt/airflow/dags/minio_to_snowflake.py
[2026-04-03T10:06:29.532+0000] {processor.py:840} INFO - DAG(s) 'minio_to_snowflake_pipeline' retrieved from /opt/airflow/dags/minio_to_snowflake.py
[2026-04-03T10:06:29.565+0000] {logging_mixin.py:188} INFO - [2026-04-03T10:06:29.564+0000] {dag.py:3089} INFO - Sync 1 DAGs
[2026-04-03T10:06:29.593+0000] {logging_mixin.py:188} INFO - [2026-04-03T10:06:29.592+0000] {dag.py:3947} INFO - Setting next_dagrun for minio_to_snowflake_pipeline to 2026-04-03 10:00:00+00:00, run_after=2026-04-03 10:10:00+00:00
[2026-04-03T10:06:29.614+0000] {processor.py:183} INFO - Processing /opt/airflow/dags/minio_to_snowflake.py took 1.252 seconds
[2026-04-03T10:06:59.856+0000] {processor.py:161} INFO - Started process (PID=4385) to work on /opt/airflow/dags/minio_to_snowflake.py
[2026-04-03T10:06:59.857+0000] {processor.py:830} INFO - Processing file /opt/airflow/dags/minio_to_snowflake.py for tasks to queue
[2026-04-03T10:06:59.859+0000] {logging_mixin.py:188} INFO - [2026-04-03T10:06:59.858+0000] {dagbag.py:545} INFO - Filling up the DagBag from /opt/airflow/dags/minio_to_snowflake.py
[2026-04-03T10:07:00.924+0000] {processor.py:840} INFO - DAG(s) 'minio_to_snowflake_pipeline' retrieved from /opt/airflow/dags/minio_to_snowflake.py
[2026-04-03T10:07:00.956+0000] {logging_mixin.py:188} INFO - [2026-04-03T10:07:00.956+0000] {dag.py:3089} INFO - Sync 1 DAGs
[2026-04-03T10:07:00.979+0000] {logging_mixin.py:188} INFO - [2026-04-03T10:07:00.979+0000] {dag.py:3947} INFO - Setting next_dagrun for minio_to_snowflake_pipeline to 2026-04-03 10:00:00+00:00, run_after=2026-04-03 10:10:00+00:00
[2026-04-03T10:07:01.007+0000] {processor.py:183} INFO - Processing /opt/airflow/dags/minio_to_snowflake.py took 1.160 seconds
[2026-04-03T10:07:31.243+0000] {processor.py:161} INFO - Started process (PID=4392) to work on /opt/airflow/dags/minio_to_snowflake.py
[2026-04-03T10:07:31.246+0000] {processor.py:830} INFO - Processing file /opt/airflow/dags/minio_to_snowflake.py for tasks to queue
[2026-04-03T10:07:31.248+0000] {logging_mixin.py:188} INFO - [2026-04-03T10:07:31.247+0000] {dagbag.py:545} INFO - Filling up the DagBag from /opt/airflow/dags/minio_to_snowflake.py
[2026-04-03T10:07:34.262+0000] {processor.py:840} INFO - DAG(s) 'minio_to_snowflake_pipeline' retrieved from /opt/airflow/dags/minio_to_snowflake.py
[2026-04-03T10:07:34.329+0000] {logging_mixin.py:188} INFO - [2026-04-03T10:07:34.327+0000] {dag.py:3089} INFO - Sync 1 DAGs
[2026-04-03T10:07:34.450+0000] {logging_mixin.py:188} INFO - [2026-04-03T10:07:34.450+0000] {dag.py:3947} INFO - Setting next_dagrun for minio_to_snowflake_pipeline to 2026-04-03 10:00:00+00:00, run_after=2026-04-03 10:10:00+00:00
[2026-04-03T10:07:34.517+0000] {processor.py:183} INFO - Processing /opt/airflow/dags/minio_to_snowflake.py took 3.285 seconds
[2026-04-03T10:08:04.868+0000] {processor.py:161} INFO - Started process (PID=4399) to work on /opt/airflow/dags/minio_to_snowflake.py
[2026-04-03T10:08:04.870+0000] {processor.py:830} INFO - Processing file /opt/airflow/dags/minio_to_snowflake.py for tasks to queue
[2026-04-03T10:08:04.876+0000] {logging_mixin.py:188} INFO - [2026-04-03T10:08:04.875+0000] {dagbag.py:545} INFO - Filling up the DagBag from /opt/airflow/dags/minio_to_snowflake.py
[2026-04-03T10:08:07.942+0000] {processor.py:840} INFO - DAG(s) 'minio_to_snowflake_pipeline' retrieved from /opt/airflow/dags/minio_to_snowflake.py
[2026-04-03T10:08:08.031+0000] {logging_mixin.py:188} INFO - [2026-04-03T10:08:08.030+0000] {dag.py:3089} INFO - Sync 1 DAGs
[2026-04-03T10:08:08.078+0000] {logging_mixin.py:188} INFO - [2026-04-03T10:08:08.078+0000] {dag.py:3947} INFO - Setting next_dagrun for minio_to_snowflake_pipeline to 2026-04-03 10:00:00+00:00, run_after=2026-04-03 10:10:00+00:00
[2026-04-03T10:08:08.123+0000] {processor.py:183} INFO - Processing /opt/airflow/dags/minio_to_snowflake.py took 3.270 seconds
[2026-04-03T10:08:38.800+0000] {processor.py:161} INFO - Started process (PID=4406) to work on /opt/airflow/dags/minio_to_snowflake.py
[2026-04-03T10:08:38.802+0000] {processor.py:830} INFO - Processing file /opt/airflow/dags/minio_to_snowflake.py for tasks to queue
[2026-04-03T10:08:38.804+0000] {logging_mixin.py:188} INFO - [2026-04-03T10:08:38.803+0000] {dagbag.py:545} INFO - Filling up the DagBag from /opt/airflow/dags/minio_to_snowflake.py
[2026-04-03T10:08:39.891+0000] {processor.py:840} INFO - DAG(s) 'minio_to_snowflake_pipeline' retrieved from /opt/airflow/dags/minio_to_snowflake.py
[2026-04-03T10:08:39.925+0000] {logging_mixin.py:188} INFO - [2026-04-03T10:08:39.924+0000] {dag.py:3089} INFO - Sync 1 DAGs
[2026-04-03T10:08:39.949+0000] {logging_mixin.py:188} INFO - [2026-04-03T10:08:39.949+0000] {dag.py:3947} INFO - Setting next_dagrun for minio_to_snowflake_pipeline to 2026-04-03 10:00:00+00:00, run_after=2026-04-03 10:10:00+00:00
[2026-04-03T10:08:39.973+0000] {processor.py:183} INFO - Processing /opt/airflow/dags/minio_to_snowflake.py took 1.180 seconds
[2026-04-03T10:09:10.101+0000] {processor.py:161} INFO - Started process (PID=4413) to work on /opt/airflow/dags/minio_to_snowflake.py
[2026-04-03T10:09:10.105+0000] {processor.py:830} INFO - Processing file /opt/airflow/dags/minio_to_snowflake.py for tasks to queue
[2026-04-03T10:09:10.107+0000] {logging_mixin.py:188} INFO - [2026-04-03T10:09:10.107+0000] {dagbag.py:545} INFO - Filling up the DagBag from /opt/airflow/dags/minio_to_snowflake.py
[2026-04-03T10:09:11.424+0000] {processor.py:840} INFO - DAG(s) 'minio_to_snowflake_pipeline' retrieved from /opt/airflow/dags/minio_to_snowflake.py
[2026-04-03T10:09:11.460+0000] {logging_mixin.py:188} INFO - [2026-04-03T10:09:11.460+0000] {dag.py:3089} INFO - Sync 1 DAGs
[2026-04-03T10:09:11.488+0000] {logging_mixin.py:188} INFO - [2026-04-03T10:09:11.487+0000] {dag.py:3947} INFO - Setting next_dagrun for minio_to_snowflake_pipeline to 2026-04-03 10:00:00+00:00, run_after=2026-04-03 10:10:00+00:00
[2026-04-03T10:09:11.514+0000] {processor.py:183} INFO - Processing /opt/airflow/dags/minio_to_snowflake.py took 1.423 seconds
[2026-04-03T10:09:41.843+0000] {processor.py:161} INFO - Started process (PID=4420) to work on /opt/airflow/dags/minio_to_snowflake.py
[2026-04-03T10:09:41.844+0000] {processor.py:830} INFO - Processing file /opt/airflow/dags/minio_to_snowflake.py for tasks to queue
[2026-04-03T10:09:41.846+0000] {logging_mixin.py:188} INFO - [2026-04-03T10:09:41.845+0000] {dagbag.py:545} INFO - Filling up the DagBag from /opt/airflow/dags/minio_to_snowflake.py
[2026-04-03T10:09:43.363+0000] {processor.py:840} INFO - DAG(s) 'minio_to_snowflake_pipeline' retrieved from /opt/airflow/dags/minio_to_snowflake.py
[2026-04-03T10:09:43.401+0000] {logging_mixin.py:188} INFO - [2026-04-03T10:09:43.400+0000] {dag.py:3089} INFO - Sync 1 DAGs
[2026-04-03T10:09:43.444+0000] {logging_mixin.py:188} INFO - [2026-04-03T10:09:43.444+0000] {dag.py:3947} INFO - Setting next_dagrun for minio_to_snowflake_pipeline to 2026-04-03 10:00:00+00:00, run_after=2026-04-03 10:10:00+00:00
[2026-04-03T10:09:43.514+0000] {processor.py:183} INFO - Processing /opt/airflow/dags/minio_to_snowflake.py took 1.681 seconds
[2026-04-03T10:10:13.876+0000] {processor.py:161} INFO - Started process (PID=4431) to work on /opt/airflow/dags/minio_to_snowflake.py
[2026-04-03T10:10:13.881+0000] {processor.py:830} INFO - Processing file /opt/airflow/dags/minio_to_snowflake.py for tasks to queue
[2026-04-03T10:10:13.883+0000] {logging_mixin.py:188} INFO - [2026-04-03T10:10:13.882+0000] {dagbag.py:545} INFO - Filling up the DagBag from /opt/airflow/dags/minio_to_snowflake.py
[2026-04-03T10:10:16.915+0000] {processor.py:840} INFO - DAG(s) 'minio_to_snowflake_pipeline' retrieved from /opt/airflow/dags/minio_to_snowflake.py
[2026-04-03T10:10:17.045+0000] {logging_mixin.py:188} INFO - [2026-04-03T10:10:17.043+0000] {dag.py:3089} INFO - Sync 1 DAGs
[2026-04-03T10:10:17.128+0000] {logging_mixin.py:188} INFO - [2026-04-03T10:10:17.128+0000] {dag.py:3947} INFO - Setting next_dagrun for minio_to_snowflake_pipeline to 2026-04-03 10:10:00+00:00, run_after=2026-04-03 10:20:00+00:00
[2026-04-03T10:10:17.183+0000] {processor.py:183} INFO - Processing /opt/airflow/dags/minio_to_snowflake.py took 3.329 seconds
[2026-04-03T10:10:47.344+0000] {processor.py:161} INFO - Started process (PID=4438) to work on /opt/airflow/dags/minio_to_snowflake.py
[2026-04-03T10:10:47.346+0000] {processor.py:830} INFO - Processing file /opt/airflow/dags/minio_to_snowflake.py for tasks to queue
[2026-04-03T10:10:47.347+0000] {logging_mixin.py:188} INFO - [2026-04-03T10:10:47.347+0000] {dagbag.py:545} INFO - Filling up the DagBag from /opt/airflow/dags/minio_to_snowflake.py
[2026-04-03T10:10:48.661+0000] {processor.py:840} INFO - DAG(s) 'minio_to_snowflake_pipeline' retrieved from /opt/airflow/dags/minio_to_snowflake.py
[2026-04-03T10:10:48.698+0000] {logging_mixin.py:188} INFO - [2026-04-03T10:10:48.698+0000] {dag.py:3089} INFO - Sync 1 DAGs
[2026-04-03T10:10:48.730+0000] {logging_mixin.py:188} INFO - [2026-04-03T10:10:48.729+0000] {dag.py:3947} INFO - Setting next_dagrun for minio_to_snowflake_pipeline to 2026-04-03 10:10:00+00:00, run_after=2026-04-03 10:20:00+00:00
[2026-04-03T10:10:48.758+0000] {processor.py:183} INFO - Processing /opt/airflow/dags/minio_to_snowflake.py took 1.424 seconds
[2026-04-03T10:11:19.710+0000] {processor.py:161} INFO - Started process (PID=4445) to work on /opt/airflow/dags/minio_to_snowflake.py
[2026-04-03T10:11:19.713+0000] {processor.py:830} INFO - Processing file /opt/airflow/dags/minio_to_snowflake.py for tasks to queue
[2026-04-03T10:11:19.729+0000] {logging_mixin.py:188} INFO - [2026-04-03T10:11:19.729+0000] {dagbag.py:545} INFO - Filling up the DagBag from /opt/airflow/dags/minio_to_snowflake.py
[2026-04-03T10:11:22.981+0000] {processor.py:840} INFO - DAG(s) 'minio_to_snowflake_pipeline' retrieved from /opt/airflow/dags/minio_to_snowflake.py
[2026-04-03T10:11:23.079+0000] {logging_mixin.py:188} INFO - [2026-04-03T10:11:23.077+0000] {dag.py:3089} INFO - Sync 1 DAGs
[2026-04-03T10:11:23.132+0000] {logging_mixin.py:188} INFO - [2026-04-03T10:11:23.132+0000] {dag.py:3947} INFO - Setting next_dagrun for minio_to_snowflake_pipeline to 2026-04-03 10:10:00+00:00, run_after=2026-04-03 10:20:00+00:00
[2026-04-03T10:11:23.182+0000] {processor.py:183} INFO - Processing /opt/airflow/dags/minio_to_snowflake.py took 3.505 seconds
[2026-04-03T10:11:53.516+0000] {processor.py:161} INFO - Started process (PID=4452) to work on /opt/airflow/dags/minio_to_snowflake.py
[2026-04-03T10:11:53.517+0000] {processor.py:830} INFO - Processing file /opt/airflow/dags/minio_to_snowflake.py for tasks to queue
[2026-04-03T10:11:53.518+0000] {logging_mixin.py:188} INFO - [2026-04-03T10:11:53.518+0000] {dagbag.py:545} INFO - Filling up the DagBag from /opt/airflow/dags/minio_to_snowflake.py
[2026-04-03T10:11:55.601+0000] {processor.py:840} INFO - DAG(s) 'minio_to_snowflake_pipeline' retrieved from /opt/airflow/dags/minio_to_snowflake.py
[2026-04-03T10:11:55.704+0000] {logging_mixin.py:188} INFO - [2026-04-03T10:11:55.701+0000] {dag.py:3089} INFO - Sync 1 DAGs
[2026-04-03T10:11:55.792+0000] {logging_mixin.py:188} INFO - [2026-04-03T10:11:55.790+0000] {dag.py:3947} INFO - Setting next_dagrun for minio_to_snowflake_pipeline to 2026-04-03 10:10:00+00:00, run_after=2026-04-03 10:20:00+00:00
[2026-04-03T10:11:55.864+0000] {processor.py:183} INFO - Processing /opt/airflow/dags/minio_to_snowflake.py took 2.362 seconds
[2026-04-03T10:12:26.570+0000] {processor.py:161} INFO - Started process (PID=4459) to work on /opt/airflow/dags/minio_to_snowflake.py
[2026-04-03T10:12:26.571+0000] {processor.py:830} INFO - Processing file /opt/airflow/dags/minio_to_snowflake.py for tasks to queue
[2026-04-03T10:12:26.573+0000] {logging_mixin.py:188} INFO - [2026-04-03T10:12:26.572+0000] {dagbag.py:545} INFO - Filling up the DagBag from /opt/airflow/dags/minio_to_snowflake.py
[2026-04-03T10:12:27.843+0000] {processor.py:840} INFO - DAG(s) 'minio_to_snowflake_pipeline' retrieved from /opt/airflow/dags/minio_to_snowflake.py
[2026-04-03T10:12:27.872+0000] {logging_mixin.py:188} INFO - [2026-04-03T10:12:27.871+0000] {dag.py:3089} INFO - Sync 1 DAGs
[2026-04-03T10:12:27.894+0000] {logging_mixin.py:188} INFO - [2026-04-03T10:12:27.893+0000] {dag.py:3947} INFO - Setting next_dagrun for minio_to_snowflake_pipeline to 2026-04-03 10:10:00+00:00, run_after=2026-04-03 10:20:00+00:00
[2026-04-03T10:12:27.915+0000] {processor.py:183} INFO - Processing /opt/airflow/dags/minio_to_snowflake.py took 1.355 seconds
[2026-04-03T10:12:58.054+0000] {processor.py:161} INFO - Started process (PID=4466) to work on /opt/airflow/dags/minio_to_snowflake.py
[2026-04-03T10:12:58.055+0000] {processor.py:830} INFO - Processing file /opt/airflow/dags/minio_to_snowflake.py for tasks to queue
[2026-04-03T10:12:58.057+0000] {logging_mixin.py:188} INFO - [2026-04-03T10:12:58.056+0000] {dagbag.py:545} INFO - Filling up the DagBag from /opt/airflow/dags/minio_to_snowflake.py
[2026-04-03T10:12:59.166+0000] {processor.py:840} INFO - DAG(s) 'minio_to_snowflake_pipeline' retrieved from /opt/airflow/dags/minio_to_snowflake.py
[2026-04-03T10:12:59.202+0000] {logging_mixin.py:188} INFO - [2026-04-03T10:12:59.201+0000] {dag.py:3089} INFO - Sync 1 DAGs
[2026-04-03T10:12:59.230+0000] {logging_mixin.py:188} INFO - [2026-04-03T10:12:59.230+0000] {dag.py:3947} INFO - Setting next_dagrun for minio_to_snowflake_pipeline to 2026-04-03 10:10:00+00:00, run_after=2026-04-03 10:20:00+00:00
[2026-04-03T10:12:59.265+0000] {processor.py:183} INFO - Processing /opt/airflow/dags/minio_to_snowflake.py took 1.222 seconds
[2026-04-03T10:13:29.378+0000] {processor.py:161} INFO - Started process (PID=4473) to work on /opt/airflow/dags/minio_to_snowflake.py
[2026-04-03T10:13:29.379+0000] {processor.py:830} INFO - Processing file /opt/airflow/dags/minio_to_snowflake.py for tasks to queue
[2026-04-03T10:13:29.381+0000] {logging_mixin.py:188} INFO - [2026-04-03T10:13:29.380+0000] {dagbag.py:545} INFO - Filling up the DagBag from /opt/airflow/dags/minio_to_snowflake.py
[2026-04-03T10:13:30.436+0000] {processor.py:840} INFO - DAG(s) 'minio_to_snowflake_pipeline' retrieved from /opt/airflow/dags/minio_to_snowflake.py
[2026-04-03T10:13:30.469+0000] {logging_mixin.py:188} INFO - [2026-04-03T10:13:30.469+0000] {dag.py:3089} INFO - Sync 1 DAGs
[2026-04-03T10:13:30.497+0000] {logging_mixin.py:188} INFO - [2026-04-03T10:13:30.496+0000] {dag.py:3947} INFO - Setting next_dagrun for minio_to_snowflake_pipeline to 2026-04-03 10:10:00+00:00, run_after=2026-04-03 10:20:00+00:00
[2026-04-03T10:13:30.536+0000] {processor.py:183} INFO - Processing /opt/airflow/dags/minio_to_snowflake.py took 1.166 seconds
[2026-04-03T10:14:00.715+0000] {processor.py:161} INFO - Started process (PID=4480) to work on /opt/airflow/dags/minio_to_snowflake.py
[2026-04-03T10:14:00.717+0000] {processor.py:830} INFO - Processing file /opt/airflow/dags/minio_to_snowflake.py for tasks to queue
[2026-04-03T10:14:00.723+0000] {logging_mixin.py:188} INFO - [2026-04-03T10:14:00.722+0000] {dagbag.py:545} INFO - Filling up the DagBag from /opt/airflow/dags/minio_to_snowflake.py
[2026-04-03T10:14:03.367+0000] {processor.py:840} INFO - DAG(s) 'minio_to_snowflake_pipeline' retrieved from /opt/airflow/dags/minio_to_snowflake.py
[2026-04-03T10:14:03.431+0000] {logging_mixin.py:188} INFO - [2026-04-03T10:14:03.430+0000] {dag.py:3089} INFO - Sync 1 DAGs
[2026-04-03T10:14:03.483+0000] {logging_mixin.py:188} INFO - [2026-04-03T10:14:03.482+0000] {dag.py:3947} INFO - Setting next_dagrun for minio_to_snowflake_pipeline to 2026-04-03 10:10:00+00:00, run_after=2026-04-03 10:20:00+00:00
[2026-04-03T10:14:03.525+0000] {processor.py:183} INFO - Processing /opt/airflow/dags/minio_to_snowflake.py took 2.826 seconds
[2026-04-03T10:14:33.975+0000] {processor.py:161} INFO - Started process (PID=4487) to work on /opt/airflow/dags/minio_to_snowflake.py
[2026-04-03T10:14:33.977+0000] {processor.py:830} INFO - Processing file /opt/airflow/dags/minio_to_snowflake.py for tasks to queue
[2026-04-03T10:14:33.978+0000] {logging_mixin.py:188} INFO - [2026-04-03T10:14:33.978+0000] {dagbag.py:545} INFO - Filling up the DagBag from /opt/airflow/dags/minio_to_snowflake.py
[2026-04-03T10:14:35.162+0000] {processor.py:840} INFO - DAG(s) 'minio_to_snowflake_pipeline' retrieved from /opt/airflow/dags/minio_to_snowflake.py
[2026-04-03T10:14:35.193+0000] {logging_mixin.py:188} INFO - [2026-04-03T10:14:35.193+0000] {dag.py:3089} INFO - Sync 1 DAGs
[2026-04-03T10:14:35.216+0000] {logging_mixin.py:188} INFO - [2026-04-03T10:14:35.215+0000] {dag.py:3947} INFO - Setting next_dagrun for minio_to_snowflake_pipeline to 2026-04-03 10:10:00+00:00, run_after=2026-04-03 10:20:00+00:00
[2026-04-03T10:14:35.241+0000] {processor.py:183} INFO - Processing /opt/airflow/dags/minio_to_snowflake.py took 1.275 seconds
[2026-04-03T10:15:05.507+0000] {processor.py:161} INFO - Started process (PID=4494) to work on /opt/airflow/dags/minio_to_snowflake.py
[2026-04-03T10:15:05.508+0000] {processor.py:830} INFO - Processing file /opt/airflow/dags/minio_to_snowflake.py for tasks to queue
[2026-04-03T10:15:05.510+0000] {logging_mixin.py:188} INFO - [2026-04-03T10:15:05.509+0000] {dagbag.py:545} INFO - Filling up the DagBag from /opt/airflow/dags/minio_to_snowflake.py
[2026-04-03T10:15:06.873+0000] {processor.py:840} INFO - DAG(s) 'minio_to_snowflake_pipeline' retrieved from /opt/airflow/dags/minio_to_snowflake.py
[2026-04-03T10:15:06.914+0000] {logging_mixin.py:188} INFO - [2026-04-03T10:15:06.913+0000] {dag.py:3089} INFO - Sync 1 DAGs
[2026-04-03T10:15:06.947+0000] {logging_mixin.py:188} INFO - [2026-04-03T10:15:06.947+0000] {dag.py:3947} INFO - Setting next_dagrun for minio_to_snowflake_pipeline to 2026-04-03 10:10:00+00:00, run_after=2026-04-03 10:20:00+00:00
[2026-04-03T10:15:06.970+0000] {processor.py:183} INFO - Processing /opt/airflow/dags/minio_to_snowflake.py took 1.470 seconds
[2026-04-03T10:15:37.388+0000] {processor.py:161} INFO - Started process (PID=4501) to work on /opt/airflow/dags/minio_to_snowflake.py
[2026-04-03T10:15:37.390+0000] {processor.py:830} INFO - Processing file /opt/airflow/dags/minio_to_snowflake.py for tasks to queue
[2026-04-03T10:15:37.395+0000] {logging_mixin.py:188} INFO - [2026-04-03T10:15:37.393+0000] {dagbag.py:545} INFO - Filling up the DagBag from /opt/airflow/dags/minio_to_snowflake.py
[2026-04-03T10:15:39.308+0000] {processor.py:840} INFO - DAG(s) 'minio_to_snowflake_pipeline' retrieved from /opt/airflow/dags/minio_to_snowflake.py
[2026-04-03T10:15:39.364+0000] {logging_mixin.py:188} INFO - [2026-04-03T10:15:39.363+0000] {dag.py:3089} INFO - Sync 1 DAGs
[2026-04-03T10:15:39.403+0000] {logging_mixin.py:188} INFO - [2026-04-03T10:15:39.403+0000] {dag.py:3947} INFO - Setting next_dagrun for minio_to_snowflake_pipeline to 2026-04-03 10:10:00+00:00, run_after=2026-04-03 10:20:00+00:00
[2026-04-03T10:15:39.433+0000] {processor.py:183} INFO - Processing /opt/airflow/dags/minio_to_snowflake.py took 2.058 seconds
[2026-04-03T10:16:09.699+0000] {processor.py:161} INFO - Started process (PID=4508) to work on /opt/airflow/dags/minio_to_snowflake.py
[2026-04-03T10:16:09.703+0000] {processor.py:830} INFO - Processing file /opt/airflow/dags/minio_to_snowflake.py for tasks to queue
[2026-04-03T10:16:09.706+0000] {logging_mixin.py:188} INFO - [2026-04-03T10:16:09.705+0000] {dagbag.py:545} INFO - Filling up the DagBag from /opt/airflow/dags/minio_to_snowflake.py
[2026-04-03T10:16:11.256+0000] {processor.py:840} INFO - DAG(s) 'minio_to_snowflake_pipeline' retrieved from /opt/airflow/dags/minio_to_snowflake.py
[2026-04-03T10:16:11.308+0000] {logging_mixin.py:188} INFO - [2026-04-03T10:16:11.307+0000] {dag.py:3089} INFO - Sync 1 DAGs
[2026-04-03T10:16:11.349+0000] {logging_mixin.py:188} INFO - [2026-04-03T10:16:11.349+0000] {dag.py:3947} INFO - Setting next_dagrun for minio_to_snowflake_pipeline to 2026-04-03 10:10:00+00:00, run_after=2026-04-03 10:20:00+00:00
[2026-04-03T10:16:11.388+0000] {processor.py:183} INFO - Processing /opt/airflow/dags/minio_to_snowflake.py took 1.705 seconds
[2026-04-03T10:16:41.827+0000] {processor.py:161} INFO - Started process (PID=4515) to work on /opt/airflow/dags/minio_to_snowflake.py
[2026-04-03T10:16:41.829+0000] {processor.py:830} INFO - Processing file /opt/airflow/dags/minio_to_snowflake.py for tasks to queue
[2026-04-03T10:16:41.830+0000] {logging_mixin.py:188} INFO - [2026-04-03T10:16:41.830+0000] {dagbag.py:545} INFO - Filling up the DagBag from /opt/airflow/dags/minio_to_snowflake.py
[2026-04-03T10:16:42.993+0000] {processor.py:840} INFO - DAG(s) 'minio_to_snowflake_pipeline' retrieved from /opt/airflow/dags/minio_to_snowflake.py
[2026-04-03T10:16:43.023+0000] {logging_mixin.py:188} INFO - [2026-04-03T10:16:43.022+0000] {dag.py:3089} INFO - Sync 1 DAGs
[2026-04-03T10:16:43.045+0000] {logging_mixin.py:188} INFO - [2026-04-03T10:16:43.045+0000] {dag.py:3947} INFO - Setting next_dagrun for minio_to_snowflake_pipeline to 2026-04-03 10:10:00+00:00, run_after=2026-04-03 10:20:00+00:00
[2026-04-03T10:16:43.066+0000] {processor.py:183} INFO - Processing /opt/airflow/dags/minio_to_snowflake.py took 1.247 seconds
[2026-04-03T10:17:13.194+0000] {processor.py:161} INFO - Started process (PID=4522) to work on /opt/airflow/dags/minio_to_snowflake.py
[2026-04-03T10:17:13.196+0000] {processor.py:830} INFO - Processing file /opt/airflow/dags/minio_to_snowflake.py for tasks to queue
[2026-04-03T10:17:13.197+0000] {logging_mixin.py:188} INFO - [2026-04-03T10:17:13.197+0000] {dagbag.py:545} INFO - Filling up the DagBag from /opt/airflow/dags/minio_to_snowflake.py
[2026-04-03T10:17:15.249+0000] {processor.py:840} INFO - DAG(s) 'minio_to_snowflake_pipeline' retrieved from /opt/airflow/dags/minio_to_snowflake.py
[2026-04-03T10:17:15.283+0000] {logging_mixin.py:188} INFO - [2026-04-03T10:17:15.282+0000] {dag.py:3089} INFO - Sync 1 DAGs
[2026-04-03T10:17:15.311+0000] {logging_mixin.py:188} INFO - [2026-04-03T10:17:15.311+0000] {dag.py:3947} INFO - Setting next_dagrun for minio_to_snowflake_pipeline to 2026-04-03 10:10:00+00:00, run_after=2026-04-03 10:20:00+00:00
[2026-04-03T10:17:15.338+0000] {processor.py:183} INFO - Processing /opt/airflow/dags/minio_to_snowflake.py took 2.154 seconds
[2026-04-03T10:17:45.789+0000] {processor.py:161} INFO - Started process (PID=4529) to work on /opt/airflow/dags/minio_to_snowflake.py
[2026-04-03T10:17:45.791+0000] {processor.py:830} INFO - Processing file /opt/airflow/dags/minio_to_snowflake.py for tasks to queue
[2026-04-03T10:17:45.793+0000] {logging_mixin.py:188} INFO - [2026-04-03T10:17:45.792+0000] {dagbag.py:545} INFO - Filling up the DagBag from /opt/airflow/dags/minio_to_snowflake.py
[2026-04-03T10:17:47.823+0000] {processor.py:840} INFO - DAG(s) 'minio_to_snowflake_pipeline' retrieved from /opt/airflow/dags/minio_to_snowflake.py
[2026-04-03T10:17:47.862+0000] {logging_mixin.py:188} INFO - [2026-04-03T10:17:47.859+0000] {dag.py:3089} INFO - Sync 1 DAGs
[2026-04-03T10:17:47.895+0000] {logging_mixin.py:188} INFO - [2026-04-03T10:17:47.894+0000] {dag.py:3947} INFO - Setting next_dagrun for minio_to_snowflake_pipeline to 2026-04-03 10:10:00+00:00, run_after=2026-04-03 10:20:00+00:00
[2026-04-03T10:17:47.941+0000] {processor.py:183} INFO - Processing /opt/airflow/dags/minio_to_snowflake.py took 2.167 seconds
[2026-04-03T10:18:18.462+0000] {processor.py:161} INFO - Started process (PID=4536) to work on /opt/airflow/dags/minio_to_snowflake.py
[2026-04-03T10:18:18.464+0000] {processor.py:830} INFO - Processing file /opt/airflow/dags/minio_to_snowflake.py for tasks to queue
[2026-04-03T10:18:18.478+0000] {logging_mixin.py:188} INFO - [2026-04-03T10:18:18.477+0000] {dagbag.py:545} INFO - Filling up the DagBag from /opt/airflow/dags/minio_to_snowflake.py
[2026-04-03T10:18:19.676+0000] {processor.py:840} INFO - DAG(s) 'minio_to_snowflake_pipeline' retrieved from /opt/airflow/dags/minio_to_snowflake.py
[2026-04-03T10:18:19.709+0000] {logging_mixin.py:188} INFO - [2026-04-03T10:18:19.708+0000] {dag.py:3089} INFO - Sync 1 DAGs
[2026-04-03T10:18:19.733+0000] {logging_mixin.py:188} INFO - [2026-04-03T10:18:19.733+0000] {dag.py:3947} INFO - Setting next_dagrun for minio_to_snowflake_pipeline to 2026-04-03 10:10:00+00:00, run_after=2026-04-03 10:20:00+00:00
[2026-04-03T10:18:19.759+0000] {processor.py:183} INFO - Processing /opt/airflow/dags/minio_to_snowflake.py took 1.319 seconds
[2026-04-03T10:18:50.185+0000] {processor.py:161} INFO - Started process (PID=4543) to work on /opt/airflow/dags/minio_to_snowflake.py
[2026-04-03T10:18:50.188+0000] {processor.py:830} INFO - Processing file /opt/airflow/dags/minio_to_snowflake.py for tasks to queue
[2026-04-03T10:18:50.189+0000] {logging_mixin.py:188} INFO - [2026-04-03T10:18:50.189+0000] {dagbag.py:545} INFO - Filling up the DagBag from /opt/airflow/dags/minio_to_snowflake.py
[2026-04-03T10:18:51.953+0000] {processor.py:840} INFO - DAG(s) 'minio_to_snowflake_pipeline' retrieved from /opt/airflow/dags/minio_to_snowflake.py
[2026-04-03T10:18:51.997+0000] {logging_mixin.py:188} INFO - [2026-04-03T10:18:51.996+0000] {dag.py:3089} INFO - Sync 1 DAGs
[2026-04-03T10:18:52.047+0000] {logging_mixin.py:188} INFO - [2026-04-03T10:18:52.047+0000] {dag.py:3947} INFO - Setting next_dagrun for minio_to_snowflake_pipeline to 2026-04-03 10:10:00+00:00, run_after=2026-04-03 10:20:00+00:00
[2026-04-03T10:18:52.121+0000] {processor.py:183} INFO - Processing /opt/airflow/dags/minio_to_snowflake.py took 1.947 seconds
[2026-04-03T10:19:22.407+0000] {processor.py:161} INFO - Started process (PID=4550) to work on /opt/airflow/dags/minio_to_snowflake.py
[2026-04-03T10:19:22.409+0000] {processor.py:830} INFO - Processing file /opt/airflow/dags/minio_to_snowflake.py for tasks to queue
[2026-04-03T10:19:22.410+0000] {logging_mixin.py:188} INFO - [2026-04-03T10:19:22.410+0000] {dagbag.py:545} INFO - Filling up the DagBag from /opt/airflow/dags/minio_to_snowflake.py
[2026-04-03T10:19:23.624+0000] {processor.py:840} INFO - DAG(s) 'minio_to_snowflake_pipeline' retrieved from /opt/airflow/dags/minio_to_snowflake.py
[2026-04-03T10:19:23.656+0000] {logging_mixin.py:188} INFO - [2026-04-03T10:19:23.655+0000] {dag.py:3089} INFO - Sync 1 DAGs
[2026-04-03T10:19:23.682+0000] {logging_mixin.py:188} INFO - [2026-04-03T10:19:23.682+0000] {dag.py:3947} INFO - Setting next_dagrun for minio_to_snowflake_pipeline to 2026-04-03 10:10:00+00:00, run_after=2026-04-03 10:20:00+00:00
[2026-04-03T10:19:23.710+0000] {processor.py:183} INFO - Processing /opt/airflow/dags/minio_to_snowflake.py took 1.312 seconds
[2026-04-03T10:19:53.983+0000] {processor.py:161} INFO - Started process (PID=4557) to work on /opt/airflow/dags/minio_to_snowflake.py
[2026-04-03T10:19:53.985+0000] {processor.py:830} INFO - Processing file /opt/airflow/dags/minio_to_snowflake.py for tasks to queue
[2026-04-03T10:19:53.987+0000] {logging_mixin.py:188} INFO - [2026-04-03T10:19:53.986+0000] {dagbag.py:545} INFO - Filling up the DagBag from /opt/airflow/dags/minio_to_snowflake.py
[2026-04-03T10:19:55.212+0000] {processor.py:840} INFO - DAG(s) 'minio_to_snowflake_pipeline' retrieved from /opt/airflow/dags/minio_to_snowflake.py
[2026-04-03T10:19:55.246+0000] {logging_mixin.py:188} INFO - [2026-04-03T10:19:55.244+0000] {dag.py:3089} INFO - Sync 1 DAGs
[2026-04-03T10:19:55.272+0000] {logging_mixin.py:188} INFO - [2026-04-03T10:19:55.272+0000] {dag.py:3947} INFO - Setting next_dagrun for minio_to_snowflake_pipeline to 2026-04-03 10:10:00+00:00, run_after=2026-04-03 10:20:00+00:00
[2026-04-03T10:19:55.300+0000] {processor.py:183} INFO - Processing /opt/airflow/dags/minio_to_snowflake.py took 1.325 seconds
[2026-04-03T10:20:25.732+0000] {processor.py:161} INFO - Started process (PID=4568) to work on /opt/airflow/dags/minio_to_snowflake.py
[2026-04-03T10:20:25.734+0000] {processor.py:830} INFO - Processing file /opt/airflow/dags/minio_to_snowflake.py for tasks to queue
[2026-04-03T10:20:25.737+0000] {logging_mixin.py:188} INFO - [2026-04-03T10:20:25.736+0000] {dagbag.py:545} INFO - Filling up the DagBag from /opt/airflow/dags/minio_to_snowflake.py
[2026-04-03T10:20:27.272+0000] {processor.py:840} INFO - DAG(s) 'minio_to_snowflake_pipeline' retrieved from /opt/airflow/dags/minio_to_snowflake.py
[2026-04-03T10:20:27.311+0000] {logging_mixin.py:188} INFO - [2026-04-03T10:20:27.310+0000] {dag.py:3089} INFO - Sync 1 DAGs
[2026-04-03T10:20:27.338+0000] {logging_mixin.py:188} INFO - [2026-04-03T10:20:27.338+0000] {dag.py:3947} INFO - Setting next_dagrun for minio_to_snowflake_pipeline to 2026-04-03 10:20:00+00:00, run_after=2026-04-03 10:30:00+00:00
[2026-04-03T10:20:27.364+0000] {processor.py:183} INFO - Processing /opt/airflow/dags/minio_to_snowflake.py took 1.640 seconds
[2026-04-03T10:20:57.525+0000] {processor.py:161} INFO - Started process (PID=4575) to work on /opt/airflow/dags/minio_to_snowflake.py
[2026-04-03T10:20:57.527+0000] {processor.py:830} INFO - Processing file /opt/airflow/dags/minio_to_snowflake.py for tasks to queue
[2026-04-03T10:20:57.528+0000] {logging_mixin.py:188} INFO - [2026-04-03T10:20:57.528+0000] {dagbag.py:545} INFO - Filling up the DagBag from /opt/airflow/dags/minio_to_snowflake.py
[2026-04-03T10:20:58.664+0000] {processor.py:840} INFO - DAG(s) 'minio_to_snowflake_pipeline' retrieved from /opt/airflow/dags/minio_to_snowflake.py
[2026-04-03T10:20:58.696+0000] {logging_mixin.py:188} INFO - [2026-04-03T10:20:58.696+0000] {dag.py:3089} INFO - Sync 1 DAGs
[2026-04-03T10:20:58.721+0000] {logging_mixin.py:188} INFO - [2026-04-03T10:20:58.721+0000] {dag.py:3947} INFO - Setting next_dagrun for minio_to_snowflake_pipeline to 2026-04-03 10:20:00+00:00, run_after=2026-04-03 10:30:00+00:00
[2026-04-03T10:20:58.745+0000] {processor.py:183} INFO - Processing /opt/airflow/dags/minio_to_snowflake.py took 1.234 seconds
[2026-04-03T10:21:28.857+0000] {processor.py:161} INFO - Started process (PID=4582) to work on /opt/airflow/dags/minio_to_snowflake.py
[2026-04-03T10:21:28.859+0000] {processor.py:830} INFO - Processing file /opt/airflow/dags/minio_to_snowflake.py for tasks to queue
[2026-04-03T10:21:28.860+0000] {logging_mixin.py:188} INFO - [2026-04-03T10:21:28.860+0000] {dagbag.py:545} INFO - Filling up the DagBag from /opt/airflow/dags/minio_to_snowflake.py
[2026-04-03T10:21:30.386+0000] {processor.py:840} INFO - DAG(s) 'minio_to_snowflake_pipeline' retrieved from /opt/airflow/dags/minio_to_snowflake.py
[2026-04-03T10:21:30.452+0000] {logging_mixin.py:188} INFO - [2026-04-03T10:21:30.449+0000] {dag.py:3089} INFO - Sync 1 DAGs
[2026-04-03T10:21:30.492+0000] {logging_mixin.py:188} INFO - [2026-04-03T10:21:30.491+0000] {dag.py:3947} INFO - Setting next_dagrun for minio_to_snowflake_pipeline to 2026-04-03 10:20:00+00:00, run_after=2026-04-03 10:30:00+00:00
[2026-04-03T10:21:30.573+0000] {processor.py:183} INFO - Processing /opt/airflow/dags/minio_to_snowflake.py took 1.725 seconds
[2026-04-03T10:22:00.898+0000] {processor.py:161} INFO - Started process (PID=4589) to work on /opt/airflow/dags/minio_to_snowflake.py
[2026-04-03T10:22:00.900+0000] {processor.py:830} INFO - Processing file /opt/airflow/dags/minio_to_snowflake.py for tasks to queue
[2026-04-03T10:22:00.902+0000] {logging_mixin.py:188} INFO - [2026-04-03T10:22:00.901+0000] {dagbag.py:545} INFO - Filling up the DagBag from /opt/airflow/dags/minio_to_snowflake.py
[2026-04-03T10:22:02.015+0000] {processor.py:840} INFO - DAG(s) 'minio_to_snowflake_pipeline' retrieved from /opt/airflow/dags/minio_to_snowflake.py
[2026-04-03T10:22:02.049+0000] {logging_mixin.py:188} INFO - [2026-04-03T10:22:02.047+0000] {dag.py:3089} INFO - Sync 1 DAGs
[2026-04-03T10:22:02.080+0000] {logging_mixin.py:188} INFO - [2026-04-03T10:22:02.079+0000] {dag.py:3947} INFO - Setting next_dagrun for minio_to_snowflake_pipeline to 2026-04-03 10:20:00+00:00, run_after=2026-04-03 10:30:00+00:00
[2026-04-03T10:22:02.107+0000] {processor.py:183} INFO - Processing /opt/airflow/dags/minio_to_snowflake.py took 1.218 seconds
[2026-04-03T10:22:32.191+0000] {processor.py:161} INFO - Started process (PID=4596) to work on /opt/airflow/dags/minio_to_snowflake.py
[2026-04-03T10:22:32.193+0000] {processor.py:830} INFO - Processing file /opt/airflow/dags/minio_to_snowflake.py for tasks to queue
[2026-04-03T10:22:32.194+0000] {logging_mixin.py:188} INFO - [2026-04-03T10:22:32.194+0000] {dagbag.py:545} INFO - Filling up the DagBag from /opt/airflow/dags/minio_to_snowflake.py
[2026-04-03T10:22:33.656+0000] {processor.py:840} INFO - DAG(s) 'minio_to_snowflake_pipeline' retrieved from /opt/airflow/dags/minio_to_snowflake.py
[2026-04-03T10:22:33.687+0000] {logging_mixin.py:188} INFO - [2026-04-03T10:22:33.686+0000] {dag.py:3089} INFO - Sync 1 DAGs
[2026-04-03T10:22:33.711+0000] {logging_mixin.py:188} INFO - [2026-04-03T10:22:33.710+0000] {dag.py:3947} INFO - Setting next_dagrun for minio_to_snowflake_pipeline to 2026-04-03 10:20:00+00:00, run_after=2026-04-03 10:30:00+00:00
[2026-04-03T10:22:33.737+0000] {processor.py:183} INFO - Processing /opt/airflow/dags/minio_to_snowflake.py took 1.557 seconds
[2026-04-03T10:23:04.077+0000] {processor.py:161} INFO - Started process (PID=4603) to work on /opt/airflow/dags/minio_to_snowflake.py
[2026-04-03T10:23:04.079+0000] {processor.py:830} INFO - Processing file /opt/airflow/dags/minio_to_snowflake.py for tasks to queue
[2026-04-03T10:23:04.080+0000] {logging_mixin.py:188} INFO - [2026-04-03T10:23:04.080+0000] {dagbag.py:545} INFO - Filling up the DagBag from /opt/airflow/dags/minio_to_snowflake.py
[2026-04-03T10:23:05.392+0000] {processor.py:840} INFO - DAG(s) 'minio_to_snowflake_pipeline' retrieved from /opt/airflow/dags/minio_to_snowflake.py
[2026-04-03T10:23:05.425+0000] {logging_mixin.py:188} INFO - [2026-04-03T10:23:05.424+0000] {dag.py:3089} INFO - Sync 1 DAGs
[2026-04-03T10:23:05.450+0000] {logging_mixin.py:188} INFO - [2026-04-03T10:23:05.449+0000] {dag.py:3947} INFO - Setting next_dagrun for minio_to_snowflake_pipeline to 2026-04-03 10:20:00+00:00, run_after=2026-04-03 10:30:00+00:00
[2026-04-03T10:23:05.474+0000] {processor.py:183} INFO - Processing /opt/airflow/dags/minio_to_snowflake.py took 1.405 seconds
[2026-04-03T10:23:35.791+0000] {processor.py:161} INFO - Started process (PID=4610) to work on /opt/airflow/dags/minio_to_snowflake.py
[2026-04-03T10:23:35.792+0000] {processor.py:830} INFO - Processing file /opt/airflow/dags/minio_to_snowflake.py for tasks to queue
[2026-04-03T10:23:35.794+0000] {logging_mixin.py:188} INFO - [2026-04-03T10:23:35.793+0000] {dagbag.py:545} INFO - Filling up the DagBag from /opt/airflow/dags/minio_to_snowflake.py
[2026-04-03T10:23:37.248+0000] {processor.py:840} INFO - DAG(s) 'minio_to_snowflake_pipeline' retrieved from /opt/airflow/dags/minio_to_snowflake.py
[2026-04-03T10:23:37.283+0000] {logging_mixin.py:188} INFO - [2026-04-03T10:23:37.282+0000] {dag.py:3089} INFO - Sync 1 DAGs
[2026-04-03T10:23:37.308+0000] {logging_mixin.py:188} INFO - [2026-04-03T10:23:37.308+0000] {dag.py:3947} INFO - Setting next_dagrun for minio_to_snowflake_pipeline to 2026-04-03 10:20:00+00:00, run_after=2026-04-03 10:30:00+00:00
[2026-04-03T10:23:37.340+0000] {processor.py:183} INFO - Processing /opt/airflow/dags/minio_to_snowflake.py took 1.559 seconds
[2026-04-03T10:24:07.621+0000] {processor.py:161} INFO - Started process (PID=4617) to work on /opt/airflow/dags/minio_to_snowflake.py
[2026-04-03T10:24:07.622+0000] {processor.py:830} INFO - Processing file /opt/airflow/dags/minio_to_snowflake.py for tasks to queue
[2026-04-03T10:24:07.624+0000] {logging_mixin.py:188} INFO - [2026-04-03T10:24:07.623+0000] {dagbag.py:545} INFO - Filling up the DagBag from /opt/airflow/dags/minio_to_snowflake.py
[2026-04-03T10:24:09.232+0000] {processor.py:840} INFO - DAG(s) 'minio_to_snowflake_pipeline' retrieved from /opt/airflow/dags/minio_to_snowflake.py
[2026-04-03T10:24:09.279+0000] {logging_mixin.py:188} INFO - [2026-04-03T10:24:09.275+0000] {dag.py:3089} INFO - Sync 1 DAGs
[2026-04-03T10:24:09.325+0000] {logging_mixin.py:188} INFO - [2026-04-03T10:24:09.325+0000] {dag.py:3947} INFO - Setting next_dagrun for minio_to_snowflake_pipeline to 2026-04-03 10:20:00+00:00, run_after=2026-04-03 10:30:00+00:00
[2026-04-03T10:24:09.383+0000] {processor.py:183} INFO - Processing /opt/airflow/dags/minio_to_snowflake.py took 1.772 seconds
[2026-04-03T10:24:39.793+0000] {processor.py:161} INFO - Started process (PID=4624) to work on /opt/airflow/dags/minio_to_snowflake.py
[2026-04-03T10:24:39.795+0000] {processor.py:830} INFO - Processing file /opt/airflow/dags/minio_to_snowflake.py for tasks to queue
[2026-04-03T10:24:39.796+0000] {logging_mixin.py:188} INFO - [2026-04-03T10:24:39.796+0000] {dagbag.py:545} INFO - Filling up the DagBag from /opt/airflow/dags/minio_to_snowflake.py
[2026-04-03T10:24:40.845+0000] {processor.py:840} INFO - DAG(s) 'minio_to_snowflake_pipeline' retrieved from /opt/airflow/dags/minio_to_snowflake.py
[2026-04-03T10:24:40.879+0000] {logging_mixin.py:188} INFO - [2026-04-03T10:24:40.878+0000] {dag.py:3089} INFO - Sync 1 DAGs
[2026-04-03T10:24:40.903+0000] {logging_mixin.py:188} INFO - [2026-04-03T10:24:40.903+0000] {dag.py:3947} INFO - Setting next_dagrun for minio_to_snowflake_pipeline to 2026-04-03 10:20:00+00:00, run_after=2026-04-03 10:30:00+00:00
[2026-04-03T10:24:40.925+0000] {processor.py:183} INFO - Processing /opt/airflow/dags/minio_to_snowflake.py took 1.142 seconds
[2026-04-03T13:25:06.693+0000] {processor.py:161} INFO - Started process (PID=4631) to work on /opt/airflow/dags/minio_to_snowflake.py
[2026-04-03T13:25:06.698+0000] {processor.py:830} INFO - Processing file /opt/airflow/dags/minio_to_snowflake.py for tasks to queue
[2026-04-03T13:25:06.703+0000] {logging_mixin.py:188} INFO - [2026-04-03T13:25:06.702+0000] {dagbag.py:545} INFO - Filling up the DagBag from /opt/airflow/dags/minio_to_snowflake.py
[2026-04-03T13:25:11.231+0000] {processor.py:840} INFO - DAG(s) 'minio_to_snowflake_pipeline' retrieved from /opt/airflow/dags/minio_to_snowflake.py
[2026-04-03T13:25:11.356+0000] {logging_mixin.py:188} INFO - [2026-04-03T13:25:11.353+0000] {dag.py:3089} INFO - Sync 1 DAGs
[2026-04-03T13:46:43.208+0000] {processor.py:183} INFO - Processing /opt/airflow/dags/minio_to_snowflake.py took 15.531 seconds
[2026-04-03T13:47:18.729+0000] {processor.py:161} INFO - Started process (PID=4642) to work on /opt/airflow/dags/minio_to_snowflake.py
[2026-04-03T13:47:18.733+0000] {processor.py:830} INFO - Processing file /opt/airflow/dags/minio_to_snowflake.py for tasks to queue
[2026-04-03T13:47:18.736+0000] {logging_mixin.py:188} INFO - [2026-04-03T13:47:18.735+0000] {dagbag.py:545} INFO - Filling up the DagBag from /opt/airflow/dags/minio_to_snowflake.py
[2026-04-03T13:47:21.314+0000] {processor.py:840} INFO - DAG(s) 'minio_to_snowflake_pipeline' retrieved from /opt/airflow/dags/minio_to_snowflake.py
[2026-04-03T13:47:21.914+0000] {logging_mixin.py:188} INFO - [2026-04-03T13:47:21.913+0000] {dag.py:3089} INFO - Sync 1 DAGs
[2026-04-03T13:47:22.076+0000] {processor.py:183} INFO - Processing /opt/airflow/dags/minio_to_snowflake.py took 3.368 seconds
[2026-04-03T13:47:52.515+0000] {processor.py:161} INFO - Started process (PID=4653) to work on /opt/airflow/dags/minio_to_snowflake.py
[2026-04-03T13:47:52.517+0000] {processor.py:830} INFO - Processing file /opt/airflow/dags/minio_to_snowflake.py for tasks to queue
[2026-04-03T13:47:52.519+0000] {logging_mixin.py:188} INFO - [2026-04-03T13:47:52.518+0000] {dagbag.py:545} INFO - Filling up the DagBag from /opt/airflow/dags/minio_to_snowflake.py
[2026-04-03T13:47:53.601+0000] {processor.py:840} INFO - DAG(s) 'minio_to_snowflake_pipeline' retrieved from /opt/airflow/dags/minio_to_snowflake.py
[2026-04-03T13:47:53.637+0000] {logging_mixin.py:188} INFO - [2026-04-03T13:47:53.637+0000] {dag.py:3089} INFO - Sync 1 DAGs
[2026-04-03T13:47:53.665+0000] {logging_mixin.py:188} INFO - [2026-04-03T13:47:53.664+0000] {dag.py:3947} INFO - Setting next_dagrun for minio_to_snowflake_pipeline to 2026-04-03 13:40:00+00:00, run_after=2026-04-03 13:50:00+00:00
[2026-04-03T13:47:53.689+0000] {processor.py:183} INFO - Processing /opt/airflow/dags/minio_to_snowflake.py took 1.183 seconds
[2026-04-03T13:48:23.989+0000] {processor.py:161} INFO - Started process (PID=4660) to work on /opt/airflow/dags/minio_to_snowflake.py
[2026-04-03T13:48:23.991+0000] {processor.py:830} INFO - Processing file /opt/airflow/dags/minio_to_snowflake.py for tasks to queue
[2026-04-03T13:48:23.993+0000] {logging_mixin.py:188} INFO - [2026-04-03T13:48:23.992+0000] {dagbag.py:545} INFO - Filling up the DagBag from /opt/airflow/dags/minio_to_snowflake.py
[2026-04-03T13:48:25.190+0000] {processor.py:840} INFO - DAG(s) 'minio_to_snowflake_pipeline' retrieved from /opt/airflow/dags/minio_to_snowflake.py
[2026-04-03T13:48:25.228+0000] {logging_mixin.py:188} INFO - [2026-04-03T13:48:25.227+0000] {dag.py:3089} INFO - Sync 1 DAGs
[2026-04-03T13:48:25.271+0000] {logging_mixin.py:188} INFO - [2026-04-03T13:48:25.270+0000] {dag.py:3947} INFO - Setting next_dagrun for minio_to_snowflake_pipeline to 2026-04-03 13:40:00+00:00, run_after=2026-04-03 13:50:00+00:00
[2026-04-03T13:48:25.304+0000] {processor.py:183} INFO - Processing /opt/airflow/dags/minio_to_snowflake.py took 1.329 seconds
[2026-04-03T13:48:55.822+0000] {processor.py:161} INFO - Started process (PID=4667) to work on /opt/airflow/dags/minio_to_snowflake.py
[2026-04-03T13:48:55.824+0000] {processor.py:830} INFO - Processing file /opt/airflow/dags/minio_to_snowflake.py for tasks to queue
[2026-04-03T13:48:55.826+0000] {logging_mixin.py:188} INFO - [2026-04-03T13:48:55.825+0000] {dagbag.py:545} INFO - Filling up the DagBag from /opt/airflow/dags/minio_to_snowflake.py
[2026-04-03T13:48:59.779+0000] {processor.py:840} INFO - DAG(s) 'minio_to_snowflake_pipeline' retrieved from /opt/airflow/dags/minio_to_snowflake.py
[2026-04-03T13:48:59.925+0000] {logging_mixin.py:188} INFO - [2026-04-03T13:48:59.924+0000] {dag.py:3089} INFO - Sync 1 DAGs
[2026-04-03T13:49:00.080+0000] {logging_mixin.py:188} INFO - [2026-04-03T13:49:00.079+0000] {dag.py:3947} INFO - Setting next_dagrun for minio_to_snowflake_pipeline to 2026-04-03 13:40:00+00:00, run_after=2026-04-03 13:50:00+00:00
[2026-04-03T13:49:00.212+0000] {processor.py:183} INFO - Processing /opt/airflow/dags/minio_to_snowflake.py took 4.408 seconds
[2026-04-03T13:49:30.567+0000] {processor.py:161} INFO - Started process (PID=4674) to work on /opt/airflow/dags/minio_to_snowflake.py
[2026-04-03T13:49:30.571+0000] {processor.py:830} INFO - Processing file /opt/airflow/dags/minio_to_snowflake.py for tasks to queue
[2026-04-03T13:49:30.574+0000] {logging_mixin.py:188} INFO - [2026-04-03T13:49:30.574+0000] {dagbag.py:545} INFO - Filling up the DagBag from /opt/airflow/dags/minio_to_snowflake.py
[2026-04-03T13:49:33.396+0000] {processor.py:840} INFO - DAG(s) 'minio_to_snowflake_pipeline' retrieved from /opt/airflow/dags/minio_to_snowflake.py
[2026-04-03T13:49:33.487+0000] {logging_mixin.py:188} INFO - [2026-04-03T13:49:33.486+0000] {dag.py:3089} INFO - Sync 1 DAGs
[2026-04-03T13:49:33.572+0000] {logging_mixin.py:188} INFO - [2026-04-03T13:49:33.571+0000] {dag.py:3947} INFO - Setting next_dagrun for minio_to_snowflake_pipeline to 2026-04-03 13:40:00+00:00, run_after=2026-04-03 13:50:00+00:00
[2026-04-03T13:49:33.705+0000] {processor.py:183} INFO - Processing /opt/airflow/dags/minio_to_snowflake.py took 3.162 seconds
[2026-04-03T13:50:04.468+0000] {processor.py:161} INFO - Started process (PID=4685) to work on /opt/airflow/dags/minio_to_snowflake.py
[2026-04-03T13:50:04.470+0000] {processor.py:830} INFO - Processing file /opt/airflow/dags/minio_to_snowflake.py for tasks to queue
[2026-04-03T13:50:04.472+0000] {logging_mixin.py:188} INFO - [2026-04-03T13:50:04.471+0000] {dagbag.py:545} INFO - Filling up the DagBag from /opt/airflow/dags/minio_to_snowflake.py
[2026-04-03T13:50:05.640+0000] {processor.py:840} INFO - DAG(s) 'minio_to_snowflake_pipeline' retrieved from /opt/airflow/dags/minio_to_snowflake.py
[2026-04-03T13:50:05.689+0000] {logging_mixin.py:188} INFO - [2026-04-03T13:50:05.688+0000] {dag.py:3089} INFO - Sync 1 DAGs
[2026-04-03T13:50:05.726+0000] {logging_mixin.py:188} INFO - [2026-04-03T13:50:05.726+0000] {dag.py:3947} INFO - Setting next_dagrun for minio_to_snowflake_pipeline to 2026-04-03 13:50:00+00:00, run_after=2026-04-03 14:00:00+00:00
[2026-04-03T13:50:05.756+0000] {processor.py:183} INFO - Processing /opt/airflow/dags/minio_to_snowflake.py took 1.306 seconds
[2026-04-03T13:50:36.030+0000] {processor.py:161} INFO - Started process (PID=4692) to work on /opt/airflow/dags/minio_to_snowflake.py
[2026-04-03T13:50:36.032+0000] {processor.py:830} INFO - Processing file /opt/airflow/dags/minio_to_snowflake.py for tasks to queue
[2026-04-03T13:50:36.034+0000] {logging_mixin.py:188} INFO - [2026-04-03T13:50:36.033+0000] {dagbag.py:545} INFO - Filling up the DagBag from /opt/airflow/dags/minio_to_snowflake.py
[2026-04-03T13:50:37.380+0000] {processor.py:840} INFO - DAG(s) 'minio_to_snowflake_pipeline' retrieved from /opt/airflow/dags/minio_to_snowflake.py
[2026-04-03T13:50:37.443+0000] {logging_mixin.py:188} INFO - [2026-04-03T13:50:37.442+0000] {dag.py:3089} INFO - Sync 1 DAGs
[2026-04-03T13:50:37.483+0000] {logging_mixin.py:188} INFO - [2026-04-03T13:50:37.483+0000] {dag.py:3947} INFO - Setting next_dagrun for minio_to_snowflake_pipeline to 2026-04-03 13:50:00+00:00, run_after=2026-04-03 14:00:00+00:00
[2026-04-03T13:50:37.538+0000] {processor.py:183} INFO - Processing /opt/airflow/dags/minio_to_snowflake.py took 1.517 seconds
[2026-04-03T13:51:08.333+0000] {processor.py:161} INFO - Started process (PID=4699) to work on /opt/airflow/dags/minio_to_snowflake.py
[2026-04-03T13:51:08.337+0000] {processor.py:830} INFO - Processing file /opt/airflow/dags/minio_to_snowflake.py for tasks to queue
[2026-04-03T13:51:08.339+0000] {logging_mixin.py:188} INFO - [2026-04-03T13:51:08.338+0000] {dagbag.py:545} INFO - Filling up the DagBag from /opt/airflow/dags/minio_to_snowflake.py
[2026-04-03T13:51:10.517+0000] {processor.py:840} INFO - DAG(s) 'minio_to_snowflake_pipeline' retrieved from /opt/airflow/dags/minio_to_snowflake.py
[2026-04-03T13:51:10.570+0000] {logging_mixin.py:188} INFO - [2026-04-03T13:51:10.569+0000] {dag.py:3089} INFO - Sync 1 DAGs
[2026-04-03T13:51:10.608+0000] {logging_mixin.py:188} INFO - [2026-04-03T13:51:10.608+0000] {dag.py:3947} INFO - Setting next_dagrun for minio_to_snowflake_pipeline to 2026-04-03 13:50:00+00:00, run_after=2026-04-03 14:00:00+00:00
[2026-04-03T13:51:10.639+0000] {processor.py:183} INFO - Processing /opt/airflow/dags/minio_to_snowflake.py took 2.338 seconds
[2026-04-03T13:51:40.817+0000] {processor.py:161} INFO - Started process (PID=4706) to work on /opt/airflow/dags/minio_to_snowflake.py
[2026-04-03T13:51:40.820+0000] {processor.py:830} INFO - Processing file /opt/airflow/dags/minio_to_snowflake.py for tasks to queue
[2026-04-03T13:51:40.853+0000] {logging_mixin.py:188} INFO - [2026-04-03T13:51:40.822+0000] {dagbag.py:545} INFO - Filling up the DagBag from /opt/airflow/dags/minio_to_snowflake.py
[2026-04-03T13:51:45.840+0000] {processor.py:840} INFO - DAG(s) 'minio_to_snowflake_pipeline' retrieved from /opt/airflow/dags/minio_to_snowflake.py
[2026-04-03T13:51:46.237+0000] {logging_mixin.py:188} INFO - [2026-04-03T13:51:46.236+0000] {dag.py:3089} INFO - Sync 1 DAGs
[2026-04-03T13:51:46.371+0000] {logging_mixin.py:188} INFO - [2026-04-03T13:51:46.371+0000] {dag.py:3947} INFO - Setting next_dagrun for minio_to_snowflake_pipeline to 2026-04-03 13:50:00+00:00, run_after=2026-04-03 14:00:00+00:00
[2026-04-03T13:51:46.472+0000] {processor.py:183} INFO - Processing /opt/airflow/dags/minio_to_snowflake.py took 5.677 seconds
[2026-04-03T13:52:17.053+0000] {processor.py:161} INFO - Started process (PID=4713) to work on /opt/airflow/dags/minio_to_snowflake.py
[2026-04-03T13:52:17.061+0000] {processor.py:830} INFO - Processing file /opt/airflow/dags/minio_to_snowflake.py for tasks to queue
[2026-04-03T13:52:17.064+0000] {logging_mixin.py:188} INFO - [2026-04-03T13:52:17.063+0000] {dagbag.py:545} INFO - Filling up the DagBag from /opt/airflow/dags/minio_to_snowflake.py
[2026-04-03T13:52:18.643+0000] {processor.py:840} INFO - DAG(s) 'minio_to_snowflake_pipeline' retrieved from /opt/airflow/dags/minio_to_snowflake.py
[2026-04-03T13:52:18.712+0000] {logging_mixin.py:188} INFO - [2026-04-03T13:52:18.701+0000] {dag.py:3089} INFO - Sync 1 DAGs
[2026-04-03T13:52:18.754+0000] {logging_mixin.py:188} INFO - [2026-04-03T13:52:18.754+0000] {dag.py:3947} INFO - Setting next_dagrun for minio_to_snowflake_pipeline to 2026-04-03 13:50:00+00:00, run_after=2026-04-03 14:00:00+00:00
[2026-04-03T13:52:18.787+0000] {processor.py:183} INFO - Processing /opt/airflow/dags/minio_to_snowflake.py took 1.760 seconds
[2026-04-03T13:52:51.326+0000] {processor.py:161} INFO - Started process (PID=4720) to work on /opt/airflow/dags/minio_to_snowflake.py
[2026-04-03T13:52:51.329+0000] {processor.py:830} INFO - Processing file /opt/airflow/dags/minio_to_snowflake.py for tasks to queue
[2026-04-03T13:52:51.341+0000] {logging_mixin.py:188} INFO - [2026-04-03T13:52:51.331+0000] {dagbag.py:545} INFO - Filling up the DagBag from /opt/airflow/dags/minio_to_snowflake.py
[2026-04-03T13:52:58.763+0000] {processor.py:840} INFO - DAG(s) 'minio_to_snowflake_pipeline' retrieved from /opt/airflow/dags/minio_to_snowflake.py
[2026-04-03T13:52:58.987+0000] {logging_mixin.py:188} INFO - [2026-04-03T13:52:58.986+0000] {dag.py:3089} INFO - Sync 1 DAGs
[2026-04-03T13:52:59.142+0000] {logging_mixin.py:188} INFO - [2026-04-03T13:52:59.142+0000] {dag.py:3947} INFO - Setting next_dagrun for minio_to_snowflake_pipeline to 2026-04-03 13:50:00+00:00, run_after=2026-04-03 14:00:00+00:00
[2026-04-03T13:52:59.253+0000] {processor.py:183} INFO - Processing /opt/airflow/dags/minio_to_snowflake.py took 7.985 seconds
[2026-04-03T13:53:29.991+0000] {processor.py:161} INFO - Started process (PID=4727) to work on /opt/airflow/dags/minio_to_snowflake.py
[2026-04-03T13:53:30.005+0000] {processor.py:830} INFO - Processing file /opt/airflow/dags/minio_to_snowflake.py for tasks to queue
[2026-04-03T13:53:30.047+0000] {logging_mixin.py:188} INFO - [2026-04-03T13:53:30.027+0000] {dagbag.py:545} INFO - Filling up the DagBag from /opt/airflow/dags/minio_to_snowflake.py
[2026-04-03T13:53:35.043+0000] {processor.py:840} INFO - DAG(s) 'minio_to_snowflake_pipeline' retrieved from /opt/airflow/dags/minio_to_snowflake.py
[2026-04-03T13:53:35.315+0000] {logging_mixin.py:188} INFO - [2026-04-03T13:53:35.303+0000] {dag.py:3089} INFO - Sync 1 DAGs
[2026-04-03T13:53:35.872+0000] {logging_mixin.py:188} INFO - [2026-04-03T13:53:35.872+0000] {dag.py:3947} INFO - Setting next_dagrun for minio_to_snowflake_pipeline to 2026-04-03 13:50:00+00:00, run_after=2026-04-03 14:00:00+00:00
[2026-04-03T13:53:35.990+0000] {processor.py:183} INFO - Processing /opt/airflow/dags/minio_to_snowflake.py took 6.225 seconds
[2026-04-03T13:54:07.785+0000] {processor.py:161} INFO - Started process (PID=4734) to work on /opt/airflow/dags/minio_to_snowflake.py
[2026-04-03T13:54:07.802+0000] {processor.py:830} INFO - Processing file /opt/airflow/dags/minio_to_snowflake.py for tasks to queue
[2026-04-03T13:54:07.845+0000] {logging_mixin.py:188} INFO - [2026-04-03T13:54:07.836+0000] {dagbag.py:545} INFO - Filling up the DagBag from /opt/airflow/dags/minio_to_snowflake.py
[2026-04-03T13:54:24.771+0000] {processor.py:840} INFO - DAG(s) 'minio_to_snowflake_pipeline' retrieved from /opt/airflow/dags/minio_to_snowflake.py
[2026-04-03T13:54:25.330+0000] {logging_mixin.py:188} INFO - [2026-04-03T13:54:25.328+0000] {dag.py:3089} INFO - Sync 1 DAGs
[2026-04-03T13:54:25.563+0000] {logging_mixin.py:188} INFO - [2026-04-03T13:54:25.562+0000] {dag.py:3947} INFO - Setting next_dagrun for minio_to_snowflake_pipeline to 2026-04-03 13:50:00+00:00, run_after=2026-04-03 14:00:00+00:00
[2026-04-03T13:54:25.696+0000] {processor.py:183} INFO - Processing /opt/airflow/dags/minio_to_snowflake.py took 17.910 seconds
[2026-04-03T13:54:57.068+0000] {processor.py:161} INFO - Started process (PID=4741) to work on /opt/airflow/dags/minio_to_snowflake.py
[2026-04-03T13:54:57.076+0000] {processor.py:830} INFO - Processing file /opt/airflow/dags/minio_to_snowflake.py for tasks to queue
[2026-04-03T13:54:57.089+0000] {logging_mixin.py:188} INFO - [2026-04-03T13:54:57.084+0000] {dagbag.py:545} INFO - Filling up the DagBag from /opt/airflow/dags/minio_to_snowflake.py
[2026-04-03T13:55:06.390+0000] {processor.py:840} INFO - DAG(s) 'minio_to_snowflake_pipeline' retrieved from /opt/airflow/dags/minio_to_snowflake.py
[2026-04-03T13:55:07.645+0000] {logging_mixin.py:188} INFO - [2026-04-03T13:55:07.643+0000] {dag.py:3089} INFO - Sync 1 DAGs
[2026-04-03T13:55:07.940+0000] {logging_mixin.py:188} INFO - [2026-04-03T13:55:07.939+0000] {dag.py:3947} INFO - Setting next_dagrun for minio_to_snowflake_pipeline to 2026-04-03 13:50:00+00:00, run_after=2026-04-03 14:00:00+00:00
[2026-04-03T13:55:08.102+0000] {processor.py:183} INFO - Processing /opt/airflow/dags/minio_to_snowflake.py took 11.138 seconds
[2026-04-03T13:55:41.998+0000] {processor.py:161} INFO - Started process (PID=4748) to work on /opt/airflow/dags/minio_to_snowflake.py
[2026-04-03T13:55:42.005+0000] {processor.py:830} INFO - Processing file /opt/airflow/dags/minio_to_snowflake.py for tasks to queue
[2026-04-03T13:55:42.095+0000] {logging_mixin.py:188} INFO - [2026-04-03T13:55:42.043+0000] {dagbag.py:545} INFO - Filling up the DagBag from /opt/airflow/dags/minio_to_snowflake.py
[2026-04-03T13:55:55.369+0000] {processor.py:840} INFO - DAG(s) 'minio_to_snowflake_pipeline' retrieved from /opt/airflow/dags/minio_to_snowflake.py
[2026-04-03T13:55:55.550+0000] {logging_mixin.py:188} INFO - [2026-04-03T13:55:55.549+0000] {dag.py:3089} INFO - Sync 1 DAGs
[2026-04-03T13:55:55.686+0000] {logging_mixin.py:188} INFO - [2026-04-03T13:55:55.685+0000] {dag.py:3947} INFO - Setting next_dagrun for minio_to_snowflake_pipeline to 2026-04-03 13:50:00+00:00, run_after=2026-04-03 14:00:00+00:00
[2026-04-03T13:55:55.781+0000] {processor.py:183} INFO - Processing /opt/airflow/dags/minio_to_snowflake.py took 14.098 seconds
[2026-04-03T13:56:31.429+0000] {processor.py:161} INFO - Started process (PID=4755) to work on /opt/airflow/dags/minio_to_snowflake.py
[2026-04-03T13:56:31.483+0000] {processor.py:830} INFO - Processing file /opt/airflow/dags/minio_to_snowflake.py for tasks to queue
[2026-04-03T13:56:31.554+0000] {logging_mixin.py:188} INFO - [2026-04-03T13:56:31.537+0000] {dagbag.py:545} INFO - Filling up the DagBag from /opt/airflow/dags/minio_to_snowflake.py
[2026-04-03T13:57:01.714+0000] {logging_mixin.py:188} INFO - [2026-04-03T13:57:01.678+0000] {timeout.py:68} ERROR - Process timed out, PID: 4755
[2026-04-03T13:57:34.574+0000] {processor.py:161} INFO - Started process (PID=4761) to work on /opt/airflow/dags/minio_to_snowflake.py
[2026-04-03T13:57:34.584+0000] {processor.py:830} INFO - Processing file /opt/airflow/dags/minio_to_snowflake.py for tasks to queue
[2026-04-03T13:57:34.627+0000] {logging_mixin.py:188} INFO - [2026-04-03T13:57:34.603+0000] {dagbag.py:545} INFO - Filling up the DagBag from /opt/airflow/dags/minio_to_snowflake.py
[2026-04-03T13:57:44.203+0000] {processor.py:840} INFO - DAG(s) 'minio_to_snowflake_pipeline' retrieved from /opt/airflow/dags/minio_to_snowflake.py
[2026-04-03T13:57:44.590+0000] {logging_mixin.py:188} INFO - [2026-04-03T13:57:44.589+0000] {dag.py:3089} INFO - Sync 1 DAGs
[2026-04-03T13:57:44.833+0000] {logging_mixin.py:188} INFO - [2026-04-03T13:57:44.832+0000] {dag.py:3947} INFO - Setting next_dagrun for minio_to_snowflake_pipeline to 2026-04-03 13:50:00+00:00, run_after=2026-04-03 14:00:00+00:00
[2026-04-03T13:57:44.982+0000] {processor.py:183} INFO - Processing /opt/airflow/dags/minio_to_snowflake.py took 10.652 seconds
[2026-04-03T13:58:15.758+0000] {processor.py:161} INFO - Started process (PID=4768) to work on /opt/airflow/dags/minio_to_snowflake.py
[2026-04-03T13:58:15.764+0000] {processor.py:830} INFO - Processing file /opt/airflow/dags/minio_to_snowflake.py for tasks to queue
[2026-04-03T13:58:15.781+0000] {logging_mixin.py:188} INFO - [2026-04-03T13:58:15.770+0000] {dagbag.py:545} INFO - Filling up the DagBag from /opt/airflow/dags/minio_to_snowflake.py
[2026-04-03T13:58:24.118+0000] {processor.py:840} INFO - DAG(s) 'minio_to_snowflake_pipeline' retrieved from /opt/airflow/dags/minio_to_snowflake.py
[2026-04-03T13:58:24.565+0000] {logging_mixin.py:188} INFO - [2026-04-03T13:58:24.559+0000] {dag.py:3089} INFO - Sync 1 DAGs
[2026-04-03T13:58:25.032+0000] {logging_mixin.py:188} INFO - [2026-04-03T13:58:25.032+0000] {dag.py:3947} INFO - Setting next_dagrun for minio_to_snowflake_pipeline to 2026-04-03 13:50:00+00:00, run_after=2026-04-03 14:00:00+00:00
[2026-04-03T13:58:25.182+0000] {processor.py:183} INFO - Processing /opt/airflow/dags/minio_to_snowflake.py took 9.520 seconds
[2026-04-03T13:58:57.445+0000] {processor.py:161} INFO - Started process (PID=4775) to work on /opt/airflow/dags/minio_to_snowflake.py
[2026-04-03T13:58:57.463+0000] {processor.py:830} INFO - Processing file /opt/airflow/dags/minio_to_snowflake.py for tasks to queue
[2026-04-03T13:58:57.490+0000] {logging_mixin.py:188} INFO - [2026-04-03T13:58:57.477+0000] {dagbag.py:545} INFO - Filling up the DagBag from /opt/airflow/dags/minio_to_snowflake.py
[2026-04-03T13:59:08.065+0000] {processor.py:840} INFO - DAG(s) 'minio_to_snowflake_pipeline' retrieved from /opt/airflow/dags/minio_to_snowflake.py
[2026-04-03T13:59:08.479+0000] {logging_mixin.py:188} INFO - [2026-04-03T13:59:08.477+0000] {dag.py:3089} INFO - Sync 1 DAGs
[2026-04-03T13:59:08.795+0000] {logging_mixin.py:188} INFO - [2026-04-03T13:59:08.785+0000] {dag.py:3947} INFO - Setting next_dagrun for minio_to_snowflake_pipeline to 2026-04-03 13:50:00+00:00, run_after=2026-04-03 14:00:00+00:00
[2026-04-03T13:59:08.898+0000] {processor.py:183} INFO - Processing /opt/airflow/dags/minio_to_snowflake.py took 12.108 seconds
[2026-04-03T13:59:41.083+0000] {processor.py:161} INFO - Started process (PID=4782) to work on /opt/airflow/dags/minio_to_snowflake.py
[2026-04-03T13:59:41.086+0000] {processor.py:830} INFO - Processing file /opt/airflow/dags/minio_to_snowflake.py for tasks to queue
[2026-04-03T13:59:41.088+0000] {logging_mixin.py:188} INFO - [2026-04-03T13:59:41.088+0000] {dagbag.py:545} INFO - Filling up the DagBag from /opt/airflow/dags/minio_to_snowflake.py
[2026-04-03T13:59:46.726+0000] {processor.py:840} INFO - DAG(s) 'minio_to_snowflake_pipeline' retrieved from /opt/airflow/dags/minio_to_snowflake.py
[2026-04-03T13:59:46.884+0000] {logging_mixin.py:188} INFO - [2026-04-03T13:59:46.884+0000] {dag.py:3089} INFO - Sync 1 DAGs
[2026-04-03T13:59:46.929+0000] {logging_mixin.py:188} INFO - [2026-04-03T13:59:46.929+0000] {dag.py:3947} INFO - Setting next_dagrun for minio_to_snowflake_pipeline to 2026-04-03 13:50:00+00:00, run_after=2026-04-03 14:00:00+00:00
[2026-04-03T13:59:47.478+0000] {processor.py:183} INFO - Processing /opt/airflow/dags/minio_to_snowflake.py took 6.480 seconds
[2026-04-03T14:00:18.690+0000] {processor.py:161} INFO - Started process (PID=4793) to work on /opt/airflow/dags/minio_to_snowflake.py
[2026-04-03T14:00:18.693+0000] {processor.py:830} INFO - Processing file /opt/airflow/dags/minio_to_snowflake.py for tasks to queue
[2026-04-03T14:00:18.705+0000] {logging_mixin.py:188} INFO - [2026-04-03T14:00:18.704+0000] {dagbag.py:545} INFO - Filling up the DagBag from /opt/airflow/dags/minio_to_snowflake.py
[2026-04-03T14:00:21.915+0000] {processor.py:840} INFO - DAG(s) 'minio_to_snowflake_pipeline' retrieved from /opt/airflow/dags/minio_to_snowflake.py
[2026-04-03T14:00:22.098+0000] {logging_mixin.py:188} INFO - [2026-04-03T14:00:22.097+0000] {dag.py:3089} INFO - Sync 1 DAGs
[2026-04-03T14:00:22.174+0000] {logging_mixin.py:188} INFO - [2026-04-03T14:00:22.173+0000] {dag.py:3947} INFO - Setting next_dagrun for minio_to_snowflake_pipeline to 2026-04-03 14:00:00+00:00, run_after=2026-04-03 14:10:00+00:00
[2026-04-03T14:00:22.223+0000] {processor.py:183} INFO - Processing /opt/airflow/dags/minio_to_snowflake.py took 3.597 seconds
[2026-04-03T14:00:52.612+0000] {processor.py:161} INFO - Started process (PID=4800) to work on /opt/airflow/dags/minio_to_snowflake.py
[2026-04-03T14:00:52.615+0000] {processor.py:830} INFO - Processing file /opt/airflow/dags/minio_to_snowflake.py for tasks to queue
[2026-04-03T14:00:52.617+0000] {logging_mixin.py:188} INFO - [2026-04-03T14:00:52.616+0000] {dagbag.py:545} INFO - Filling up the DagBag from /opt/airflow/dags/minio_to_snowflake.py
[2026-04-03T14:00:53.961+0000] {processor.py:840} INFO - DAG(s) 'minio_to_snowflake_pipeline' retrieved from /opt/airflow/dags/minio_to_snowflake.py
[2026-04-03T14:00:54.044+0000] {logging_mixin.py:188} INFO - [2026-04-03T14:00:54.043+0000] {dag.py:3089} INFO - Sync 1 DAGs
[2026-04-03T14:00:54.135+0000] {logging_mixin.py:188} INFO - [2026-04-03T14:00:54.135+0000] {dag.py:3947} INFO - Setting next_dagrun for minio_to_snowflake_pipeline to 2026-04-03 14:00:00+00:00, run_after=2026-04-03 14:10:00+00:00
[2026-04-03T14:00:54.221+0000] {processor.py:183} INFO - Processing /opt/airflow/dags/minio_to_snowflake.py took 1.630 seconds
[2026-04-03T14:01:24.912+0000] {processor.py:161} INFO - Started process (PID=4807) to work on /opt/airflow/dags/minio_to_snowflake.py
[2026-04-03T14:01:24.915+0000] {processor.py:830} INFO - Processing file /opt/airflow/dags/minio_to_snowflake.py for tasks to queue
[2026-04-03T14:01:24.940+0000] {logging_mixin.py:188} INFO - [2026-04-03T14:01:24.937+0000] {dagbag.py:545} INFO - Filling up the DagBag from /opt/airflow/dags/minio_to_snowflake.py
[2026-04-03T14:01:35.409+0000] {processor.py:840} INFO - DAG(s) 'minio_to_snowflake_pipeline' retrieved from /opt/airflow/dags/minio_to_snowflake.py
[2026-04-03T14:01:35.599+0000] {logging_mixin.py:188} INFO - [2026-04-03T14:01:35.593+0000] {dag.py:3089} INFO - Sync 1 DAGs
[2026-04-03T14:01:35.726+0000] {logging_mixin.py:188} INFO - [2026-04-03T14:01:35.725+0000] {dag.py:3947} INFO - Setting next_dagrun for minio_to_snowflake_pipeline to 2026-04-03 14:00:00+00:00, run_after=2026-04-03 14:10:00+00:00
[2026-04-03T14:01:35.816+0000] {processor.py:183} INFO - Processing /opt/airflow/dags/minio_to_snowflake.py took 10.967 seconds
[2026-04-03T14:02:07.031+0000] {processor.py:161} INFO - Started process (PID=4814) to work on /opt/airflow/dags/minio_to_snowflake.py
[2026-04-03T14:02:07.042+0000] {processor.py:830} INFO - Processing file /opt/airflow/dags/minio_to_snowflake.py for tasks to queue
[2026-04-03T14:02:07.048+0000] {logging_mixin.py:188} INFO - [2026-04-03T14:02:07.046+0000] {dagbag.py:545} INFO - Filling up the DagBag from /opt/airflow/dags/minio_to_snowflake.py
[2026-04-03T14:02:11.816+0000] {processor.py:840} INFO - DAG(s) 'minio_to_snowflake_pipeline' retrieved from /opt/airflow/dags/minio_to_snowflake.py
[2026-04-03T14:02:12.034+0000] {logging_mixin.py:188} INFO - [2026-04-03T14:02:12.032+0000] {dag.py:3089} INFO - Sync 1 DAGs
[2026-04-03T14:02:12.238+0000] {logging_mixin.py:188} INFO - [2026-04-03T14:02:12.237+0000] {dag.py:3947} INFO - Setting next_dagrun for minio_to_snowflake_pipeline to 2026-04-03 14:00:00+00:00, run_after=2026-04-03 14:10:00+00:00
[2026-04-03T14:02:13.064+0000] {processor.py:183} INFO - Processing /opt/airflow/dags/minio_to_snowflake.py took 6.088 seconds
[2026-04-03T14:02:44.147+0000] {processor.py:161} INFO - Started process (PID=4821) to work on /opt/airflow/dags/minio_to_snowflake.py
[2026-04-03T14:02:44.155+0000] {processor.py:830} INFO - Processing file /opt/airflow/dags/minio_to_snowflake.py for tasks to queue
[2026-04-03T14:02:44.165+0000] {logging_mixin.py:188} INFO - [2026-04-03T14:02:44.163+0000] {dagbag.py:545} INFO - Filling up the DagBag from /opt/airflow/dags/minio_to_snowflake.py
[2026-04-03T14:02:46.913+0000] {processor.py:840} INFO - DAG(s) 'minio_to_snowflake_pipeline' retrieved from /opt/airflow/dags/minio_to_snowflake.py
[2026-04-03T14:02:47.067+0000] {logging_mixin.py:188} INFO - [2026-04-03T14:02:47.066+0000] {dag.py:3089} INFO - Sync 1 DAGs
[2026-04-03T14:02:47.204+0000] {logging_mixin.py:188} INFO - [2026-04-03T14:02:47.194+0000] {dag.py:3947} INFO - Setting next_dagrun for minio_to_snowflake_pipeline to 2026-04-03 14:00:00+00:00, run_after=2026-04-03 14:10:00+00:00
[2026-04-03T14:02:47.270+0000] {processor.py:183} INFO - Processing /opt/airflow/dags/minio_to_snowflake.py took 3.182 seconds
[2026-04-03T14:03:17.435+0000] {processor.py:161} INFO - Started process (PID=4828) to work on /opt/airflow/dags/minio_to_snowflake.py
[2026-04-03T14:03:17.438+0000] {processor.py:830} INFO - Processing file /opt/airflow/dags/minio_to_snowflake.py for tasks to queue
[2026-04-03T14:03:17.440+0000] {logging_mixin.py:188} INFO - [2026-04-03T14:03:17.440+0000] {dagbag.py:545} INFO - Filling up the DagBag from /opt/airflow/dags/minio_to_snowflake.py
[2026-04-03T14:03:18.403+0000] {processor.py:840} INFO - DAG(s) 'minio_to_snowflake_pipeline' retrieved from /opt/airflow/dags/minio_to_snowflake.py
[2026-04-03T14:03:18.441+0000] {logging_mixin.py:188} INFO - [2026-04-03T14:03:18.440+0000] {dag.py:3089} INFO - Sync 1 DAGs
[2026-04-03T14:03:18.472+0000] {logging_mixin.py:188} INFO - [2026-04-03T14:03:18.472+0000] {dag.py:3947} INFO - Setting next_dagrun for minio_to_snowflake_pipeline to 2026-04-03 14:00:00+00:00, run_after=2026-04-03 14:10:00+00:00
[2026-04-03T14:03:18.501+0000] {processor.py:183} INFO - Processing /opt/airflow/dags/minio_to_snowflake.py took 1.089 seconds
[2026-04-03T14:03:48.742+0000] {processor.py:161} INFO - Started process (PID=4835) to work on /opt/airflow/dags/minio_to_snowflake.py
[2026-04-03T14:03:48.744+0000] {processor.py:830} INFO - Processing file /opt/airflow/dags/minio_to_snowflake.py for tasks to queue
[2026-04-03T14:03:48.746+0000] {logging_mixin.py:188} INFO - [2026-04-03T14:03:48.745+0000] {dagbag.py:545} INFO - Filling up the DagBag from /opt/airflow/dags/minio_to_snowflake.py
[2026-04-03T14:03:49.713+0000] {processor.py:840} INFO - DAG(s) 'minio_to_snowflake_pipeline' retrieved from /opt/airflow/dags/minio_to_snowflake.py
[2026-04-03T14:03:49.757+0000] {logging_mixin.py:188} INFO - [2026-04-03T14:03:49.755+0000] {dag.py:3089} INFO - Sync 1 DAGs
[2026-04-03T14:03:49.786+0000] {logging_mixin.py:188} INFO - [2026-04-03T14:03:49.786+0000] {dag.py:3947} INFO - Setting next_dagrun for minio_to_snowflake_pipeline to 2026-04-03 14:00:00+00:00, run_after=2026-04-03 14:10:00+00:00
[2026-04-03T14:03:49.831+0000] {processor.py:183} INFO - Processing /opt/airflow/dags/minio_to_snowflake.py took 1.097 seconds
[2026-04-03T14:04:20.125+0000] {processor.py:161} INFO - Started process (PID=4842) to work on /opt/airflow/dags/minio_to_snowflake.py
[2026-04-03T14:04:20.126+0000] {processor.py:830} INFO - Processing file /opt/airflow/dags/minio_to_snowflake.py for tasks to queue
[2026-04-03T14:04:20.128+0000] {logging_mixin.py:188} INFO - [2026-04-03T14:04:20.127+0000] {dagbag.py:545} INFO - Filling up the DagBag from /opt/airflow/dags/minio_to_snowflake.py
[2026-04-03T14:04:21.938+0000] {processor.py:840} INFO - DAG(s) 'minio_to_snowflake_pipeline' retrieved from /opt/airflow/dags/minio_to_snowflake.py
[2026-04-03T14:04:22.044+0000] {logging_mixin.py:188} INFO - [2026-04-03T14:04:22.043+0000] {dag.py:3089} INFO - Sync 1 DAGs
[2026-04-03T14:04:22.121+0000] {logging_mixin.py:188} INFO - [2026-04-03T14:04:22.121+0000] {dag.py:3947} INFO - Setting next_dagrun for minio_to_snowflake_pipeline to 2026-04-03 14:00:00+00:00, run_after=2026-04-03 14:10:00+00:00
[2026-04-03T14:04:22.163+0000] {processor.py:183} INFO - Processing /opt/airflow/dags/minio_to_snowflake.py took 2.046 seconds
[2026-04-03T14:04:52.521+0000] {processor.py:161} INFO - Started process (PID=4849) to work on /opt/airflow/dags/minio_to_snowflake.py
[2026-04-03T14:04:52.524+0000] {processor.py:830} INFO - Processing file /opt/airflow/dags/minio_to_snowflake.py for tasks to queue
[2026-04-03T14:04:52.526+0000] {logging_mixin.py:188} INFO - [2026-04-03T14:04:52.525+0000] {dagbag.py:545} INFO - Filling up the DagBag from /opt/airflow/dags/minio_to_snowflake.py
[2026-04-03T14:04:53.775+0000] {processor.py:840} INFO - DAG(s) 'minio_to_snowflake_pipeline' retrieved from /opt/airflow/dags/minio_to_snowflake.py
[2026-04-03T14:04:53.816+0000] {logging_mixin.py:188} INFO - [2026-04-03T14:04:53.815+0000] {dag.py:3089} INFO - Sync 1 DAGs
[2026-04-03T14:04:53.845+0000] {logging_mixin.py:188} INFO - [2026-04-03T14:04:53.845+0000] {dag.py:3947} INFO - Setting next_dagrun for minio_to_snowflake_pipeline to 2026-04-03 14:00:00+00:00, run_after=2026-04-03 14:10:00+00:00
[2026-04-03T14:04:53.874+0000] {processor.py:183} INFO - Processing /opt/airflow/dags/minio_to_snowflake.py took 1.370 seconds
[2026-04-03T14:05:24.086+0000] {processor.py:161} INFO - Started process (PID=4856) to work on /opt/airflow/dags/minio_to_snowflake.py
[2026-04-03T14:05:24.087+0000] {processor.py:830} INFO - Processing file /opt/airflow/dags/minio_to_snowflake.py for tasks to queue
[2026-04-03T14:05:24.089+0000] {logging_mixin.py:188} INFO - [2026-04-03T14:05:24.088+0000] {dagbag.py:545} INFO - Filling up the DagBag from /opt/airflow/dags/minio_to_snowflake.py
[2026-04-03T14:05:25.148+0000] {processor.py:840} INFO - DAG(s) 'minio_to_snowflake_pipeline' retrieved from /opt/airflow/dags/minio_to_snowflake.py
[2026-04-03T14:05:25.185+0000] {logging_mixin.py:188} INFO - [2026-04-03T14:05:25.184+0000] {dag.py:3089} INFO - Sync 1 DAGs
[2026-04-03T14:05:25.216+0000] {logging_mixin.py:188} INFO - [2026-04-03T14:05:25.216+0000] {dag.py:3947} INFO - Setting next_dagrun for minio_to_snowflake_pipeline to 2026-04-03 14:00:00+00:00, run_after=2026-04-03 14:10:00+00:00
[2026-04-03T14:05:25.242+0000] {processor.py:183} INFO - Processing /opt/airflow/dags/minio_to_snowflake.py took 1.167 seconds
[2026-04-03T14:05:55.534+0000] {processor.py:161} INFO - Started process (PID=4863) to work on /opt/airflow/dags/minio_to_snowflake.py
[2026-04-03T14:05:55.536+0000] {processor.py:830} INFO - Processing file /opt/airflow/dags/minio_to_snowflake.py for tasks to queue
[2026-04-03T14:05:55.537+0000] {logging_mixin.py:188} INFO - [2026-04-03T14:05:55.537+0000] {dagbag.py:545} INFO - Filling up the DagBag from /opt/airflow/dags/minio_to_snowflake.py
[2026-04-03T14:05:56.751+0000] {processor.py:840} INFO - DAG(s) 'minio_to_snowflake_pipeline' retrieved from /opt/airflow/dags/minio_to_snowflake.py
[2026-04-03T14:05:56.788+0000] {logging_mixin.py:188} INFO - [2026-04-03T14:05:56.786+0000] {dag.py:3089} INFO - Sync 1 DAGs
[2026-04-03T14:05:56.819+0000] {logging_mixin.py:188} INFO - [2026-04-03T14:05:56.818+0000] {dag.py:3947} INFO - Setting next_dagrun for minio_to_snowflake_pipeline to 2026-04-03 14:00:00+00:00, run_after=2026-04-03 14:10:00+00:00
[2026-04-03T14:05:56.843+0000] {processor.py:183} INFO - Processing /opt/airflow/dags/minio_to_snowflake.py took 1.318 seconds
[2026-04-03T14:06:27.232+0000] {processor.py:161} INFO - Started process (PID=4870) to work on /opt/airflow/dags/minio_to_snowflake.py
[2026-04-03T14:06:27.236+0000] {processor.py:830} INFO - Processing file /opt/airflow/dags/minio_to_snowflake.py for tasks to queue
[2026-04-03T14:06:27.238+0000] {logging_mixin.py:188} INFO - [2026-04-03T14:06:27.237+0000] {dagbag.py:545} INFO - Filling up the DagBag from /opt/airflow/dags/minio_to_snowflake.py
[2026-04-03T14:06:30.406+0000] {processor.py:840} INFO - DAG(s) 'minio_to_snowflake_pipeline' retrieved from /opt/airflow/dags/minio_to_snowflake.py
[2026-04-03T14:06:30.454+0000] {logging_mixin.py:188} INFO - [2026-04-03T14:06:30.453+0000] {dag.py:3089} INFO - Sync 1 DAGs
[2026-04-03T14:06:30.491+0000] {logging_mixin.py:188} INFO - [2026-04-03T14:06:30.490+0000] {dag.py:3947} INFO - Setting next_dagrun for minio_to_snowflake_pipeline to 2026-04-03 14:00:00+00:00, run_after=2026-04-03 14:10:00+00:00
[2026-04-03T14:06:30.590+0000] {processor.py:183} INFO - Processing /opt/airflow/dags/minio_to_snowflake.py took 3.376 seconds
[2026-04-03T14:07:01.467+0000] {processor.py:161} INFO - Started process (PID=4877) to work on /opt/airflow/dags/minio_to_snowflake.py
[2026-04-03T14:07:01.468+0000] {processor.py:830} INFO - Processing file /opt/airflow/dags/minio_to_snowflake.py for tasks to queue
[2026-04-03T14:07:01.470+0000] {logging_mixin.py:188} INFO - [2026-04-03T14:07:01.469+0000] {dagbag.py:545} INFO - Filling up the DagBag from /opt/airflow/dags/minio_to_snowflake.py
[2026-04-03T14:07:02.506+0000] {processor.py:840} INFO - DAG(s) 'minio_to_snowflake_pipeline' retrieved from /opt/airflow/dags/minio_to_snowflake.py
[2026-04-03T14:07:02.543+0000] {logging_mixin.py:188} INFO - [2026-04-03T14:07:02.542+0000] {dag.py:3089} INFO - Sync 1 DAGs
[2026-04-03T14:07:02.607+0000] {logging_mixin.py:188} INFO - [2026-04-03T14:07:02.606+0000] {dag.py:3947} INFO - Setting next_dagrun for minio_to_snowflake_pipeline to 2026-04-03 14:00:00+00:00, run_after=2026-04-03 14:10:00+00:00
[2026-04-03T14:07:02.644+0000] {processor.py:183} INFO - Processing /opt/airflow/dags/minio_to_snowflake.py took 1.190 seconds
[2026-04-03T14:07:32.952+0000] {processor.py:161} INFO - Started process (PID=4884) to work on /opt/airflow/dags/minio_to_snowflake.py
[2026-04-03T14:07:32.953+0000] {processor.py:830} INFO - Processing file /opt/airflow/dags/minio_to_snowflake.py for tasks to queue
[2026-04-03T14:07:32.956+0000] {logging_mixin.py:188} INFO - [2026-04-03T14:07:32.955+0000] {dagbag.py:545} INFO - Filling up the DagBag from /opt/airflow/dags/minio_to_snowflake.py
[2026-04-03T14:07:33.978+0000] {processor.py:840} INFO - DAG(s) 'minio_to_snowflake_pipeline' retrieved from /opt/airflow/dags/minio_to_snowflake.py
[2026-04-03T14:07:34.021+0000] {logging_mixin.py:188} INFO - [2026-04-03T14:07:34.020+0000] {dag.py:3089} INFO - Sync 1 DAGs
[2026-04-03T14:07:34.053+0000] {logging_mixin.py:188} INFO - [2026-04-03T14:07:34.053+0000] {dag.py:3947} INFO - Setting next_dagrun for minio_to_snowflake_pipeline to 2026-04-03 14:00:00+00:00, run_after=2026-04-03 14:10:00+00:00
[2026-04-03T14:07:34.075+0000] {processor.py:183} INFO - Processing /opt/airflow/dags/minio_to_snowflake.py took 1.136 seconds
[2026-04-03T14:08:04.181+0000] {processor.py:161} INFO - Started process (PID=4891) to work on /opt/airflow/dags/minio_to_snowflake.py
[2026-04-03T14:08:04.183+0000] {processor.py:830} INFO - Processing file /opt/airflow/dags/minio_to_snowflake.py for tasks to queue
[2026-04-03T14:08:04.184+0000] {logging_mixin.py:188} INFO - [2026-04-03T14:08:04.184+0000] {dagbag.py:545} INFO - Filling up the DagBag from /opt/airflow/dags/minio_to_snowflake.py
[2026-04-03T14:08:05.137+0000] {processor.py:840} INFO - DAG(s) 'minio_to_snowflake_pipeline' retrieved from /opt/airflow/dags/minio_to_snowflake.py
[2026-04-03T14:08:05.175+0000] {logging_mixin.py:188} INFO - [2026-04-03T14:08:05.172+0000] {dag.py:3089} INFO - Sync 1 DAGs
[2026-04-03T14:08:05.203+0000] {logging_mixin.py:188} INFO - [2026-04-03T14:08:05.202+0000] {dag.py:3947} INFO - Setting next_dagrun for minio_to_snowflake_pipeline to 2026-04-03 14:00:00+00:00, run_after=2026-04-03 14:10:00+00:00
[2026-04-03T14:08:05.227+0000] {processor.py:183} INFO - Processing /opt/airflow/dags/minio_to_snowflake.py took 1.055 seconds
[2026-04-03T14:08:35.537+0000] {processor.py:161} INFO - Started process (PID=4898) to work on /opt/airflow/dags/minio_to_snowflake.py
[2026-04-03T14:08:35.539+0000] {processor.py:830} INFO - Processing file /opt/airflow/dags/minio_to_snowflake.py for tasks to queue
[2026-04-03T14:08:35.540+0000] {logging_mixin.py:188} INFO - [2026-04-03T14:08:35.540+0000] {dagbag.py:545} INFO - Filling up the DagBag from /opt/airflow/dags/minio_to_snowflake.py
[2026-04-03T14:08:36.729+0000] {processor.py:840} INFO - DAG(s) 'minio_to_snowflake_pipeline' retrieved from /opt/airflow/dags/minio_to_snowflake.py
[2026-04-03T14:08:36.773+0000] {logging_mixin.py:188} INFO - [2026-04-03T14:08:36.772+0000] {dag.py:3089} INFO - Sync 1 DAGs
[2026-04-03T14:08:36.813+0000] {logging_mixin.py:188} INFO - [2026-04-03T14:08:36.812+0000] {dag.py:3947} INFO - Setting next_dagrun for minio_to_snowflake_pipeline to 2026-04-03 14:00:00+00:00, run_after=2026-04-03 14:10:00+00:00
[2026-04-03T14:08:36.871+0000] {processor.py:183} INFO - Processing /opt/airflow/dags/minio_to_snowflake.py took 1.345 seconds
[2026-04-03T14:09:07.139+0000] {processor.py:161} INFO - Started process (PID=4905) to work on /opt/airflow/dags/minio_to_snowflake.py
[2026-04-03T14:09:07.144+0000] {processor.py:830} INFO - Processing file /opt/airflow/dags/minio_to_snowflake.py for tasks to queue
[2026-04-03T14:09:07.147+0000] {logging_mixin.py:188} INFO - [2026-04-03T14:09:07.146+0000] {dagbag.py:545} INFO - Filling up the DagBag from /opt/airflow/dags/minio_to_snowflake.py
[2026-04-03T14:09:08.886+0000] {processor.py:840} INFO - DAG(s) 'minio_to_snowflake_pipeline' retrieved from /opt/airflow/dags/minio_to_snowflake.py
[2026-04-03T14:09:08.959+0000] {logging_mixin.py:188} INFO - [2026-04-03T14:09:08.959+0000] {dag.py:3089} INFO - Sync 1 DAGs
[2026-04-03T14:09:08.994+0000] {logging_mixin.py:188} INFO - [2026-04-03T14:09:08.994+0000] {dag.py:3947} INFO - Setting next_dagrun for minio_to_snowflake_pipeline to 2026-04-03 14:00:00+00:00, run_after=2026-04-03 14:10:00+00:00
[2026-04-03T14:09:09.025+0000] {processor.py:183} INFO - Processing /opt/airflow/dags/minio_to_snowflake.py took 1.899 seconds
[2026-04-03T14:09:39.324+0000] {processor.py:161} INFO - Started process (PID=4912) to work on /opt/airflow/dags/minio_to_snowflake.py
[2026-04-03T14:09:39.326+0000] {processor.py:830} INFO - Processing file /opt/airflow/dags/minio_to_snowflake.py for tasks to queue
[2026-04-03T14:09:39.328+0000] {logging_mixin.py:188} INFO - [2026-04-03T14:09:39.327+0000] {dagbag.py:545} INFO - Filling up the DagBag from /opt/airflow/dags/minio_to_snowflake.py
[2026-04-03T14:09:40.383+0000] {processor.py:840} INFO - DAG(s) 'minio_to_snowflake_pipeline' retrieved from /opt/airflow/dags/minio_to_snowflake.py
[2026-04-03T14:09:40.432+0000] {logging_mixin.py:188} INFO - [2026-04-03T14:09:40.430+0000] {dag.py:3089} INFO - Sync 1 DAGs
[2026-04-03T14:09:40.479+0000] {logging_mixin.py:188} INFO - [2026-04-03T14:09:40.479+0000] {dag.py:3947} INFO - Setting next_dagrun for minio_to_snowflake_pipeline to 2026-04-03 14:00:00+00:00, run_after=2026-04-03 14:10:00+00:00
[2026-04-03T14:09:40.521+0000] {processor.py:183} INFO - Processing /opt/airflow/dags/minio_to_snowflake.py took 1.209 seconds
[2026-04-03T14:10:10.855+0000] {processor.py:161} INFO - Started process (PID=4923) to work on /opt/airflow/dags/minio_to_snowflake.py
[2026-04-03T14:10:10.856+0000] {processor.py:830} INFO - Processing file /opt/airflow/dags/minio_to_snowflake.py for tasks to queue
[2026-04-03T14:10:10.858+0000] {logging_mixin.py:188} INFO - [2026-04-03T14:10:10.857+0000] {dagbag.py:545} INFO - Filling up the DagBag from /opt/airflow/dags/minio_to_snowflake.py
[2026-04-03T14:10:11.796+0000] {processor.py:840} INFO - DAG(s) 'minio_to_snowflake_pipeline' retrieved from /opt/airflow/dags/minio_to_snowflake.py
[2026-04-03T14:10:11.839+0000] {logging_mixin.py:188} INFO - [2026-04-03T14:10:11.837+0000] {dag.py:3089} INFO - Sync 1 DAGs
[2026-04-03T14:10:11.873+0000] {logging_mixin.py:188} INFO - [2026-04-03T14:10:11.872+0000] {dag.py:3947} INFO - Setting next_dagrun for minio_to_snowflake_pipeline to 2026-04-03 14:10:00+00:00, run_after=2026-04-03 14:20:00+00:00
[2026-04-03T14:10:11.901+0000] {processor.py:183} INFO - Processing /opt/airflow/dags/minio_to_snowflake.py took 1.056 seconds
[2026-04-03T14:10:42.095+0000] {processor.py:161} INFO - Started process (PID=4930) to work on /opt/airflow/dags/minio_to_snowflake.py
[2026-04-03T14:10:42.096+0000] {processor.py:830} INFO - Processing file /opt/airflow/dags/minio_to_snowflake.py for tasks to queue
[2026-04-03T14:10:42.098+0000] {logging_mixin.py:188} INFO - [2026-04-03T14:10:42.097+0000] {dagbag.py:545} INFO - Filling up the DagBag from /opt/airflow/dags/minio_to_snowflake.py
[2026-04-03T14:10:43.223+0000] {processor.py:840} INFO - DAG(s) 'minio_to_snowflake_pipeline' retrieved from /opt/airflow/dags/minio_to_snowflake.py
[2026-04-03T14:10:43.257+0000] {logging_mixin.py:188} INFO - [2026-04-03T14:10:43.256+0000] {dag.py:3089} INFO - Sync 1 DAGs
[2026-04-03T14:10:43.284+0000] {logging_mixin.py:188} INFO - [2026-04-03T14:10:43.284+0000] {dag.py:3947} INFO - Setting next_dagrun for minio_to_snowflake_pipeline to 2026-04-03 14:10:00+00:00, run_after=2026-04-03 14:20:00+00:00
[2026-04-03T14:10:43.311+0000] {processor.py:183} INFO - Processing /opt/airflow/dags/minio_to_snowflake.py took 1.224 seconds
[2026-04-03T14:11:13.609+0000] {processor.py:161} INFO - Started process (PID=4937) to work on /opt/airflow/dags/minio_to_snowflake.py
[2026-04-03T14:11:13.611+0000] {processor.py:830} INFO - Processing file /opt/airflow/dags/minio_to_snowflake.py for tasks to queue
[2026-04-03T14:11:13.612+0000] {logging_mixin.py:188} INFO - [2026-04-03T14:11:13.612+0000] {dagbag.py:545} INFO - Filling up the DagBag from /opt/airflow/dags/minio_to_snowflake.py
[2026-04-03T14:11:14.691+0000] {processor.py:840} INFO - DAG(s) 'minio_to_snowflake_pipeline' retrieved from /opt/airflow/dags/minio_to_snowflake.py
[2026-04-03T14:11:14.730+0000] {logging_mixin.py:188} INFO - [2026-04-03T14:11:14.729+0000] {dag.py:3089} INFO - Sync 1 DAGs
[2026-04-03T14:11:14.767+0000] {logging_mixin.py:188} INFO - [2026-04-03T14:11:14.766+0000] {dag.py:3947} INFO - Setting next_dagrun for minio_to_snowflake_pipeline to 2026-04-03 14:10:00+00:00, run_after=2026-04-03 14:20:00+00:00
[2026-04-03T14:11:14.799+0000] {processor.py:183} INFO - Processing /opt/airflow/dags/minio_to_snowflake.py took 1.202 seconds
[2026-04-03T14:11:44.890+0000] {processor.py:161} INFO - Started process (PID=4944) to work on /opt/airflow/dags/minio_to_snowflake.py
[2026-04-03T14:11:44.891+0000] {processor.py:830} INFO - Processing file /opt/airflow/dags/minio_to_snowflake.py for tasks to queue
[2026-04-03T14:11:44.893+0000] {logging_mixin.py:188} INFO - [2026-04-03T14:11:44.892+0000] {dagbag.py:545} INFO - Filling up the DagBag from /opt/airflow/dags/minio_to_snowflake.py
[2026-04-03T14:11:46.275+0000] {processor.py:840} INFO - DAG(s) 'minio_to_snowflake_pipeline' retrieved from /opt/airflow/dags/minio_to_snowflake.py
[2026-04-03T14:11:46.402+0000] {logging_mixin.py:188} INFO - [2026-04-03T14:11:46.397+0000] {dag.py:3089} INFO - Sync 1 DAGs
[2026-04-03T14:11:46.494+0000] {logging_mixin.py:188} INFO - [2026-04-03T14:11:46.494+0000] {dag.py:3947} INFO - Setting next_dagrun for minio_to_snowflake_pipeline to 2026-04-03 14:10:00+00:00, run_after=2026-04-03 14:20:00+00:00
[2026-04-03T14:11:46.591+0000] {processor.py:183} INFO - Processing /opt/airflow/dags/minio_to_snowflake.py took 1.712 seconds
[2026-04-03T14:12:16.942+0000] {processor.py:161} INFO - Started process (PID=4951) to work on /opt/airflow/dags/minio_to_snowflake.py
[2026-04-03T14:12:16.944+0000] {processor.py:830} INFO - Processing file /opt/airflow/dags/minio_to_snowflake.py for tasks to queue
[2026-04-03T14:12:16.946+0000] {logging_mixin.py:188} INFO - [2026-04-03T14:12:16.945+0000] {dagbag.py:545} INFO - Filling up the DagBag from /opt/airflow/dags/minio_to_snowflake.py
[2026-04-03T14:12:17.901+0000] {processor.py:840} INFO - DAG(s) 'minio_to_snowflake_pipeline' retrieved from /opt/airflow/dags/minio_to_snowflake.py
[2026-04-03T14:12:17.953+0000] {logging_mixin.py:188} INFO - [2026-04-03T14:12:17.950+0000] {dag.py:3089} INFO - Sync 1 DAGs
[2026-04-03T14:12:17.994+0000] {logging_mixin.py:188} INFO - [2026-04-03T14:12:17.994+0000] {dag.py:3947} INFO - Setting next_dagrun for minio_to_snowflake_pipeline to 2026-04-03 14:10:00+00:00, run_after=2026-04-03 14:20:00+00:00
[2026-04-03T14:12:18.036+0000] {processor.py:183} INFO - Processing /opt/airflow/dags/minio_to_snowflake.py took 1.103 seconds
[2026-04-03T14:12:48.184+0000] {processor.py:161} INFO - Started process (PID=4958) to work on /opt/airflow/dags/minio_to_snowflake.py
[2026-04-03T14:12:48.186+0000] {processor.py:830} INFO - Processing file /opt/airflow/dags/minio_to_snowflake.py for tasks to queue
[2026-04-03T14:12:48.188+0000] {logging_mixin.py:188} INFO - [2026-04-03T14:12:48.187+0000] {dagbag.py:545} INFO - Filling up the DagBag from /opt/airflow/dags/minio_to_snowflake.py
[2026-04-03T14:12:49.225+0000] {processor.py:840} INFO - DAG(s) 'minio_to_snowflake_pipeline' retrieved from /opt/airflow/dags/minio_to_snowflake.py
[2026-04-03T14:12:49.260+0000] {logging_mixin.py:188} INFO - [2026-04-03T14:12:49.259+0000] {dag.py:3089} INFO - Sync 1 DAGs
[2026-04-03T14:12:49.287+0000] {logging_mixin.py:188} INFO - [2026-04-03T14:12:49.286+0000] {dag.py:3947} INFO - Setting next_dagrun for minio_to_snowflake_pipeline to 2026-04-03 14:10:00+00:00, run_after=2026-04-03 14:20:00+00:00
[2026-04-03T14:12:49.323+0000] {processor.py:183} INFO - Processing /opt/airflow/dags/minio_to_snowflake.py took 1.148 seconds
[2026-04-03T14:13:19.544+0000] {processor.py:161} INFO - Started process (PID=4965) to work on /opt/airflow/dags/minio_to_snowflake.py
[2026-04-03T14:13:19.545+0000] {processor.py:830} INFO - Processing file /opt/airflow/dags/minio_to_snowflake.py for tasks to queue
[2026-04-03T14:13:19.547+0000] {logging_mixin.py:188} INFO - [2026-04-03T14:13:19.546+0000] {dagbag.py:545} INFO - Filling up the DagBag from /opt/airflow/dags/minio_to_snowflake.py
[2026-04-03T14:13:20.461+0000] {processor.py:840} INFO - DAG(s) 'minio_to_snowflake_pipeline' retrieved from /opt/airflow/dags/minio_to_snowflake.py
[2026-04-03T14:13:20.502+0000] {logging_mixin.py:188} INFO - [2026-04-03T14:13:20.500+0000] {dag.py:3089} INFO - Sync 1 DAGs
[2026-04-03T14:13:20.558+0000] {logging_mixin.py:188} INFO - [2026-04-03T14:13:20.558+0000] {dag.py:3947} INFO - Setting next_dagrun for minio_to_snowflake_pipeline to 2026-04-03 14:10:00+00:00, run_after=2026-04-03 14:20:00+00:00
[2026-04-03T14:13:20.626+0000] {processor.py:183} INFO - Processing /opt/airflow/dags/minio_to_snowflake.py took 1.093 seconds
[2026-04-03T14:13:50.871+0000] {processor.py:161} INFO - Started process (PID=4972) to work on /opt/airflow/dags/minio_to_snowflake.py
[2026-04-03T14:13:50.872+0000] {processor.py:830} INFO - Processing file /opt/airflow/dags/minio_to_snowflake.py for tasks to queue
[2026-04-03T14:13:50.874+0000] {logging_mixin.py:188} INFO - [2026-04-03T14:13:50.873+0000] {dagbag.py:545} INFO - Filling up the DagBag from /opt/airflow/dags/minio_to_snowflake.py
[2026-04-03T14:13:51.822+0000] {processor.py:840} INFO - DAG(s) 'minio_to_snowflake_pipeline' retrieved from /opt/airflow/dags/minio_to_snowflake.py
[2026-04-03T14:13:51.865+0000] {logging_mixin.py:188} INFO - [2026-04-03T14:13:51.864+0000] {dag.py:3089} INFO - Sync 1 DAGs
[2026-04-03T14:13:51.898+0000] {logging_mixin.py:188} INFO - [2026-04-03T14:13:51.897+0000] {dag.py:3947} INFO - Setting next_dagrun for minio_to_snowflake_pipeline to 2026-04-03 14:10:00+00:00, run_after=2026-04-03 14:20:00+00:00
[2026-04-03T14:13:51.923+0000] {processor.py:183} INFO - Processing /opt/airflow/dags/minio_to_snowflake.py took 1.063 seconds
[2026-04-03T14:14:22.186+0000] {processor.py:161} INFO - Started process (PID=4979) to work on /opt/airflow/dags/minio_to_snowflake.py
[2026-04-03T14:14:22.188+0000] {processor.py:830} INFO - Processing file /opt/airflow/dags/minio_to_snowflake.py for tasks to queue
[2026-04-03T14:14:22.189+0000] {logging_mixin.py:188} INFO - [2026-04-03T14:14:22.189+0000] {dagbag.py:545} INFO - Filling up the DagBag from /opt/airflow/dags/minio_to_snowflake.py
[2026-04-03T14:14:23.303+0000] {processor.py:840} INFO - DAG(s) 'minio_to_snowflake_pipeline' retrieved from /opt/airflow/dags/minio_to_snowflake.py
[2026-04-03T14:14:23.346+0000] {logging_mixin.py:188} INFO - [2026-04-03T14:14:23.344+0000] {dag.py:3089} INFO - Sync 1 DAGs
[2026-04-03T14:14:23.376+0000] {logging_mixin.py:188} INFO - [2026-04-03T14:14:23.376+0000] {dag.py:3947} INFO - Setting next_dagrun for minio_to_snowflake_pipeline to 2026-04-03 14:10:00+00:00, run_after=2026-04-03 14:20:00+00:00
[2026-04-03T14:14:23.399+0000] {processor.py:183} INFO - Processing /opt/airflow/dags/minio_to_snowflake.py took 1.221 seconds
[2026-04-03T14:14:53.702+0000] {processor.py:161} INFO - Started process (PID=4986) to work on /opt/airflow/dags/minio_to_snowflake.py
[2026-04-03T14:14:53.705+0000] {processor.py:830} INFO - Processing file /opt/airflow/dags/minio_to_snowflake.py for tasks to queue
[2026-04-03T14:14:53.706+0000] {logging_mixin.py:188} INFO - [2026-04-03T14:14:53.706+0000] {dagbag.py:545} INFO - Filling up the DagBag from /opt/airflow/dags/minio_to_snowflake.py
[2026-04-03T14:14:54.645+0000] {processor.py:840} INFO - DAG(s) 'minio_to_snowflake_pipeline' retrieved from /opt/airflow/dags/minio_to_snowflake.py
[2026-04-03T14:14:54.687+0000] {logging_mixin.py:188} INFO - [2026-04-03T14:14:54.686+0000] {dag.py:3089} INFO - Sync 1 DAGs
[2026-04-03T14:14:54.716+0000] {logging_mixin.py:188} INFO - [2026-04-03T14:14:54.716+0000] {dag.py:3947} INFO - Setting next_dagrun for minio_to_snowflake_pipeline to 2026-04-03 14:10:00+00:00, run_after=2026-04-03 14:20:00+00:00
[2026-04-03T14:14:54.745+0000] {processor.py:183} INFO - Processing /opt/airflow/dags/minio_to_snowflake.py took 1.053 seconds
[2026-04-03T14:15:24.944+0000] {processor.py:161} INFO - Started process (PID=4993) to work on /opt/airflow/dags/minio_to_snowflake.py
[2026-04-03T14:15:24.945+0000] {processor.py:830} INFO - Processing file /opt/airflow/dags/minio_to_snowflake.py for tasks to queue
[2026-04-03T14:15:24.947+0000] {logging_mixin.py:188} INFO - [2026-04-03T14:15:24.947+0000] {dagbag.py:545} INFO - Filling up the DagBag from /opt/airflow/dags/minio_to_snowflake.py
[2026-04-03T14:15:26.156+0000] {processor.py:840} INFO - DAG(s) 'minio_to_snowflake_pipeline' retrieved from /opt/airflow/dags/minio_to_snowflake.py
[2026-04-03T14:15:26.189+0000] {logging_mixin.py:188} INFO - [2026-04-03T14:15:26.188+0000] {dag.py:3089} INFO - Sync 1 DAGs
[2026-04-03T14:15:26.214+0000] {logging_mixin.py:188} INFO - [2026-04-03T14:15:26.214+0000] {dag.py:3947} INFO - Setting next_dagrun for minio_to_snowflake_pipeline to 2026-04-03 14:10:00+00:00, run_after=2026-04-03 14:20:00+00:00
[2026-04-03T14:15:26.238+0000] {processor.py:183} INFO - Processing /opt/airflow/dags/minio_to_snowflake.py took 1.305 seconds
[2026-04-03T14:15:56.359+0000] {processor.py:161} INFO - Started process (PID=5000) to work on /opt/airflow/dags/minio_to_snowflake.py
[2026-04-03T14:15:56.361+0000] {processor.py:830} INFO - Processing file /opt/airflow/dags/minio_to_snowflake.py for tasks to queue
[2026-04-03T14:15:56.362+0000] {logging_mixin.py:188} INFO - [2026-04-03T14:15:56.362+0000] {dagbag.py:545} INFO - Filling up the DagBag from /opt/airflow/dags/minio_to_snowflake.py
[2026-04-03T14:15:57.593+0000] {processor.py:840} INFO - DAG(s) 'minio_to_snowflake_pipeline' retrieved from /opt/airflow/dags/minio_to_snowflake.py
[2026-04-03T14:15:57.630+0000] {logging_mixin.py:188} INFO - [2026-04-03T14:15:57.630+0000] {dag.py:3089} INFO - Sync 1 DAGs
[2026-04-03T14:15:57.663+0000] {logging_mixin.py:188} INFO - [2026-04-03T14:15:57.663+0000] {dag.py:3947} INFO - Setting next_dagrun for minio_to_snowflake_pipeline to 2026-04-03 14:10:00+00:00, run_after=2026-04-03 14:20:00+00:00
[2026-04-03T14:15:57.692+0000] {processor.py:183} INFO - Processing /opt/airflow/dags/minio_to_snowflake.py took 1.346 seconds
[2026-04-03T14:16:28.059+0000] {processor.py:161} INFO - Started process (PID=5007) to work on /opt/airflow/dags/minio_to_snowflake.py
[2026-04-03T14:16:28.062+0000] {processor.py:830} INFO - Processing file /opt/airflow/dags/minio_to_snowflake.py for tasks to queue
[2026-04-03T14:16:28.064+0000] {logging_mixin.py:188} INFO - [2026-04-03T14:16:28.063+0000] {dagbag.py:545} INFO - Filling up the DagBag from /opt/airflow/dags/minio_to_snowflake.py
[2026-04-03T14:16:29.629+0000] {processor.py:840} INFO - DAG(s) 'minio_to_snowflake_pipeline' retrieved from /opt/airflow/dags/minio_to_snowflake.py
[2026-04-03T14:16:29.678+0000] {logging_mixin.py:188} INFO - [2026-04-03T14:16:29.675+0000] {dag.py:3089} INFO - Sync 1 DAGs
[2026-04-03T14:16:29.714+0000] {logging_mixin.py:188} INFO - [2026-04-03T14:16:29.714+0000] {dag.py:3947} INFO - Setting next_dagrun for minio_to_snowflake_pipeline to 2026-04-03 14:10:00+00:00, run_after=2026-04-03 14:20:00+00:00
[2026-04-03T14:16:29.743+0000] {processor.py:183} INFO - Processing /opt/airflow/dags/minio_to_snowflake.py took 1.719 seconds
[2026-04-03T14:17:00.049+0000] {processor.py:161} INFO - Started process (PID=5014) to work on /opt/airflow/dags/minio_to_snowflake.py
[2026-04-03T14:17:00.051+0000] {processor.py:830} INFO - Processing file /opt/airflow/dags/minio_to_snowflake.py for tasks to queue
[2026-04-03T14:17:00.054+0000] {logging_mixin.py:188} INFO - [2026-04-03T14:17:00.053+0000] {dagbag.py:545} INFO - Filling up the DagBag from /opt/airflow/dags/minio_to_snowflake.py
[2026-04-03T14:17:01.165+0000] {processor.py:840} INFO - DAG(s) 'minio_to_snowflake_pipeline' retrieved from /opt/airflow/dags/minio_to_snowflake.py
[2026-04-03T14:17:01.198+0000] {logging_mixin.py:188} INFO - [2026-04-03T14:17:01.197+0000] {dag.py:3089} INFO - Sync 1 DAGs
[2026-04-03T14:17:01.224+0000] {logging_mixin.py:188} INFO - [2026-04-03T14:17:01.223+0000] {dag.py:3947} INFO - Setting next_dagrun for minio_to_snowflake_pipeline to 2026-04-03 14:10:00+00:00, run_after=2026-04-03 14:20:00+00:00
[2026-04-03T14:17:01.248+0000] {processor.py:183} INFO - Processing /opt/airflow/dags/minio_to_snowflake.py took 1.207 seconds
[2026-04-03T14:17:31.499+0000] {processor.py:161} INFO - Started process (PID=5021) to work on /opt/airflow/dags/minio_to_snowflake.py
[2026-04-03T14:17:31.502+0000] {processor.py:830} INFO - Processing file /opt/airflow/dags/minio_to_snowflake.py for tasks to queue
[2026-04-03T14:17:31.504+0000] {logging_mixin.py:188} INFO - [2026-04-03T14:17:31.504+0000] {dagbag.py:545} INFO - Filling up the DagBag from /opt/airflow/dags/minio_to_snowflake.py
[2026-04-03T14:17:32.495+0000] {processor.py:840} INFO - DAG(s) 'minio_to_snowflake_pipeline' retrieved from /opt/airflow/dags/minio_to_snowflake.py
[2026-04-03T14:17:32.538+0000] {logging_mixin.py:188} INFO - [2026-04-03T14:17:32.537+0000] {dag.py:3089} INFO - Sync 1 DAGs
[2026-04-03T14:17:32.578+0000] {logging_mixin.py:188} INFO - [2026-04-03T14:17:32.578+0000] {dag.py:3947} INFO - Setting next_dagrun for minio_to_snowflake_pipeline to 2026-04-03 14:10:00+00:00, run_after=2026-04-03 14:20:00+00:00
[2026-04-03T14:17:32.610+0000] {processor.py:183} INFO - Processing /opt/airflow/dags/minio_to_snowflake.py took 1.119 seconds
[2026-04-03T14:18:02.934+0000] {processor.py:161} INFO - Started process (PID=5028) to work on /opt/airflow/dags/minio_to_snowflake.py
[2026-04-03T14:18:02.937+0000] {processor.py:830} INFO - Processing file /opt/airflow/dags/minio_to_snowflake.py for tasks to queue
[2026-04-03T14:18:02.939+0000] {logging_mixin.py:188} INFO - [2026-04-03T14:18:02.938+0000] {dagbag.py:545} INFO - Filling up the DagBag from /opt/airflow/dags/minio_to_snowflake.py
[2026-04-03T14:18:04.539+0000] {processor.py:840} INFO - DAG(s) 'minio_to_snowflake_pipeline' retrieved from /opt/airflow/dags/minio_to_snowflake.py
[2026-04-03T14:18:04.589+0000] {logging_mixin.py:188} INFO - [2026-04-03T14:18:04.588+0000] {dag.py:3089} INFO - Sync 1 DAGs
[2026-04-03T14:18:04.630+0000] {logging_mixin.py:188} INFO - [2026-04-03T14:18:04.630+0000] {dag.py:3947} INFO - Setting next_dagrun for minio_to_snowflake_pipeline to 2026-04-03 14:10:00+00:00, run_after=2026-04-03 14:20:00+00:00
[2026-04-03T14:18:04.659+0000] {processor.py:183} INFO - Processing /opt/airflow/dags/minio_to_snowflake.py took 1.734 seconds
[2026-04-03T14:18:35.149+0000] {processor.py:161} INFO - Started process (PID=5035) to work on /opt/airflow/dags/minio_to_snowflake.py
[2026-04-03T14:18:35.151+0000] {processor.py:830} INFO - Processing file /opt/airflow/dags/minio_to_snowflake.py for tasks to queue
[2026-04-03T14:18:35.153+0000] {logging_mixin.py:188} INFO - [2026-04-03T14:18:35.152+0000] {dagbag.py:545} INFO - Filling up the DagBag from /opt/airflow/dags/minio_to_snowflake.py
[2026-04-03T14:18:36.335+0000] {processor.py:840} INFO - DAG(s) 'minio_to_snowflake_pipeline' retrieved from /opt/airflow/dags/minio_to_snowflake.py
[2026-04-03T14:18:36.387+0000] {logging_mixin.py:188} INFO - [2026-04-03T14:18:36.383+0000] {dag.py:3089} INFO - Sync 1 DAGs
[2026-04-03T14:18:36.415+0000] {logging_mixin.py:188} INFO - [2026-04-03T14:18:36.415+0000] {dag.py:3947} INFO - Setting next_dagrun for minio_to_snowflake_pipeline to 2026-04-03 14:10:00+00:00, run_after=2026-04-03 14:20:00+00:00
[2026-04-03T14:18:36.442+0000] {processor.py:183} INFO - Processing /opt/airflow/dags/minio_to_snowflake.py took 1.304 seconds
[2026-04-03T14:19:06.764+0000] {processor.py:161} INFO - Started process (PID=5042) to work on /opt/airflow/dags/minio_to_snowflake.py
[2026-04-03T14:19:06.767+0000] {processor.py:830} INFO - Processing file /opt/airflow/dags/minio_to_snowflake.py for tasks to queue
[2026-04-03T14:19:06.773+0000] {logging_mixin.py:188} INFO - [2026-04-03T14:19:06.772+0000] {dagbag.py:545} INFO - Filling up the DagBag from /opt/airflow/dags/minio_to_snowflake.py
[2026-04-03T14:19:07.871+0000] {processor.py:840} INFO - DAG(s) 'minio_to_snowflake_pipeline' retrieved from /opt/airflow/dags/minio_to_snowflake.py
[2026-04-03T14:19:07.924+0000] {logging_mixin.py:188} INFO - [2026-04-03T14:19:07.923+0000] {dag.py:3089} INFO - Sync 1 DAGs
[2026-04-03T14:19:07.962+0000] {logging_mixin.py:188} INFO - [2026-04-03T14:19:07.961+0000] {dag.py:3947} INFO - Setting next_dagrun for minio_to_snowflake_pipeline to 2026-04-03 14:10:00+00:00, run_after=2026-04-03 14:20:00+00:00
[2026-04-03T14:19:08.013+0000] {processor.py:183} INFO - Processing /opt/airflow/dags/minio_to_snowflake.py took 1.265 seconds
[2026-04-03T14:19:38.510+0000] {processor.py:161} INFO - Started process (PID=5049) to work on /opt/airflow/dags/minio_to_snowflake.py
[2026-04-03T14:19:38.512+0000] {processor.py:830} INFO - Processing file /opt/airflow/dags/minio_to_snowflake.py for tasks to queue
[2026-04-03T14:19:38.514+0000] {logging_mixin.py:188} INFO - [2026-04-03T14:19:38.513+0000] {dagbag.py:545} INFO - Filling up the DagBag from /opt/airflow/dags/minio_to_snowflake.py
[2026-04-03T14:19:39.556+0000] {processor.py:840} INFO - DAG(s) 'minio_to_snowflake_pipeline' retrieved from /opt/airflow/dags/minio_to_snowflake.py
[2026-04-03T14:19:39.598+0000] {logging_mixin.py:188} INFO - [2026-04-03T14:19:39.597+0000] {dag.py:3089} INFO - Sync 1 DAGs
[2026-04-03T14:19:39.628+0000] {logging_mixin.py:188} INFO - [2026-04-03T14:19:39.628+0000] {dag.py:3947} INFO - Setting next_dagrun for minio_to_snowflake_pipeline to 2026-04-03 14:10:00+00:00, run_after=2026-04-03 14:20:00+00:00
[2026-04-03T14:19:39.664+0000] {processor.py:183} INFO - Processing /opt/airflow/dags/minio_to_snowflake.py took 1.163 seconds
[2026-04-03T14:20:09.889+0000] {processor.py:161} INFO - Started process (PID=5060) to work on /opt/airflow/dags/minio_to_snowflake.py
[2026-04-03T14:20:09.891+0000] {processor.py:830} INFO - Processing file /opt/airflow/dags/minio_to_snowflake.py for tasks to queue
[2026-04-03T14:20:09.892+0000] {logging_mixin.py:188} INFO - [2026-04-03T14:20:09.892+0000] {dagbag.py:545} INFO - Filling up the DagBag from /opt/airflow/dags/minio_to_snowflake.py
[2026-04-03T14:20:10.831+0000] {processor.py:840} INFO - DAG(s) 'minio_to_snowflake_pipeline' retrieved from /opt/airflow/dags/minio_to_snowflake.py
[2026-04-03T14:20:10.907+0000] {logging_mixin.py:188} INFO - [2026-04-03T14:20:10.905+0000] {dag.py:3089} INFO - Sync 1 DAGs
[2026-04-03T14:20:10.960+0000] {logging_mixin.py:188} INFO - [2026-04-03T14:20:10.960+0000] {dag.py:3947} INFO - Setting next_dagrun for minio_to_snowflake_pipeline to 2026-04-03 14:20:00+00:00, run_after=2026-04-03 14:30:00+00:00
[2026-04-03T14:20:11.006+0000] {processor.py:183} INFO - Processing /opt/airflow/dags/minio_to_snowflake.py took 1.126 seconds
[2026-04-03T14:20:41.289+0000] {processor.py:161} INFO - Started process (PID=5067) to work on /opt/airflow/dags/minio_to_snowflake.py
[2026-04-03T14:20:41.291+0000] {processor.py:830} INFO - Processing file /opt/airflow/dags/minio_to_snowflake.py for tasks to queue
[2026-04-03T14:20:41.294+0000] {logging_mixin.py:188} INFO - [2026-04-03T14:20:41.293+0000] {dagbag.py:545} INFO - Filling up the DagBag from /opt/airflow/dags/minio_to_snowflake.py
[2026-04-03T14:20:42.797+0000] {processor.py:840} INFO - DAG(s) 'minio_to_snowflake_pipeline' retrieved from /opt/airflow/dags/minio_to_snowflake.py
[2026-04-03T14:20:42.839+0000] {logging_mixin.py:188} INFO - [2026-04-03T14:20:42.837+0000] {dag.py:3089} INFO - Sync 1 DAGs
[2026-04-03T14:20:42.870+0000] {logging_mixin.py:188} INFO - [2026-04-03T14:20:42.870+0000] {dag.py:3947} INFO - Setting next_dagrun for minio_to_snowflake_pipeline to 2026-04-03 14:20:00+00:00, run_after=2026-04-03 14:30:00+00:00
[2026-04-03T14:20:42.897+0000] {processor.py:183} INFO - Processing /opt/airflow/dags/minio_to_snowflake.py took 1.630 seconds
[2026-04-03T14:21:13.681+0000] {processor.py:161} INFO - Started process (PID=5074) to work on /opt/airflow/dags/minio_to_snowflake.py
[2026-04-03T14:21:13.823+0000] {processor.py:830} INFO - Processing file /opt/airflow/dags/minio_to_snowflake.py for tasks to queue
[2026-04-03T14:21:13.826+0000] {logging_mixin.py:188} INFO - [2026-04-03T14:21:13.825+0000] {dagbag.py:545} INFO - Filling up the DagBag from /opt/airflow/dags/minio_to_snowflake.py
[2026-04-03T14:21:15.222+0000] {processor.py:840} INFO - DAG(s) 'minio_to_snowflake_pipeline' retrieved from /opt/airflow/dags/minio_to_snowflake.py
[2026-04-03T14:21:15.284+0000] {logging_mixin.py:188} INFO - [2026-04-03T14:21:15.283+0000] {dag.py:3089} INFO - Sync 1 DAGs
[2026-04-03T14:21:15.312+0000] {logging_mixin.py:188} INFO - [2026-04-03T14:21:15.312+0000] {dag.py:3947} INFO - Setting next_dagrun for minio_to_snowflake_pipeline to 2026-04-03 14:20:00+00:00, run_after=2026-04-03 14:30:00+00:00
[2026-04-03T14:21:15.552+0000] {processor.py:183} INFO - Processing /opt/airflow/dags/minio_to_snowflake.py took 1.887 seconds
[2026-04-03T14:21:46.122+0000] {processor.py:161} INFO - Started process (PID=5081) to work on /opt/airflow/dags/minio_to_snowflake.py
[2026-04-03T14:21:46.134+0000] {processor.py:830} INFO - Processing file /opt/airflow/dags/minio_to_snowflake.py for tasks to queue
[2026-04-03T14:21:46.139+0000] {logging_mixin.py:188} INFO - [2026-04-03T14:21:46.138+0000] {dagbag.py:545} INFO - Filling up the DagBag from /opt/airflow/dags/minio_to_snowflake.py
[2026-04-03T14:21:50.935+0000] {processor.py:840} INFO - DAG(s) 'minio_to_snowflake_pipeline' retrieved from /opt/airflow/dags/minio_to_snowflake.py
[2026-04-03T14:21:51.061+0000] {logging_mixin.py:188} INFO - [2026-04-03T14:21:51.060+0000] {dag.py:3089} INFO - Sync 1 DAGs
[2026-04-03T14:21:51.225+0000] {logging_mixin.py:188} INFO - [2026-04-03T14:21:51.224+0000] {dag.py:3947} INFO - Setting next_dagrun for minio_to_snowflake_pipeline to 2026-04-03 14:20:00+00:00, run_after=2026-04-03 14:30:00+00:00
[2026-04-03T14:21:51.378+0000] {processor.py:183} INFO - Processing /opt/airflow/dags/minio_to_snowflake.py took 5.293 seconds
[2026-04-03T14:22:22.388+0000] {processor.py:161} INFO - Started process (PID=5088) to work on /opt/airflow/dags/minio_to_snowflake.py
[2026-04-03T14:22:22.391+0000] {processor.py:830} INFO - Processing file /opt/airflow/dags/minio_to_snowflake.py for tasks to queue
[2026-04-03T14:22:22.394+0000] {logging_mixin.py:188} INFO - [2026-04-03T14:22:22.393+0000] {dagbag.py:545} INFO - Filling up the DagBag from /opt/airflow/dags/minio_to_snowflake.py
[2026-04-03T14:22:23.507+0000] {processor.py:840} INFO - DAG(s) 'minio_to_snowflake_pipeline' retrieved from /opt/airflow/dags/minio_to_snowflake.py
[2026-04-03T14:22:23.554+0000] {logging_mixin.py:188} INFO - [2026-04-03T14:22:23.553+0000] {dag.py:3089} INFO - Sync 1 DAGs
[2026-04-03T14:22:23.615+0000] {logging_mixin.py:188} INFO - [2026-04-03T14:22:23.615+0000] {dag.py:3947} INFO - Setting next_dagrun for minio_to_snowflake_pipeline to 2026-04-03 14:20:00+00:00, run_after=2026-04-03 14:30:00+00:00
[2026-04-03T14:22:23.681+0000] {processor.py:183} INFO - Processing /opt/airflow/dags/minio_to_snowflake.py took 1.313 seconds
[2026-04-03T14:22:53.858+0000] {processor.py:161} INFO - Started process (PID=5095) to work on /opt/airflow/dags/minio_to_snowflake.py
[2026-04-03T14:22:53.859+0000] {processor.py:830} INFO - Processing file /opt/airflow/dags/minio_to_snowflake.py for tasks to queue
[2026-04-03T14:22:53.861+0000] {logging_mixin.py:188} INFO - [2026-04-03T14:22:53.861+0000] {dagbag.py:545} INFO - Filling up the DagBag from /opt/airflow/dags/minio_to_snowflake.py
[2026-04-03T14:22:55.436+0000] {processor.py:840} INFO - DAG(s) 'minio_to_snowflake_pipeline' retrieved from /opt/airflow/dags/minio_to_snowflake.py
[2026-04-03T14:22:55.513+0000] {logging_mixin.py:188} INFO - [2026-04-03T14:22:55.509+0000] {dag.py:3089} INFO - Sync 1 DAGs
[2026-04-03T14:22:55.589+0000] {logging_mixin.py:188} INFO - [2026-04-03T14:22:55.588+0000] {dag.py:3947} INFO - Setting next_dagrun for minio_to_snowflake_pipeline to 2026-04-03 14:20:00+00:00, run_after=2026-04-03 14:30:00+00:00
[2026-04-03T14:22:55.647+0000] {processor.py:183} INFO - Processing /opt/airflow/dags/minio_to_snowflake.py took 1.802 seconds
[2026-04-03T14:23:26.238+0000] {processor.py:161} INFO - Started process (PID=5102) to work on /opt/airflow/dags/minio_to_snowflake.py
[2026-04-03T14:23:26.260+0000] {processor.py:830} INFO - Processing file /opt/airflow/dags/minio_to_snowflake.py for tasks to queue
[2026-04-03T14:23:26.268+0000] {logging_mixin.py:188} INFO - [2026-04-03T14:23:26.266+0000] {dagbag.py:545} INFO - Filling up the DagBag from /opt/airflow/dags/minio_to_snowflake.py
[2026-04-03T14:23:27.538+0000] {processor.py:840} INFO - DAG(s) 'minio_to_snowflake_pipeline' retrieved from /opt/airflow/dags/minio_to_snowflake.py
[2026-04-03T14:23:27.616+0000] {logging_mixin.py:188} INFO - [2026-04-03T14:23:27.614+0000] {dag.py:3089} INFO - Sync 1 DAGs
[2026-04-03T14:23:27.678+0000] {logging_mixin.py:188} INFO - [2026-04-03T14:23:27.678+0000] {dag.py:3947} INFO - Setting next_dagrun for minio_to_snowflake_pipeline to 2026-04-03 14:20:00+00:00, run_after=2026-04-03 14:30:00+00:00
[2026-04-03T14:23:27.717+0000] {processor.py:183} INFO - Processing /opt/airflow/dags/minio_to_snowflake.py took 1.504 seconds
[2026-04-03T14:23:58.050+0000] {processor.py:161} INFO - Started process (PID=5109) to work on /opt/airflow/dags/minio_to_snowflake.py
[2026-04-03T14:23:58.052+0000] {processor.py:830} INFO - Processing file /opt/airflow/dags/minio_to_snowflake.py for tasks to queue
[2026-04-03T14:23:58.053+0000] {logging_mixin.py:188} INFO - [2026-04-03T14:23:58.053+0000] {dagbag.py:545} INFO - Filling up the DagBag from /opt/airflow/dags/minio_to_snowflake.py
[2026-04-03T14:23:58.921+0000] {processor.py:840} INFO - DAG(s) 'minio_to_snowflake_pipeline' retrieved from /opt/airflow/dags/minio_to_snowflake.py
[2026-04-03T14:23:58.957+0000] {logging_mixin.py:188} INFO - [2026-04-03T14:23:58.956+0000] {dag.py:3089} INFO - Sync 1 DAGs
[2026-04-03T14:23:58.983+0000] {logging_mixin.py:188} INFO - [2026-04-03T14:23:58.983+0000] {dag.py:3947} INFO - Setting next_dagrun for minio_to_snowflake_pipeline to 2026-04-03 14:20:00+00:00, run_after=2026-04-03 14:30:00+00:00
[2026-04-03T14:23:59.009+0000] {processor.py:183} INFO - Processing /opt/airflow/dags/minio_to_snowflake.py took 0.970 seconds
[2026-04-03T14:24:29.335+0000] {processor.py:161} INFO - Started process (PID=5116) to work on /opt/airflow/dags/minio_to_snowflake.py
[2026-04-03T14:24:29.336+0000] {processor.py:830} INFO - Processing file /opt/airflow/dags/minio_to_snowflake.py for tasks to queue
[2026-04-03T14:24:29.338+0000] {logging_mixin.py:188} INFO - [2026-04-03T14:24:29.338+0000] {dagbag.py:545} INFO - Filling up the DagBag from /opt/airflow/dags/minio_to_snowflake.py
[2026-04-03T14:24:30.291+0000] {processor.py:840} INFO - DAG(s) 'minio_to_snowflake_pipeline' retrieved from /opt/airflow/dags/minio_to_snowflake.py
[2026-04-03T14:24:30.326+0000] {logging_mixin.py:188} INFO - [2026-04-03T14:24:30.325+0000] {dag.py:3089} INFO - Sync 1 DAGs
[2026-04-03T14:24:30.354+0000] {logging_mixin.py:188} INFO - [2026-04-03T14:24:30.353+0000] {dag.py:3947} INFO - Setting next_dagrun for minio_to_snowflake_pipeline to 2026-04-03 14:20:00+00:00, run_after=2026-04-03 14:30:00+00:00
[2026-04-03T14:24:32.027+0000] {processor.py:183} INFO - Processing /opt/airflow/dags/minio_to_snowflake.py took 2.703 seconds
[2026-04-03T14:25:02.490+0000] {processor.py:161} INFO - Started process (PID=5123) to work on /opt/airflow/dags/minio_to_snowflake.py
[2026-04-03T14:25:02.493+0000] {processor.py:830} INFO - Processing file /opt/airflow/dags/minio_to_snowflake.py for tasks to queue
[2026-04-03T14:25:02.504+0000] {logging_mixin.py:188} INFO - [2026-04-03T14:25:02.503+0000] {dagbag.py:545} INFO - Filling up the DagBag from /opt/airflow/dags/minio_to_snowflake.py
[2026-04-03T14:25:04.845+0000] {processor.py:840} INFO - DAG(s) 'minio_to_snowflake_pipeline' retrieved from /opt/airflow/dags/minio_to_snowflake.py
[2026-04-03T14:25:04.901+0000] {logging_mixin.py:188} INFO - [2026-04-03T14:25:04.898+0000] {dag.py:3089} INFO - Sync 1 DAGs
[2026-04-03T14:25:04.947+0000] {logging_mixin.py:188} INFO - [2026-04-03T14:25:04.946+0000] {dag.py:3947} INFO - Setting next_dagrun for minio_to_snowflake_pipeline to 2026-04-03 14:20:00+00:00, run_after=2026-04-03 14:30:00+00:00
[2026-04-03T14:25:04.988+0000] {processor.py:183} INFO - Processing /opt/airflow/dags/minio_to_snowflake.py took 2.520 seconds
[2026-04-03T14:25:35.368+0000] {processor.py:161} INFO - Started process (PID=5130) to work on /opt/airflow/dags/minio_to_snowflake.py
[2026-04-03T14:25:35.369+0000] {processor.py:830} INFO - Processing file /opt/airflow/dags/minio_to_snowflake.py for tasks to queue
[2026-04-03T14:25:35.370+0000] {logging_mixin.py:188} INFO - [2026-04-03T14:25:35.370+0000] {dagbag.py:545} INFO - Filling up the DagBag from /opt/airflow/dags/minio_to_snowflake.py
[2026-04-03T14:25:36.232+0000] {processor.py:840} INFO - DAG(s) 'minio_to_snowflake_pipeline' retrieved from /opt/airflow/dags/minio_to_snowflake.py
[2026-04-03T14:25:36.291+0000] {logging_mixin.py:188} INFO - [2026-04-03T14:25:36.290+0000] {dag.py:3089} INFO - Sync 1 DAGs
[2026-04-03T14:25:36.325+0000] {logging_mixin.py:188} INFO - [2026-04-03T14:25:36.324+0000] {dag.py:3947} INFO - Setting next_dagrun for minio_to_snowflake_pipeline to 2026-04-03 14:20:00+00:00, run_after=2026-04-03 14:30:00+00:00
[2026-04-03T14:25:36.350+0000] {processor.py:183} INFO - Processing /opt/airflow/dags/minio_to_snowflake.py took 0.991 seconds
[2026-04-03T14:26:06.593+0000] {processor.py:161} INFO - Started process (PID=5137) to work on /opt/airflow/dags/minio_to_snowflake.py
[2026-04-03T14:26:06.594+0000] {processor.py:830} INFO - Processing file /opt/airflow/dags/minio_to_snowflake.py for tasks to queue
[2026-04-03T14:26:06.596+0000] {logging_mixin.py:188} INFO - [2026-04-03T14:26:06.595+0000] {dagbag.py:545} INFO - Filling up the DagBag from /opt/airflow/dags/minio_to_snowflake.py
[2026-04-03T14:26:07.682+0000] {processor.py:840} INFO - DAG(s) 'minio_to_snowflake_pipeline' retrieved from /opt/airflow/dags/minio_to_snowflake.py
[2026-04-03T14:26:07.716+0000] {logging_mixin.py:188} INFO - [2026-04-03T14:26:07.715+0000] {dag.py:3089} INFO - Sync 1 DAGs
[2026-04-03T14:26:07.744+0000] {logging_mixin.py:188} INFO - [2026-04-03T14:26:07.743+0000] {dag.py:3947} INFO - Setting next_dagrun for minio_to_snowflake_pipeline to 2026-04-03 14:20:00+00:00, run_after=2026-04-03 14:30:00+00:00
[2026-04-03T14:26:07.774+0000] {processor.py:183} INFO - Processing /opt/airflow/dags/minio_to_snowflake.py took 1.188 seconds
[2026-04-03T14:26:37.897+0000] {processor.py:161} INFO - Started process (PID=5144) to work on /opt/airflow/dags/minio_to_snowflake.py
[2026-04-03T14:26:37.900+0000] {processor.py:830} INFO - Processing file /opt/airflow/dags/minio_to_snowflake.py for tasks to queue
[2026-04-03T14:26:37.902+0000] {logging_mixin.py:188} INFO - [2026-04-03T14:26:37.902+0000] {dagbag.py:545} INFO - Filling up the DagBag from /opt/airflow/dags/minio_to_snowflake.py
[2026-04-03T14:26:38.845+0000] {processor.py:840} INFO - DAG(s) 'minio_to_snowflake_pipeline' retrieved from /opt/airflow/dags/minio_to_snowflake.py
[2026-04-03T14:26:38.889+0000] {logging_mixin.py:188} INFO - [2026-04-03T14:26:38.889+0000] {dag.py:3089} INFO - Sync 1 DAGs
[2026-04-03T14:26:38.921+0000] {logging_mixin.py:188} INFO - [2026-04-03T14:26:38.921+0000] {dag.py:3947} INFO - Setting next_dagrun for minio_to_snowflake_pipeline to 2026-04-03 14:20:00+00:00, run_after=2026-04-03 14:30:00+00:00
[2026-04-03T14:26:39.106+0000] {processor.py:183} INFO - Processing /opt/airflow/dags/minio_to_snowflake.py took 1.223 seconds
[2026-04-03T14:27:09.361+0000] {processor.py:161} INFO - Started process (PID=5151) to work on /opt/airflow/dags/minio_to_snowflake.py
[2026-04-03T14:27:09.362+0000] {processor.py:830} INFO - Processing file /opt/airflow/dags/minio_to_snowflake.py for tasks to queue
[2026-04-03T14:27:09.364+0000] {logging_mixin.py:188} INFO - [2026-04-03T14:27:09.363+0000] {dagbag.py:545} INFO - Filling up the DagBag from /opt/airflow/dags/minio_to_snowflake.py
[2026-04-03T14:27:10.328+0000] {processor.py:840} INFO - DAG(s) 'minio_to_snowflake_pipeline' retrieved from /opt/airflow/dags/minio_to_snowflake.py
[2026-04-03T14:27:10.364+0000] {logging_mixin.py:188} INFO - [2026-04-03T14:27:10.363+0000] {dag.py:3089} INFO - Sync 1 DAGs
[2026-04-03T14:27:10.397+0000] {logging_mixin.py:188} INFO - [2026-04-03T14:27:10.396+0000] {dag.py:3947} INFO - Setting next_dagrun for minio_to_snowflake_pipeline to 2026-04-03 14:20:00+00:00, run_after=2026-04-03 14:30:00+00:00
[2026-04-03T14:27:10.423+0000] {processor.py:183} INFO - Processing /opt/airflow/dags/minio_to_snowflake.py took 1.070 seconds
[2026-04-03T14:27:40.669+0000] {processor.py:161} INFO - Started process (PID=5158) to work on /opt/airflow/dags/minio_to_snowflake.py
[2026-04-03T14:27:40.670+0000] {processor.py:830} INFO - Processing file /opt/airflow/dags/minio_to_snowflake.py for tasks to queue
[2026-04-03T14:27:40.673+0000] {logging_mixin.py:188} INFO - [2026-04-03T14:27:40.672+0000] {dagbag.py:545} INFO - Filling up the DagBag from /opt/airflow/dags/minio_to_snowflake.py
[2026-04-03T14:27:42.477+0000] {processor.py:840} INFO - DAG(s) 'minio_to_snowflake_pipeline' retrieved from /opt/airflow/dags/minio_to_snowflake.py
[2026-04-03T14:27:42.527+0000] {logging_mixin.py:188} INFO - [2026-04-03T14:27:42.526+0000] {dag.py:3089} INFO - Sync 1 DAGs
[2026-04-03T14:27:42.571+0000] {logging_mixin.py:188} INFO - [2026-04-03T14:27:42.570+0000] {dag.py:3947} INFO - Setting next_dagrun for minio_to_snowflake_pipeline to 2026-04-03 14:20:00+00:00, run_after=2026-04-03 14:30:00+00:00
[2026-04-03T14:27:42.608+0000] {processor.py:183} INFO - Processing /opt/airflow/dags/minio_to_snowflake.py took 1.947 seconds
[2026-04-03T14:28:12.936+0000] {processor.py:161} INFO - Started process (PID=5165) to work on /opt/airflow/dags/minio_to_snowflake.py
[2026-04-03T14:28:12.937+0000] {processor.py:830} INFO - Processing file /opt/airflow/dags/minio_to_snowflake.py for tasks to queue
[2026-04-03T14:28:12.939+0000] {logging_mixin.py:188} INFO - [2026-04-03T14:28:12.939+0000] {dagbag.py:545} INFO - Filling up the DagBag from /opt/airflow/dags/minio_to_snowflake.py
[2026-04-03T14:28:14.491+0000] {processor.py:840} INFO - DAG(s) 'minio_to_snowflake_pipeline' retrieved from /opt/airflow/dags/minio_to_snowflake.py
[2026-04-03T14:28:14.529+0000] {logging_mixin.py:188} INFO - [2026-04-03T14:28:14.528+0000] {dag.py:3089} INFO - Sync 1 DAGs
[2026-04-03T14:28:14.593+0000] {logging_mixin.py:188} INFO - [2026-04-03T14:28:14.593+0000] {dag.py:3947} INFO - Setting next_dagrun for minio_to_snowflake_pipeline to 2026-04-03 14:20:00+00:00, run_after=2026-04-03 14:30:00+00:00
[2026-04-03T14:28:14.640+0000] {processor.py:183} INFO - Processing /opt/airflow/dags/minio_to_snowflake.py took 1.718 seconds
[2026-04-03T14:28:45.343+0000] {processor.py:161} INFO - Started process (PID=5172) to work on /opt/airflow/dags/minio_to_snowflake.py
[2026-04-03T14:28:45.344+0000] {processor.py:830} INFO - Processing file /opt/airflow/dags/minio_to_snowflake.py for tasks to queue
[2026-04-03T14:28:45.346+0000] {logging_mixin.py:188} INFO - [2026-04-03T14:28:45.345+0000] {dagbag.py:545} INFO - Filling up the DagBag from /opt/airflow/dags/minio_to_snowflake.py
[2026-04-03T14:28:46.586+0000] {processor.py:840} INFO - DAG(s) 'minio_to_snowflake_pipeline' retrieved from /opt/airflow/dags/minio_to_snowflake.py
[2026-04-03T14:28:46.623+0000] {logging_mixin.py:188} INFO - [2026-04-03T14:28:46.623+0000] {dag.py:3089} INFO - Sync 1 DAGs
[2026-04-03T14:28:46.663+0000] {logging_mixin.py:188} INFO - [2026-04-03T14:28:46.662+0000] {dag.py:3947} INFO - Setting next_dagrun for minio_to_snowflake_pipeline to 2026-04-03 14:20:00+00:00, run_after=2026-04-03 14:30:00+00:00
[2026-04-03T14:28:46.903+0000] {processor.py:183} INFO - Processing /opt/airflow/dags/minio_to_snowflake.py took 1.569 seconds
[2026-04-03T14:29:17.195+0000] {processor.py:161} INFO - Started process (PID=5179) to work on /opt/airflow/dags/minio_to_snowflake.py
[2026-04-03T14:29:17.198+0000] {processor.py:830} INFO - Processing file /opt/airflow/dags/minio_to_snowflake.py for tasks to queue
[2026-04-03T14:29:17.203+0000] {logging_mixin.py:188} INFO - [2026-04-03T14:29:17.203+0000] {dagbag.py:545} INFO - Filling up the DagBag from /opt/airflow/dags/minio_to_snowflake.py
[2026-04-03T14:29:18.262+0000] {processor.py:840} INFO - DAG(s) 'minio_to_snowflake_pipeline' retrieved from /opt/airflow/dags/minio_to_snowflake.py
[2026-04-03T14:29:18.308+0000] {logging_mixin.py:188} INFO - [2026-04-03T14:29:18.305+0000] {dag.py:3089} INFO - Sync 1 DAGs
[2026-04-03T14:29:18.338+0000] {logging_mixin.py:188} INFO - [2026-04-03T14:29:18.338+0000] {dag.py:3947} INFO - Setting next_dagrun for minio_to_snowflake_pipeline to 2026-04-03 14:20:00+00:00, run_after=2026-04-03 14:30:00+00:00
[2026-04-03T14:29:18.363+0000] {processor.py:183} INFO - Processing /opt/airflow/dags/minio_to_snowflake.py took 1.194 seconds
[2026-04-03T14:29:48.625+0000] {processor.py:161} INFO - Started process (PID=5186) to work on /opt/airflow/dags/minio_to_snowflake.py
[2026-04-03T14:29:48.627+0000] {processor.py:830} INFO - Processing file /opt/airflow/dags/minio_to_snowflake.py for tasks to queue
[2026-04-03T14:29:48.628+0000] {logging_mixin.py:188} INFO - [2026-04-03T14:29:48.628+0000] {dagbag.py:545} INFO - Filling up the DagBag from /opt/airflow/dags/minio_to_snowflake.py
[2026-04-03T14:29:49.657+0000] {processor.py:840} INFO - DAG(s) 'minio_to_snowflake_pipeline' retrieved from /opt/airflow/dags/minio_to_snowflake.py
[2026-04-03T14:29:49.695+0000] {logging_mixin.py:188} INFO - [2026-04-03T14:29:49.694+0000] {dag.py:3089} INFO - Sync 1 DAGs
[2026-04-03T14:29:49.724+0000] {logging_mixin.py:188} INFO - [2026-04-03T14:29:49.724+0000] {dag.py:3947} INFO - Setting next_dagrun for minio_to_snowflake_pipeline to 2026-04-03 14:20:00+00:00, run_after=2026-04-03 14:30:00+00:00
[2026-04-03T14:29:49.776+0000] {processor.py:183} INFO - Processing /opt/airflow/dags/minio_to_snowflake.py took 1.161 seconds
[2026-04-03T14:30:19.910+0000] {processor.py:161} INFO - Started process (PID=5197) to work on /opt/airflow/dags/minio_to_snowflake.py
[2026-04-03T14:30:19.912+0000] {processor.py:830} INFO - Processing file /opt/airflow/dags/minio_to_snowflake.py for tasks to queue
[2026-04-03T14:30:19.913+0000] {logging_mixin.py:188} INFO - [2026-04-03T14:30:19.913+0000] {dagbag.py:545} INFO - Filling up the DagBag from /opt/airflow/dags/minio_to_snowflake.py
[2026-04-03T14:30:20.909+0000] {processor.py:840} INFO - DAG(s) 'minio_to_snowflake_pipeline' retrieved from /opt/airflow/dags/minio_to_snowflake.py
[2026-04-03T14:30:20.956+0000] {logging_mixin.py:188} INFO - [2026-04-03T14:30:20.955+0000] {dag.py:3089} INFO - Sync 1 DAGs
[2026-04-03T14:30:20.995+0000] {logging_mixin.py:188} INFO - [2026-04-03T14:30:20.995+0000] {dag.py:3947} INFO - Setting next_dagrun for minio_to_snowflake_pipeline to 2026-04-03 14:30:00+00:00, run_after=2026-04-03 14:40:00+00:00
[2026-04-03T14:30:21.038+0000] {processor.py:183} INFO - Processing /opt/airflow/dags/minio_to_snowflake.py took 1.138 seconds
[2026-04-03T14:30:51.222+0000] {processor.py:161} INFO - Started process (PID=5204) to work on /opt/airflow/dags/minio_to_snowflake.py
[2026-04-03T14:30:51.224+0000] {processor.py:830} INFO - Processing file /opt/airflow/dags/minio_to_snowflake.py for tasks to queue
[2026-04-03T14:30:51.227+0000] {logging_mixin.py:188} INFO - [2026-04-03T14:30:51.226+0000] {dagbag.py:545} INFO - Filling up the DagBag from /opt/airflow/dags/minio_to_snowflake.py
[2026-04-03T14:30:52.571+0000] {processor.py:840} INFO - DAG(s) 'minio_to_snowflake_pipeline' retrieved from /opt/airflow/dags/minio_to_snowflake.py
[2026-04-03T14:30:52.646+0000] {logging_mixin.py:188} INFO - [2026-04-03T14:30:52.645+0000] {dag.py:3089} INFO - Sync 1 DAGs
[2026-04-03T14:30:52.701+0000] {logging_mixin.py:188} INFO - [2026-04-03T14:30:52.700+0000] {dag.py:3947} INFO - Setting next_dagrun for minio_to_snowflake_pipeline to 2026-04-03 14:30:00+00:00, run_after=2026-04-03 14:40:00+00:00
[2026-04-03T14:30:52.959+0000] {processor.py:183} INFO - Processing /opt/airflow/dags/minio_to_snowflake.py took 1.752 seconds
[2026-04-03T14:31:23.393+0000] {processor.py:161} INFO - Started process (PID=5211) to work on /opt/airflow/dags/minio_to_snowflake.py
[2026-04-03T14:31:23.394+0000] {processor.py:830} INFO - Processing file /opt/airflow/dags/minio_to_snowflake.py for tasks to queue
[2026-04-03T14:31:23.397+0000] {logging_mixin.py:188} INFO - [2026-04-03T14:31:23.395+0000] {dagbag.py:545} INFO - Filling up the DagBag from /opt/airflow/dags/minio_to_snowflake.py
[2026-04-03T14:31:25.927+0000] {processor.py:840} INFO - DAG(s) 'minio_to_snowflake_pipeline' retrieved from /opt/airflow/dags/minio_to_snowflake.py
[2026-04-03T14:31:25.983+0000] {logging_mixin.py:188} INFO - [2026-04-03T14:31:25.981+0000] {dag.py:3089} INFO - Sync 1 DAGs
[2026-04-03T14:31:26.357+0000] {logging_mixin.py:188} INFO - [2026-04-03T14:31:26.357+0000] {dag.py:3947} INFO - Setting next_dagrun for minio_to_snowflake_pipeline to 2026-04-03 14:30:00+00:00, run_after=2026-04-03 14:40:00+00:00
[2026-04-03T14:31:26.425+0000] {processor.py:183} INFO - Processing /opt/airflow/dags/minio_to_snowflake.py took 3.047 seconds
[2026-04-03T14:31:57.205+0000] {processor.py:161} INFO - Started process (PID=5218) to work on /opt/airflow/dags/minio_to_snowflake.py
[2026-04-03T14:31:57.207+0000] {processor.py:830} INFO - Processing file /opt/airflow/dags/minio_to_snowflake.py for tasks to queue
[2026-04-03T14:31:57.209+0000] {logging_mixin.py:188} INFO - [2026-04-03T14:31:57.208+0000] {dagbag.py:545} INFO - Filling up the DagBag from /opt/airflow/dags/minio_to_snowflake.py
[2026-04-03T14:31:58.776+0000] {processor.py:840} INFO - DAG(s) 'minio_to_snowflake_pipeline' retrieved from /opt/airflow/dags/minio_to_snowflake.py
[2026-04-03T14:31:58.811+0000] {logging_mixin.py:188} INFO - [2026-04-03T14:31:58.811+0000] {dag.py:3089} INFO - Sync 1 DAGs
[2026-04-03T14:31:58.842+0000] {logging_mixin.py:188} INFO - [2026-04-03T14:31:58.842+0000] {dag.py:3947} INFO - Setting next_dagrun for minio_to_snowflake_pipeline to 2026-04-03 14:30:00+00:00, run_after=2026-04-03 14:40:00+00:00
[2026-04-03T14:31:58.865+0000] {processor.py:183} INFO - Processing /opt/airflow/dags/minio_to_snowflake.py took 1.675 seconds
[2026-04-03T14:32:29.257+0000] {processor.py:161} INFO - Started process (PID=5225) to work on /opt/airflow/dags/minio_to_snowflake.py
[2026-04-03T14:32:29.259+0000] {processor.py:830} INFO - Processing file /opt/airflow/dags/minio_to_snowflake.py for tasks to queue
[2026-04-03T14:32:29.260+0000] {logging_mixin.py:188} INFO - [2026-04-03T14:32:29.260+0000] {dagbag.py:545} INFO - Filling up the DagBag from /opt/airflow/dags/minio_to_snowflake.py
[2026-04-03T14:32:32.390+0000] {processor.py:840} INFO - DAG(s) 'minio_to_snowflake_pipeline' retrieved from /opt/airflow/dags/minio_to_snowflake.py
[2026-04-03T14:32:32.486+0000] {logging_mixin.py:188} INFO - [2026-04-03T14:32:32.480+0000] {dag.py:3089} INFO - Sync 1 DAGs
[2026-04-03T14:32:32.555+0000] {logging_mixin.py:188} INFO - [2026-04-03T14:32:32.555+0000] {dag.py:3947} INFO - Setting next_dagrun for minio_to_snowflake_pipeline to 2026-04-03 14:30:00+00:00, run_after=2026-04-03 14:40:00+00:00
[2026-04-03T14:32:32.608+0000] {processor.py:183} INFO - Processing /opt/airflow/dags/minio_to_snowflake.py took 3.364 seconds
[2026-04-03T14:33:02.929+0000] {processor.py:161} INFO - Started process (PID=5232) to work on /opt/airflow/dags/minio_to_snowflake.py
[2026-04-03T14:33:02.935+0000] {processor.py:830} INFO - Processing file /opt/airflow/dags/minio_to_snowflake.py for tasks to queue
[2026-04-03T14:33:02.938+0000] {logging_mixin.py:188} INFO - [2026-04-03T14:33:02.937+0000] {dagbag.py:545} INFO - Filling up the DagBag from /opt/airflow/dags/minio_to_snowflake.py
[2026-04-03T14:33:04.541+0000] {processor.py:840} INFO - DAG(s) 'minio_to_snowflake_pipeline' retrieved from /opt/airflow/dags/minio_to_snowflake.py
[2026-04-03T14:33:04.610+0000] {logging_mixin.py:188} INFO - [2026-04-03T14:33:04.609+0000] {dag.py:3089} INFO - Sync 1 DAGs
[2026-04-03T14:33:04.672+0000] {logging_mixin.py:188} INFO - [2026-04-03T14:33:04.671+0000] {dag.py:3947} INFO - Setting next_dagrun for minio_to_snowflake_pipeline to 2026-04-03 14:30:00+00:00, run_after=2026-04-03 14:40:00+00:00
[2026-04-03T14:33:04.936+0000] {processor.py:183} INFO - Processing /opt/airflow/dags/minio_to_snowflake.py took 2.018 seconds
[2026-04-03T14:33:35.316+0000] {processor.py:161} INFO - Started process (PID=5239) to work on /opt/airflow/dags/minio_to_snowflake.py
[2026-04-03T14:33:35.322+0000] {processor.py:830} INFO - Processing file /opt/airflow/dags/minio_to_snowflake.py for tasks to queue
[2026-04-03T14:33:35.324+0000] {logging_mixin.py:188} INFO - [2026-04-03T14:33:35.324+0000] {dagbag.py:545} INFO - Filling up the DagBag from /opt/airflow/dags/minio_to_snowflake.py
[2026-04-03T14:33:36.563+0000] {processor.py:840} INFO - DAG(s) 'minio_to_snowflake_pipeline' retrieved from /opt/airflow/dags/minio_to_snowflake.py
[2026-04-03T14:33:36.621+0000] {logging_mixin.py:188} INFO - [2026-04-03T14:33:36.613+0000] {dag.py:3089} INFO - Sync 1 DAGs
[2026-04-03T14:33:36.873+0000] {logging_mixin.py:188} INFO - [2026-04-03T14:33:36.872+0000] {dag.py:3947} INFO - Setting next_dagrun for minio_to_snowflake_pipeline to 2026-04-03 14:30:00+00:00, run_after=2026-04-03 14:40:00+00:00
[2026-04-03T14:33:36.903+0000] {processor.py:183} INFO - Processing /opt/airflow/dags/minio_to_snowflake.py took 1.598 seconds
[2026-04-03T14:34:07.728+0000] {processor.py:161} INFO - Started process (PID=5246) to work on /opt/airflow/dags/minio_to_snowflake.py
[2026-04-03T14:34:07.736+0000] {processor.py:830} INFO - Processing file /opt/airflow/dags/minio_to_snowflake.py for tasks to queue
[2026-04-03T14:34:07.742+0000] {logging_mixin.py:188} INFO - [2026-04-03T14:34:07.741+0000] {dagbag.py:545} INFO - Filling up the DagBag from /opt/airflow/dags/minio_to_snowflake.py
[2026-04-03T14:34:10.351+0000] {processor.py:840} INFO - DAG(s) 'minio_to_snowflake_pipeline' retrieved from /opt/airflow/dags/minio_to_snowflake.py
[2026-04-03T14:34:10.530+0000] {logging_mixin.py:188} INFO - [2026-04-03T14:34:10.525+0000] {dag.py:3089} INFO - Sync 1 DAGs
[2026-04-03T14:34:10.612+0000] {logging_mixin.py:188} INFO - [2026-04-03T14:34:10.612+0000] {dag.py:3947} INFO - Setting next_dagrun for minio_to_snowflake_pipeline to 2026-04-03 14:30:00+00:00, run_after=2026-04-03 14:40:00+00:00
[2026-04-03T14:34:10.666+0000] {processor.py:183} INFO - Processing /opt/airflow/dags/minio_to_snowflake.py took 2.968 seconds
[2026-04-03T14:34:41.072+0000] {processor.py:161} INFO - Started process (PID=5253) to work on /opt/airflow/dags/minio_to_snowflake.py
[2026-04-03T14:34:41.073+0000] {processor.py:830} INFO - Processing file /opt/airflow/dags/minio_to_snowflake.py for tasks to queue
[2026-04-03T14:34:41.075+0000] {logging_mixin.py:188} INFO - [2026-04-03T14:34:41.074+0000] {dagbag.py:545} INFO - Filling up the DagBag from /opt/airflow/dags/minio_to_snowflake.py
[2026-04-03T14:34:42.688+0000] {processor.py:840} INFO - DAG(s) 'minio_to_snowflake_pipeline' retrieved from /opt/airflow/dags/minio_to_snowflake.py
[2026-04-03T14:34:42.726+0000] {logging_mixin.py:188} INFO - [2026-04-03T14:34:42.725+0000] {dag.py:3089} INFO - Sync 1 DAGs
[2026-04-03T14:34:42.756+0000] {logging_mixin.py:188} INFO - [2026-04-03T14:34:42.756+0000] {dag.py:3947} INFO - Setting next_dagrun for minio_to_snowflake_pipeline to 2026-04-03 14:30:00+00:00, run_after=2026-04-03 14:40:00+00:00
[2026-04-03T14:34:42.781+0000] {processor.py:183} INFO - Processing /opt/airflow/dags/minio_to_snowflake.py took 1.718 seconds
[2026-04-03T14:35:13.466+0000] {processor.py:161} INFO - Started process (PID=5260) to work on /opt/airflow/dags/minio_to_snowflake.py
[2026-04-03T14:35:13.469+0000] {processor.py:830} INFO - Processing file /opt/airflow/dags/minio_to_snowflake.py for tasks to queue
[2026-04-03T14:35:13.471+0000] {logging_mixin.py:188} INFO - [2026-04-03T14:35:13.470+0000] {dagbag.py:545} INFO - Filling up the DagBag from /opt/airflow/dags/minio_to_snowflake.py
[2026-04-03T14:35:15.478+0000] {processor.py:840} INFO - DAG(s) 'minio_to_snowflake_pipeline' retrieved from /opt/airflow/dags/minio_to_snowflake.py
[2026-04-03T14:35:15.537+0000] {logging_mixin.py:188} INFO - [2026-04-03T14:35:15.536+0000] {dag.py:3089} INFO - Sync 1 DAGs
[2026-04-03T14:35:15.586+0000] {logging_mixin.py:188} INFO - [2026-04-03T14:35:15.585+0000] {dag.py:3947} INFO - Setting next_dagrun for minio_to_snowflake_pipeline to 2026-04-03 14:30:00+00:00, run_after=2026-04-03 14:40:00+00:00
[2026-04-03T14:35:15.876+0000] {processor.py:183} INFO - Processing /opt/airflow/dags/minio_to_snowflake.py took 2.423 seconds
[2026-04-03T14:35:45.993+0000] {processor.py:161} INFO - Started process (PID=5267) to work on /opt/airflow/dags/minio_to_snowflake.py
[2026-04-03T14:35:45.995+0000] {processor.py:830} INFO - Processing file /opt/airflow/dags/minio_to_snowflake.py for tasks to queue
[2026-04-03T14:35:45.996+0000] {logging_mixin.py:188} INFO - [2026-04-03T14:35:45.996+0000] {dagbag.py:545} INFO - Filling up the DagBag from /opt/airflow/dags/minio_to_snowflake.py
[2026-04-03T14:35:47.029+0000] {processor.py:840} INFO - DAG(s) 'minio_to_snowflake_pipeline' retrieved from /opt/airflow/dags/minio_to_snowflake.py
[2026-04-03T14:35:47.076+0000] {logging_mixin.py:188} INFO - [2026-04-03T14:35:47.073+0000] {dag.py:3089} INFO - Sync 1 DAGs
[2026-04-03T14:35:47.296+0000] {logging_mixin.py:188} INFO - [2026-04-03T14:35:47.296+0000] {dag.py:3947} INFO - Setting next_dagrun for minio_to_snowflake_pipeline to 2026-04-03 14:30:00+00:00, run_after=2026-04-03 14:40:00+00:00
[2026-04-03T14:35:47.326+0000] {processor.py:183} INFO - Processing /opt/airflow/dags/minio_to_snowflake.py took 1.340 seconds
[2026-04-03T14:36:17.768+0000] {processor.py:161} INFO - Started process (PID=5274) to work on /opt/airflow/dags/minio_to_snowflake.py
[2026-04-03T14:36:17.781+0000] {processor.py:830} INFO - Processing file /opt/airflow/dags/minio_to_snowflake.py for tasks to queue
[2026-04-03T14:36:17.788+0000] {logging_mixin.py:188} INFO - [2026-04-03T14:36:17.787+0000] {dagbag.py:545} INFO - Filling up the DagBag from /opt/airflow/dags/minio_to_snowflake.py
[2026-04-03T14:36:19.988+0000] {processor.py:840} INFO - DAG(s) 'minio_to_snowflake_pipeline' retrieved from /opt/airflow/dags/minio_to_snowflake.py
[2026-04-03T14:36:20.045+0000] {logging_mixin.py:188} INFO - [2026-04-03T14:36:20.045+0000] {dag.py:3089} INFO - Sync 1 DAGs
[2026-04-03T14:36:20.102+0000] {logging_mixin.py:188} INFO - [2026-04-03T14:36:20.094+0000] {dag.py:3947} INFO - Setting next_dagrun for minio_to_snowflake_pipeline to 2026-04-03 14:30:00+00:00, run_after=2026-04-03 14:40:00+00:00
[2026-04-03T14:36:20.134+0000] {processor.py:183} INFO - Processing /opt/airflow/dags/minio_to_snowflake.py took 2.389 seconds
[2026-04-03T14:36:50.408+0000] {processor.py:161} INFO - Started process (PID=5281) to work on /opt/airflow/dags/minio_to_snowflake.py
[2026-04-03T14:36:50.410+0000] {processor.py:830} INFO - Processing file /opt/airflow/dags/minio_to_snowflake.py for tasks to queue
[2026-04-03T14:36:50.412+0000] {logging_mixin.py:188} INFO - [2026-04-03T14:36:50.411+0000] {dagbag.py:545} INFO - Filling up the DagBag from /opt/airflow/dags/minio_to_snowflake.py
[2026-04-03T14:36:51.492+0000] {processor.py:840} INFO - DAG(s) 'minio_to_snowflake_pipeline' retrieved from /opt/airflow/dags/minio_to_snowflake.py
[2026-04-03T14:36:51.542+0000] {logging_mixin.py:188} INFO - [2026-04-03T14:36:51.542+0000] {dag.py:3089} INFO - Sync 1 DAGs
[2026-04-03T14:36:51.584+0000] {logging_mixin.py:188} INFO - [2026-04-03T14:36:51.583+0000] {dag.py:3947} INFO - Setting next_dagrun for minio_to_snowflake_pipeline to 2026-04-03 14:30:00+00:00, run_after=2026-04-03 14:40:00+00:00
[2026-04-03T14:36:51.621+0000] {processor.py:183} INFO - Processing /opt/airflow/dags/minio_to_snowflake.py took 1.230 seconds
[2026-04-03T14:37:22.011+0000] {processor.py:161} INFO - Started process (PID=5288) to work on /opt/airflow/dags/minio_to_snowflake.py
[2026-04-03T14:37:22.013+0000] {processor.py:830} INFO - Processing file /opt/airflow/dags/minio_to_snowflake.py for tasks to queue
[2026-04-03T14:37:22.016+0000] {logging_mixin.py:188} INFO - [2026-04-03T14:37:22.014+0000] {dagbag.py:545} INFO - Filling up the DagBag from /opt/airflow/dags/minio_to_snowflake.py
[2026-04-03T14:37:23.795+0000] {processor.py:840} INFO - DAG(s) 'minio_to_snowflake_pipeline' retrieved from /opt/airflow/dags/minio_to_snowflake.py
[2026-04-03T14:37:23.836+0000] {logging_mixin.py:188} INFO - [2026-04-03T14:37:23.835+0000] {dag.py:3089} INFO - Sync 1 DAGs
[2026-04-03T14:37:24.052+0000] {logging_mixin.py:188} INFO - [2026-04-03T14:37:24.051+0000] {dag.py:3947} INFO - Setting next_dagrun for minio_to_snowflake_pipeline to 2026-04-03 14:30:00+00:00, run_after=2026-04-03 14:40:00+00:00
[2026-04-03T14:37:24.096+0000] {processor.py:183} INFO - Processing /opt/airflow/dags/minio_to_snowflake.py took 2.108 seconds
[2026-04-03T14:37:54.426+0000] {processor.py:161} INFO - Started process (PID=5295) to work on /opt/airflow/dags/minio_to_snowflake.py
[2026-04-03T14:37:54.428+0000] {processor.py:830} INFO - Processing file /opt/airflow/dags/minio_to_snowflake.py for tasks to queue
[2026-04-03T14:37:54.435+0000] {logging_mixin.py:188} INFO - [2026-04-03T14:37:54.429+0000] {dagbag.py:545} INFO - Filling up the DagBag from /opt/airflow/dags/minio_to_snowflake.py
[2026-04-03T14:37:56.060+0000] {processor.py:840} INFO - DAG(s) 'minio_to_snowflake_pipeline' retrieved from /opt/airflow/dags/minio_to_snowflake.py
[2026-04-03T14:37:56.098+0000] {logging_mixin.py:188} INFO - [2026-04-03T14:37:56.097+0000] {dag.py:3089} INFO - Sync 1 DAGs
[2026-04-03T14:37:56.133+0000] {logging_mixin.py:188} INFO - [2026-04-03T14:37:56.133+0000] {dag.py:3947} INFO - Setting next_dagrun for minio_to_snowflake_pipeline to 2026-04-03 14:30:00+00:00, run_after=2026-04-03 14:40:00+00:00
[2026-04-03T14:37:56.189+0000] {processor.py:183} INFO - Processing /opt/airflow/dags/minio_to_snowflake.py took 1.790 seconds
[2026-04-03T14:38:28.753+0000] {processor.py:161} INFO - Started process (PID=5302) to work on /opt/airflow/dags/minio_to_snowflake.py
[2026-04-03T14:38:28.802+0000] {processor.py:830} INFO - Processing file /opt/airflow/dags/minio_to_snowflake.py for tasks to queue
[2026-04-03T14:38:28.823+0000] {logging_mixin.py:188} INFO - [2026-04-03T14:38:28.822+0000] {dagbag.py:545} INFO - Filling up the DagBag from /opt/airflow/dags/minio_to_snowflake.py
[2026-04-03T14:38:34.473+0000] {processor.py:840} INFO - DAG(s) 'minio_to_snowflake_pipeline' retrieved from /opt/airflow/dags/minio_to_snowflake.py
[2026-04-03T14:38:34.619+0000] {logging_mixin.py:188} INFO - [2026-04-03T14:38:34.618+0000] {dag.py:3089} INFO - Sync 1 DAGs
[2026-04-03T14:38:34.797+0000] {logging_mixin.py:188} INFO - [2026-04-03T14:38:34.796+0000] {dag.py:3947} INFO - Setting next_dagrun for minio_to_snowflake_pipeline to 2026-04-03 14:30:00+00:00, run_after=2026-04-03 14:40:00+00:00
[2026-04-03T14:38:34.906+0000] {processor.py:183} INFO - Processing /opt/airflow/dags/minio_to_snowflake.py took 6.186 seconds
[2026-04-03T14:39:05.144+0000] {processor.py:161} INFO - Started process (PID=5309) to work on /opt/airflow/dags/minio_to_snowflake.py
[2026-04-03T14:39:05.146+0000] {processor.py:830} INFO - Processing file /opt/airflow/dags/minio_to_snowflake.py for tasks to queue
[2026-04-03T14:39:05.148+0000] {logging_mixin.py:188} INFO - [2026-04-03T14:39:05.147+0000] {dagbag.py:545} INFO - Filling up the DagBag from /opt/airflow/dags/minio_to_snowflake.py
[2026-04-03T14:39:06.312+0000] {processor.py:840} INFO - DAG(s) 'minio_to_snowflake_pipeline' retrieved from /opt/airflow/dags/minio_to_snowflake.py
[2026-04-03T14:39:06.346+0000] {logging_mixin.py:188} INFO - [2026-04-03T14:39:06.345+0000] {dag.py:3089} INFO - Sync 1 DAGs
[2026-04-03T14:39:06.372+0000] {logging_mixin.py:188} INFO - [2026-04-03T14:39:06.371+0000] {dag.py:3947} INFO - Setting next_dagrun for minio_to_snowflake_pipeline to 2026-04-03 14:30:00+00:00, run_after=2026-04-03 14:40:00+00:00
[2026-04-03T14:39:06.406+0000] {processor.py:183} INFO - Processing /opt/airflow/dags/minio_to_snowflake.py took 1.270 seconds
[2026-04-03T14:39:36.586+0000] {processor.py:161} INFO - Started process (PID=5316) to work on /opt/airflow/dags/minio_to_snowflake.py
[2026-04-03T14:39:36.587+0000] {processor.py:830} INFO - Processing file /opt/airflow/dags/minio_to_snowflake.py for tasks to queue
[2026-04-03T14:39:36.589+0000] {logging_mixin.py:188} INFO - [2026-04-03T14:39:36.588+0000] {dagbag.py:545} INFO - Filling up the DagBag from /opt/airflow/dags/minio_to_snowflake.py
[2026-04-03T14:39:38.772+0000] {processor.py:840} INFO - DAG(s) 'minio_to_snowflake_pipeline' retrieved from /opt/airflow/dags/minio_to_snowflake.py
[2026-04-03T14:39:38.845+0000] {logging_mixin.py:188} INFO - [2026-04-03T14:39:38.844+0000] {dag.py:3089} INFO - Sync 1 DAGs
[2026-04-03T14:39:38.902+0000] {logging_mixin.py:188} INFO - [2026-04-03T14:39:38.902+0000] {dag.py:3947} INFO - Setting next_dagrun for minio_to_snowflake_pipeline to 2026-04-03 14:30:00+00:00, run_after=2026-04-03 14:40:00+00:00
[2026-04-03T14:39:39.231+0000] {processor.py:183} INFO - Processing /opt/airflow/dags/minio_to_snowflake.py took 2.659 seconds
[2026-04-03T14:40:10.040+0000] {processor.py:161} INFO - Started process (PID=5325) to work on /opt/airflow/dags/minio_to_snowflake.py
[2026-04-03T14:40:10.042+0000] {processor.py:830} INFO - Processing file /opt/airflow/dags/minio_to_snowflake.py for tasks to queue
[2026-04-03T14:40:10.043+0000] {logging_mixin.py:188} INFO - [2026-04-03T14:40:10.043+0000] {dagbag.py:545} INFO - Filling up the DagBag from /opt/airflow/dags/minio_to_snowflake.py
[2026-04-03T14:40:11.846+0000] {processor.py:840} INFO - DAG(s) 'minio_to_snowflake_pipeline' retrieved from /opt/airflow/dags/minio_to_snowflake.py
[2026-04-03T14:40:11.994+0000] {logging_mixin.py:188} INFO - [2026-04-03T14:40:11.988+0000] {dag.py:3089} INFO - Sync 1 DAGs
[2026-04-03T14:40:16.192+0000] {processor.py:183} INFO - Processing /opt/airflow/dags/minio_to_snowflake.py took 6.160 seconds
[2026-04-03T14:40:47.142+0000] {processor.py:161} INFO - Started process (PID=5334) to work on /opt/airflow/dags/minio_to_snowflake.py
[2026-04-03T14:40:47.144+0000] {processor.py:830} INFO - Processing file /opt/airflow/dags/minio_to_snowflake.py for tasks to queue
[2026-04-03T14:40:47.147+0000] {logging_mixin.py:188} INFO - [2026-04-03T14:40:47.146+0000] {dagbag.py:545} INFO - Filling up the DagBag from /opt/airflow/dags/minio_to_snowflake.py
[2026-04-03T14:40:50.631+0000] {processor.py:840} INFO - DAG(s) 'minio_to_snowflake_pipeline' retrieved from /opt/airflow/dags/minio_to_snowflake.py
[2026-04-03T14:40:50.669+0000] {logging_mixin.py:188} INFO - [2026-04-03T14:40:50.668+0000] {dag.py:3089} INFO - Sync 1 DAGs
[2026-04-03T14:40:50.698+0000] {logging_mixin.py:188} INFO - [2026-04-03T14:40:50.698+0000] {dag.py:3947} INFO - Setting next_dagrun for minio_to_snowflake_pipeline to 2026-04-03 14:40:00+00:00, run_after=2026-04-03 14:50:00+00:00
[2026-04-03T14:40:50.726+0000] {processor.py:183} INFO - Processing /opt/airflow/dags/minio_to_snowflake.py took 3.596 seconds
[2026-04-03T14:41:21.053+0000] {processor.py:161} INFO - Started process (PID=5341) to work on /opt/airflow/dags/minio_to_snowflake.py
[2026-04-03T14:41:21.055+0000] {processor.py:830} INFO - Processing file /opt/airflow/dags/minio_to_snowflake.py for tasks to queue
[2026-04-03T14:41:21.056+0000] {logging_mixin.py:188} INFO - [2026-04-03T14:41:21.056+0000] {dagbag.py:545} INFO - Filling up the DagBag from /opt/airflow/dags/minio_to_snowflake.py
[2026-04-03T14:41:23.187+0000] {processor.py:840} INFO - DAG(s) 'minio_to_snowflake_pipeline' retrieved from /opt/airflow/dags/minio_to_snowflake.py
[2026-04-03T14:41:23.246+0000] {logging_mixin.py:188} INFO - [2026-04-03T14:41:23.245+0000] {dag.py:3089} INFO - Sync 1 DAGs
[2026-04-03T14:41:23.296+0000] {logging_mixin.py:188} INFO - [2026-04-03T14:41:23.296+0000] {dag.py:3947} INFO - Setting next_dagrun for minio_to_snowflake_pipeline to 2026-04-03 14:40:00+00:00, run_after=2026-04-03 14:50:00+00:00
[2026-04-03T14:41:23.335+0000] {processor.py:183} INFO - Processing /opt/airflow/dags/minio_to_snowflake.py took 2.294 seconds
[2026-04-03T14:41:53.564+0000] {processor.py:161} INFO - Started process (PID=5348) to work on /opt/airflow/dags/minio_to_snowflake.py
[2026-04-03T14:41:53.567+0000] {processor.py:830} INFO - Processing file /opt/airflow/dags/minio_to_snowflake.py for tasks to queue
[2026-04-03T14:41:53.578+0000] {logging_mixin.py:188} INFO - [2026-04-03T14:41:53.577+0000] {dagbag.py:545} INFO - Filling up the DagBag from /opt/airflow/dags/minio_to_snowflake.py
[2026-04-03T14:41:55.105+0000] {processor.py:840} INFO - DAG(s) 'minio_to_snowflake_pipeline' retrieved from /opt/airflow/dags/minio_to_snowflake.py
[2026-04-03T14:41:55.151+0000] {logging_mixin.py:188} INFO - [2026-04-03T14:41:55.150+0000] {dag.py:3089} INFO - Sync 1 DAGs
[2026-04-03T14:41:55.359+0000] {logging_mixin.py:188} INFO - [2026-04-03T14:41:55.358+0000] {dag.py:3947} INFO - Setting next_dagrun for minio_to_snowflake_pipeline to 2026-04-03 14:40:00+00:00, run_after=2026-04-03 14:50:00+00:00
[2026-04-03T14:41:55.382+0000] {processor.py:183} INFO - Processing /opt/airflow/dags/minio_to_snowflake.py took 1.835 seconds
[2026-04-03T14:42:25.701+0000] {processor.py:161} INFO - Started process (PID=5355) to work on /opt/airflow/dags/minio_to_snowflake.py
[2026-04-03T14:42:25.702+0000] {processor.py:830} INFO - Processing file /opt/airflow/dags/minio_to_snowflake.py for tasks to queue
[2026-04-03T14:42:25.704+0000] {logging_mixin.py:188} INFO - [2026-04-03T14:42:25.704+0000] {dagbag.py:545} INFO - Filling up the DagBag from /opt/airflow/dags/minio_to_snowflake.py
[2026-04-03T14:42:26.691+0000] {processor.py:840} INFO - DAG(s) 'minio_to_snowflake_pipeline' retrieved from /opt/airflow/dags/minio_to_snowflake.py
[2026-04-03T14:42:26.726+0000] {logging_mixin.py:188} INFO - [2026-04-03T14:42:26.723+0000] {dag.py:3089} INFO - Sync 1 DAGs
[2026-04-03T14:42:26.909+0000] {logging_mixin.py:188} INFO - [2026-04-03T14:42:26.909+0000] {dag.py:3947} INFO - Setting next_dagrun for minio_to_snowflake_pipeline to 2026-04-03 14:40:00+00:00, run_after=2026-04-03 14:50:00+00:00
[2026-04-03T14:42:26.932+0000] {processor.py:183} INFO - Processing /opt/airflow/dags/minio_to_snowflake.py took 1.240 seconds
[2026-04-03T14:42:57.202+0000] {processor.py:161} INFO - Started process (PID=5362) to work on /opt/airflow/dags/minio_to_snowflake.py
[2026-04-03T14:42:57.204+0000] {processor.py:830} INFO - Processing file /opt/airflow/dags/minio_to_snowflake.py for tasks to queue
[2026-04-03T14:42:57.205+0000] {logging_mixin.py:188} INFO - [2026-04-03T14:42:57.205+0000] {dagbag.py:545} INFO - Filling up the DagBag from /opt/airflow/dags/minio_to_snowflake.py
[2026-04-03T14:42:58.464+0000] {processor.py:840} INFO - DAG(s) 'minio_to_snowflake_pipeline' retrieved from /opt/airflow/dags/minio_to_snowflake.py
[2026-04-03T14:42:58.497+0000] {logging_mixin.py:188} INFO - [2026-04-03T14:42:58.497+0000] {dag.py:3089} INFO - Sync 1 DAGs
[2026-04-03T14:42:58.523+0000] {logging_mixin.py:188} INFO - [2026-04-03T14:42:58.522+0000] {dag.py:3947} INFO - Setting next_dagrun for minio_to_snowflake_pipeline to 2026-04-03 14:40:00+00:00, run_after=2026-04-03 14:50:00+00:00
[2026-04-03T14:42:58.545+0000] {processor.py:183} INFO - Processing /opt/airflow/dags/minio_to_snowflake.py took 1.351 seconds
[2026-04-03T14:43:28.811+0000] {processor.py:161} INFO - Started process (PID=5369) to work on /opt/airflow/dags/minio_to_snowflake.py
[2026-04-03T14:43:28.813+0000] {processor.py:830} INFO - Processing file /opt/airflow/dags/minio_to_snowflake.py for tasks to queue
[2026-04-03T14:43:28.816+0000] {logging_mixin.py:188} INFO - [2026-04-03T14:43:28.815+0000] {dagbag.py:545} INFO - Filling up the DagBag from /opt/airflow/dags/minio_to_snowflake.py
[2026-04-03T14:43:29.797+0000] {processor.py:840} INFO - DAG(s) 'minio_to_snowflake_pipeline' retrieved from /opt/airflow/dags/minio_to_snowflake.py
[2026-04-03T14:43:29.832+0000] {logging_mixin.py:188} INFO - [2026-04-03T14:43:29.831+0000] {dag.py:3089} INFO - Sync 1 DAGs
[2026-04-03T14:43:29.858+0000] {logging_mixin.py:188} INFO - [2026-04-03T14:43:29.858+0000] {dag.py:3947} INFO - Setting next_dagrun for minio_to_snowflake_pipeline to 2026-04-03 14:40:00+00:00, run_after=2026-04-03 14:50:00+00:00
[2026-04-03T14:43:29.885+0000] {processor.py:183} INFO - Processing /opt/airflow/dags/minio_to_snowflake.py took 1.086 seconds
[2026-04-03T14:44:00.071+0000] {processor.py:161} INFO - Started process (PID=5376) to work on /opt/airflow/dags/minio_to_snowflake.py
[2026-04-03T14:44:00.072+0000] {processor.py:830} INFO - Processing file /opt/airflow/dags/minio_to_snowflake.py for tasks to queue
[2026-04-03T14:44:00.074+0000] {logging_mixin.py:188} INFO - [2026-04-03T14:44:00.073+0000] {dagbag.py:545} INFO - Filling up the DagBag from /opt/airflow/dags/minio_to_snowflake.py
[2026-04-03T14:44:01.089+0000] {processor.py:840} INFO - DAG(s) 'minio_to_snowflake_pipeline' retrieved from /opt/airflow/dags/minio_to_snowflake.py
[2026-04-03T14:44:01.128+0000] {logging_mixin.py:188} INFO - [2026-04-03T14:44:01.127+0000] {dag.py:3089} INFO - Sync 1 DAGs
[2026-04-03T14:44:01.160+0000] {logging_mixin.py:188} INFO - [2026-04-03T14:44:01.160+0000] {dag.py:3947} INFO - Setting next_dagrun for minio_to_snowflake_pipeline to 2026-04-03 14:40:00+00:00, run_after=2026-04-03 14:50:00+00:00
[2026-04-03T14:44:01.342+0000] {processor.py:183} INFO - Processing /opt/airflow/dags/minio_to_snowflake.py took 1.281 seconds
[2026-04-03T14:44:31.650+0000] {processor.py:161} INFO - Started process (PID=5383) to work on /opt/airflow/dags/minio_to_snowflake.py
[2026-04-03T14:44:31.653+0000] {processor.py:830} INFO - Processing file /opt/airflow/dags/minio_to_snowflake.py for tasks to queue
[2026-04-03T14:44:31.656+0000] {logging_mixin.py:188} INFO - [2026-04-03T14:44:31.655+0000] {dagbag.py:545} INFO - Filling up the DagBag from /opt/airflow/dags/minio_to_snowflake.py
[2026-04-03T14:44:33.021+0000] {processor.py:840} INFO - DAG(s) 'minio_to_snowflake_pipeline' retrieved from /opt/airflow/dags/minio_to_snowflake.py
[2026-04-03T14:44:33.062+0000] {logging_mixin.py:188} INFO - [2026-04-03T14:44:33.060+0000] {dag.py:3089} INFO - Sync 1 DAGs
[2026-04-03T14:44:33.317+0000] {logging_mixin.py:188} INFO - [2026-04-03T14:44:33.317+0000] {dag.py:3947} INFO - Setting next_dagrun for minio_to_snowflake_pipeline to 2026-04-03 14:40:00+00:00, run_after=2026-04-03 14:50:00+00:00
[2026-04-03T14:44:33.350+0000] {processor.py:183} INFO - Processing /opt/airflow/dags/minio_to_snowflake.py took 1.719 seconds
[2026-04-03T14:45:03.731+0000] {processor.py:161} INFO - Started process (PID=5390) to work on /opt/airflow/dags/minio_to_snowflake.py
[2026-04-03T14:45:03.733+0000] {processor.py:830} INFO - Processing file /opt/airflow/dags/minio_to_snowflake.py for tasks to queue
[2026-04-03T14:45:03.735+0000] {logging_mixin.py:188} INFO - [2026-04-03T14:45:03.735+0000] {dagbag.py:545} INFO - Filling up the DagBag from /opt/airflow/dags/minio_to_snowflake.py
[2026-04-03T14:45:05.315+0000] {processor.py:840} INFO - DAG(s) 'minio_to_snowflake_pipeline' retrieved from /opt/airflow/dags/minio_to_snowflake.py
[2026-04-03T14:45:05.356+0000] {logging_mixin.py:188} INFO - [2026-04-03T14:45:05.354+0000] {dag.py:3089} INFO - Sync 1 DAGs
[2026-04-03T14:45:05.384+0000] {logging_mixin.py:188} INFO - [2026-04-03T14:45:05.384+0000] {dag.py:3947} INFO - Setting next_dagrun for minio_to_snowflake_pipeline to 2026-04-03 14:40:00+00:00, run_after=2026-04-03 14:50:00+00:00
[2026-04-03T14:45:05.415+0000] {processor.py:183} INFO - Processing /opt/airflow/dags/minio_to_snowflake.py took 1.691 seconds
[2026-04-03T14:45:35.966+0000] {processor.py:161} INFO - Started process (PID=5397) to work on /opt/airflow/dags/minio_to_snowflake.py
[2026-04-03T14:45:35.968+0000] {processor.py:830} INFO - Processing file /opt/airflow/dags/minio_to_snowflake.py for tasks to queue
[2026-04-03T14:45:35.971+0000] {logging_mixin.py:188} INFO - [2026-04-03T14:45:35.970+0000] {dagbag.py:545} INFO - Filling up the DagBag from /opt/airflow/dags/minio_to_snowflake.py
[2026-04-03T14:45:36.818+0000] {processor.py:840} INFO - DAG(s) 'minio_to_snowflake_pipeline' retrieved from /opt/airflow/dags/minio_to_snowflake.py
[2026-04-03T14:45:36.860+0000] {logging_mixin.py:188} INFO - [2026-04-03T14:45:36.860+0000] {dag.py:3089} INFO - Sync 1 DAGs
[2026-04-03T14:45:36.896+0000] {logging_mixin.py:188} INFO - [2026-04-03T14:45:36.896+0000] {dag.py:3947} INFO - Setting next_dagrun for minio_to_snowflake_pipeline to 2026-04-03 14:40:00+00:00, run_after=2026-04-03 14:50:00+00:00
[2026-04-03T14:45:36.948+0000] {processor.py:183} INFO - Processing /opt/airflow/dags/minio_to_snowflake.py took 0.991 seconds
[2026-04-03T14:46:07.143+0000] {processor.py:161} INFO - Started process (PID=5404) to work on /opt/airflow/dags/minio_to_snowflake.py
[2026-04-03T14:46:07.145+0000] {processor.py:830} INFO - Processing file /opt/airflow/dags/minio_to_snowflake.py for tasks to queue
[2026-04-03T14:46:07.147+0000] {logging_mixin.py:188} INFO - [2026-04-03T14:46:07.147+0000] {dagbag.py:545} INFO - Filling up the DagBag from /opt/airflow/dags/minio_to_snowflake.py
[2026-04-03T14:46:09.374+0000] {processor.py:840} INFO - DAG(s) 'minio_to_snowflake_pipeline' retrieved from /opt/airflow/dags/minio_to_snowflake.py
[2026-04-03T14:46:09.442+0000] {logging_mixin.py:188} INFO - [2026-04-03T14:46:09.441+0000] {dag.py:3089} INFO - Sync 1 DAGs
[2026-04-03T14:46:09.474+0000] {logging_mixin.py:188} INFO - [2026-04-03T14:46:09.473+0000] {dag.py:3947} INFO - Setting next_dagrun for minio_to_snowflake_pipeline to 2026-04-03 14:40:00+00:00, run_after=2026-04-03 14:50:00+00:00
[2026-04-03T14:46:09.701+0000] {processor.py:183} INFO - Processing /opt/airflow/dags/minio_to_snowflake.py took 2.567 seconds
[2026-04-03T14:46:39.997+0000] {processor.py:161} INFO - Started process (PID=5411) to work on /opt/airflow/dags/minio_to_snowflake.py
[2026-04-03T14:46:39.998+0000] {processor.py:830} INFO - Processing file /opt/airflow/dags/minio_to_snowflake.py for tasks to queue
[2026-04-03T14:46:40.005+0000] {logging_mixin.py:188} INFO - [2026-04-03T14:46:40.005+0000] {dagbag.py:545} INFO - Filling up the DagBag from /opt/airflow/dags/minio_to_snowflake.py
[2026-04-03T14:46:42.375+0000] {processor.py:840} INFO - DAG(s) 'minio_to_snowflake_pipeline' retrieved from /opt/airflow/dags/minio_to_snowflake.py
[2026-04-03T14:46:42.470+0000] {logging_mixin.py:188} INFO - [2026-04-03T14:46:42.467+0000] {dag.py:3089} INFO - Sync 1 DAGs
[2026-04-03T14:46:43.395+0000] {logging_mixin.py:188} INFO - [2026-04-03T14:46:43.395+0000] {dag.py:3947} INFO - Setting next_dagrun for minio_to_snowflake_pipeline to 2026-04-03 14:40:00+00:00, run_after=2026-04-03 14:50:00+00:00
[2026-04-03T14:46:43.472+0000] {processor.py:183} INFO - Processing /opt/airflow/dags/minio_to_snowflake.py took 3.497 seconds
[2026-04-03T14:47:14.368+0000] {processor.py:161} INFO - Started process (PID=5418) to work on /opt/airflow/dags/minio_to_snowflake.py
[2026-04-03T14:47:14.370+0000] {processor.py:830} INFO - Processing file /opt/airflow/dags/minio_to_snowflake.py for tasks to queue
[2026-04-03T14:47:14.372+0000] {logging_mixin.py:188} INFO - [2026-04-03T14:47:14.371+0000] {dagbag.py:545} INFO - Filling up the DagBag from /opt/airflow/dags/minio_to_snowflake.py
[2026-04-03T14:47:15.389+0000] {processor.py:840} INFO - DAG(s) 'minio_to_snowflake_pipeline' retrieved from /opt/airflow/dags/minio_to_snowflake.py
[2026-04-03T14:47:15.423+0000] {logging_mixin.py:188} INFO - [2026-04-03T14:47:15.422+0000] {dag.py:3089} INFO - Sync 1 DAGs
[2026-04-03T14:47:15.450+0000] {logging_mixin.py:188} INFO - [2026-04-03T14:47:15.450+0000] {dag.py:3947} INFO - Setting next_dagrun for minio_to_snowflake_pipeline to 2026-04-03 14:40:00+00:00, run_after=2026-04-03 14:50:00+00:00
[2026-04-03T14:47:15.476+0000] {processor.py:183} INFO - Processing /opt/airflow/dags/minio_to_snowflake.py took 1.116 seconds
[2026-04-03T14:47:45.629+0000] {processor.py:161} INFO - Started process (PID=5425) to work on /opt/airflow/dags/minio_to_snowflake.py
[2026-04-03T14:47:45.631+0000] {processor.py:830} INFO - Processing file /opt/airflow/dags/minio_to_snowflake.py for tasks to queue
[2026-04-03T14:47:45.633+0000] {logging_mixin.py:188} INFO - [2026-04-03T14:47:45.633+0000] {dagbag.py:545} INFO - Filling up the DagBag from /opt/airflow/dags/minio_to_snowflake.py
[2026-04-03T14:47:47.831+0000] {processor.py:840} INFO - DAG(s) 'minio_to_snowflake_pipeline' retrieved from /opt/airflow/dags/minio_to_snowflake.py
[2026-04-03T14:47:47.880+0000] {logging_mixin.py:188} INFO - [2026-04-03T14:47:47.879+0000] {dag.py:3089} INFO - Sync 1 DAGs
[2026-04-03T14:47:47.950+0000] {logging_mixin.py:188} INFO - [2026-04-03T14:47:47.948+0000] {dag.py:3947} INFO - Setting next_dagrun for minio_to_snowflake_pipeline to 2026-04-03 14:40:00+00:00, run_after=2026-04-03 14:50:00+00:00
[2026-04-03T14:47:48.026+0000] {processor.py:183} INFO - Processing /opt/airflow/dags/minio_to_snowflake.py took 2.407 seconds
[2026-04-03T14:48:18.442+0000] {processor.py:161} INFO - Started process (PID=5432) to work on /opt/airflow/dags/minio_to_snowflake.py
[2026-04-03T14:48:18.444+0000] {processor.py:830} INFO - Processing file /opt/airflow/dags/minio_to_snowflake.py for tasks to queue
[2026-04-03T14:48:18.446+0000] {logging_mixin.py:188} INFO - [2026-04-03T14:48:18.445+0000] {dagbag.py:545} INFO - Filling up the DagBag from /opt/airflow/dags/minio_to_snowflake.py
[2026-04-03T14:48:19.289+0000] {processor.py:840} INFO - DAG(s) 'minio_to_snowflake_pipeline' retrieved from /opt/airflow/dags/minio_to_snowflake.py
[2026-04-03T14:48:19.334+0000] {logging_mixin.py:188} INFO - [2026-04-03T14:48:19.333+0000] {dag.py:3089} INFO - Sync 1 DAGs
[2026-04-03T14:48:19.362+0000] {logging_mixin.py:188} INFO - [2026-04-03T14:48:19.362+0000] {dag.py:3947} INFO - Setting next_dagrun for minio_to_snowflake_pipeline to 2026-04-03 14:40:00+00:00, run_after=2026-04-03 14:50:00+00:00
[2026-04-03T14:48:19.789+0000] {processor.py:183} INFO - Processing /opt/airflow/dags/minio_to_snowflake.py took 1.357 seconds
[2026-04-03T14:48:50.153+0000] {processor.py:161} INFO - Started process (PID=5439) to work on /opt/airflow/dags/minio_to_snowflake.py
[2026-04-03T14:48:50.156+0000] {processor.py:830} INFO - Processing file /opt/airflow/dags/minio_to_snowflake.py for tasks to queue
[2026-04-03T14:48:50.158+0000] {logging_mixin.py:188} INFO - [2026-04-03T14:48:50.157+0000] {dagbag.py:545} INFO - Filling up the DagBag from /opt/airflow/dags/minio_to_snowflake.py
[2026-04-03T14:48:51.510+0000] {processor.py:840} INFO - DAG(s) 'minio_to_snowflake_pipeline' retrieved from /opt/airflow/dags/minio_to_snowflake.py
[2026-04-03T14:48:51.554+0000] {logging_mixin.py:188} INFO - [2026-04-03T14:48:51.551+0000] {dag.py:3089} INFO - Sync 1 DAGs
[2026-04-03T14:48:51.749+0000] {logging_mixin.py:188} INFO - [2026-04-03T14:48:51.748+0000] {dag.py:3947} INFO - Setting next_dagrun for minio_to_snowflake_pipeline to 2026-04-03 14:40:00+00:00, run_after=2026-04-03 14:50:00+00:00
[2026-04-03T14:48:51.772+0000] {processor.py:183} INFO - Processing /opt/airflow/dags/minio_to_snowflake.py took 1.627 seconds
[2026-04-03T14:49:21.993+0000] {processor.py:161} INFO - Started process (PID=5446) to work on /opt/airflow/dags/minio_to_snowflake.py
[2026-04-03T14:49:21.995+0000] {processor.py:830} INFO - Processing file /opt/airflow/dags/minio_to_snowflake.py for tasks to queue
[2026-04-03T14:49:21.996+0000] {logging_mixin.py:188} INFO - [2026-04-03T14:49:21.996+0000] {dagbag.py:545} INFO - Filling up the DagBag from /opt/airflow/dags/minio_to_snowflake.py
[2026-04-03T14:49:23.185+0000] {processor.py:840} INFO - DAG(s) 'minio_to_snowflake_pipeline' retrieved from /opt/airflow/dags/minio_to_snowflake.py
[2026-04-03T14:49:23.266+0000] {logging_mixin.py:188} INFO - [2026-04-03T14:49:23.266+0000] {dag.py:3089} INFO - Sync 1 DAGs
[2026-04-03T14:49:23.301+0000] {logging_mixin.py:188} INFO - [2026-04-03T14:49:23.301+0000] {dag.py:3947} INFO - Setting next_dagrun for minio_to_snowflake_pipeline to 2026-04-03 14:40:00+00:00, run_after=2026-04-03 14:50:00+00:00
[2026-04-03T14:49:23.332+0000] {processor.py:183} INFO - Processing /opt/airflow/dags/minio_to_snowflake.py took 1.349 seconds
[2026-04-03T14:49:53.610+0000] {processor.py:161} INFO - Started process (PID=5453) to work on /opt/airflow/dags/minio_to_snowflake.py
[2026-04-03T14:49:53.611+0000] {processor.py:830} INFO - Processing file /opt/airflow/dags/minio_to_snowflake.py for tasks to queue
[2026-04-03T14:49:53.613+0000] {logging_mixin.py:188} INFO - [2026-04-03T14:49:53.612+0000] {dagbag.py:545} INFO - Filling up the DagBag from /opt/airflow/dags/minio_to_snowflake.py
[2026-04-03T14:49:54.709+0000] {processor.py:840} INFO - DAG(s) 'minio_to_snowflake_pipeline' retrieved from /opt/airflow/dags/minio_to_snowflake.py
[2026-04-03T14:49:54.775+0000] {logging_mixin.py:188} INFO - [2026-04-03T14:49:54.775+0000] {dag.py:3089} INFO - Sync 1 DAGs
[2026-04-03T14:49:54.812+0000] {logging_mixin.py:188} INFO - [2026-04-03T14:49:54.811+0000] {dag.py:3947} INFO - Setting next_dagrun for minio_to_snowflake_pipeline to 2026-04-03 14:40:00+00:00, run_after=2026-04-03 14:50:00+00:00
[2026-04-03T14:49:54.846+0000] {processor.py:183} INFO - Processing /opt/airflow/dags/minio_to_snowflake.py took 1.247 seconds
[2026-04-03T14:50:25.193+0000] {processor.py:161} INFO - Started process (PID=5464) to work on /opt/airflow/dags/minio_to_snowflake.py
[2026-04-03T14:50:25.207+0000] {processor.py:830} INFO - Processing file /opt/airflow/dags/minio_to_snowflake.py for tasks to queue
[2026-04-03T14:50:25.209+0000] {logging_mixin.py:188} INFO - [2026-04-03T14:50:25.208+0000] {dagbag.py:545} INFO - Filling up the DagBag from /opt/airflow/dags/minio_to_snowflake.py
[2026-04-03T14:50:27.046+0000] {processor.py:840} INFO - DAG(s) 'minio_to_snowflake_pipeline' retrieved from /opt/airflow/dags/minio_to_snowflake.py
[2026-04-03T14:50:27.101+0000] {logging_mixin.py:188} INFO - [2026-04-03T14:50:27.100+0000] {dag.py:3089} INFO - Sync 1 DAGs
[2026-04-03T14:50:27.146+0000] {logging_mixin.py:188} INFO - [2026-04-03T14:50:27.146+0000] {dag.py:3947} INFO - Setting next_dagrun for minio_to_snowflake_pipeline to 2026-04-03 14:50:00+00:00, run_after=2026-04-03 15:00:00+00:00
[2026-04-03T14:50:27.347+0000] {processor.py:183} INFO - Processing /opt/airflow/dags/minio_to_snowflake.py took 2.174 seconds
[2026-04-03T14:50:57.458+0000] {processor.py:161} INFO - Started process (PID=5471) to work on /opt/airflow/dags/minio_to_snowflake.py
[2026-04-03T14:50:57.460+0000] {processor.py:830} INFO - Processing file /opt/airflow/dags/minio_to_snowflake.py for tasks to queue
[2026-04-03T14:50:57.461+0000] {logging_mixin.py:188} INFO - [2026-04-03T14:50:57.461+0000] {dagbag.py:545} INFO - Filling up the DagBag from /opt/airflow/dags/minio_to_snowflake.py
[2026-04-03T14:50:59.544+0000] {processor.py:840} INFO - DAG(s) 'minio_to_snowflake_pipeline' retrieved from /opt/airflow/dags/minio_to_snowflake.py
[2026-04-03T14:50:59.615+0000] {logging_mixin.py:188} INFO - [2026-04-03T14:50:59.610+0000] {dag.py:3089} INFO - Sync 1 DAGs
[2026-04-03T14:50:59.826+0000] {logging_mixin.py:188} INFO - [2026-04-03T14:50:59.826+0000] {dag.py:3947} INFO - Setting next_dagrun for minio_to_snowflake_pipeline to 2026-04-03 14:50:00+00:00, run_after=2026-04-03 15:00:00+00:00
[2026-04-03T14:50:59.876+0000] {processor.py:183} INFO - Processing /opt/airflow/dags/minio_to_snowflake.py took 2.429 seconds
[2026-04-03T14:51:31.728+0000] {processor.py:161} INFO - Started process (PID=5478) to work on /opt/airflow/dags/minio_to_snowflake.py
[2026-04-03T14:51:31.741+0000] {processor.py:830} INFO - Processing file /opt/airflow/dags/minio_to_snowflake.py for tasks to queue
[2026-04-03T14:51:31.743+0000] {logging_mixin.py:188} INFO - [2026-04-03T14:51:31.743+0000] {dagbag.py:545} INFO - Filling up the DagBag from /opt/airflow/dags/minio_to_snowflake.py
[2026-04-03T14:51:40.236+0000] {processor.py:840} INFO - DAG(s) 'minio_to_snowflake_pipeline' retrieved from /opt/airflow/dags/minio_to_snowflake.py
[2026-04-03T14:51:40.589+0000] {logging_mixin.py:188} INFO - [2026-04-03T14:51:40.587+0000] {dag.py:3089} INFO - Sync 1 DAGs
[2026-04-03T14:51:40.762+0000] {logging_mixin.py:188} INFO - [2026-04-03T14:51:40.761+0000] {dag.py:3947} INFO - Setting next_dagrun for minio_to_snowflake_pipeline to 2026-04-03 14:50:00+00:00, run_after=2026-04-03 15:00:00+00:00
[2026-04-03T14:51:40.887+0000] {processor.py:183} INFO - Processing /opt/airflow/dags/minio_to_snowflake.py took 9.188 seconds
[2026-04-03T14:52:11.991+0000] {processor.py:161} INFO - Started process (PID=5485) to work on /opt/airflow/dags/minio_to_snowflake.py
[2026-04-03T14:52:12.003+0000] {processor.py:830} INFO - Processing file /opt/airflow/dags/minio_to_snowflake.py for tasks to queue
[2026-04-03T14:52:12.008+0000] {logging_mixin.py:188} INFO - [2026-04-03T14:52:12.006+0000] {dagbag.py:545} INFO - Filling up the DagBag from /opt/airflow/dags/minio_to_snowflake.py
[2026-04-03T14:52:18.372+0000] {processor.py:840} INFO - DAG(s) 'minio_to_snowflake_pipeline' retrieved from /opt/airflow/dags/minio_to_snowflake.py
[2026-04-03T14:52:18.892+0000] {logging_mixin.py:188} INFO - [2026-04-03T14:52:18.887+0000] {dag.py:3089} INFO - Sync 1 DAGs
[2026-04-03T14:52:19.189+0000] {logging_mixin.py:188} INFO - [2026-04-03T14:52:19.188+0000] {dag.py:3947} INFO - Setting next_dagrun for minio_to_snowflake_pipeline to 2026-04-03 14:50:00+00:00, run_after=2026-04-03 15:00:00+00:00
[2026-04-03T14:52:19.542+0000] {processor.py:183} INFO - Processing /opt/airflow/dags/minio_to_snowflake.py took 7.596 seconds
[2026-04-03T14:52:51.114+0000] {processor.py:161} INFO - Started process (PID=5492) to work on /opt/airflow/dags/minio_to_snowflake.py
[2026-04-03T14:52:51.117+0000] {processor.py:830} INFO - Processing file /opt/airflow/dags/minio_to_snowflake.py for tasks to queue
[2026-04-03T14:52:51.131+0000] {logging_mixin.py:188} INFO - [2026-04-03T14:52:51.125+0000] {dagbag.py:545} INFO - Filling up the DagBag from /opt/airflow/dags/minio_to_snowflake.py
[2026-04-03T14:53:02.305+0000] {processor.py:840} INFO - DAG(s) 'minio_to_snowflake_pipeline' retrieved from /opt/airflow/dags/minio_to_snowflake.py
[2026-04-03T14:53:03.172+0000] {logging_mixin.py:188} INFO - [2026-04-03T14:53:03.170+0000] {dag.py:3089} INFO - Sync 1 DAGs
[2026-04-03T14:53:10.133+0000] {logging_mixin.py:188} INFO - [2026-04-03T14:53:10.133+0000] {dag.py:3947} INFO - Setting next_dagrun for minio_to_snowflake_pipeline to 2026-04-03 14:50:00+00:00, run_after=2026-04-03 15:00:00+00:00
[2026-04-03T14:53:10.515+0000] {processor.py:183} INFO - Processing /opt/airflow/dags/minio_to_snowflake.py took 19.496 seconds
[2026-04-03T14:53:41.010+0000] {processor.py:161} INFO - Started process (PID=5499) to work on /opt/airflow/dags/minio_to_snowflake.py
[2026-04-03T14:53:41.012+0000] {processor.py:830} INFO - Processing file /opt/airflow/dags/minio_to_snowflake.py for tasks to queue
[2026-04-03T14:53:41.015+0000] {logging_mixin.py:188} INFO - [2026-04-03T14:53:41.014+0000] {dagbag.py:545} INFO - Filling up the DagBag from /opt/airflow/dags/minio_to_snowflake.py
[2026-04-03T14:53:42.555+0000] {processor.py:840} INFO - DAG(s) 'minio_to_snowflake_pipeline' retrieved from /opt/airflow/dags/minio_to_snowflake.py
[2026-04-03T14:53:42.867+0000] {logging_mixin.py:188} INFO - [2026-04-03T14:53:42.606+0000] {dag.py:3089} INFO - Sync 1 DAGs
[2026-04-03T14:53:42.891+0000] {logging_mixin.py:188} INFO - [2026-04-03T14:53:42.891+0000] {dag.py:3947} INFO - Setting next_dagrun for minio_to_snowflake_pipeline to 2026-04-03 14:50:00+00:00, run_after=2026-04-03 15:00:00+00:00
[2026-04-03T14:53:42.915+0000] {processor.py:183} INFO - Processing /opt/airflow/dags/minio_to_snowflake.py took 1.925 seconds
[2026-04-03T14:54:13.883+0000] {processor.py:161} INFO - Started process (PID=5506) to work on /opt/airflow/dags/minio_to_snowflake.py
[2026-04-03T14:54:13.885+0000] {processor.py:830} INFO - Processing file /opt/airflow/dags/minio_to_snowflake.py for tasks to queue
[2026-04-03T14:54:13.887+0000] {logging_mixin.py:188} INFO - [2026-04-03T14:54:13.886+0000] {dagbag.py:545} INFO - Filling up the DagBag from /opt/airflow/dags/minio_to_snowflake.py
[2026-04-03T14:54:15.176+0000] {processor.py:840} INFO - DAG(s) 'minio_to_snowflake_pipeline' retrieved from /opt/airflow/dags/minio_to_snowflake.py
[2026-04-03T14:54:15.217+0000] {logging_mixin.py:188} INFO - [2026-04-03T14:54:15.216+0000] {dag.py:3089} INFO - Sync 1 DAGs
[2026-04-03T14:54:15.253+0000] {logging_mixin.py:188} INFO - [2026-04-03T14:54:15.252+0000] {dag.py:3947} INFO - Setting next_dagrun for minio_to_snowflake_pipeline to 2026-04-03 14:50:00+00:00, run_after=2026-04-03 15:00:00+00:00
[2026-04-03T14:54:15.284+0000] {processor.py:183} INFO - Processing /opt/airflow/dags/minio_to_snowflake.py took 1.408 seconds
[2026-04-03T14:54:45.552+0000] {processor.py:161} INFO - Started process (PID=5513) to work on /opt/airflow/dags/minio_to_snowflake.py
[2026-04-03T14:54:45.571+0000] {processor.py:830} INFO - Processing file /opt/airflow/dags/minio_to_snowflake.py for tasks to queue
[2026-04-03T14:54:45.580+0000] {logging_mixin.py:188} INFO - [2026-04-03T14:54:45.580+0000] {dagbag.py:545} INFO - Filling up the DagBag from /opt/airflow/dags/minio_to_snowflake.py
[2026-04-03T14:54:47.988+0000] {processor.py:840} INFO - DAG(s) 'minio_to_snowflake_pipeline' retrieved from /opt/airflow/dags/minio_to_snowflake.py
[2026-04-03T14:54:48.086+0000] {logging_mixin.py:188} INFO - [2026-04-03T14:54:48.085+0000] {dag.py:3089} INFO - Sync 1 DAGs
[2026-04-03T14:54:48.258+0000] {logging_mixin.py:188} INFO - [2026-04-03T14:54:48.257+0000] {dag.py:3947} INFO - Setting next_dagrun for minio_to_snowflake_pipeline to 2026-04-03 14:50:00+00:00, run_after=2026-04-03 15:00:00+00:00
[2026-04-03T14:54:50.877+0000] {processor.py:183} INFO - Processing /opt/airflow/dags/minio_to_snowflake.py took 5.345 seconds
[2026-04-03T14:55:21.115+0000] {processor.py:161} INFO - Started process (PID=5520) to work on /opt/airflow/dags/minio_to_snowflake.py
[2026-04-03T14:55:21.117+0000] {processor.py:830} INFO - Processing file /opt/airflow/dags/minio_to_snowflake.py for tasks to queue
[2026-04-03T14:55:21.119+0000] {logging_mixin.py:188} INFO - [2026-04-03T14:55:21.118+0000] {dagbag.py:545} INFO - Filling up the DagBag from /opt/airflow/dags/minio_to_snowflake.py
[2026-04-03T14:55:22.217+0000] {processor.py:840} INFO - DAG(s) 'minio_to_snowflake_pipeline' retrieved from /opt/airflow/dags/minio_to_snowflake.py
[2026-04-03T14:55:22.260+0000] {logging_mixin.py:188} INFO - [2026-04-03T14:55:22.259+0000] {dag.py:3089} INFO - Sync 1 DAGs
[2026-04-03T14:55:22.481+0000] {logging_mixin.py:188} INFO - [2026-04-03T14:55:22.481+0000] {dag.py:3947} INFO - Setting next_dagrun for minio_to_snowflake_pipeline to 2026-04-03 14:50:00+00:00, run_after=2026-04-03 15:00:00+00:00
[2026-04-03T14:55:22.509+0000] {processor.py:183} INFO - Processing /opt/airflow/dags/minio_to_snowflake.py took 1.403 seconds
[2026-04-03T14:55:52.869+0000] {processor.py:161} INFO - Started process (PID=5527) to work on /opt/airflow/dags/minio_to_snowflake.py
[2026-04-03T14:55:52.872+0000] {processor.py:830} INFO - Processing file /opt/airflow/dags/minio_to_snowflake.py for tasks to queue
[2026-04-03T14:55:52.873+0000] {logging_mixin.py:188} INFO - [2026-04-03T14:55:52.873+0000] {dagbag.py:545} INFO - Filling up the DagBag from /opt/airflow/dags/minio_to_snowflake.py
[2026-04-03T14:55:54.023+0000] {processor.py:840} INFO - DAG(s) 'minio_to_snowflake_pipeline' retrieved from /opt/airflow/dags/minio_to_snowflake.py
[2026-04-03T14:55:54.249+0000] {logging_mixin.py:188} INFO - [2026-04-03T14:55:54.056+0000] {dag.py:3089} INFO - Sync 1 DAGs
[2026-04-03T14:55:54.277+0000] {logging_mixin.py:188} INFO - [2026-04-03T14:55:54.277+0000] {dag.py:3947} INFO - Setting next_dagrun for minio_to_snowflake_pipeline to 2026-04-03 14:50:00+00:00, run_after=2026-04-03 15:00:00+00:00
[2026-04-03T14:55:54.316+0000] {processor.py:183} INFO - Processing /opt/airflow/dags/minio_to_snowflake.py took 1.456 seconds
[2026-04-03T14:56:24.964+0000] {processor.py:161} INFO - Started process (PID=5534) to work on /opt/airflow/dags/minio_to_snowflake.py
[2026-04-03T14:56:24.968+0000] {processor.py:830} INFO - Processing file /opt/airflow/dags/minio_to_snowflake.py for tasks to queue
[2026-04-03T14:56:24.971+0000] {logging_mixin.py:188} INFO - [2026-04-03T14:56:24.971+0000] {dagbag.py:545} INFO - Filling up the DagBag from /opt/airflow/dags/minio_to_snowflake.py
[2026-04-03T14:56:26.431+0000] {processor.py:840} INFO - DAG(s) 'minio_to_snowflake_pipeline' retrieved from /opt/airflow/dags/minio_to_snowflake.py
[2026-04-03T14:56:26.491+0000] {logging_mixin.py:188} INFO - [2026-04-03T14:56:26.490+0000] {dag.py:3089} INFO - Sync 1 DAGs
[2026-04-03T14:56:26.519+0000] {logging_mixin.py:188} INFO - [2026-04-03T14:56:26.518+0000] {dag.py:3947} INFO - Setting next_dagrun for minio_to_snowflake_pipeline to 2026-04-03 14:50:00+00:00, run_after=2026-04-03 15:00:00+00:00
[2026-04-03T14:56:26.543+0000] {processor.py:183} INFO - Processing /opt/airflow/dags/minio_to_snowflake.py took 1.599 seconds
[2026-04-03T14:56:57.108+0000] {processor.py:161} INFO - Started process (PID=5541) to work on /opt/airflow/dags/minio_to_snowflake.py
[2026-04-03T14:56:57.110+0000] {processor.py:830} INFO - Processing file /opt/airflow/dags/minio_to_snowflake.py for tasks to queue
[2026-04-03T14:56:57.112+0000] {logging_mixin.py:188} INFO - [2026-04-03T14:56:57.112+0000] {dagbag.py:545} INFO - Filling up the DagBag from /opt/airflow/dags/minio_to_snowflake.py
[2026-04-03T14:56:58.826+0000] {processor.py:840} INFO - DAG(s) 'minio_to_snowflake_pipeline' retrieved from /opt/airflow/dags/minio_to_snowflake.py
[2026-04-03T14:56:58.897+0000] {logging_mixin.py:188} INFO - [2026-04-03T14:56:58.896+0000] {dag.py:3089} INFO - Sync 1 DAGs
[2026-04-03T14:56:58.976+0000] {logging_mixin.py:188} INFO - [2026-04-03T14:56:58.975+0000] {dag.py:3947} INFO - Setting next_dagrun for minio_to_snowflake_pipeline to 2026-04-03 14:50:00+00:00, run_after=2026-04-03 15:00:00+00:00
[2026-04-03T14:56:59.538+0000] {processor.py:183} INFO - Processing /opt/airflow/dags/minio_to_snowflake.py took 2.451 seconds
[2026-04-03T14:57:29.779+0000] {processor.py:161} INFO - Started process (PID=5548) to work on /opt/airflow/dags/minio_to_snowflake.py
[2026-04-03T14:57:29.780+0000] {processor.py:830} INFO - Processing file /opt/airflow/dags/minio_to_snowflake.py for tasks to queue
[2026-04-03T14:57:29.782+0000] {logging_mixin.py:188} INFO - [2026-04-03T14:57:29.781+0000] {dagbag.py:545} INFO - Filling up the DagBag from /opt/airflow/dags/minio_to_snowflake.py
[2026-04-03T14:57:30.981+0000] {processor.py:840} INFO - DAG(s) 'minio_to_snowflake_pipeline' retrieved from /opt/airflow/dags/minio_to_snowflake.py
[2026-04-03T14:57:31.017+0000] {logging_mixin.py:188} INFO - [2026-04-03T14:57:31.016+0000] {dag.py:3089} INFO - Sync 1 DAGs
[2026-04-03T14:57:31.209+0000] {logging_mixin.py:188} INFO - [2026-04-03T14:57:31.209+0000] {dag.py:3947} INFO - Setting next_dagrun for minio_to_snowflake_pipeline to 2026-04-03 14:50:00+00:00, run_after=2026-04-03 15:00:00+00:00
[2026-04-03T14:57:31.233+0000] {processor.py:183} INFO - Processing /opt/airflow/dags/minio_to_snowflake.py took 1.463 seconds
[2026-04-03T14:58:01.509+0000] {processor.py:161} INFO - Started process (PID=5555) to work on /opt/airflow/dags/minio_to_snowflake.py
[2026-04-03T14:58:01.511+0000] {processor.py:830} INFO - Processing file /opt/airflow/dags/minio_to_snowflake.py for tasks to queue
[2026-04-03T14:58:01.512+0000] {logging_mixin.py:188} INFO - [2026-04-03T14:58:01.512+0000] {dagbag.py:545} INFO - Filling up the DagBag from /opt/airflow/dags/minio_to_snowflake.py
[2026-04-03T14:58:02.535+0000] {processor.py:840} INFO - DAG(s) 'minio_to_snowflake_pipeline' retrieved from /opt/airflow/dags/minio_to_snowflake.py
[2026-04-03T14:58:02.724+0000] {logging_mixin.py:188} INFO - [2026-04-03T14:58:02.571+0000] {dag.py:3089} INFO - Sync 1 DAGs
[2026-04-03T14:58:02.747+0000] {logging_mixin.py:188} INFO - [2026-04-03T14:58:02.747+0000] {dag.py:3947} INFO - Setting next_dagrun for minio_to_snowflake_pipeline to 2026-04-03 14:50:00+00:00, run_after=2026-04-03 15:00:00+00:00
[2026-04-03T14:58:02.770+0000] {processor.py:183} INFO - Processing /opt/airflow/dags/minio_to_snowflake.py took 1.270 seconds
[2026-04-03T14:58:33.032+0000] {processor.py:161} INFO - Started process (PID=5562) to work on /opt/airflow/dags/minio_to_snowflake.py
[2026-04-03T14:58:33.034+0000] {processor.py:830} INFO - Processing file /opt/airflow/dags/minio_to_snowflake.py for tasks to queue
[2026-04-03T14:58:33.035+0000] {logging_mixin.py:188} INFO - [2026-04-03T14:58:33.035+0000] {dagbag.py:545} INFO - Filling up the DagBag from /opt/airflow/dags/minio_to_snowflake.py
[2026-04-03T14:58:33.903+0000] {processor.py:840} INFO - DAG(s) 'minio_to_snowflake_pipeline' retrieved from /opt/airflow/dags/minio_to_snowflake.py
[2026-04-03T14:58:33.938+0000] {logging_mixin.py:188} INFO - [2026-04-03T14:58:33.937+0000] {dag.py:3089} INFO - Sync 1 DAGs
[2026-04-03T14:58:33.964+0000] {logging_mixin.py:188} INFO - [2026-04-03T14:58:33.964+0000] {dag.py:3947} INFO - Setting next_dagrun for minio_to_snowflake_pipeline to 2026-04-03 14:50:00+00:00, run_after=2026-04-03 15:00:00+00:00
[2026-04-03T14:58:33.989+0000] {processor.py:183} INFO - Processing /opt/airflow/dags/minio_to_snowflake.py took 0.965 seconds
[2026-04-03T14:59:04.310+0000] {processor.py:161} INFO - Started process (PID=5569) to work on /opt/airflow/dags/minio_to_snowflake.py
[2026-04-03T14:59:04.312+0000] {processor.py:830} INFO - Processing file /opt/airflow/dags/minio_to_snowflake.py for tasks to queue
[2026-04-03T14:59:04.314+0000] {logging_mixin.py:188} INFO - [2026-04-03T14:59:04.313+0000] {dagbag.py:545} INFO - Filling up the DagBag from /opt/airflow/dags/minio_to_snowflake.py
[2026-04-03T14:59:05.618+0000] {processor.py:840} INFO - DAG(s) 'minio_to_snowflake_pipeline' retrieved from /opt/airflow/dags/minio_to_snowflake.py
[2026-04-03T14:59:05.658+0000] {logging_mixin.py:188} INFO - [2026-04-03T14:59:05.657+0000] {dag.py:3089} INFO - Sync 1 DAGs
[2026-04-03T14:59:05.689+0000] {logging_mixin.py:188} INFO - [2026-04-03T14:59:05.688+0000] {dag.py:3947} INFO - Setting next_dagrun for minio_to_snowflake_pipeline to 2026-04-03 14:50:00+00:00, run_after=2026-04-03 15:00:00+00:00
[2026-04-03T14:59:05.720+0000] {processor.py:183} INFO - Processing /opt/airflow/dags/minio_to_snowflake.py took 1.421 seconds
[2026-04-03T14:59:36.133+0000] {processor.py:161} INFO - Started process (PID=5576) to work on /opt/airflow/dags/minio_to_snowflake.py
[2026-04-03T14:59:36.136+0000] {processor.py:830} INFO - Processing file /opt/airflow/dags/minio_to_snowflake.py for tasks to queue
[2026-04-03T14:59:36.138+0000] {logging_mixin.py:188} INFO - [2026-04-03T14:59:36.138+0000] {dagbag.py:545} INFO - Filling up the DagBag from /opt/airflow/dags/minio_to_snowflake.py
[2026-04-03T14:59:37.449+0000] {processor.py:840} INFO - DAG(s) 'minio_to_snowflake_pipeline' retrieved from /opt/airflow/dags/minio_to_snowflake.py
[2026-04-03T14:59:37.491+0000] {logging_mixin.py:188} INFO - [2026-04-03T14:59:37.490+0000] {dag.py:3089} INFO - Sync 1 DAGs
[2026-04-03T14:59:37.525+0000] {logging_mixin.py:188} INFO - [2026-04-03T14:59:37.524+0000] {dag.py:3947} INFO - Setting next_dagrun for minio_to_snowflake_pipeline to 2026-04-03 14:50:00+00:00, run_after=2026-04-03 15:00:00+00:00
[2026-04-03T14:59:37.727+0000] {processor.py:183} INFO - Processing /opt/airflow/dags/minio_to_snowflake.py took 1.603 seconds
[2026-04-03T15:00:08.157+0000] {processor.py:161} INFO - Started process (PID=5587) to work on /opt/airflow/dags/minio_to_snowflake.py
[2026-04-03T15:00:08.158+0000] {processor.py:830} INFO - Processing file /opt/airflow/dags/minio_to_snowflake.py for tasks to queue
[2026-04-03T15:00:08.160+0000] {logging_mixin.py:188} INFO - [2026-04-03T15:00:08.160+0000] {dagbag.py:545} INFO - Filling up the DagBag from /opt/airflow/dags/minio_to_snowflake.py
[2026-04-03T15:00:09.910+0000] {processor.py:840} INFO - DAG(s) 'minio_to_snowflake_pipeline' retrieved from /opt/airflow/dags/minio_to_snowflake.py
[2026-04-03T15:00:09.952+0000] {logging_mixin.py:188} INFO - [2026-04-03T15:00:09.948+0000] {dag.py:3089} INFO - Sync 1 DAGs
[2026-04-03T15:00:10.182+0000] {logging_mixin.py:188} INFO - [2026-04-03T15:00:10.181+0000] {dag.py:3947} INFO - Setting next_dagrun for minio_to_snowflake_pipeline to 2026-04-03 15:00:00+00:00, run_after=2026-04-03 15:10:00+00:00
[2026-04-03T15:00:10.215+0000] {processor.py:183} INFO - Processing /opt/airflow/dags/minio_to_snowflake.py took 2.070 seconds
[2026-04-03T15:00:41.008+0000] {processor.py:161} INFO - Started process (PID=5594) to work on /opt/airflow/dags/minio_to_snowflake.py
[2026-04-03T15:00:41.010+0000] {processor.py:830} INFO - Processing file /opt/airflow/dags/minio_to_snowflake.py for tasks to queue
[2026-04-03T15:00:41.012+0000] {logging_mixin.py:188} INFO - [2026-04-03T15:00:41.011+0000] {dagbag.py:545} INFO - Filling up the DagBag from /opt/airflow/dags/minio_to_snowflake.py
[2026-04-03T15:00:42.137+0000] {processor.py:840} INFO - DAG(s) 'minio_to_snowflake_pipeline' retrieved from /opt/airflow/dags/minio_to_snowflake.py
[2026-04-03T15:00:42.434+0000] {logging_mixin.py:188} INFO - [2026-04-03T15:00:42.434+0000] {dag.py:3089} INFO - Sync 1 DAGs
[2026-04-03T15:00:42.465+0000] {logging_mixin.py:188} INFO - [2026-04-03T15:00:42.464+0000] {dag.py:3947} INFO - Setting next_dagrun for minio_to_snowflake_pipeline to 2026-04-03 15:00:00+00:00, run_after=2026-04-03 15:10:00+00:00
[2026-04-03T15:00:42.487+0000] {processor.py:183} INFO - Processing /opt/airflow/dags/minio_to_snowflake.py took 1.490 seconds
[2026-04-03T15:01:13.172+0000] {processor.py:161} INFO - Started process (PID=5601) to work on /opt/airflow/dags/minio_to_snowflake.py
[2026-04-03T15:01:13.175+0000] {processor.py:830} INFO - Processing file /opt/airflow/dags/minio_to_snowflake.py for tasks to queue
[2026-04-03T15:01:13.181+0000] {logging_mixin.py:188} INFO - [2026-04-03T15:01:13.180+0000] {dagbag.py:545} INFO - Filling up the DagBag from /opt/airflow/dags/minio_to_snowflake.py
[2026-04-03T15:01:15.874+0000] {processor.py:840} INFO - DAG(s) 'minio_to_snowflake_pipeline' retrieved from /opt/airflow/dags/minio_to_snowflake.py
[2026-04-03T15:01:15.930+0000] {logging_mixin.py:188} INFO - [2026-04-03T15:01:15.929+0000] {dag.py:3089} INFO - Sync 1 DAGs
[2026-04-03T15:01:15.968+0000] {logging_mixin.py:188} INFO - [2026-04-03T15:01:15.968+0000] {dag.py:3947} INFO - Setting next_dagrun for minio_to_snowflake_pipeline to 2026-04-03 15:00:00+00:00, run_after=2026-04-03 15:10:00+00:00
[2026-04-03T15:01:16.014+0000] {processor.py:183} INFO - Processing /opt/airflow/dags/minio_to_snowflake.py took 2.863 seconds
[2026-04-03T15:01:46.484+0000] {processor.py:161} INFO - Started process (PID=5608) to work on /opt/airflow/dags/minio_to_snowflake.py
[2026-04-03T15:01:46.486+0000] {processor.py:830} INFO - Processing file /opt/airflow/dags/minio_to_snowflake.py for tasks to queue
[2026-04-03T15:01:46.487+0000] {logging_mixin.py:188} INFO - [2026-04-03T15:01:46.487+0000] {dagbag.py:545} INFO - Filling up the DagBag from /opt/airflow/dags/minio_to_snowflake.py
[2026-04-03T15:01:47.499+0000] {processor.py:840} INFO - DAG(s) 'minio_to_snowflake_pipeline' retrieved from /opt/airflow/dags/minio_to_snowflake.py
[2026-04-03T15:01:47.540+0000] {logging_mixin.py:188} INFO - [2026-04-03T15:01:47.540+0000] {dag.py:3089} INFO - Sync 1 DAGs
[2026-04-03T15:01:47.575+0000] {logging_mixin.py:188} INFO - [2026-04-03T15:01:47.575+0000] {dag.py:3947} INFO - Setting next_dagrun for minio_to_snowflake_pipeline to 2026-04-03 15:00:00+00:00, run_after=2026-04-03 15:10:00+00:00
[2026-04-03T15:01:47.775+0000] {processor.py:183} INFO - Processing /opt/airflow/dags/minio_to_snowflake.py took 1.300 seconds
[2026-04-03T15:02:17.871+0000] {processor.py:161} INFO - Started process (PID=5615) to work on /opt/airflow/dags/minio_to_snowflake.py
[2026-04-03T15:02:17.873+0000] {processor.py:830} INFO - Processing file /opt/airflow/dags/minio_to_snowflake.py for tasks to queue
[2026-04-03T15:02:17.875+0000] {logging_mixin.py:188} INFO - [2026-04-03T15:02:17.874+0000] {dagbag.py:545} INFO - Filling up the DagBag from /opt/airflow/dags/minio_to_snowflake.py
[2026-04-03T15:02:18.888+0000] {processor.py:840} INFO - DAG(s) 'minio_to_snowflake_pipeline' retrieved from /opt/airflow/dags/minio_to_snowflake.py
[2026-04-03T15:02:18.949+0000] {logging_mixin.py:188} INFO - [2026-04-03T15:02:18.942+0000] {dag.py:3089} INFO - Sync 1 DAGs
[2026-04-03T15:02:19.236+0000] {logging_mixin.py:188} INFO - [2026-04-03T15:02:19.236+0000] {dag.py:3947} INFO - Setting next_dagrun for minio_to_snowflake_pipeline to 2026-04-03 15:00:00+00:00, run_after=2026-04-03 15:10:00+00:00
[2026-04-03T15:02:19.264+0000] {processor.py:183} INFO - Processing /opt/airflow/dags/minio_to_snowflake.py took 1.401 seconds
[2026-04-03T15:02:49.472+0000] {processor.py:161} INFO - Started process (PID=5622) to work on /opt/airflow/dags/minio_to_snowflake.py
[2026-04-03T15:02:49.473+0000] {processor.py:830} INFO - Processing file /opt/airflow/dags/minio_to_snowflake.py for tasks to queue
[2026-04-03T15:02:49.474+0000] {logging_mixin.py:188} INFO - [2026-04-03T15:02:49.474+0000] {dagbag.py:545} INFO - Filling up the DagBag from /opt/airflow/dags/minio_to_snowflake.py
[2026-04-03T15:02:50.535+0000] {processor.py:840} INFO - DAG(s) 'minio_to_snowflake_pipeline' retrieved from /opt/airflow/dags/minio_to_snowflake.py
[2026-04-03T15:02:50.761+0000] {logging_mixin.py:188} INFO - [2026-04-03T15:02:50.760+0000] {dag.py:3089} INFO - Sync 1 DAGs
[2026-04-03T15:02:50.824+0000] {logging_mixin.py:188} INFO - [2026-04-03T15:02:50.824+0000] {dag.py:3947} INFO - Setting next_dagrun for minio_to_snowflake_pipeline to 2026-04-03 15:00:00+00:00, run_after=2026-04-03 15:10:00+00:00
[2026-04-03T15:02:50.889+0000] {processor.py:183} INFO - Processing /opt/airflow/dags/minio_to_snowflake.py took 1.426 seconds
[2026-04-03T15:03:21.411+0000] {processor.py:161} INFO - Started process (PID=5629) to work on /opt/airflow/dags/minio_to_snowflake.py
[2026-04-03T15:03:21.414+0000] {processor.py:830} INFO - Processing file /opt/airflow/dags/minio_to_snowflake.py for tasks to queue
[2026-04-03T15:03:21.417+0000] {logging_mixin.py:188} INFO - [2026-04-03T15:03:21.416+0000] {dagbag.py:545} INFO - Filling up the DagBag from /opt/airflow/dags/minio_to_snowflake.py
[2026-04-03T15:03:23.355+0000] {processor.py:840} INFO - DAG(s) 'minio_to_snowflake_pipeline' retrieved from /opt/airflow/dags/minio_to_snowflake.py
[2026-04-03T15:03:23.402+0000] {logging_mixin.py:188} INFO - [2026-04-03T15:03:23.402+0000] {dag.py:3089} INFO - Sync 1 DAGs
[2026-04-03T15:03:23.444+0000] {logging_mixin.py:188} INFO - [2026-04-03T15:03:23.443+0000] {dag.py:3947} INFO - Setting next_dagrun for minio_to_snowflake_pipeline to 2026-04-03 15:00:00+00:00, run_after=2026-04-03 15:10:00+00:00
[2026-04-03T15:03:23.493+0000] {processor.py:183} INFO - Processing /opt/airflow/dags/minio_to_snowflake.py took 2.098 seconds
[2026-04-03T15:03:53.832+0000] {processor.py:161} INFO - Started process (PID=5636) to work on /opt/airflow/dags/minio_to_snowflake.py
[2026-04-03T15:03:53.834+0000] {processor.py:830} INFO - Processing file /opt/airflow/dags/minio_to_snowflake.py for tasks to queue
[2026-04-03T15:03:53.836+0000] {logging_mixin.py:188} INFO - [2026-04-03T15:03:53.836+0000] {dagbag.py:545} INFO - Filling up the DagBag from /opt/airflow/dags/minio_to_snowflake.py
[2026-04-03T15:03:55.490+0000] {processor.py:840} INFO - DAG(s) 'minio_to_snowflake_pipeline' retrieved from /opt/airflow/dags/minio_to_snowflake.py
[2026-04-03T15:03:55.528+0000] {logging_mixin.py:188} INFO - [2026-04-03T15:03:55.527+0000] {dag.py:3089} INFO - Sync 1 DAGs
[2026-04-03T15:03:55.565+0000] {logging_mixin.py:188} INFO - [2026-04-03T15:03:55.565+0000] {dag.py:3947} INFO - Setting next_dagrun for minio_to_snowflake_pipeline to 2026-04-03 15:00:00+00:00, run_after=2026-04-03 15:10:00+00:00
[2026-04-03T15:03:55.785+0000] {processor.py:183} INFO - Processing /opt/airflow/dags/minio_to_snowflake.py took 1.962 seconds
[2026-04-03T15:04:26.380+0000] {processor.py:161} INFO - Started process (PID=5643) to work on /opt/airflow/dags/minio_to_snowflake.py
[2026-04-03T15:04:26.385+0000] {processor.py:830} INFO - Processing file /opt/airflow/dags/minio_to_snowflake.py for tasks to queue
[2026-04-03T15:04:26.388+0000] {logging_mixin.py:188} INFO - [2026-04-03T15:04:26.387+0000] {dagbag.py:545} INFO - Filling up the DagBag from /opt/airflow/dags/minio_to_snowflake.py
[2026-04-03T15:04:27.362+0000] {processor.py:840} INFO - DAG(s) 'minio_to_snowflake_pipeline' retrieved from /opt/airflow/dags/minio_to_snowflake.py
[2026-04-03T15:04:27.399+0000] {logging_mixin.py:188} INFO - [2026-04-03T15:04:27.396+0000] {dag.py:3089} INFO - Sync 1 DAGs
[2026-04-03T15:04:27.702+0000] {logging_mixin.py:188} INFO - [2026-04-03T15:04:27.701+0000] {dag.py:3947} INFO - Setting next_dagrun for minio_to_snowflake_pipeline to 2026-04-03 15:00:00+00:00, run_after=2026-04-03 15:10:00+00:00
[2026-04-03T15:04:27.732+0000] {processor.py:183} INFO - Processing /opt/airflow/dags/minio_to_snowflake.py took 1.365 seconds
[2026-04-03T15:04:58.231+0000] {processor.py:161} INFO - Started process (PID=5650) to work on /opt/airflow/dags/minio_to_snowflake.py
[2026-04-03T15:04:58.233+0000] {processor.py:830} INFO - Processing file /opt/airflow/dags/minio_to_snowflake.py for tasks to queue
[2026-04-03T15:04:58.235+0000] {logging_mixin.py:188} INFO - [2026-04-03T15:04:58.234+0000] {dagbag.py:545} INFO - Filling up the DagBag from /opt/airflow/dags/minio_to_snowflake.py
[2026-04-03T15:04:59.862+0000] {processor.py:840} INFO - DAG(s) 'minio_to_snowflake_pipeline' retrieved from /opt/airflow/dags/minio_to_snowflake.py
[2026-04-03T15:05:00.103+0000] {logging_mixin.py:188} INFO - [2026-04-03T15:05:00.102+0000] {dag.py:3089} INFO - Sync 1 DAGs
[2026-04-03T15:05:00.125+0000] {logging_mixin.py:188} INFO - [2026-04-03T15:05:00.125+0000] {dag.py:3947} INFO - Setting next_dagrun for minio_to_snowflake_pipeline to 2026-04-03 15:00:00+00:00, run_after=2026-04-03 15:10:00+00:00
[2026-04-03T15:05:00.148+0000] {processor.py:183} INFO - Processing /opt/airflow/dags/minio_to_snowflake.py took 1.928 seconds
[2026-04-03T15:05:30.451+0000] {processor.py:161} INFO - Started process (PID=5657) to work on /opt/airflow/dags/minio_to_snowflake.py
[2026-04-03T15:05:30.455+0000] {processor.py:830} INFO - Processing file /opt/airflow/dags/minio_to_snowflake.py for tasks to queue
[2026-04-03T15:05:30.458+0000] {logging_mixin.py:188} INFO - [2026-04-03T15:05:30.457+0000] {dagbag.py:545} INFO - Filling up the DagBag from /opt/airflow/dags/minio_to_snowflake.py
[2026-04-03T15:05:33.028+0000] {processor.py:840} INFO - DAG(s) 'minio_to_snowflake_pipeline' retrieved from /opt/airflow/dags/minio_to_snowflake.py
[2026-04-03T15:05:33.111+0000] {logging_mixin.py:188} INFO - [2026-04-03T15:05:33.110+0000] {dag.py:3089} INFO - Sync 1 DAGs
[2026-04-03T15:05:33.192+0000] {logging_mixin.py:188} INFO - [2026-04-03T15:05:33.192+0000] {dag.py:3947} INFO - Setting next_dagrun for minio_to_snowflake_pipeline to 2026-04-03 15:00:00+00:00, run_after=2026-04-03 15:10:00+00:00
[2026-04-03T15:05:33.248+0000] {processor.py:183} INFO - Processing /opt/airflow/dags/minio_to_snowflake.py took 2.810 seconds
[2026-04-03T15:06:03.583+0000] {processor.py:161} INFO - Started process (PID=5664) to work on /opt/airflow/dags/minio_to_snowflake.py
[2026-04-03T15:06:03.585+0000] {processor.py:830} INFO - Processing file /opt/airflow/dags/minio_to_snowflake.py for tasks to queue
[2026-04-03T15:06:03.586+0000] {logging_mixin.py:188} INFO - [2026-04-03T15:06:03.586+0000] {dagbag.py:545} INFO - Filling up the DagBag from /opt/airflow/dags/minio_to_snowflake.py
[2026-04-03T15:06:04.520+0000] {processor.py:840} INFO - DAG(s) 'minio_to_snowflake_pipeline' retrieved from /opt/airflow/dags/minio_to_snowflake.py
[2026-04-03T15:06:04.558+0000] {logging_mixin.py:188} INFO - [2026-04-03T15:06:04.557+0000] {dag.py:3089} INFO - Sync 1 DAGs
[2026-04-03T15:06:04.610+0000] {logging_mixin.py:188} INFO - [2026-04-03T15:06:04.608+0000] {dag.py:3947} INFO - Setting next_dagrun for minio_to_snowflake_pipeline to 2026-04-03 15:00:00+00:00, run_after=2026-04-03 15:10:00+00:00
[2026-04-03T15:06:05.005+0000] {processor.py:183} INFO - Processing /opt/airflow/dags/minio_to_snowflake.py took 1.430 seconds
[2026-04-03T15:06:35.450+0000] {processor.py:161} INFO - Started process (PID=5671) to work on /opt/airflow/dags/minio_to_snowflake.py
[2026-04-03T15:06:35.452+0000] {processor.py:830} INFO - Processing file /opt/airflow/dags/minio_to_snowflake.py for tasks to queue
[2026-04-03T15:06:35.454+0000] {logging_mixin.py:188} INFO - [2026-04-03T15:06:35.453+0000] {dagbag.py:545} INFO - Filling up the DagBag from /opt/airflow/dags/minio_to_snowflake.py
[2026-04-03T15:06:36.367+0000] {processor.py:840} INFO - DAG(s) 'minio_to_snowflake_pipeline' retrieved from /opt/airflow/dags/minio_to_snowflake.py
[2026-04-03T15:06:36.405+0000] {logging_mixin.py:188} INFO - [2026-04-03T15:06:36.403+0000] {dag.py:3089} INFO - Sync 1 DAGs
[2026-04-03T15:06:36.603+0000] {logging_mixin.py:188} INFO - [2026-04-03T15:06:36.603+0000] {dag.py:3947} INFO - Setting next_dagrun for minio_to_snowflake_pipeline to 2026-04-03 15:00:00+00:00, run_after=2026-04-03 15:10:00+00:00
[2026-04-03T15:06:36.626+0000] {processor.py:183} INFO - Processing /opt/airflow/dags/minio_to_snowflake.py took 1.185 seconds
[2026-04-03T15:07:06.843+0000] {processor.py:161} INFO - Started process (PID=5678) to work on /opt/airflow/dags/minio_to_snowflake.py
[2026-04-03T15:07:06.845+0000] {processor.py:830} INFO - Processing file /opt/airflow/dags/minio_to_snowflake.py for tasks to queue
[2026-04-03T15:07:06.848+0000] {logging_mixin.py:188} INFO - [2026-04-03T15:07:06.846+0000] {dagbag.py:545} INFO - Filling up the DagBag from /opt/airflow/dags/minio_to_snowflake.py
[2026-04-03T15:07:08.961+0000] {processor.py:840} INFO - DAG(s) 'minio_to_snowflake_pipeline' retrieved from /opt/airflow/dags/minio_to_snowflake.py
[2026-04-03T15:07:09.525+0000] {logging_mixin.py:188} INFO - [2026-04-03T15:07:09.524+0000] {dag.py:3089} INFO - Sync 1 DAGs
[2026-04-03T15:07:09.616+0000] {logging_mixin.py:188} INFO - [2026-04-03T15:07:09.615+0000] {dag.py:3947} INFO - Setting next_dagrun for minio_to_snowflake_pipeline to 2026-04-03 15:00:00+00:00, run_after=2026-04-03 15:10:00+00:00
[2026-04-03T15:07:09.708+0000] {processor.py:183} INFO - Processing /opt/airflow/dags/minio_to_snowflake.py took 2.881 seconds
[2026-04-03T15:07:40.202+0000] {processor.py:161} INFO - Started process (PID=5685) to work on /opt/airflow/dags/minio_to_snowflake.py
[2026-04-03T15:07:40.204+0000] {processor.py:830} INFO - Processing file /opt/airflow/dags/minio_to_snowflake.py for tasks to queue
[2026-04-03T15:07:40.207+0000] {logging_mixin.py:188} INFO - [2026-04-03T15:07:40.206+0000] {dagbag.py:545} INFO - Filling up the DagBag from /opt/airflow/dags/minio_to_snowflake.py
[2026-04-03T15:07:41.979+0000] {processor.py:840} INFO - DAG(s) 'minio_to_snowflake_pipeline' retrieved from /opt/airflow/dags/minio_to_snowflake.py
[2026-04-03T15:07:42.090+0000] {logging_mixin.py:188} INFO - [2026-04-03T15:07:42.089+0000] {dag.py:3089} INFO - Sync 1 DAGs
[2026-04-03T15:07:42.212+0000] {logging_mixin.py:188} INFO - [2026-04-03T15:07:42.202+0000] {dag.py:3947} INFO - Setting next_dagrun for minio_to_snowflake_pipeline to 2026-04-03 15:00:00+00:00, run_after=2026-04-03 15:10:00+00:00
[2026-04-03T15:07:42.362+0000] {processor.py:183} INFO - Processing /opt/airflow/dags/minio_to_snowflake.py took 2.171 seconds
[2026-04-03T15:08:12.672+0000] {processor.py:161} INFO - Started process (PID=5692) to work on /opt/airflow/dags/minio_to_snowflake.py
[2026-04-03T15:08:12.674+0000] {processor.py:830} INFO - Processing file /opt/airflow/dags/minio_to_snowflake.py for tasks to queue
[2026-04-03T15:08:12.676+0000] {logging_mixin.py:188} INFO - [2026-04-03T15:08:12.675+0000] {dagbag.py:545} INFO - Filling up the DagBag from /opt/airflow/dags/minio_to_snowflake.py
[2026-04-03T15:08:13.719+0000] {processor.py:840} INFO - DAG(s) 'minio_to_snowflake_pipeline' retrieved from /opt/airflow/dags/minio_to_snowflake.py
[2026-04-03T15:08:13.761+0000] {logging_mixin.py:188} INFO - [2026-04-03T15:08:13.760+0000] {dag.py:3089} INFO - Sync 1 DAGs
[2026-04-03T15:08:13.798+0000] {logging_mixin.py:188} INFO - [2026-04-03T15:08:13.797+0000] {dag.py:3947} INFO - Setting next_dagrun for minio_to_snowflake_pipeline to 2026-04-03 15:00:00+00:00, run_after=2026-04-03 15:10:00+00:00
[2026-04-03T15:08:13.999+0000] {processor.py:183} INFO - Processing /opt/airflow/dags/minio_to_snowflake.py took 1.343 seconds
[2026-04-03T15:08:44.478+0000] {processor.py:161} INFO - Started process (PID=5699) to work on /opt/airflow/dags/minio_to_snowflake.py
[2026-04-03T15:08:44.480+0000] {processor.py:830} INFO - Processing file /opt/airflow/dags/minio_to_snowflake.py for tasks to queue
[2026-04-03T15:08:44.486+0000] {logging_mixin.py:188} INFO - [2026-04-03T15:08:44.486+0000] {dagbag.py:545} INFO - Filling up the DagBag from /opt/airflow/dags/minio_to_snowflake.py
[2026-04-03T15:08:46.472+0000] {processor.py:840} INFO - DAG(s) 'minio_to_snowflake_pipeline' retrieved from /opt/airflow/dags/minio_to_snowflake.py
[2026-04-03T15:08:46.515+0000] {logging_mixin.py:188} INFO - [2026-04-03T15:08:46.511+0000] {dag.py:3089} INFO - Sync 1 DAGs
[2026-04-03T15:08:46.758+0000] {logging_mixin.py:188} INFO - [2026-04-03T15:08:46.758+0000] {dag.py:3947} INFO - Setting next_dagrun for minio_to_snowflake_pipeline to 2026-04-03 15:00:00+00:00, run_after=2026-04-03 15:10:00+00:00
[2026-04-03T15:08:46.807+0000] {processor.py:183} INFO - Processing /opt/airflow/dags/minio_to_snowflake.py took 2.347 seconds
[2026-04-03T15:09:17.396+0000] {processor.py:161} INFO - Started process (PID=5706) to work on /opt/airflow/dags/minio_to_snowflake.py
[2026-04-03T15:09:17.397+0000] {processor.py:830} INFO - Processing file /opt/airflow/dags/minio_to_snowflake.py for tasks to queue
[2026-04-03T15:09:17.400+0000] {logging_mixin.py:188} INFO - [2026-04-03T15:09:17.398+0000] {dagbag.py:545} INFO - Filling up the DagBag from /opt/airflow/dags/minio_to_snowflake.py
[2026-04-03T15:09:18.451+0000] {processor.py:840} INFO - DAG(s) 'minio_to_snowflake_pipeline' retrieved from /opt/airflow/dags/minio_to_snowflake.py
[2026-04-03T15:09:18.720+0000] {logging_mixin.py:188} INFO - [2026-04-03T15:09:18.719+0000] {dag.py:3089} INFO - Sync 1 DAGs
[2026-04-03T15:09:18.768+0000] {logging_mixin.py:188} INFO - [2026-04-03T15:09:18.768+0000] {dag.py:3947} INFO - Setting next_dagrun for minio_to_snowflake_pipeline to 2026-04-03 15:00:00+00:00, run_after=2026-04-03 15:10:00+00:00
[2026-04-03T15:09:18.814+0000] {processor.py:183} INFO - Processing /opt/airflow/dags/minio_to_snowflake.py took 1.427 seconds
[2026-04-03T15:09:49.027+0000] {processor.py:161} INFO - Started process (PID=5713) to work on /opt/airflow/dags/minio_to_snowflake.py
[2026-04-03T15:09:49.029+0000] {processor.py:830} INFO - Processing file /opt/airflow/dags/minio_to_snowflake.py for tasks to queue
[2026-04-03T15:09:49.030+0000] {logging_mixin.py:188} INFO - [2026-04-03T15:09:49.030+0000] {dagbag.py:545} INFO - Filling up the DagBag from /opt/airflow/dags/minio_to_snowflake.py
[2026-04-03T15:09:50.246+0000] {processor.py:840} INFO - DAG(s) 'minio_to_snowflake_pipeline' retrieved from /opt/airflow/dags/minio_to_snowflake.py
[2026-04-03T15:09:50.288+0000] {logging_mixin.py:188} INFO - [2026-04-03T15:09:50.287+0000] {dag.py:3089} INFO - Sync 1 DAGs
[2026-04-03T15:09:50.317+0000] {logging_mixin.py:188} INFO - [2026-04-03T15:09:50.317+0000] {dag.py:3947} INFO - Setting next_dagrun for minio_to_snowflake_pipeline to 2026-04-03 15:00:00+00:00, run_after=2026-04-03 15:10:00+00:00
[2026-04-03T15:09:50.349+0000] {processor.py:183} INFO - Processing /opt/airflow/dags/minio_to_snowflake.py took 1.330 seconds
[2026-04-03T15:10:20.880+0000] {processor.py:161} INFO - Started process (PID=5724) to work on /opt/airflow/dags/minio_to_snowflake.py
[2026-04-03T15:10:20.884+0000] {processor.py:830} INFO - Processing file /opt/airflow/dags/minio_to_snowflake.py for tasks to queue
[2026-04-03T15:10:20.886+0000] {logging_mixin.py:188} INFO - [2026-04-03T15:10:20.886+0000] {dagbag.py:545} INFO - Filling up the DagBag from /opt/airflow/dags/minio_to_snowflake.py
[2026-04-03T15:10:22.450+0000] {processor.py:840} INFO - DAG(s) 'minio_to_snowflake_pipeline' retrieved from /opt/airflow/dags/minio_to_snowflake.py
[2026-04-03T15:10:22.493+0000] {logging_mixin.py:188} INFO - [2026-04-03T15:10:22.492+0000] {dag.py:3089} INFO - Sync 1 DAGs
[2026-04-03T15:10:22.530+0000] {logging_mixin.py:188} INFO - [2026-04-03T15:10:22.530+0000] {dag.py:3947} INFO - Setting next_dagrun for minio_to_snowflake_pipeline to 2026-04-03 15:10:00+00:00, run_after=2026-04-03 15:20:00+00:00
[2026-04-03T15:10:22.730+0000] {processor.py:183} INFO - Processing /opt/airflow/dags/minio_to_snowflake.py took 1.867 seconds
[2026-04-03T15:10:53.154+0000] {processor.py:161} INFO - Started process (PID=5731) to work on /opt/airflow/dags/minio_to_snowflake.py
[2026-04-03T15:10:53.156+0000] {processor.py:830} INFO - Processing file /opt/airflow/dags/minio_to_snowflake.py for tasks to queue
[2026-04-03T15:10:53.159+0000] {logging_mixin.py:188} INFO - [2026-04-03T15:10:53.158+0000] {dagbag.py:545} INFO - Filling up the DagBag from /opt/airflow/dags/minio_to_snowflake.py
[2026-04-03T15:10:54.179+0000] {processor.py:840} INFO - DAG(s) 'minio_to_snowflake_pipeline' retrieved from /opt/airflow/dags/minio_to_snowflake.py
[2026-04-03T15:10:54.231+0000] {logging_mixin.py:188} INFO - [2026-04-03T15:10:54.228+0000] {dag.py:3089} INFO - Sync 1 DAGs
[2026-04-03T15:10:54.690+0000] {logging_mixin.py:188} INFO - [2026-04-03T15:10:54.690+0000] {dag.py:3947} INFO - Setting next_dagrun for minio_to_snowflake_pipeline to 2026-04-03 15:10:00+00:00, run_after=2026-04-03 15:20:00+00:00
[2026-04-03T15:10:54.753+0000] {processor.py:183} INFO - Processing /opt/airflow/dags/minio_to_snowflake.py took 1.608 seconds
[2026-04-03T15:11:25.272+0000] {processor.py:161} INFO - Started process (PID=5738) to work on /opt/airflow/dags/minio_to_snowflake.py
[2026-04-03T15:11:25.274+0000] {processor.py:830} INFO - Processing file /opt/airflow/dags/minio_to_snowflake.py for tasks to queue
[2026-04-03T15:11:25.275+0000] {logging_mixin.py:188} INFO - [2026-04-03T15:11:25.275+0000] {dagbag.py:545} INFO - Filling up the DagBag from /opt/airflow/dags/minio_to_snowflake.py
[2026-04-03T15:11:26.205+0000] {processor.py:840} INFO - DAG(s) 'minio_to_snowflake_pipeline' retrieved from /opt/airflow/dags/minio_to_snowflake.py
[2026-04-03T15:11:26.414+0000] {logging_mixin.py:188} INFO - [2026-04-03T15:11:26.413+0000] {dag.py:3089} INFO - Sync 1 DAGs
[2026-04-03T15:11:26.439+0000] {logging_mixin.py:188} INFO - [2026-04-03T15:11:26.438+0000] {dag.py:3947} INFO - Setting next_dagrun for minio_to_snowflake_pipeline to 2026-04-03 15:10:00+00:00, run_after=2026-04-03 15:20:00+00:00
[2026-04-03T15:11:26.464+0000] {processor.py:183} INFO - Processing /opt/airflow/dags/minio_to_snowflake.py took 1.200 seconds
[2026-04-03T15:11:56.773+0000] {processor.py:161} INFO - Started process (PID=5745) to work on /opt/airflow/dags/minio_to_snowflake.py
[2026-04-03T15:11:56.774+0000] {processor.py:830} INFO - Processing file /opt/airflow/dags/minio_to_snowflake.py for tasks to queue
[2026-04-03T15:11:56.776+0000] {logging_mixin.py:188} INFO - [2026-04-03T15:11:56.775+0000] {dagbag.py:545} INFO - Filling up the DagBag from /opt/airflow/dags/minio_to_snowflake.py
[2026-04-03T15:11:57.745+0000] {processor.py:840} INFO - DAG(s) 'minio_to_snowflake_pipeline' retrieved from /opt/airflow/dags/minio_to_snowflake.py
[2026-04-03T15:11:57.789+0000] {logging_mixin.py:188} INFO - [2026-04-03T15:11:57.788+0000] {dag.py:3089} INFO - Sync 1 DAGs
[2026-04-03T15:11:57.817+0000] {logging_mixin.py:188} INFO - [2026-04-03T15:11:57.816+0000] {dag.py:3947} INFO - Setting next_dagrun for minio_to_snowflake_pipeline to 2026-04-03 15:10:00+00:00, run_after=2026-04-03 15:20:00+00:00
[2026-04-03T15:11:57.843+0000] {processor.py:183} INFO - Processing /opt/airflow/dags/minio_to_snowflake.py took 1.079 seconds
[2026-04-03T15:12:27.995+0000] {processor.py:161} INFO - Started process (PID=5752) to work on /opt/airflow/dags/minio_to_snowflake.py
[2026-04-03T15:12:27.997+0000] {processor.py:830} INFO - Processing file /opt/airflow/dags/minio_to_snowflake.py for tasks to queue
[2026-04-03T15:12:27.998+0000] {logging_mixin.py:188} INFO - [2026-04-03T15:12:27.998+0000] {dagbag.py:545} INFO - Filling up the DagBag from /opt/airflow/dags/minio_to_snowflake.py
[2026-04-03T15:12:29.087+0000] {processor.py:840} INFO - DAG(s) 'minio_to_snowflake_pipeline' retrieved from /opt/airflow/dags/minio_to_snowflake.py
[2026-04-03T15:12:29.131+0000] {logging_mixin.py:188} INFO - [2026-04-03T15:12:29.130+0000] {dag.py:3089} INFO - Sync 1 DAGs
[2026-04-03T15:12:29.163+0000] {logging_mixin.py:188} INFO - [2026-04-03T15:12:29.163+0000] {dag.py:3947} INFO - Setting next_dagrun for minio_to_snowflake_pipeline to 2026-04-03 15:10:00+00:00, run_after=2026-04-03 15:20:00+00:00
[2026-04-03T15:12:29.447+0000] {processor.py:183} INFO - Processing /opt/airflow/dags/minio_to_snowflake.py took 1.461 seconds
[2026-04-03T15:12:59.818+0000] {processor.py:161} INFO - Started process (PID=5759) to work on /opt/airflow/dags/minio_to_snowflake.py
[2026-04-03T15:12:59.821+0000] {processor.py:830} INFO - Processing file /opt/airflow/dags/minio_to_snowflake.py for tasks to queue
[2026-04-03T15:12:59.823+0000] {logging_mixin.py:188} INFO - [2026-04-03T15:12:59.822+0000] {dagbag.py:545} INFO - Filling up the DagBag from /opt/airflow/dags/minio_to_snowflake.py
[2026-04-03T15:13:01.454+0000] {processor.py:840} INFO - DAG(s) 'minio_to_snowflake_pipeline' retrieved from /opt/airflow/dags/minio_to_snowflake.py
[2026-04-03T15:13:01.536+0000] {logging_mixin.py:188} INFO - [2026-04-03T15:13:01.532+0000] {dag.py:3089} INFO - Sync 1 DAGs
[2026-04-03T15:13:01.923+0000] {logging_mixin.py:188} INFO - [2026-04-03T15:13:01.922+0000] {dag.py:3947} INFO - Setting next_dagrun for minio_to_snowflake_pipeline to 2026-04-03 15:10:00+00:00, run_after=2026-04-03 15:20:00+00:00
[2026-04-03T15:13:01.945+0000] {processor.py:183} INFO - Processing /opt/airflow/dags/minio_to_snowflake.py took 2.147 seconds
[2026-04-03T15:13:32.036+0000] {processor.py:161} INFO - Started process (PID=5766) to work on /opt/airflow/dags/minio_to_snowflake.py
[2026-04-03T15:13:32.037+0000] {processor.py:830} INFO - Processing file /opt/airflow/dags/minio_to_snowflake.py for tasks to queue
[2026-04-03T15:13:32.039+0000] {logging_mixin.py:188} INFO - [2026-04-03T15:13:32.038+0000] {dagbag.py:545} INFO - Filling up the DagBag from /opt/airflow/dags/minio_to_snowflake.py
[2026-04-03T15:13:32.981+0000] {processor.py:840} INFO - DAG(s) 'minio_to_snowflake_pipeline' retrieved from /opt/airflow/dags/minio_to_snowflake.py
[2026-04-03T15:13:33.171+0000] {logging_mixin.py:188} INFO - [2026-04-03T15:13:33.170+0000] {dag.py:3089} INFO - Sync 1 DAGs
[2026-04-03T15:13:33.201+0000] {logging_mixin.py:188} INFO - [2026-04-03T15:13:33.201+0000] {dag.py:3947} INFO - Setting next_dagrun for minio_to_snowflake_pipeline to 2026-04-03 15:10:00+00:00, run_after=2026-04-03 15:20:00+00:00
[2026-04-03T15:13:33.225+0000] {processor.py:183} INFO - Processing /opt/airflow/dags/minio_to_snowflake.py took 1.199 seconds
[2026-04-03T15:14:03.491+0000] {processor.py:161} INFO - Started process (PID=5773) to work on /opt/airflow/dags/minio_to_snowflake.py
[2026-04-03T15:14:03.492+0000] {processor.py:830} INFO - Processing file /opt/airflow/dags/minio_to_snowflake.py for tasks to queue
[2026-04-03T15:14:03.494+0000] {logging_mixin.py:188} INFO - [2026-04-03T15:14:03.493+0000] {dagbag.py:545} INFO - Filling up the DagBag from /opt/airflow/dags/minio_to_snowflake.py
[2026-04-03T15:14:04.385+0000] {processor.py:840} INFO - DAG(s) 'minio_to_snowflake_pipeline' retrieved from /opt/airflow/dags/minio_to_snowflake.py
[2026-04-03T15:14:04.422+0000] {logging_mixin.py:188} INFO - [2026-04-03T15:14:04.421+0000] {dag.py:3089} INFO - Sync 1 DAGs
[2026-04-03T15:14:04.451+0000] {logging_mixin.py:188} INFO - [2026-04-03T15:14:04.450+0000] {dag.py:3947} INFO - Setting next_dagrun for minio_to_snowflake_pipeline to 2026-04-03 15:10:00+00:00, run_after=2026-04-03 15:20:00+00:00
[2026-04-03T15:14:04.482+0000] {processor.py:183} INFO - Processing /opt/airflow/dags/minio_to_snowflake.py took 1.002 seconds
[2026-04-03T15:14:34.803+0000] {processor.py:161} INFO - Started process (PID=5780) to work on /opt/airflow/dags/minio_to_snowflake.py
[2026-04-03T15:14:34.804+0000] {processor.py:830} INFO - Processing file /opt/airflow/dags/minio_to_snowflake.py for tasks to queue
[2026-04-03T15:14:34.806+0000] {logging_mixin.py:188} INFO - [2026-04-03T15:14:34.805+0000] {dagbag.py:545} INFO - Filling up the DagBag from /opt/airflow/dags/minio_to_snowflake.py
[2026-04-03T15:14:35.781+0000] {processor.py:840} INFO - DAG(s) 'minio_to_snowflake_pipeline' retrieved from /opt/airflow/dags/minio_to_snowflake.py
[2026-04-03T15:14:35.827+0000] {logging_mixin.py:188} INFO - [2026-04-03T15:14:35.827+0000] {dag.py:3089} INFO - Sync 1 DAGs
[2026-04-03T15:14:35.889+0000] {logging_mixin.py:188} INFO - [2026-04-03T15:14:35.888+0000] {dag.py:3947} INFO - Setting next_dagrun for minio_to_snowflake_pipeline to 2026-04-03 15:10:00+00:00, run_after=2026-04-03 15:20:00+00:00
[2026-04-03T15:14:36.083+0000] {processor.py:183} INFO - Processing /opt/airflow/dags/minio_to_snowflake.py took 1.292 seconds
[2026-04-03T15:15:06.468+0000] {processor.py:161} INFO - Started process (PID=5787) to work on /opt/airflow/dags/minio_to_snowflake.py
[2026-04-03T15:15:06.469+0000] {processor.py:830} INFO - Processing file /opt/airflow/dags/minio_to_snowflake.py for tasks to queue
[2026-04-03T15:15:06.471+0000] {logging_mixin.py:188} INFO - [2026-04-03T15:15:06.471+0000] {dagbag.py:545} INFO - Filling up the DagBag from /opt/airflow/dags/minio_to_snowflake.py
[2026-04-03T15:15:07.370+0000] {processor.py:840} INFO - DAG(s) 'minio_to_snowflake_pipeline' retrieved from /opt/airflow/dags/minio_to_snowflake.py
[2026-04-03T15:15:07.410+0000] {logging_mixin.py:188} INFO - [2026-04-03T15:15:07.408+0000] {dag.py:3089} INFO - Sync 1 DAGs
[2026-04-03T15:15:07.604+0000] {logging_mixin.py:188} INFO - [2026-04-03T15:15:07.604+0000] {dag.py:3947} INFO - Setting next_dagrun for minio_to_snowflake_pipeline to 2026-04-03 15:10:00+00:00, run_after=2026-04-03 15:20:00+00:00
[2026-04-03T15:15:07.647+0000] {processor.py:183} INFO - Processing /opt/airflow/dags/minio_to_snowflake.py took 1.188 seconds
[2026-04-03T15:15:37.990+0000] {processor.py:161} INFO - Started process (PID=5794) to work on /opt/airflow/dags/minio_to_snowflake.py
[2026-04-03T15:15:37.992+0000] {processor.py:830} INFO - Processing file /opt/airflow/dags/minio_to_snowflake.py for tasks to queue
[2026-04-03T15:15:37.994+0000] {logging_mixin.py:188} INFO - [2026-04-03T15:15:37.994+0000] {dagbag.py:545} INFO - Filling up the DagBag from /opt/airflow/dags/minio_to_snowflake.py
[2026-04-03T15:15:41.069+0000] {processor.py:840} INFO - DAG(s) 'minio_to_snowflake_pipeline' retrieved from /opt/airflow/dags/minio_to_snowflake.py
[2026-04-03T15:15:41.626+0000] {logging_mixin.py:188} INFO - [2026-04-03T15:15:41.624+0000] {dag.py:3089} INFO - Sync 1 DAGs
[2026-04-03T15:15:41.796+0000] {logging_mixin.py:188} INFO - [2026-04-03T15:15:41.795+0000] {dag.py:3947} INFO - Setting next_dagrun for minio_to_snowflake_pipeline to 2026-04-03 15:10:00+00:00, run_after=2026-04-03 15:20:00+00:00
[2026-04-03T15:15:41.993+0000] {processor.py:183} INFO - Processing /opt/airflow/dags/minio_to_snowflake.py took 4.018 seconds
[2026-04-03T15:16:12.534+0000] {processor.py:161} INFO - Started process (PID=5801) to work on /opt/airflow/dags/minio_to_snowflake.py
[2026-04-03T15:16:12.535+0000] {processor.py:830} INFO - Processing file /opt/airflow/dags/minio_to_snowflake.py for tasks to queue
[2026-04-03T15:16:12.537+0000] {logging_mixin.py:188} INFO - [2026-04-03T15:16:12.536+0000] {dagbag.py:545} INFO - Filling up the DagBag from /opt/airflow/dags/minio_to_snowflake.py
[2026-04-03T15:16:13.487+0000] {processor.py:840} INFO - DAG(s) 'minio_to_snowflake_pipeline' retrieved from /opt/airflow/dags/minio_to_snowflake.py
[2026-04-03T15:16:13.528+0000] {logging_mixin.py:188} INFO - [2026-04-03T15:16:13.527+0000] {dag.py:3089} INFO - Sync 1 DAGs
[2026-04-03T15:16:13.557+0000] {logging_mixin.py:188} INFO - [2026-04-03T15:16:13.557+0000] {dag.py:3947} INFO - Setting next_dagrun for minio_to_snowflake_pipeline to 2026-04-03 15:10:00+00:00, run_after=2026-04-03 15:20:00+00:00
[2026-04-03T15:16:13.586+0000] {processor.py:183} INFO - Processing /opt/airflow/dags/minio_to_snowflake.py took 1.061 seconds
[2026-04-03T15:16:43.772+0000] {processor.py:161} INFO - Started process (PID=5808) to work on /opt/airflow/dags/minio_to_snowflake.py
[2026-04-03T15:16:43.773+0000] {processor.py:830} INFO - Processing file /opt/airflow/dags/minio_to_snowflake.py for tasks to queue
[2026-04-03T15:16:43.775+0000] {logging_mixin.py:188} INFO - [2026-04-03T15:16:43.775+0000] {dagbag.py:545} INFO - Filling up the DagBag from /opt/airflow/dags/minio_to_snowflake.py
[2026-04-03T15:16:44.940+0000] {processor.py:840} INFO - DAG(s) 'minio_to_snowflake_pipeline' retrieved from /opt/airflow/dags/minio_to_snowflake.py
[2026-04-03T15:16:44.979+0000] {logging_mixin.py:188} INFO - [2026-04-03T15:16:44.979+0000] {dag.py:3089} INFO - Sync 1 DAGs
[2026-04-03T15:16:45.014+0000] {logging_mixin.py:188} INFO - [2026-04-03T15:16:45.013+0000] {dag.py:3947} INFO - Setting next_dagrun for minio_to_snowflake_pipeline to 2026-04-03 15:10:00+00:00, run_after=2026-04-03 15:20:00+00:00
[2026-04-03T15:16:45.217+0000] {processor.py:183} INFO - Processing /opt/airflow/dags/minio_to_snowflake.py took 1.454 seconds
[2026-04-03T15:17:15.686+0000] {processor.py:161} INFO - Started process (PID=5815) to work on /opt/airflow/dags/minio_to_snowflake.py
[2026-04-03T15:17:15.688+0000] {processor.py:830} INFO - Processing file /opt/airflow/dags/minio_to_snowflake.py for tasks to queue
[2026-04-03T15:17:15.690+0000] {logging_mixin.py:188} INFO - [2026-04-03T15:17:15.690+0000] {dagbag.py:545} INFO - Filling up the DagBag from /opt/airflow/dags/minio_to_snowflake.py
[2026-04-03T15:17:16.729+0000] {processor.py:840} INFO - DAG(s) 'minio_to_snowflake_pipeline' retrieved from /opt/airflow/dags/minio_to_snowflake.py
[2026-04-03T15:17:16.935+0000] {logging_mixin.py:188} INFO - [2026-04-03T15:17:16.771+0000] {dag.py:3089} INFO - Sync 1 DAGs
[2026-04-03T15:17:16.966+0000] {logging_mixin.py:188} INFO - [2026-04-03T15:17:16.966+0000] {dag.py:3947} INFO - Setting next_dagrun for minio_to_snowflake_pipeline to 2026-04-03 15:10:00+00:00, run_after=2026-04-03 15:20:00+00:00
[2026-04-03T15:17:16.990+0000] {processor.py:183} INFO - Processing /opt/airflow/dags/minio_to_snowflake.py took 1.314 seconds
[2026-04-03T15:17:47.527+0000] {processor.py:161} INFO - Started process (PID=5822) to work on /opt/airflow/dags/minio_to_snowflake.py
[2026-04-03T15:17:47.529+0000] {processor.py:830} INFO - Processing file /opt/airflow/dags/minio_to_snowflake.py for tasks to queue
[2026-04-03T15:17:47.530+0000] {logging_mixin.py:188} INFO - [2026-04-03T15:17:47.530+0000] {dagbag.py:545} INFO - Filling up the DagBag from /opt/airflow/dags/minio_to_snowflake.py
[2026-04-03T15:17:50.028+0000] {processor.py:840} INFO - DAG(s) 'minio_to_snowflake_pipeline' retrieved from /opt/airflow/dags/minio_to_snowflake.py
[2026-04-03T15:17:50.363+0000] {logging_mixin.py:188} INFO - [2026-04-03T15:17:50.362+0000] {dag.py:3089} INFO - Sync 1 DAGs
[2026-04-03T15:17:50.411+0000] {logging_mixin.py:188} INFO - [2026-04-03T15:17:50.410+0000] {dag.py:3947} INFO - Setting next_dagrun for minio_to_snowflake_pipeline to 2026-04-03 15:10:00+00:00, run_after=2026-04-03 15:20:00+00:00
[2026-04-03T15:17:50.451+0000] {processor.py:183} INFO - Processing /opt/airflow/dags/minio_to_snowflake.py took 2.934 seconds
[2026-04-03T15:18:20.758+0000] {processor.py:161} INFO - Started process (PID=5829) to work on /opt/airflow/dags/minio_to_snowflake.py
[2026-04-03T15:18:20.759+0000] {processor.py:830} INFO - Processing file /opt/airflow/dags/minio_to_snowflake.py for tasks to queue
[2026-04-03T15:18:20.761+0000] {logging_mixin.py:188} INFO - [2026-04-03T15:18:20.760+0000] {dagbag.py:545} INFO - Filling up the DagBag from /opt/airflow/dags/minio_to_snowflake.py
[2026-04-03T15:18:21.878+0000] {processor.py:840} INFO - DAG(s) 'minio_to_snowflake_pipeline' retrieved from /opt/airflow/dags/minio_to_snowflake.py
[2026-04-03T15:18:21.914+0000] {logging_mixin.py:188} INFO - [2026-04-03T15:18:21.913+0000] {dag.py:3089} INFO - Sync 1 DAGs
[2026-04-03T15:18:21.943+0000] {logging_mixin.py:188} INFO - [2026-04-03T15:18:21.942+0000] {dag.py:3947} INFO - Setting next_dagrun for minio_to_snowflake_pipeline to 2026-04-03 15:10:00+00:00, run_after=2026-04-03 15:20:00+00:00
[2026-04-03T15:18:21.967+0000] {processor.py:183} INFO - Processing /opt/airflow/dags/minio_to_snowflake.py took 1.218 seconds
[2026-04-03T15:18:52.307+0000] {processor.py:161} INFO - Started process (PID=5836) to work on /opt/airflow/dags/minio_to_snowflake.py
[2026-04-03T15:18:52.309+0000] {processor.py:830} INFO - Processing file /opt/airflow/dags/minio_to_snowflake.py for tasks to queue
[2026-04-03T15:18:52.310+0000] {logging_mixin.py:188} INFO - [2026-04-03T15:18:52.310+0000] {dagbag.py:545} INFO - Filling up the DagBag from /opt/airflow/dags/minio_to_snowflake.py
[2026-04-03T15:18:53.413+0000] {processor.py:840} INFO - DAG(s) 'minio_to_snowflake_pipeline' retrieved from /opt/airflow/dags/minio_to_snowflake.py
[2026-04-03T15:18:53.465+0000] {logging_mixin.py:188} INFO - [2026-04-03T15:18:53.464+0000] {dag.py:3089} INFO - Sync 1 DAGs
[2026-04-03T15:18:53.508+0000] {logging_mixin.py:188} INFO - [2026-04-03T15:18:53.508+0000] {dag.py:3947} INFO - Setting next_dagrun for minio_to_snowflake_pipeline to 2026-04-03 15:10:00+00:00, run_after=2026-04-03 15:20:00+00:00
[2026-04-03T15:18:53.706+0000] {processor.py:183} INFO - Processing /opt/airflow/dags/minio_to_snowflake.py took 1.408 seconds
[2026-04-03T15:19:23.865+0000] {processor.py:161} INFO - Started process (PID=5843) to work on /opt/airflow/dags/minio_to_snowflake.py
[2026-04-03T15:19:23.867+0000] {processor.py:830} INFO - Processing file /opt/airflow/dags/minio_to_snowflake.py for tasks to queue
[2026-04-03T15:19:23.870+0000] {logging_mixin.py:188} INFO - [2026-04-03T15:19:23.869+0000] {dagbag.py:545} INFO - Filling up the DagBag from /opt/airflow/dags/minio_to_snowflake.py
[2026-04-03T15:19:24.864+0000] {processor.py:840} INFO - DAG(s) 'minio_to_snowflake_pipeline' retrieved from /opt/airflow/dags/minio_to_snowflake.py
[2026-04-03T15:19:24.904+0000] {logging_mixin.py:188} INFO - [2026-04-03T15:19:24.902+0000] {dag.py:3089} INFO - Sync 1 DAGs
[2026-04-03T15:19:25.097+0000] {logging_mixin.py:188} INFO - [2026-04-03T15:19:25.096+0000] {dag.py:3947} INFO - Setting next_dagrun for minio_to_snowflake_pipeline to 2026-04-03 15:10:00+00:00, run_after=2026-04-03 15:20:00+00:00
[2026-04-03T15:19:25.121+0000] {processor.py:183} INFO - Processing /opt/airflow/dags/minio_to_snowflake.py took 1.272 seconds
[2026-04-03T15:19:55.633+0000] {processor.py:161} INFO - Started process (PID=5850) to work on /opt/airflow/dags/minio_to_snowflake.py
[2026-04-03T15:19:55.636+0000] {processor.py:830} INFO - Processing file /opt/airflow/dags/minio_to_snowflake.py for tasks to queue
[2026-04-03T15:19:55.639+0000] {logging_mixin.py:188} INFO - [2026-04-03T15:19:55.637+0000] {dagbag.py:545} INFO - Filling up the DagBag from /opt/airflow/dags/minio_to_snowflake.py
[2026-04-03T15:19:57.790+0000] {processor.py:840} INFO - DAG(s) 'minio_to_snowflake_pipeline' retrieved from /opt/airflow/dags/minio_to_snowflake.py
[2026-04-03T15:19:58.040+0000] {logging_mixin.py:188} INFO - [2026-04-03T15:19:58.039+0000] {dag.py:3089} INFO - Sync 1 DAGs
[2026-04-03T15:19:58.068+0000] {logging_mixin.py:188} INFO - [2026-04-03T15:19:58.067+0000] {dag.py:3947} INFO - Setting next_dagrun for minio_to_snowflake_pipeline to 2026-04-03 15:10:00+00:00, run_after=2026-04-03 15:20:00+00:00
[2026-04-03T15:19:58.093+0000] {processor.py:183} INFO - Processing /opt/airflow/dags/minio_to_snowflake.py took 2.473 seconds
[2026-04-03T15:20:28.463+0000] {processor.py:161} INFO - Started process (PID=5861) to work on /opt/airflow/dags/minio_to_snowflake.py
[2026-04-03T15:20:28.464+0000] {processor.py:830} INFO - Processing file /opt/airflow/dags/minio_to_snowflake.py for tasks to queue
[2026-04-03T15:20:28.468+0000] {logging_mixin.py:188} INFO - [2026-04-03T15:20:28.467+0000] {dagbag.py:545} INFO - Filling up the DagBag from /opt/airflow/dags/minio_to_snowflake.py
[2026-04-03T15:20:30.293+0000] {processor.py:840} INFO - DAG(s) 'minio_to_snowflake_pipeline' retrieved from /opt/airflow/dags/minio_to_snowflake.py
[2026-04-03T15:20:30.350+0000] {logging_mixin.py:188} INFO - [2026-04-03T15:20:30.349+0000] {dag.py:3089} INFO - Sync 1 DAGs
[2026-04-03T15:20:30.395+0000] {logging_mixin.py:188} INFO - [2026-04-03T15:20:30.395+0000] {dag.py:3947} INFO - Setting next_dagrun for minio_to_snowflake_pipeline to 2026-04-03 15:20:00+00:00, run_after=2026-04-03 15:30:00+00:00
[2026-04-03T15:20:30.507+0000] {processor.py:183} INFO - Processing /opt/airflow/dags/minio_to_snowflake.py took 2.061 seconds
[2026-04-03T15:21:00.704+0000] {processor.py:161} INFO - Started process (PID=5868) to work on /opt/airflow/dags/minio_to_snowflake.py
[2026-04-03T15:21:00.705+0000] {processor.py:830} INFO - Processing file /opt/airflow/dags/minio_to_snowflake.py for tasks to queue
[2026-04-03T15:21:00.706+0000] {logging_mixin.py:188} INFO - [2026-04-03T15:21:00.706+0000] {dagbag.py:545} INFO - Filling up the DagBag from /opt/airflow/dags/minio_to_snowflake.py
[2026-04-03T15:21:01.761+0000] {processor.py:840} INFO - DAG(s) 'minio_to_snowflake_pipeline' retrieved from /opt/airflow/dags/minio_to_snowflake.py
[2026-04-03T15:21:01.812+0000] {logging_mixin.py:188} INFO - [2026-04-03T15:21:01.811+0000] {dag.py:3089} INFO - Sync 1 DAGs
[2026-04-03T15:21:01.853+0000] {logging_mixin.py:188} INFO - [2026-04-03T15:21:01.852+0000] {dag.py:3947} INFO - Setting next_dagrun for minio_to_snowflake_pipeline to 2026-04-03 15:20:00+00:00, run_after=2026-04-03 15:30:00+00:00
[2026-04-03T15:21:02.119+0000] {processor.py:183} INFO - Processing /opt/airflow/dags/minio_to_snowflake.py took 1.425 seconds
[2026-04-03T15:21:32.390+0000] {processor.py:161} INFO - Started process (PID=5875) to work on /opt/airflow/dags/minio_to_snowflake.py
[2026-04-03T15:21:32.392+0000] {processor.py:830} INFO - Processing file /opt/airflow/dags/minio_to_snowflake.py for tasks to queue
[2026-04-03T15:21:32.394+0000] {logging_mixin.py:188} INFO - [2026-04-03T15:21:32.393+0000] {dagbag.py:545} INFO - Filling up the DagBag from /opt/airflow/dags/minio_to_snowflake.py
[2026-04-03T15:21:33.278+0000] {processor.py:840} INFO - DAG(s) 'minio_to_snowflake_pipeline' retrieved from /opt/airflow/dags/minio_to_snowflake.py
[2026-04-03T15:21:33.323+0000] {logging_mixin.py:188} INFO - [2026-04-03T15:21:33.321+0000] {dag.py:3089} INFO - Sync 1 DAGs
[2026-04-03T15:21:33.517+0000] {logging_mixin.py:188} INFO - [2026-04-03T15:21:33.516+0000] {dag.py:3947} INFO - Setting next_dagrun for minio_to_snowflake_pipeline to 2026-04-03 15:20:00+00:00, run_after=2026-04-03 15:30:00+00:00
[2026-04-03T15:21:33.542+0000] {processor.py:183} INFO - Processing /opt/airflow/dags/minio_to_snowflake.py took 1.164 seconds
[2026-04-03T15:22:03.696+0000] {processor.py:161} INFO - Started process (PID=5882) to work on /opt/airflow/dags/minio_to_snowflake.py
[2026-04-03T15:22:03.698+0000] {processor.py:830} INFO - Processing file /opt/airflow/dags/minio_to_snowflake.py for tasks to queue
[2026-04-03T15:22:03.700+0000] {logging_mixin.py:188} INFO - [2026-04-03T15:22:03.699+0000] {dagbag.py:545} INFO - Filling up the DagBag from /opt/airflow/dags/minio_to_snowflake.py
[2026-04-03T15:22:04.610+0000] {processor.py:840} INFO - DAG(s) 'minio_to_snowflake_pipeline' retrieved from /opt/airflow/dags/minio_to_snowflake.py
[2026-04-03T15:22:04.816+0000] {logging_mixin.py:188} INFO - [2026-04-03T15:22:04.815+0000] {dag.py:3089} INFO - Sync 1 DAGs
[2026-04-03T15:22:04.842+0000] {logging_mixin.py:188} INFO - [2026-04-03T15:22:04.841+0000] {dag.py:3947} INFO - Setting next_dagrun for minio_to_snowflake_pipeline to 2026-04-03 15:20:00+00:00, run_after=2026-04-03 15:30:00+00:00
[2026-04-03T15:22:04.870+0000] {processor.py:183} INFO - Processing /opt/airflow/dags/minio_to_snowflake.py took 1.182 seconds
[2026-04-03T15:22:35.059+0000] {processor.py:161} INFO - Started process (PID=5889) to work on /opt/airflow/dags/minio_to_snowflake.py
[2026-04-03T15:22:35.061+0000] {processor.py:830} INFO - Processing file /opt/airflow/dags/minio_to_snowflake.py for tasks to queue
[2026-04-03T15:22:35.063+0000] {logging_mixin.py:188} INFO - [2026-04-03T15:22:35.062+0000] {dagbag.py:545} INFO - Filling up the DagBag from /opt/airflow/dags/minio_to_snowflake.py
[2026-04-03T15:22:36.396+0000] {processor.py:840} INFO - DAG(s) 'minio_to_snowflake_pipeline' retrieved from /opt/airflow/dags/minio_to_snowflake.py
[2026-04-03T15:22:36.433+0000] {logging_mixin.py:188} INFO - [2026-04-03T15:22:36.432+0000] {dag.py:3089} INFO - Sync 1 DAGs
[2026-04-03T15:22:36.467+0000] {logging_mixin.py:188} INFO - [2026-04-03T15:22:36.466+0000] {dag.py:3947} INFO - Setting next_dagrun for minio_to_snowflake_pipeline to 2026-04-03 15:20:00+00:00, run_after=2026-04-03 15:30:00+00:00
[2026-04-03T15:22:36.494+0000] {processor.py:183} INFO - Processing /opt/airflow/dags/minio_to_snowflake.py took 1.448 seconds
